#usda 1.0
(
    defaultPrim = "object"
    metersPerUnit = 1
    upAxis = "Z"
    doc = "Generated by mc_isaac_mesh_to_usd from dice.STL"
)

def Xform "object" (
    prepend apiSchemas = ["PhysicsRigidBodyAPI", "PhysicsMassAPI"]
)
{
    float physics:mass = 0.018
    def Scope "visuals"
    {
        def Mesh "visual_0"
        {
            color3f[] primvars:displayColor = [(0.85, 0.55, 0.2)]
            int[] faceVertexCounts = [3, 3, 3, 3, 3, 3, 3, 3, 3, 3, 3, 3, 3, 3, 3, 3, 3, 3, 3, 3, 3, 3, 3, 3, 3, 3, 3, 3, 3, 3, 3, 3, 3, 3, 3, 3, 3, 3, 3, 3, 3, 3, 3, 3, 3, 3, 3, 3, 3, 3, 3, 3, 3, 3, 3, 3, 3, 3, 3, 3, 3, 3, 3, 3, 3, 3, 3, 3, 3, 3, 3, 3, 3, 3, 3, 3, 3, 3, 3, 3, 3, 3, 3, 3, 3, 3, 3, 3, 3, 3, 3, 3, 3, 3, 3, 3, 3, 3, 3, 3, 3, 3, 3, 3, 3, 3, 3, 3, 3, 3, 3, 3, 3, 3, 3, 3, 3, 3, 3, 3, 3, 3, 3, 3, 3, 3, 3, 3, 3, 3, 3, 3, 3, 3, 3, 3, 3, 3, 3, 3, 3, 3, 3, 3, 3, 3, 3, 3, 3, 3, 3, 3, 3, 3, 3, 3, 3, 3, 3, 3, 3, 3, 3, 3, 3, 3, 3, 3, 3, 3, 3, 3, 3, 3, 3, 3, 3, 3, 3, 3, 3, 3, 3, 3, 3, 3, 3, 3, 3, 3, 3, 3, 3, 3, 3, 3, 3, 3, 3, 3, 3, 3, 3, 3, 3, 3, 3, 3, 3, 3, 3, 3, 3, 3, 3, 3, 3, 3, 3, 3, 3, 3, 3, 3, 3, 3, 3, 3, 3, 3, 3, 3, 3, 3, 3, 3, 3, 3, 3, 3, 3, 3, 3, 3, 3, 3, 3, 3, 3, 3, 3, 3, 3, 3, 3, 3, 3, 3, 3, 3, 3, 3, 3, 3, 3, 3, 3, 3, 3, 3, 3, 3, 3, 3, 3, 3, 3, 3, 3, 3, 3, 3, 3, 3, 3, 3, 3, 3, 3, 3, 3, 3, 3, 3, 3, 3, 3, 3, 3, 3, 3, 3, 3, 3, 3, 3, 3, 3, 3, 3, 3, 3, 3, 3, 3, 3, 3, 3, 3, 3, 3, 3, 3, 3, 3, 3, 3, 3, 3, 3, 3, 3, 3, 3, 3, 3, 3, 3, 3, 3, 3, 3, 3, 3, 3, 3, 3, 3, 3, 3, 3, 3, 3, 3, 3, 3, 3, 3, 3, 3, 3, 3, 3, 3, 3, 3, 3, 3, 3, 3, 3, 3, 3, 3, 3, 3, 3, 3, 3, 3, 3, 3, 3, 3, 3, 3, 3, 3, 3, 3, 3, 3, 3, 3, 3, 3, 3, 3, 3, 3, 3, 3, 3, 3, 3, 3, 3, 3, 3, 3, 3, 3, 3, 3, 3, 3, 3, 3, 3, 3, 3, 3, 3, 3, 3, 3, 3, 3, 3, 3, 3, 3, 3, 3, 3, 3, 3, 3, 3, 3, 3, 3, 3, 3, 3, 3, 3, 3, 3, 3, 3, 3, 3, 3, 3, 3, 3, 3, 3, 3, 3, 3, 3, 3, 3, 3, 3, 3, 3, 3, 3, 3, 3, 3, 3, 3, 3, 3, 3, 3, 3, 3, 3, 3, 3, 3, 3, 3, 3, 3, 3, 3, 3, 3, 3, 3, 3, 3, 3, 3, 3, 3, 3, 3, 3, 3, 3, 3, 3, 3, 3, 3, 3, 3, 3, 3, 3, 3, 3, 3, 3, 3, 3, 3, 3, 3, 3, 3, 3, 3, 3, 3, 3, 3, 3, 3, 3, 3, 3, 3, 3, 3, 3, 3, 3, 3, 3, 3, 3, 3, 3, 3, 3, 3, 3, 3, 3, 3, 3, 3, 3, 3, 3, 3, 3, 3, 3, 3, 3, 3, 3, 3, 3, 3, 3, 3, 3, 3, 3, 3, 3, 3, 3, 3, 3, 3, 3, 3, 3, 3, 3, 3, 3, 3, 3, 3, 3, 3, 3, 3, 3, 3, 3, 3, 3, 3, 3, 3, 3, 3, 3, 3, 3, 3, 3, 3, 3, 3, 3, 3, 3, 3, 3, 3, 3, 3, 3, 3, 3, 3, 3, 3, 3, 3, 3, 3, 3, 3, 3, 3, 3, 3, 3, 3, 3, 3, 3, 3, 3, 3, 3, 3, 3, 3, 3, 3, 3, 3, 3, 3, 3, 3, 3, 3, 3, 3, 3, 3, 3, 3, 3, 3, 3, 3, 3, 3, 3, 3, 3, 3, 3, 3, 3, 3, 3, 3, 3, 3, 3, 3, 3, 3, 3, 3, 3, 3, 3, 3, 3, 3, 3, 3, 3, 3, 3, 3, 3, 3, 3, 3, 3, 3, 3, 3, 3, 3, 3, 3, 3, 3, 3, 3, 3, 3, 3, 3, 3, 3, 3, 3, 3, 3, 3, 3, 3, 3, 3, 3, 3, 3, 3, 3, 3, 3, 3, 3, 3, 3, 3, 3, 3, 3, 3, 3, 3, 3, 3, 3, 3, 3, 3, 3, 3, 3, 3, 3, 3, 3, 3, 3, 3, 3, 3, 3, 3, 3, 3, 3, 3, 3, 3, 3, 3, 3, 3, 3, 3, 3, 3, 3, 3, 3, 3, 3, 3, 3, 3, 3, 3, 3, 3, 3, 3, 3, 3, 3, 3, 3, 3, 3, 3, 3, 3, 3, 3, 3, 3, 3, 3, 3, 3, 3, 3, 3, 3, 3, 3, 3, 3, 3, 3, 3, 3, 3, 3, 3, 3, 3, 3, 3, 3, 3, 3, 3, 3, 3, 3, 3, 3, 3, 3, 3, 3, 3, 3, 3, 3, 3, 3, 3, 3, 3, 3, 3, 3, 3, 3, 3, 3, 3, 3, 3, 3, 3, 3, 3, 3, 3, 3, 3, 3, 3, 3, 3, 3, 3, 3, 3, 3, 3, 3, 3, 3, 3, 3, 3, 3, 3, 3, 3, 3, 3, 3, 3, 3, 3, 3, 3, 3, 3, 3, 3, 3, 3, 3, 3, 3, 3, 3, 3, 3, 3, 3, 3, 3, 3, 3, 3, 3, 3, 3, 3, 3, 3, 3, 3, 3, 3, 3, 3, 3, 3, 3, 3, 3, 3, 3, 3, 3, 3, 3, 3, 3, 3, 3, 3, 3, 3, 3, 3, 3, 3, 3, 3, 3, 3, 3, 3, 3, 3, 3, 3, 3, 3, 3, 3, 3, 3, 3, 3, 3, 3, 3, 3, 3, 3, 3, 3, 3, 3, 3, 3, 3, 3, 3, 3, 3, 3, 3, 3, 3, 3, 3, 3, 3, 3, 3, 3, 3, 3, 3, 3, 3, 3, 3, 3, 3, 3, 3, 3, 3, 3, 3, 3, 3, 3, 3, 3, 3, 3, 3, 3, 3, 3, 3, 3, 3, 3, 3, 3, 3, 3, 3, 3, 3, 3, 3, 3, 3, 3, 3, 3, 3, 3, 3, 3, 3, 3, 3, 3, 3, 3, 3, 3, 3, 3, 3, 3, 3, 3, 3, 3, 3, 3, 3, 3, 3, 3, 3, 3, 3, 3, 3, 3, 3, 3, 3, 3, 3, 3, 3, 3, 3, 3, 3, 3, 3, 3, 3, 3, 3, 3, 3, 3, 3, 3, 3, 3, 3, 3, 3, 3, 3, 3, 3, 3, 3, 3, 3, 3, 3, 3, 3, 3, 3, 3, 3, 3, 3, 3, 3, 3, 3, 3, 3, 3, 3, 3, 3, 3, 3, 3, 3, 3, 3, 3, 3, 3, 3, 3, 3, 3, 3, 3, 3, 3, 3, 3, 3, 3, 3, 3, 3, 3, 3, 3, 3, 3, 3, 3, 3, 3, 3, 3, 3, 3, 3, 3, 3, 3, 3, 3, 3, 3, 3, 3, 3, 3, 3, 3, 3, 3, 3, 3, 3, 3, 3, 3, 3, 3, 3, 3, 3, 3, 3, 3, 3, 3, 3, 3, 3, 3, 3, 3, 3, 3, 3, 3, 3, 3, 3, 3, 3, 3, 3, 3, 3, 3, 3, 3, 3, 3, 3, 3, 3, 3, 3, 3, 3, 3, 3, 3, 3, 3, 3, 3, 3, 3, 3, 3, 3, 3, 3, 3, 3, 3, 3, 3, 3, 3, 3, 3, 3, 3, 3, 3, 3, 3, 3, 3, 3, 3, 3, 3, 3, 3, 3, 3, 3, 3, 3, 3, 3, 3, 3, 3, 3, 3, 3, 3, 3, 3, 3, 3, 3, 3, 3, 3, 3, 3, 3, 3, 3, 3, 3, 3, 3, 3, 3, 3, 3, 3, 3, 3, 3, 3, 3, 3, 3, 3, 3, 3, 3, 3, 3, 3, 3, 3, 3, 3, 3, 3, 3, 3, 3, 3, 3, 3, 3, 3, 3, 3, 3, 3, 3, 3, 3, 3, 3, 3, 3, 3, 3, 3, 3, 3, 3, 3, 3, 3, 3, 3, 3, 3, 3, 3, 3, 3, 3, 3, 3, 3, 3, 3, 3, 3, 3, 3, 3, 3, 3, 3, 3, 3, 3, 3, 3, 3, 3, 3, 3, 3, 3, 3, 3, 3, 3, 3, 3, 3, 3, 3, 3, 3, 3, 3, 3, 3, 3, 3, 3, 3, 3, 3, 3, 3, 3, 3, 3, 3, 3, 3, 3, 3, 3, 3, 3, 3, 3, 3, 3, 3, 3, 3, 3, 3, 3, 3, 3, 3, 3, 3, 3, 3, 3, 3, 3, 3, 3, 3, 3, 3, 3, 3, 3, 3, 3, 3, 3, 3, 3, 3, 3, 3, 3, 3, 3, 3, 3, 3, 3, 3, 3, 3, 3, 3, 3, 3, 3, 3, 3, 3, 3, 3, 3, 3, 3, 3, 3, 3, 3, 3, 3, 3, 3, 3, 3, 3, 3, 3, 3, 3, 3, 3, 3, 3, 3, 3, 3, 3, 3, 3, 3, 3, 3, 3, 3, 3, 3, 3, 3, 3, 3, 3, 3, 3, 3, 3, 3, 3, 3, 3, 3, 3, 3, 3, 3, 3, 3, 3, 3, 3, 3, 3, 3, 3, 3, 3, 3, 3, 3, 3, 3, 3, 3, 3, 3, 3, 3, 3, 3, 3, 3, 3, 3, 3, 3, 3, 3, 3, 3, 3, 3, 3, 3, 3, 3, 3, 3, 3, 3, 3, 3, 3, 3, 3, 3, 3, 3, 3, 3, 3, 3, 3, 3, 3, 3, 3, 3, 3, 3, 3, 3, 3, 3, 3, 3, 3, 3, 3, 3, 3, 3, 3, 3, 3, 3, 3, 3, 3, 3, 3, 3, 3, 3, 3, 3, 3, 3, 3, 3, 3, 3, 3, 3, 3, 3, 3, 3, 3, 3, 3, 3, 3, 3, 3, 3, 3, 3, 3, 3, 3, 3, 3, 3, 3, 3, 3, 3, 3, 3, 3, 3, 3, 3, 3, 3, 3, 3, 3, 3, 3, 3, 3, 3, 3, 3, 3, 3, 3, 3, 3, 3, 3, 3, 3, 3, 3, 3, 3, 3, 3, 3, 3, 3, 3, 3, 3, 3, 3, 3, 3, 3, 3, 3, 3, 3, 3, 3, 3, 3, 3, 3, 3, 3, 3, 3, 3, 3, 3, 3, 3, 3, 3, 3, 3, 3, 3, 3, 3, 3, 3, 3, 3, 3, 3, 3, 3, 3, 3, 3, 3, 3, 3, 3, 3, 3, 3, 3, 3, 3, 3, 3, 3, 3, 3, 3, 3, 3, 3, 3, 3, 3, 3, 3, 3, 3, 3, 3, 3, 3, 3, 3, 3, 3, 3, 3, 3, 3, 3, 3, 3, 3, 3, 3, 3, 3, 3, 3, 3, 3, 3, 3, 3, 3, 3, 3, 3, 3, 3, 3, 3, 3, 3, 3, 3, 3, 3, 3, 3, 3, 3, 3, 3, 3, 3, 3, 3, 3, 3, 3, 3, 3, 3, 3, 3, 3, 3, 3, 3, 3, 3, 3, 3, 3, 3, 3, 3, 3, 3, 3, 3, 3, 3, 3, 3, 3, 3, 3, 3, 3, 3, 3, 3, 3, 3, 3, 3, 3, 3, 3, 3, 3, 3, 3, 3, 3, 3, 3, 3, 3, 3, 3, 3, 3, 3, 3, 3, 3, 3, 3, 3, 3, 3, 3, 3, 3, 3, 3, 3, 3, 3, 3, 3, 3, 3, 3, 3, 3, 3, 3, 3, 3, 3, 3, 3, 3, 3, 3, 3, 3, 3, 3, 3, 3, 3, 3, 3, 3, 3, 3, 3, 3, 3, 3, 3, 3, 3, 3, 3, 3, 3, 3, 3, 3, 3, 3, 3, 3, 3, 3, 3, 3, 3, 3, 3, 3, 3, 3, 3, 3, 3, 3, 3, 3, 3, 3, 3, 3, 3, 3, 3, 3, 3, 3, 3, 3, 3, 3, 3, 3, 3, 3, 3, 3, 3, 3, 3, 3, 3, 3, 3, 3, 3, 3, 3, 3, 3, 3, 3, 3, 3, 3, 3, 3, 3, 3, 3, 3, 3, 3, 3, 3, 3, 3, 3, 3, 3, 3, 3, 3, 3, 3, 3, 3, 3, 3, 3, 3, 3, 3, 3, 3, 3, 3, 3, 3, 3, 3, 3, 3, 3, 3, 3, 3, 3, 3, 3, 3, 3, 3, 3, 3, 3, 3, 3, 3, 3, 3, 3, 3, 3, 3, 3, 3, 3, 3, 3, 3, 3, 3, 3, 3, 3, 3, 3, 3, 3, 3, 3, 3, 3, 3, 3, 3, 3, 3, 3, 3, 3, 3, 3, 3, 3, 3, 3, 3, 3, 3, 3, 3, 3, 3, 3, 3, 3, 3, 3, 3, 3, 3, 3, 3, 3, 3, 3, 3, 3, 3, 3, 3, 3, 3, 3, 3, 3, 3, 3, 3, 3, 3, 3, 3, 3, 3, 3, 3, 3, 3, 3, 3, 3, 3, 3, 3, 3, 3, 3, 3, 3, 3, 3, 3, 3, 3, 3, 3, 3, 3, 3, 3, 3, 3, 3, 3, 3, 3, 3, 3, 3, 3, 3, 3, 3, 3, 3, 3, 3, 3, 3, 3, 3, 3, 3, 3, 3, 3, 3, 3, 3, 3, 3, 3, 3, 3, 3, 3, 3, 3, 3, 3, 3, 3, 3, 3, 3, 3, 3, 3, 3, 3, 3, 3, 3, 3, 3, 3, 3, 3, 3, 3, 3, 3, 3, 3, 3, 3, 3, 3, 3, 3, 3, 3, 3, 3, 3, 3, 3, 3, 3, 3, 3, 3, 3, 3, 3, 3, 3, 3, 3, 3, 3, 3, 3, 3, 3, 3, 3, 3, 3, 3, 3, 3, 3, 3, 3, 3, 3, 3, 3, 3, 3, 3, 3, 3, 3, 3, 3, 3, 3, 3, 3, 3, 3, 3, 3, 3, 3, 3, 3, 3, 3, 3, 3, 3, 3, 3, 3, 3, 3, 3, 3, 3, 3, 3, 3, 3, 3, 3, 3, 3, 3, 3, 3, 3, 3, 3, 3, 3, 3, 3, 3, 3, 3, 3, 3, 3, 3, 3, 3, 3, 3, 3, 3, 3, 3, 3, 3, 3, 3, 3, 3, 3, 3, 3, 3, 3, 3, 3, 3, 3, 3, 3, 3, 3, 3, 3, 3, 3, 3, 3, 3, 3, 3, 3, 3, 3, 3, 3, 3, 3, 3, 3, 3, 3, 3, 3, 3, 3, 3, 3, 3, 3, 3, 3, 3, 3, 3, 3, 3, 3, 3, 3, 3, 3, 3, 3, 3, 3, 3, 3, 3, 3, 3, 3, 3, 3, 3, 3, 3, 3, 3, 3, 3, 3, 3, 3, 3, 3, 3, 3, 3, 3, 3, 3, 3, 3, 3, 3, 3, 3, 3, 3, 3, 3, 3, 3, 3, 3, 3, 3, 3, 3, 3, 3, 3, 3, 3, 3, 3, 3, 3, 3, 3, 3, 3, 3, 3, 3, 3, 3, 3, 3, 3, 3, 3, 3, 3, 3, 3, 3, 3, 3, 3, 3, 3, 3, 3, 3, 3, 3, 3, 3, 3, 3, 3, 3, 3, 3, 3, 3, 3, 3, 3, 3, 3, 3, 3, 3, 3, 3, 3, 3, 3, 3, 3, 3, 3, 3, 3, 3, 3, 3, 3, 3, 3, 3, 3, 3, 3, 3, 3, 3, 3, 3, 3, 3, 3, 3, 3, 3, 3, 3, 3, 3, 3, 3, 3, 3, 3, 3, 3, 3, 3, 3, 3, 3, 3, 3, 3, 3, 3, 3, 3, 3, 3, 3, 3, 3, 3, 3, 3, 3, 3, 3, 3, 3, 3, 3, 3, 3, 3, 3, 3, 3, 3, 3, 3, 3, 3, 3, 3, 3, 3, 3, 3, 3, 3, 3, 3, 3, 3, 3, 3, 3, 3, 3, 3, 3, 3, 3, 3, 3, 3, 3, 3, 3, 3, 3, 3, 3, 3, 3, 3, 3, 3, 3, 3, 3, 3, 3, 3, 3, 3, 3, 3, 3, 3, 3, 3, 3, 3, 3, 3, 3, 3, 3, 3, 3, 3, 3, 3, 3, 3, 3, 3, 3, 3, 3, 3, 3, 3, 3, 3, 3, 3, 3, 3, 3, 3, 3, 3, 3, 3, 3, 3, 3, 3, 3, 3, 3, 3, 3, 3, 3, 3, 3, 3, 3, 3, 3, 3, 3, 3, 3, 3, 3, 3, 3, 3, 3, 3, 3, 3, 3, 3, 3, 3, 3, 3, 3, 3, 3, 3, 3, 3, 3, 3, 3, 3, 3, 3, 3, 3, 3, 3, 3, 3, 3, 3, 3, 3, 3, 3, 3, 3, 3, 3, 3, 3, 3, 3, 3, 3, 3, 3, 3, 3, 3, 3, 3, 3, 3, 3, 3, 3, 3, 3, 3, 3, 3, 3, 3, 3, 3, 3, 3, 3, 3, 3, 3, 3, 3, 3, 3, 3, 3, 3, 3, 3, 3, 3, 3, 3, 3, 3, 3, 3, 3, 3, 3, 3, 3, 3, 3, 3, 3, 3, 3, 3, 3, 3, 3, 3, 3, 3, 3, 3, 3, 3, 3, 3, 3, 3, 3, 3, 3, 3, 3, 3, 3, 3, 3, 3, 3, 3, 3, 3, 3, 3, 3, 3, 3, 3, 3, 3, 3, 3, 3, 3, 3, 3, 3, 3, 3, 3, 3, 3, 3, 3, 3, 3, 3, 3, 3, 3, 3, 3, 3, 3, 3, 3, 3, 3, 3, 3, 3, 3, 3, 3, 3, 3, 3, 3, 3, 3, 3, 3, 3, 3, 3, 3, 3, 3, 3, 3, 3, 3, 3, 3, 3, 3, 3, 3, 3, 3, 3, 3, 3, 3, 3, 3, 3, 3, 3, 3, 3, 3, 3, 3, 3, 3, 3, 3, 3, 3, 3, 3, 3, 3, 3, 3, 3, 3, 3, 3, 3, 3, 3, 3, 3, 3, 3, 3, 3, 3, 3, 3, 3, 3, 3, 3, 3, 3, 3, 3, 3, 3, 3, 3, 3, 3, 3, 3, 3, 3, 3, 3, 3, 3, 3, 3, 3, 3, 3, 3, 3, 3, 3, 3, 3, 3, 3, 3, 3, 3, 3, 3, 3, 3, 3, 3, 3, 3, 3, 3, 3, 3, 3, 3, 3, 3, 3, 3, 3, 3, 3, 3, 3, 3, 3, 3, 3, 3, 3, 3, 3, 3, 3, 3, 3, 3, 3, 3, 3, 3, 3, 3, 3, 3, 3, 3, 3, 3, 3, 3, 3, 3, 3, 3, 3, 3, 3, 3, 3, 3, 3, 3, 3, 3, 3, 3, 3, 3, 3, 3, 3, 3, 3, 3, 3, 3, 3, 3, 3, 3, 3, 3, 3, 3, 3, 3, 3, 3, 3, 3, 3, 3, 3, 3, 3, 3, 3, 3, 3, 3, 3, 3, 3, 3, 3, 3, 3, 3, 3, 3, 3, 3, 3, 3, 3, 3, 3, 3, 3, 3, 3, 3, 3, 3, 3, 3, 3, 3, 3, 3, 3, 3, 3, 3, 3, 3, 3, 3, 3, 3, 3, 3, 3, 3, 3, 3, 3, 3, 3, 3, 3, 3, 3, 3, 3, 3, 3, 3, 3, 3, 3, 3, 3, 3, 3, 3, 3, 3, 3, 3, 3, 3, 3, 3, 3, 3, 3, 3, 3, 3, 3, 3, 3, 3, 3, 3, 3, 3, 3, 3, 3, 3, 3, 3, 3, 3, 3, 3, 3, 3, 3, 3, 3, 3, 3, 3, 3, 3, 3, 3, 3, 3, 3, 3, 3, 3, 3, 3, 3, 3, 3, 3, 3, 3, 3, 3, 3, 3, 3, 3, 3, 3, 3, 3, 3, 3, 3, 3, 3, 3, 3, 3, 3, 3, 3, 3, 3, 3, 3, 3, 3, 3, 3, 3, 3, 3, 3, 3, 3, 3, 3, 3, 3, 3, 3, 3, 3, 3, 3, 3, 3, 3, 3, 3, 3, 3, 3, 3, 3, 3, 3, 3, 3, 3, 3, 3, 3, 3, 3, 3, 3, 3, 3, 3, 3, 3, 3, 3, 3, 3, 3, 3, 3, 3, 3, 3, 3, 3, 3, 3, 3, 3, 3, 3, 3, 3, 3, 3, 3, 3, 3, 3, 3, 3, 3, 3, 3, 3, 3, 3, 3, 3, 3, 3, 3, 3, 3, 3, 3, 3, 3, 3, 3, 3, 3, 3, 3, 3, 3, 3, 3, 3, 3, 3, 3, 3, 3, 3, 3, 3, 3, 3, 3, 3, 3, 3, 3, 3, 3, 3, 3, 3, 3, 3, 3, 3, 3, 3, 3, 3, 3, 3, 3, 3, 3, 3, 3, 3, 3, 3, 3, 3, 3, 3, 3, 3, 3, 3, 3, 3, 3, 3, 3, 3, 3, 3, 3, 3, 3, 3, 3, 3, 3, 3, 3, 3, 3, 3, 3, 3, 3, 3, 3, 3, 3, 3, 3, 3, 3, 3, 3, 3, 3, 3, 3, 3, 3, 3, 3, 3, 3, 3, 3, 3, 3, 3, 3, 3, 3, 3, 3, 3, 3, 3, 3, 3, 3, 3, 3, 3, 3, 3, 3, 3, 3, 3, 3, 3, 3, 3, 3, 3, 3, 3, 3, 3, 3, 3, 3, 3, 3, 3, 3, 3, 3, 3, 3, 3, 3, 3, 3, 3, 3, 3, 3, 3, 3, 3, 3, 3, 3, 3, 3, 3, 3, 3, 3, 3, 3, 3, 3, 3, 3, 3, 3, 3, 3, 3, 3, 3, 3, 3, 3, 3, 3, 3, 3, 3, 3, 3, 3, 3, 3, 3, 3, 3, 3, 3, 3, 3, 3, 3, 3, 3, 3, 3, 3, 3, 3, 3, 3, 3, 3, 3, 3, 3, 3, 3, 3, 3, 3, 3, 3, 3, 3, 3, 3, 3, 3, 3, 3, 3, 3, 3, 3, 3, 3, 3, 3, 3, 3, 3, 3, 3, 3, 3, 3, 3, 3, 3, 3, 3, 3, 3, 3, 3, 3, 3, 3, 3, 3, 3, 3, 3, 3, 3, 3, 3, 3, 3, 3, 3, 3, 3, 3, 3, 3, 3, 3, 3, 3, 3, 3, 3, 3, 3, 3, 3, 3, 3, 3, 3, 3, 3, 3, 3, 3, 3, 3, 3, 3, 3, 3, 3, 3, 3, 3, 3, 3, 3, 3, 3, 3, 3, 3, 3, 3, 3, 3, 3, 3, 3, 3, 3, 3, 3, 3, 3, 3, 3, 3, 3, 3, 3, 3, 3, 3, 3, 3, 3, 3, 3, 3, 3, 3, 3, 3, 3, 3, 3, 3, 3, 3, 3, 3, 3, 3, 3, 3, 3, 3, 3, 3, 3, 3, 3, 3, 3, 3, 3, 3, 3, 3, 3, 3, 3, 3, 3, 3, 3, 3, 3, 3, 3, 3, 3, 3, 3, 3, 3, 3, 3, 3, 3, 3, 3, 3, 3, 3, 3, 3, 3, 3, 3, 3, 3, 3, 3, 3, 3, 3, 3, 3, 3, 3, 3, 3, 3, 3, 3, 3, 3, 3, 3, 3, 3, 3, 3, 3, 3, 3, 3, 3, 3, 3, 3, 3, 3, 3, 3, 3, 3, 3, 3, 3, 3, 3, 3, 3, 3, 3, 3, 3, 3, 3, 3, 3, 3, 3, 3, 3, 3, 3, 3, 3, 3, 3, 3, 3, 3, 3, 3, 3, 3, 3, 3, 3, 3, 3, 3, 3, 3, 3, 3, 3, 3, 3, 3, 3, 3, 3, 3, 3, 3, 3, 3, 3, 3, 3, 3, 3, 3, 3, 3, 3, 3, 3, 3, 3, 3, 3, 3, 3, 3, 3, 3, 3, 3, 3, 3, 3, 3, 3, 3, 3, 3, 3, 3, 3, 3, 3, 3, 3, 3, 3, 3, 3, 3, 3, 3, 3, 3, 3, 3, 3, 3, 3, 3, 3, 3, 3, 3, 3, 3, 3, 3, 3, 3, 3, 3, 3, 3, 3, 3, 3, 3, 3, 3, 3, 3, 3, 3, 3, 3, 3, 3, 3, 3, 3, 3, 3, 3, 3, 3, 3, 3, 3, 3, 3, 3, 3, 3, 3, 3, 3, 3, 3, 3, 3, 3, 3, 3, 3, 3, 3, 3, 3, 3, 3, 3, 3, 3, 3, 3, 3, 3, 3, 3, 3, 3, 3, 3, 3, 3, 3, 3, 3, 3, 3, 3, 3, 3, 3, 3, 3, 3, 3, 3, 3, 3, 3, 3, 3, 3, 3, 3, 3, 3, 3, 3, 3, 3, 3, 3, 3, 3, 3, 3, 3, 3, 3, 3, 3, 3, 3, 3, 3, 3, 3, 3, 3, 3, 3, 3, 3, 3, 3, 3, 3, 3, 3, 3, 3, 3, 3, 3, 3, 3, 3, 3, 3, 3, 3, 3, 3, 3, 3, 3, 3, 3, 3, 3, 3, 3, 3, 3, 3, 3, 3, 3, 3, 3, 3, 3, 3, 3, 3, 3, 3, 3, 3, 3, 3, 3, 3, 3, 3, 3, 3, 3, 3, 3, 3, 3, 3, 3, 3, 3, 3, 3, 3, 3, 3, 3, 3, 3, 3, 3, 3, 3, 3, 3, 3, 3, 3, 3, 3, 3, 3, 3, 3, 3, 3, 3, 3, 3, 3, 3, 3, 3, 3, 3, 3, 3, 3, 3, 3, 3, 3, 3, 3, 3, 3, 3, 3, 3, 3, 3, 3, 3, 3, 3, 3, 3, 3, 3, 3, 3, 3, 3, 3, 3, 3, 3, 3, 3, 3, 3, 3, 3, 3, 3, 3, 3, 3, 3, 3, 3, 3, 3, 3, 3, 3, 3, 3, 3, 3, 3, 3, 3, 3, 3, 3, 3, 3, 3, 3, 3, 3, 3, 3, 3, 3, 3, 3, 3, 3, 3, 3, 3, 3, 3, 3, 3, 3, 3, 3, 3, 3, 3, 3, 3, 3, 3, 3, 3, 3, 3, 3, 3, 3, 3, 3, 3, 3, 3, 3, 3, 3, 3, 3, 3, 3, 3, 3, 3, 3, 3, 3, 3, 3, 3, 3, 3, 3, 3, 3, 3, 3, 3, 3, 3, 3, 3, 3, 3, 3, 3, 3, 3, 3, 3, 3, 3, 3, 3, 3, 3, 3, 3, 3, 3, 3, 3, 3, 3, 3, 3, 3, 3, 3, 3, 3, 3, 3, 3, 3, 3, 3, 3, 3, 3, 3, 3, 3, 3, 3, 3, 3, 3, 3, 3, 3, 3, 3, 3, 3, 3, 3, 3, 3, 3, 3, 3, 3, 3, 3, 3, 3, 3, 3, 3, 3, 3, 3, 3, 3, 3, 3, 3, 3, 3, 3, 3, 3, 3, 3, 3, 3, 3, 3, 3, 3, 3, 3, 3, 3, 3, 3, 3, 3, 3, 3, 3, 3, 3, 3, 3, 3, 3, 3, 3, 3, 3, 3, 3, 3, 3, 3, 3, 3, 3, 3, 3, 3, 3, 3, 3, 3, 3, 3, 3, 3, 3, 3, 3, 3, 3, 3, 3, 3, 3, 3, 3, 3, 3, 3, 3, 3, 3, 3, 3, 3, 3, 3, 3, 3, 3, 3, 3, 3, 3, 3, 3, 3, 3, 3, 3, 3, 3, 3, 3, 3, 3, 3, 3, 3, 3, 3, 3, 3, 3, 3, 3, 3, 3, 3, 3, 3, 3, 3, 3, 3, 3, 3, 3, 3, 3, 3, 3, 3, 3, 3, 3, 3, 3, 3, 3, 3, 3, 3, 3, 3, 3, 3, 3, 3, 3, 3, 3, 3, 3, 3, 3, 3, 3, 3, 3, 3, 3, 3, 3, 3, 3, 3, 3, 3, 3, 3, 3, 3, 3, 3, 3, 3, 3, 3, 3, 3, 3, 3, 3, 3, 3, 3, 3, 3, 3, 3, 3, 3, 3, 3, 3, 3, 3, 3, 3, 3, 3, 3, 3, 3, 3, 3, 3, 3, 3, 3, 3, 3, 3, 3, 3, 3, 3, 3, 3, 3, 3, 3, 3, 3, 3, 3, 3, 3, 3, 3, 3, 3, 3, 3, 3, 3, 3, 3, 3, 3, 3, 3, 3, 3, 3, 3, 3, 3, 3, 3, 3, 3, 3, 3, 3, 3, 3, 3, 3, 3, 3, 3, 3, 3, 3, 3, 3, 3, 3, 3, 3, 3, 3, 3, 3, 3, 3, 3, 3, 3, 3, 3, 3, 3, 3, 3, 3, 3, 3, 3, 3, 3, 3, 3, 3, 3, 3, 3, 3, 3, 3, 3, 3, 3, 3, 3, 3, 3, 3, 3, 3, 3, 3, 3, 3, 3, 3, 3, 3, 3, 3, 3, 3, 3, 3, 3, 3, 3, 3, 3, 3, 3, 3, 3, 3, 3, 3, 3, 3, 3, 3, 3, 3, 3, 3, 3, 3, 3, 3, 3, 3, 3, 3, 3, 3, 3, 3, 3, 3, 3, 3, 3, 3, 3, 3, 3, 3, 3, 3, 3, 3, 3, 3, 3, 3, 3, 3, 3, 3, 3, 3, 3, 3, 3, 3, 3, 3, 3, 3, 3, 3, 3, 3, 3, 3, 3, 3, 3, 3, 3, 3, 3, 3, 3, 3, 3, 3, 3, 3, 3, 3, 3, 3, 3, 3, 3, 3, 3, 3, 3, 3, 3, 3, 3, 3, 3, 3, 3, 3, 3, 3, 3, 3, 3, 3, 3, 3, 3, 3, 3, 3, 3, 3, 3, 3, 3, 3, 3, 3, 3, 3, 3, 3, 3, 3, 3, 3, 3, 3, 3, 3, 3, 3, 3, 3, 3, 3, 3, 3, 3, 3, 3, 3, 3, 3, 3, 3, 3, 3, 3, 3, 3, 3, 3, 3, 3, 3, 3, 3, 3, 3, 3, 3, 3, 3, 3, 3, 3, 3, 3, 3, 3, 3, 3, 3, 3, 3, 3, 3, 3, 3, 3, 3, 3, 3, 3, 3, 3, 3, 3, 3, 3, 3, 3, 3, 3, 3, 3, 3, 3, 3, 3, 3, 3, 3, 3, 3, 3, 3, 3, 3, 3, 3, 3, 3, 3, 3, 3, 3, 3, 3, 3, 3, 3, 3, 3, 3, 3, 3, 3, 3, 3, 3, 3, 3, 3, 3, 3, 3, 3, 3, 3, 3, 3, 3, 3, 3, 3, 3, 3, 3, 3, 3, 3, 3, 3, 3, 3, 3, 3, 3, 3, 3, 3, 3, 3, 3, 3, 3, 3, 3, 3, 3, 3, 3, 3, 3, 3, 3, 3, 3, 3, 3, 3, 3, 3, 3, 3, 3, 3, 3, 3, 3, 3, 3, 3, 3, 3, 3, 3, 3, 3, 3, 3, 3, 3, 3, 3, 3, 3, 3, 3, 3, 3, 3, 3, 3, 3, 3, 3, 3, 3, 3, 3, 3, 3, 3, 3, 3, 3, 3, 3, 3, 3, 3, 3, 3, 3, 3, 3, 3, 3, 3, 3, 3, 3, 3, 3, 3, 3, 3, 3, 3, 3, 3, 3, 3, 3, 3, 3, 3, 3, 3, 3, 3, 3, 3, 3, 3, 3, 3, 3, 3, 3, 3, 3, 3, 3, 3, 3, 3, 3, 3, 3, 3, 3, 3, 3, 3, 3, 3, 3, 3, 3, 3, 3, 3, 3, 3, 3, 3, 3, 3, 3, 3, 3, 3, 3, 3, 3, 3, 3, 3, 3, 3, 3, 3, 3, 3, 3, 3, 3, 3, 3, 3, 3, 3, 3, 3, 3, 3, 3, 3, 3, 3, 3, 3, 3, 3, 3, 3, 3, 3, 3, 3, 3, 3, 3, 3, 3, 3, 3, 3, 3, 3, 3, 3, 3, 3, 3, 3, 3, 3, 3, 3, 3, 3, 3, 3, 3, 3, 3, 3, 3, 3, 3, 3, 3, 3, 3, 3, 3, 3, 3, 3, 3, 3, 3, 3, 3, 3, 3, 3, 3, 3, 3, 3, 3, 3, 3, 3, 3, 3, 3, 3, 3, 3, 3, 3, 3, 3, 3, 3, 3, 3, 3, 3, 3, 3, 3, 3, 3, 3, 3, 3, 3, 3, 3, 3, 3, 3, 3, 3, 3, 3, 3, 3, 3, 3, 3, 3, 3, 3, 3, 3, 3, 3, 3, 3, 3, 3, 3, 3, 3, 3, 3, 3, 3, 3, 3, 3, 3, 3, 3, 3, 3, 3, 3, 3, 3, 3, 3, 3, 3, 3, 3, 3, 3, 3, 3, 3, 3, 3, 3, 3, 3, 3, 3, 3, 3, 3, 3, 3, 3, 3, 3, 3, 3, 3, 3, 3, 3, 3, 3, 3, 3, 3, 3, 3, 3, 3, 3, 3, 3, 3, 3, 3, 3, 3, 3, 3, 3, 3, 3, 3, 3, 3, 3, 3, 3, 3, 3, 3, 3, 3, 3, 3, 3, 3, 3, 3, 3, 3, 3, 3, 3, 3, 3, 3, 3, 3, 3, 3, 3, 3, 3, 3, 3, 3, 3, 3, 3, 3, 3, 3, 3, 3, 3, 3, 3, 3, 3, 3, 3, 3, 3, 3, 3, 3, 3, 3, 3, 3, 3, 3, 3, 3, 3, 3, 3, 3, 3, 3, 3, 3, 3, 3, 3, 3, 3, 3, 3, 3, 3, 3, 3, 3, 3, 3, 3, 3, 3, 3, 3, 3, 3, 3, 3, 3, 3, 3, 3, 3, 3, 3, 3, 3, 3, 3, 3, 3, 3, 3, 3, 3, 3, 3, 3, 3, 3, 3, 3, 3, 3, 3, 3, 3, 3, 3, 3, 3, 3, 3, 3, 3, 3, 3, 3, 3, 3, 3, 3, 3, 3, 3, 3, 3, 3, 3, 3, 3, 3, 3, 3, 3, 3, 3, 3, 3, 3, 3, 3, 3, 3, 3, 3, 3, 3, 3, 3, 3, 3, 3, 3, 3, 3, 3, 3, 3, 3, 3, 3, 3, 3, 3, 3, 3, 3, 3, 3, 3, 3, 3, 3, 3, 3, 3, 3, 3, 3, 3, 3, 3, 3, 3, 3, 3, 3, 3, 3, 3, 3, 3, 3, 3, 3, 3, 3, 3, 3, 3, 3, 3, 3, 3, 3, 3, 3, 3, 3, 3, 3, 3, 3, 3, 3, 3, 3, 3, 3, 3, 3, 3, 3, 3, 3, 3, 3, 3, 3, 3, 3, 3, 3, 3, 3, 3, 3, 3, 3, 3, 3, 3, 3, 3, 3, 3, 3, 3, 3, 3, 3, 3, 3, 3, 3, 3, 3, 3, 3, 3, 3, 3, 3, 3, 3, 3, 3, 3, 3, 3, 3, 3, 3, 3, 3, 3, 3, 3, 3, 3, 3, 3, 3, 3, 3, 3, 3, 3, 3, 3, 3, 3, 3, 3, 3, 3, 3, 3, 3, 3, 3, 3, 3, 3, 3, 3, 3, 3, 3, 3, 3, 3, 3, 3, 3, 3, 3, 3, 3, 3, 3, 3, 3, 3, 3, 3, 3, 3, 3, 3, 3, 3, 3, 3, 3, 3, 3, 3, 3, 3, 3, 3, 3, 3, 3, 3, 3, 3, 3, 3, 3, 3, 3, 3, 3, 3, 3, 3, 3, 3, 3, 3, 3, 3, 3, 3, 3, 3, 3, 3, 3, 3, 3, 3, 3, 3, 3, 3, 3, 3, 3, 3, 3, 3, 3, 3, 3, 3, 3, 3, 3, 3, 3, 3, 3, 3, 3, 3, 3, 3, 3, 3, 3, 3, 3, 3, 3, 3, 3, 3, 3, 3, 3, 3, 3, 3, 3, 3, 3, 3, 3, 3, 3, 3, 3, 3, 3, 3, 3, 3, 3, 3, 3, 3, 3, 3, 3, 3, 3, 3, 3, 3, 3, 3, 3, 3, 3, 3, 3, 3, 3, 3, 3, 3, 3, 3, 3, 3, 3, 3, 3, 3, 3, 3, 3, 3, 3, 3, 3, 3, 3, 3, 3, 3, 3, 3, 3, 3, 3, 3, 3, 3, 3, 3, 3, 3, 3, 3, 3, 3, 3, 3, 3, 3, 3, 3, 3, 3, 3, 3, 3, 3, 3, 3, 3, 3, 3, 3, 3, 3, 3, 3, 3, 3, 3, 3, 3, 3, 3, 3, 3, 3, 3, 3, 3, 3, 3, 3, 3, 3, 3, 3, 3, 3, 3, 3, 3, 3, 3, 3, 3, 3, 3, 3, 3, 3, 3, 3, 3, 3, 3, 3, 3, 3, 3, 3, 3, 3, 3, 3, 3, 3, 3, 3, 3, 3, 3, 3, 3, 3, 3, 3, 3, 3, 3, 3, 3, 3, 3, 3, 3, 3, 3, 3, 3, 3, 3, 3, 3, 3, 3, 3, 3, 3, 3, 3, 3, 3, 3, 3, 3, 3, 3, 3, 3, 3, 3, 3, 3, 3, 3, 3, 3, 3, 3, 3, 3, 3, 3, 3, 3, 3, 3, 3, 3, 3, 3, 3, 3, 3, 3, 3, 3, 3, 3, 3, 3, 3, 3, 3, 3, 3, 3, 3, 3, 3, 3, 3, 3, 3, 3, 3, 3, 3, 3, 3, 3, 3, 3, 3, 3, 3, 3, 3, 3, 3, 3, 3, 3, 3, 3, 3, 3, 3, 3, 3, 3, 3, 3, 3, 3, 3, 3, 3, 3, 3, 3, 3, 3, 3, 3, 3, 3, 3, 3, 3, 3, 3, 3, 3, 3, 3, 3, 3, 3, 3, 3, 3, 3, 3, 3, 3, 3, 3, 3, 3, 3, 3, 3, 3, 3, 3, 3, 3, 3, 3, 3, 3, 3, 3, 3, 3, 3, 3, 3, 3, 3, 3, 3, 3, 3, 3, 3, 3, 3, 3, 3, 3, 3, 3, 3, 3, 3, 3, 3, 3, 3, 3, 3, 3, 3, 3, 3, 3, 3, 3, 3, 3, 3, 3, 3, 3, 3, 3, 3, 3, 3, 3, 3, 3, 3, 3, 3, 3, 3, 3, 3, 3, 3, 3, 3, 3, 3, 3, 3, 3, 3, 3, 3, 3, 3, 3, 3, 3, 3, 3, 3, 3, 3, 3, 3, 3, 3, 3, 3, 3, 3, 3, 3, 3, 3, 3, 3, 3, 3, 3, 3, 3, 3, 3, 3, 3, 3, 3, 3, 3, 3, 3, 3, 3, 3, 3, 3, 3, 3, 3, 3, 3, 3, 3, 3, 3, 3, 3, 3, 3, 3, 3, 3, 3, 3, 3, 3, 3, 3, 3, 3, 3, 3, 3, 3, 3, 3, 3, 3, 3, 3, 3, 3, 3, 3, 3, 3, 3, 3, 3, 3, 3, 3, 3, 3, 3, 3, 3, 3, 3, 3, 3, 3, 3, 3, 3, 3, 3, 3, 3, 3, 3, 3, 3, 3, 3, 3, 3, 3, 3, 3, 3, 3, 3, 3, 3, 3, 3, 3, 3, 3, 3, 3, 3, 3, 3, 3, 3, 3, 3, 3, 3, 3, 3, 3, 3, 3, 3, 3, 3, 3, 3, 3, 3, 3, 3, 3, 3, 3, 3, 3, 3, 3, 3, 3, 3, 3, 3, 3, 3, 3, 3, 3, 3, 3, 3, 3, 3, 3, 3, 3, 3, 3, 3, 3, 3, 3, 3, 3, 3, 3, 3, 3, 3, 3, 3, 3, 3, 3, 3, 3, 3, 3, 3, 3, 3, 3, 3, 3, 3, 3, 3, 3, 3, 3, 3, 3, 3, 3, 3, 3, 3, 3, 3, 3, 3, 3, 3, 3, 3, 3, 3, 3, 3, 3, 3, 3, 3, 3, 3, 3, 3, 3, 3, 3, 3, 3, 3, 3, 3, 3, 3, 3, 3, 3, 3, 3, 3, 3, 3, 3, 3, 3, 3, 3, 3, 3, 3, 3, 3, 3, 3, 3, 3, 3, 3, 3, 3, 3, 3, 3, 3, 3, 3, 3, 3, 3, 3, 3, 3, 3, 3, 3, 3, 3, 3, 3, 3, 3, 3, 3, 3, 3, 3, 3, 3, 3, 3, 3, 3, 3, 3, 3, 3, 3, 3, 3, 3, 3, 3, 3, 3, 3, 3, 3, 3, 3, 3, 3, 3, 3, 3, 3, 3, 3, 3, 3, 3, 3, 3, 3, 3, 3, 3, 3, 3, 3, 3, 3, 3, 3, 3, 3, 3, 3, 3, 3, 3, 3, 3, 3, 3, 3, 3, 3, 3, 3, 3, 3, 3, 3, 3, 3, 3, 3, 3, 3, 3, 3, 3, 3, 3, 3, 3, 3, 3, 3, 3, 3, 3, 3, 3, 3, 3, 3, 3, 3, 3, 3, 3, 3, 3, 3, 3, 3, 3, 3, 3, 3, 3, 3, 3, 3, 3, 3, 3, 3, 3, 3, 3, 3, 3, 3, 3, 3, 3, 3, 3, 3, 3, 3, 3, 3, 3, 3, 3, 3, 3, 3, 3, 3, 3, 3, 3, 3, 3, 3, 3, 3, 3, 3, 3, 3, 3, 3, 3, 3, 3, 3, 3, 3, 3, 3, 3, 3, 3, 3, 3, 3, 3, 3, 3, 3, 3, 3, 3, 3, 3, 3, 3, 3, 3, 3, 3, 3, 3, 3, 3, 3, 3, 3, 3, 3, 3, 3, 3, 3, 3, 3, 3, 3, 3, 3, 3, 3, 3, 3, 3, 3, 3, 3, 3, 3, 3, 3, 3, 3, 3, 3, 3, 3, 3, 3, 3, 3, 3, 3, 3, 3, 3, 3, 3, 3, 3, 3, 3, 3, 3, 3, 3, 3, 3, 3, 3, 3, 3, 3, 3, 3, 3, 3, 3, 3, 3, 3, 3, 3, 3, 3, 3, 3, 3, 3, 3, 3, 3, 3, 3, 3, 3, 3, 3, 3, 3, 3, 3, 3, 3, 3, 3, 3, 3, 3, 3, 3, 3, 3, 3, 3, 3, 3, 3, 3, 3, 3, 3, 3, 3, 3, 3, 3, 3, 3, 3, 3, 3, 3, 3, 3, 3, 3, 3, 3, 3, 3, 3, 3, 3, 3, 3, 3, 3, 3, 3, 3, 3, 3, 3, 3, 3, 3, 3, 3, 3, 3, 3, 3, 3, 3, 3, 3, 3, 3, 3, 3, 3, 3, 3, 3, 3, 3, 3, 3, 3, 3, 3, 3, 3, 3, 3, 3, 3, 3, 3, 3, 3, 3, 3, 3, 3, 3, 3, 3, 3, 3, 3, 3, 3, 3, 3, 3, 3, 3, 3, 3, 3, 3, 3, 3, 3, 3, 3, 3, 3, 3, 3, 3, 3, 3, 3, 3, 3, 3, 3, 3, 3, 3, 3, 3, 3, 3, 3, 3, 3, 3, 3, 3, 3, 3, 3, 3, 3, 3, 3, 3, 3, 3, 3, 3, 3, 3, 3, 3, 3, 3, 3, 3, 3, 3, 3, 3, 3, 3, 3, 3, 3, 3, 3, 3, 3, 3, 3, 3, 3, 3, 3, 3, 3, 3, 3, 3, 3, 3, 3, 3, 3, 3, 3, 3, 3, 3, 3, 3, 3, 3, 3, 3, 3, 3, 3, 3, 3, 3, 3, 3, 3, 3, 3, 3, 3, 3, 3, 3, 3, 3, 3, 3, 3, 3, 3, 3, 3, 3, 3, 3, 3, 3, 3, 3, 3, 3, 3, 3, 3, 3, 3, 3, 3, 3, 3, 3, 3, 3, 3, 3, 3, 3, 3, 3, 3, 3, 3, 3, 3, 3, 3, 3, 3, 3, 3, 3, 3, 3, 3, 3, 3, 3, 3, 3, 3, 3, 3, 3, 3, 3, 3, 3, 3, 3, 3, 3, 3, 3, 3, 3, 3, 3, 3, 3, 3, 3, 3, 3, 3, 3, 3, 3, 3, 3, 3, 3, 3, 3, 3, 3, 3, 3, 3, 3, 3, 3, 3, 3, 3, 3, 3, 3, 3, 3, 3, 3, 3, 3, 3, 3, 3, 3, 3, 3, 3, 3, 3, 3, 3, 3, 3, 3, 3, 3, 3, 3, 3, 3, 3, 3, 3, 3, 3, 3, 3, 3, 3, 3, 3, 3, 3, 3, 3, 3, 3, 3, 3, 3, 3, 3, 3, 3, 3, 3, 3, 3, 3, 3, 3, 3, 3, 3, 3, 3, 3, 3, 3, 3, 3, 3, 3, 3, 3, 3, 3, 3, 3, 3, 3, 3, 3, 3, 3, 3, 3, 3, 3, 3, 3, 3, 3, 3, 3, 3, 3, 3, 3, 3, 3, 3, 3, 3, 3, 3, 3, 3, 3, 3, 3, 3, 3, 3, 3, 3, 3, 3, 3, 3, 3, 3, 3, 3, 3, 3, 3, 3, 3, 3, 3, 3, 3, 3, 3, 3, 3, 3, 3, 3, 3, 3, 3, 3, 3, 3, 3, 3, 3, 3, 3, 3, 3, 3, 3, 3, 3, 3, 3, 3, 3, 3, 3, 3, 3, 3, 3, 3, 3, 3, 3, 3, 3, 3, 3, 3, 3, 3, 3, 3, 3, 3, 3, 3, 3, 3, 3, 3, 3, 3, 3, 3, 3, 3, 3, 3, 3, 3, 3, 3, 3, 3, 3, 3, 3, 3, 3, 3, 3, 3, 3, 3, 3, 3, 3, 3, 3, 3, 3, 3, 3, 3, 3, 3, 3, 3, 3, 3, 3, 3, 3, 3, 3, 3, 3, 3, 3, 3, 3, 3, 3, 3, 3, 3, 3, 3, 3, 3, 3, 3, 3, 3, 3, 3, 3, 3, 3, 3, 3, 3, 3, 3, 3, 3, 3, 3, 3, 3, 3, 3, 3, 3, 3, 3, 3, 3, 3, 3, 3, 3, 3, 3, 3, 3, 3, 3, 3, 3, 3, 3, 3, 3, 3, 3, 3, 3, 3, 3, 3, 3, 3, 3, 3, 3, 3, 3, 3, 3, 3, 3, 3, 3, 3, 3, 3, 3, 3, 3, 3, 3, 3, 3, 3, 3, 3, 3, 3, 3, 3, 3, 3, 3, 3, 3, 3, 3, 3, 3, 3, 3, 3, 3, 3, 3, 3, 3, 3, 3, 3, 3, 3, 3, 3, 3, 3, 3, 3, 3, 3, 3, 3, 3, 3, 3, 3, 3, 3, 3, 3, 3, 3, 3, 3, 3, 3, 3, 3, 3, 3, 3, 3, 3, 3, 3, 3, 3, 3, 3, 3, 3, 3, 3, 3, 3, 3, 3, 3, 3, 3, 3, 3, 3, 3, 3, 3, 3, 3, 3, 3, 3, 3, 3, 3, 3, 3, 3, 3, 3, 3, 3, 3, 3, 3, 3, 3, 3, 3, 3, 3, 3, 3, 3, 3, 3, 3, 3, 3, 3, 3, 3, 3, 3, 3, 3, 3, 3, 3, 3, 3, 3, 3, 3, 3, 3, 3, 3, 3, 3, 3, 3, 3, 3, 3, 3, 3, 3, 3, 3, 3, 3, 3, 3, 3, 3, 3, 3, 3, 3, 3, 3, 3, 3, 3, 3, 3, 3, 3, 3, 3, 3, 3, 3, 3, 3, 3, 3, 3, 3, 3, 3, 3, 3, 3, 3, 3, 3, 3, 3, 3, 3, 3, 3, 3, 3, 3, 3, 3, 3, 3, 3, 3, 3, 3, 3, 3, 3, 3, 3, 3, 3, 3, 3, 3, 3, 3, 3, 3, 3, 3, 3, 3, 3, 3, 3, 3, 3, 3, 3, 3, 3, 3, 3, 3, 3, 3, 3, 3, 3, 3, 3, 3, 3, 3, 3, 3, 3, 3, 3, 3, 3, 3, 3, 3, 3, 3, 3, 3, 3, 3, 3, 3, 3, 3, 3, 3, 3, 3, 3, 3, 3, 3, 3, 3, 3, 3, 3, 3, 3, 3, 3, 3, 3, 3, 3, 3, 3, 3, 3, 3, 3, 3, 3, 3, 3, 3, 3, 3, 3, 3, 3, 3, 3, 3, 3, 3, 3, 3, 3, 3, 3, 3, 3, 3, 3, 3, 3, 3, 3, 3, 3, 3, 3, 3, 3, 3, 3, 3, 3, 3, 3, 3, 3, 3, 3, 3, 3, 3, 3, 3, 3, 3, 3, 3, 3, 3, 3, 3, 3, 3, 3, 3, 3, 3, 3, 3, 3, 3, 3, 3, 3, 3, 3, 3, 3, 3, 3, 3, 3, 3, 3, 3, 3, 3, 3, 3, 3, 3, 3, 3, 3, 3, 3, 3, 3, 3, 3, 3, 3, 3, 3, 3, 3, 3, 3, 3, 3, 3, 3, 3, 3, 3, 3, 3, 3, 3, 3, 3, 3, 3, 3, 3, 3, 3, 3, 3, 3, 3, 3, 3, 3, 3, 3, 3, 3, 3, 3, 3, 3, 3, 3, 3, 3, 3, 3, 3, 3, 3, 3, 3, 3, 3, 3, 3, 3, 3, 3, 3, 3, 3, 3, 3, 3, 3, 3, 3, 3, 3, 3, 3, 3, 3, 3, 3, 3, 3, 3, 3, 3, 3, 3, 3, 3, 3, 3, 3, 3, 3, 3, 3, 3, 3, 3, 3, 3, 3, 3, 3, 3, 3, 3, 3, 3, 3, 3, 3, 3, 3, 3, 3, 3, 3, 3, 3, 3, 3, 3, 3, 3, 3, 3, 3, 3, 3, 3, 3, 3, 3, 3, 3, 3, 3, 3, 3, 3, 3, 3, 3, 3, 3, 3, 3, 3, 3, 3, 3, 3, 3, 3, 3, 3, 3, 3, 3, 3, 3, 3, 3, 3, 3, 3, 3, 3, 3, 3, 3, 3, 3, 3, 3, 3, 3, 3, 3, 3, 3, 3, 3, 3, 3, 3, 3, 3, 3, 3, 3, 3, 3, 3, 3, 3, 3, 3, 3, 3, 3, 3, 3, 3, 3, 3, 3, 3, 3, 3, 3, 3, 3, 3, 3, 3, 3, 3, 3, 3, 3, 3, 3, 3, 3, 3, 3, 3, 3, 3, 3, 3, 3, 3, 3, 3, 3, 3, 3, 3, 3, 3, 3, 3, 3, 3, 3, 3, 3, 3, 3, 3, 3, 3, 3, 3, 3, 3, 3, 3, 3, 3, 3, 3, 3, 3, 3, 3, 3, 3, 3, 3, 3, 3, 3, 3, 3, 3, 3, 3, 3, 3, 3, 3, 3, 3, 3, 3, 3, 3, 3, 3, 3, 3, 3, 3, 3, 3, 3, 3, 3, 3, 3, 3, 3, 3, 3, 3, 3, 3, 3, 3, 3, 3, 3, 3, 3, 3, 3, 3, 3, 3, 3, 3, 3, 3, 3, 3, 3, 3, 3, 3, 3, 3, 3, 3, 3, 3, 3, 3, 3, 3, 3, 3, 3, 3, 3, 3, 3, 3, 3, 3, 3, 3, 3, 3, 3, 3, 3, 3, 3, 3, 3, 3, 3, 3, 3, 3, 3, 3, 3, 3, 3, 3, 3, 3, 3, 3, 3, 3, 3, 3, 3, 3, 3, 3, 3, 3, 3, 3, 3, 3, 3, 3, 3, 3, 3, 3, 3, 3, 3, 3, 3, 3, 3, 3, 3, 3, 3, 3, 3, 3, 3, 3, 3, 3, 3, 3, 3, 3, 3, 3, 3, 3, 3, 3, 3, 3, 3, 3, 3, 3, 3, 3, 3, 3, 3, 3, 3, 3, 3, 3, 3, 3, 3, 3, 3, 3, 3, 3, 3, 3, 3, 3, 3, 3, 3, 3, 3, 3, 3, 3, 3, 3, 3, 3, 3, 3, 3, 3, 3, 3, 3, 3, 3, 3, 3, 3, 3, 3, 3, 3, 3, 3, 3, 3, 3, 3, 3, 3, 3, 3, 3, 3, 3, 3, 3, 3, 3, 3, 3, 3, 3, 3, 3, 3, 3, 3, 3, 3, 3, 3, 3, 3, 3, 3, 3, 3, 3, 3, 3, 3, 3, 3, 3, 3, 3, 3, 3, 3, 3, 3, 3, 3, 3, 3, 3, 3, 3, 3, 3, 3, 3, 3, 3, 3, 3, 3, 3, 3, 3, 3, 3, 3, 3, 3, 3, 3, 3, 3, 3, 3, 3, 3, 3, 3, 3, 3, 3, 3, 3, 3, 3, 3, 3, 3, 3, 3, 3, 3, 3, 3, 3, 3, 3, 3, 3, 3, 3, 3, 3, 3, 3, 3, 3, 3, 3, 3, 3, 3, 3, 3, 3, 3, 3, 3, 3, 3, 3, 3, 3, 3, 3, 3, 3, 3, 3, 3, 3, 3, 3, 3, 3, 3, 3, 3, 3, 3, 3, 3, 3, 3, 3, 3, 3, 3, 3, 3, 3, 3, 3, 3, 3, 3, 3, 3, 3, 3, 3, 3, 3, 3, 3, 3, 3, 3, 3, 3, 3, 3, 3, 3, 3, 3, 3, 3, 3, 3, 3, 3, 3, 3, 3, 3, 3, 3, 3, 3, 3, 3, 3, 3, 3, 3, 3, 3, 3, 3, 3, 3, 3, 3, 3, 3, 3, 3, 3, 3, 3, 3, 3, 3, 3, 3, 3, 3, 3, 3, 3, 3, 3, 3, 3, 3, 3, 3, 3, 3, 3, 3, 3, 3, 3, 3, 3, 3, 3, 3, 3, 3, 3, 3, 3, 3, 3, 3, 3, 3, 3, 3, 3, 3, 3, 3, 3, 3, 3, 3, 3, 3, 3, 3, 3, 3, 3, 3, 3, 3, 3, 3, 3, 3, 3, 3, 3, 3, 3, 3, 3, 3, 3, 3, 3, 3, 3, 3, 3, 3, 3, 3, 3, 3, 3, 3, 3, 3, 3, 3, 3, 3, 3, 3, 3, 3, 3, 3, 3, 3, 3, 3, 3, 3, 3, 3, 3, 3, 3, 3, 3, 3, 3, 3, 3, 3, 3, 3, 3, 3, 3, 3, 3, 3, 3, 3, 3, 3, 3, 3, 3, 3, 3, 3, 3, 3, 3, 3, 3, 3, 3, 3, 3, 3, 3, 3, 3, 3, 3, 3, 3, 3, 3, 3, 3, 3, 3, 3, 3, 3, 3, 3, 3, 3, 3, 3, 3, 3, 3, 3, 3, 3, 3, 3, 3, 3, 3, 3, 3, 3, 3, 3, 3, 3, 3, 3, 3, 3, 3, 3, 3, 3, 3, 3, 3, 3, 3, 3, 3, 3, 3, 3, 3, 3, 3, 3, 3, 3, 3, 3, 3, 3, 3, 3, 3, 3, 3, 3, 3, 3, 3, 3, 3, 3, 3, 3, 3, 3, 3, 3, 3, 3, 3, 3, 3, 3, 3, 3, 3, 3, 3, 3, 3, 3, 3, 3, 3, 3, 3, 3, 3, 3, 3, 3, 3, 3, 3, 3, 3, 3, 3, 3, 3, 3, 3, 3, 3, 3, 3, 3, 3, 3, 3, 3, 3, 3, 3, 3, 3, 3, 3, 3, 3, 3, 3, 3, 3, 3, 3, 3, 3, 3, 3, 3, 3, 3, 3, 3, 3, 3, 3, 3, 3, 3, 3, 3, 3, 3, 3, 3, 3, 3, 3, 3, 3, 3, 3, 3, 3, 3, 3, 3, 3, 3, 3, 3, 3, 3, 3, 3, 3, 3, 3, 3, 3, 3, 3, 3, 3, 3, 3, 3, 3, 3, 3, 3, 3, 3, 3, 3, 3, 3, 3, 3, 3, 3, 3, 3, 3, 3, 3, 3, 3, 3, 3, 3, 3, 3, 3, 3, 3, 3, 3, 3, 3, 3, 3, 3, 3, 3, 3, 3, 3, 3, 3, 3, 3, 3, 3, 3, 3, 3, 3, 3, 3, 3, 3, 3, 3, 3, 3, 3, 3, 3, 3, 3, 3, 3, 3, 3, 3, 3, 3]
            int[] faceVertexIndices = [0, 1, 2, 2, 1, 3, 2, 3, 4, 4, 3, 5, 4, 5, 6, 6, 5, 7, 6, 7, 8, 8, 7, 9, 8, 9, 10, 10, 9, 11, 11, 9, 12, 11, 12, 13, 14, 15, 13, 13, 15, 16, 13, 16, 17, 17, 16, 18, 18, 16, 19, 18, 19, 20, 20, 19, 21, 20, 21, 22, 22, 21, 23, 22, 23, 24, 24, 23, 25, 24, 25, 26, 26, 25, 27, 26, 27, 28, 28, 27, 29, 28, 29, 30, 30, 29, 31, 30, 31, 32, 32, 31, 33, 32, 33, 34, 34, 33, 35, 34, 35, 36, 36, 35, 37, 36, 37, 38, 38, 37, 39, 38, 39, 40, 40, 39, 41, 40, 41, 42, 42, 41, 43, 42, 43, 44, 44, 43, 45, 44, 45, 46, 46, 45, 47, 46, 47, 48, 48, 47, 49, 48, 49, 50, 50, 49, 51, 50, 51, 52, 52, 51, 53, 52, 53, 54, 54, 53, 55, 54, 55, 56, 56, 55, 57, 56, 57, 58, 15, 14, 59, 59, 14, 60, 59, 60, 61, 61, 60, 62, 61, 62, 63, 63, 62, 64, 63, 64, 65, 66, 67, 65, 65, 67, 68, 65, 68, 63, 63, 68, 23, 63, 23, 21, 67, 66, 69, 69, 66, 70, 69, 70, 71, 71, 70, 72, 71, 72, 73, 73, 72, 74, 73, 74, 75, 70, 74, 72, 75, 76, 73, 73, 76, 77, 73, 77, 78, 78, 77, 79, 78, 79, 80, 80, 79, 81, 80, 81, 82, 82, 81, 83, 82, 83, 33, 33, 83, 35, 77, 76, 84, 84, 76, 85, 84, 85, 86, 86, 85, 87, 86, 87, 88, 88, 87, 89, 88, 89, 90, 90, 89, 91, 90, 91, 92, 92, 91, 93, 92, 93, 94, 94, 93, 95, 94, 95, 96, 96, 95, 97, 96, 97, 98, 98, 97, 99, 98, 99, 100, 100, 99, 101, 100, 101, 102, 102, 101, 103, 102, 103, 104, 104, 103, 105, 104, 105, 106, 106, 105, 107, 106, 107, 108, 108, 107, 109, 108, 109, 110, 110, 109, 111, 110, 111, 112, 112, 111, 113, 112, 113, 114, 114, 113, 115, 114, 115, 116, 116, 115, 117, 116, 117, 118, 118, 117, 119, 118, 119, 120, 120, 119, 121, 120, 121, 122, 122, 121, 123, 122, 123, 124, 124, 123, 125, 124, 125, 126, 126, 125, 127, 126, 127, 128, 128, 127, 129, 128, 129, 130, 130, 129, 131, 130, 131, 132, 132, 131, 133, 132, 133, 134, 87, 135, 89, 89, 135, 91, 97, 136, 99, 99, 136, 101, 103, 137, 105, 105, 137, 138, 105, 138, 107, 107, 138, 139, 107, 139, 140, 140, 139, 141, 140, 141, 109, 109, 141, 142, 109, 142, 111, 111, 142, 113, 141, 143, 142, 142, 143, 144, 142, 144, 113, 113, 144, 145, 113, 145, 115, 115, 145, 146, 115, 146, 117, 117, 146, 147, 117, 147, 119, 119, 147, 121, 143, 145, 144, 112, 148, 110, 110, 148, 149, 110, 149, 108, 108, 149, 150, 108, 150, 106, 106, 150, 151, 106, 151, 104, 104, 151, 152, 104, 152, 100, 100, 152, 153, 100, 153, 98, 98, 153, 154, 98, 154, 94, 94, 154, 155, 94, 155, 90, 90, 155, 156, 90, 156, 88, 88, 156, 157, 88, 157, 158, 158, 157, 159, 158, 159, 79, 79, 159, 81, 148, 160, 149, 149, 160, 161, 149, 161, 150, 150, 161, 162, 150, 162, 151, 151, 162, 163, 151, 163, 152, 152, 163, 164, 152, 164, 153, 153, 164, 165, 153, 165, 154, 154, 165, 166, 154, 166, 155, 155, 166, 167, 155, 167, 156, 156, 167, 168, 156, 168, 157, 157, 168, 169, 157, 169, 159, 159, 169, 170, 159, 170, 81, 81, 170, 83, 160, 171, 161, 161, 171, 172, 161, 172, 162, 162, 172, 173, 162, 173, 163, 163, 173, 174, 163, 174, 164, 164, 174, 175, 164, 175, 165, 165, 175, 176, 165, 176, 166, 166, 176, 177, 166, 177, 167, 167, 177, 178, 167, 178, 168, 168, 178, 179, 168, 179, 169, 169, 179, 180, 169, 180, 170, 170, 180, 181, 170, 181, 83, 83, 181, 35, 171, 182, 172, 172, 182, 183, 172, 183, 173, 173, 183, 184, 173, 184, 174, 174, 184, 185, 174, 185, 175, 175, 185, 186, 175, 186, 176, 176, 186, 187, 176, 187, 177, 177, 187, 188, 177, 188, 178, 178, 188, 189, 178, 189, 179, 179, 189, 190, 179, 190, 180, 180, 190, 191, 180, 191, 181, 181, 191, 37, 181, 37, 35, 182, 192, 183, 183, 192, 193, 183, 193, 184, 184, 193, 194, 184, 194, 185, 185, 194, 195, 185, 195, 186, 186, 195, 196, 186, 196, 187, 187, 196, 197, 187, 197, 188, 188, 197, 198, 188, 198, 189, 189, 198, 199, 189, 199, 190, 190, 199, 200, 190, 200, 191, 191, 200, 39, 191, 39, 37, 193, 192, 201, 201, 192, 202, 201, 202, 203, 203, 202, 204, 203, 204, 205, 205, 204, 206, 205, 206, 207, 207, 206, 208, 207, 208, 209, 209, 208, 210, 209, 210, 211, 211, 210, 212, 211, 212, 213, 213, 212, 55, 213, 55, 53, 212, 57, 55, 56, 58, 214, 214, 58, 215, 214, 215, 216, 216, 215, 217, 216, 217, 218, 218, 217, 219, 218, 219, 220, 220, 219, 221, 220, 221, 222, 222, 221, 223, 222, 223, 224, 224, 223, 225, 224, 225, 226, 226, 225, 227, 226, 227, 228, 228, 227, 229, 229, 227, 230, 229, 230, 231, 231, 230, 232, 231, 232, 233, 233, 232, 234, 233, 234, 235, 235, 234, 236, 235, 236, 237, 237, 236, 238, 237, 238, 239, 239, 238, 240, 239, 240, 241, 241, 240, 242, 241, 242, 243, 243, 242, 244, 243, 244, 245, 245, 244, 246, 245, 246, 247, 247, 246, 248, 247, 248, 249, 249, 248, 250, 249, 250, 251, 251, 250, 252, 251, 252, 253, 253, 252, 254, 253, 254, 255, 255, 254, 256, 255, 256, 257, 257, 256, 258, 219, 259, 221, 221, 259, 260, 221, 260, 223, 223, 260, 261, 223, 261, 225, 225, 261, 227, 259, 262, 260, 260, 262, 263, 260, 263, 261, 261, 263, 264, 261, 264, 227, 227, 264, 230, 262, 265, 263, 263, 265, 266, 263, 266, 264, 264, 266, 232, 264, 232, 230, 265, 267, 266, 266, 267, 234, 266, 234, 232, 267, 236, 234, 245, 268, 243, 243, 268, 241, 268, 269, 241, 241, 269, 239, 269, 270, 239, 239, 270, 237, 237, 270, 271, 271, 270, 272, 271, 272, 233, 233, 272, 231, 228, 273, 226, 226, 273, 274, 226, 274, 275, 275, 274, 276, 275, 276, 277, 277, 276, 278, 277, 278, 279, 279, 278, 280, 279, 280, 281, 281, 280, 282, 281, 282, 283, 283, 282, 284, 283, 284, 285, 285, 284, 286, 285, 286, 50, 50, 286, 48, 274, 287, 276, 276, 287, 278, 278, 287, 288, 288, 287, 289, 288, 289, 290, 291, 292, 290, 290, 292, 293, 290, 293, 288, 288, 293, 280, 288, 280, 278, 292, 291, 294, 294, 291, 295, 294, 295, 296, 296, 295, 297, 296, 297, 298, 298, 297, 299, 298, 299, 300, 300, 299, 301, 300, 301, 42, 42, 301, 40, 297, 302, 299, 299, 302, 303, 299, 303, 301, 301, 303, 304, 301, 304, 40, 40, 304, 38, 303, 305, 304, 304, 305, 306, 304, 306, 38, 38, 306, 36, 305, 307, 306, 306, 307, 36, 36, 307, 34, 34, 307, 308, 34, 308, 309, 34, 309, 32, 32, 309, 30, 17, 11, 13, 213, 310, 211, 211, 310, 311, 211, 311, 209, 209, 311, 312, 209, 312, 207, 207, 312, 313, 207, 313, 205, 205, 313, 314, 205, 314, 203, 203, 314, 315, 203, 315, 201, 201, 315, 194, 201, 194, 193, 310, 316, 311, 311, 316, 317, 311, 317, 312, 312, 317, 318, 312, 318, 313, 313, 318, 319, 313, 319, 314, 314, 319, 320, 314, 320, 315, 315, 320, 195, 315, 195, 194, 213, 53, 310, 310, 53, 51, 310, 51, 316, 316, 51, 49, 316, 49, 321, 321, 49, 47, 321, 47, 322, 322, 47, 45, 322, 45, 323, 323, 45, 43, 323, 43, 324, 324, 43, 41, 324, 41, 200, 200, 41, 39, 316, 321, 317, 317, 321, 325, 317, 325, 318, 318, 325, 326, 318, 326, 319, 319, 326, 327, 319, 327, 320, 320, 327, 196, 320, 196, 195, 321, 322, 325, 325, 322, 328, 325, 328, 326, 326, 328, 329, 326, 329, 327, 327, 329, 197, 327, 197, 196, 322, 323, 328, 328, 323, 330, 328, 330, 329, 329, 330, 198, 329, 198, 197, 323, 324, 330, 330, 324, 199, 330, 199, 198, 324, 200, 199, 82, 331, 80, 80, 331, 332, 80, 332, 78, 78, 332, 71, 78, 71, 73, 331, 333, 332, 332, 333, 334, 332, 334, 71, 71, 334, 69, 33, 31, 82, 82, 31, 331, 333, 25, 334, 334, 25, 68, 334, 68, 69, 69, 68, 67, 31, 29, 331, 331, 29, 333, 25, 23, 68, 29, 27, 333, 333, 27, 25, 61, 63, 21, 59, 61, 19, 19, 61, 21, 15, 59, 16, 16, 59, 19, 158, 79, 77, 84, 86, 77, 77, 86, 158, 86, 88, 158, 92, 94, 90, 96, 98, 94, 102, 104, 100, 140, 109, 107, 54, 56, 335, 335, 56, 214, 335, 214, 336, 336, 214, 216, 336, 216, 337, 337, 216, 218, 337, 218, 338, 338, 218, 220, 338, 220, 222, 285, 50, 52, 52, 54, 339, 339, 54, 335, 339, 335, 340, 340, 335, 336, 340, 336, 341, 341, 336, 337, 341, 337, 342, 342, 337, 338, 342, 338, 343, 343, 338, 222, 343, 222, 224, 46, 48, 344, 344, 48, 286, 344, 286, 345, 345, 286, 284, 345, 284, 346, 346, 284, 282, 346, 282, 293, 293, 282, 280, 300, 42, 44, 44, 46, 347, 347, 46, 344, 347, 344, 348, 348, 344, 345, 348, 345, 294, 294, 345, 346, 294, 346, 292, 292, 346, 293, 283, 285, 339, 339, 285, 52, 283, 339, 340, 298, 300, 347, 347, 300, 44, 298, 347, 348, 281, 283, 340, 281, 340, 341, 296, 298, 348, 296, 348, 294, 279, 281, 341, 279, 341, 342, 279, 342, 277, 277, 342, 343, 277, 343, 275, 275, 343, 224, 275, 224, 226, 271, 233, 235, 237, 271, 235, 349, 350, 351, 351, 350, 352, 351, 352, 353, 353, 352, 354, 353, 354, 355, 355, 354, 356, 355, 356, 357, 357, 356, 358, 357, 358, 359, 359, 358, 360, 359, 360, 361, 361, 360, 362, 361, 362, 363, 363, 362, 364, 363, 364, 365, 365, 364, 366, 365, 366, 367, 367, 366, 368, 367, 368, 369, 369, 368, 370, 369, 370, 371, 371, 370, 372, 371, 372, 373, 373, 372, 374, 373, 374, 375, 375, 374, 376, 375, 376, 377, 377, 376, 378, 377, 378, 379, 379, 378, 380, 379, 380, 381, 360, 382, 362, 362, 382, 364, 382, 383, 364, 364, 383, 366, 383, 384, 366, 366, 384, 368, 368, 384, 385, 385, 384, 386, 385, 386, 372, 372, 386, 374, 387, 388, 381, 381, 388, 389, 381, 389, 379, 379, 389, 390, 379, 390, 391, 391, 390, 392, 391, 392, 393, 393, 392, 394, 393, 394, 395, 395, 394, 396, 395, 396, 397, 398, 399, 387, 387, 399, 400, 387, 400, 388, 388, 400, 401, 388, 401, 389, 389, 401, 402, 389, 402, 390, 390, 402, 403, 390, 403, 392, 392, 403, 404, 392, 404, 394, 394, 404, 405, 394, 405, 396, 398, 406, 399, 399, 406, 407, 399, 407, 408, 408, 407, 409, 408, 409, 410, 410, 409, 411, 410, 411, 412, 412, 411, 413, 412, 413, 414, 414, 413, 415, 414, 415, 416, 416, 415, 417, 416, 417, 418, 418, 417, 419, 419, 417, 420, 419, 420, 421, 421, 420, 422, 421, 422, 423, 423, 422, 424, 423, 424, 425, 425, 424, 426, 425, 426, 427, 427, 426, 428, 427, 428, 429, 429, 428, 430, 429, 430, 431, 431, 430, 432, 431, 432, 433, 433, 432, 434, 433, 434, 435, 435, 434, 436, 435, 436, 437, 437, 436, 438, 437, 438, 439, 439, 438, 440, 439, 440, 441, 441, 440, 442, 441, 442, 443, 443, 442, 444, 443, 444, 445, 445, 444, 446, 445, 446, 447, 447, 446, 448, 447, 448, 449, 449, 448, 450, 449, 450, 451, 451, 450, 452, 451, 452, 453, 453, 452, 454, 453, 454, 455, 455, 454, 456, 455, 456, 457, 457, 456, 458, 457, 458, 459, 459, 458, 460, 459, 460, 461, 461, 460, 462, 461, 462, 463, 463, 462, 464, 463, 464, 465, 465, 464, 466, 465, 466, 467, 467, 466, 468, 467, 468, 469, 469, 468, 470, 469, 470, 471, 471, 470, 472, 407, 406, 473, 473, 406, 474, 473, 474, 475, 475, 474, 476, 475, 476, 477, 477, 476, 478, 477, 478, 479, 479, 478, 480, 479, 480, 481, 481, 480, 482, 481, 482, 483, 483, 482, 484, 483, 484, 485, 485, 484, 486, 485, 486, 434, 434, 486, 436, 478, 487, 480, 480, 487, 488, 480, 488, 482, 482, 488, 489, 482, 489, 484, 484, 489, 490, 484, 490, 486, 486, 490, 491, 486, 491, 436, 436, 491, 438, 488, 492, 489, 489, 492, 493, 489, 493, 490, 490, 493, 494, 490, 494, 491, 491, 494, 495, 491, 495, 438, 438, 495, 440, 492, 496, 493, 493, 496, 494, 494, 496, 497, 497, 496, 498, 497, 498, 499, 497, 499, 500, 500, 499, 501, 500, 501, 502, 502, 501, 503, 502, 503, 444, 444, 503, 446, 501, 504, 503, 503, 504, 505, 503, 505, 446, 446, 505, 448, 504, 506, 505, 505, 506, 448, 506, 507, 448, 448, 507, 450, 507, 508, 450, 450, 508, 452, 508, 509, 452, 452, 509, 454, 509, 510, 454, 454, 510, 456, 510, 458, 456, 459, 511, 457, 457, 511, 455, 511, 512, 455, 455, 512, 453, 512, 513, 453, 453, 513, 451, 513, 514, 451, 451, 514, 515, 451, 515, 449, 449, 515, 516, 449, 516, 517, 517, 516, 518, 517, 518, 519, 515, 518, 516, 520, 521, 519, 519, 521, 522, 519, 522, 517, 517, 522, 447, 517, 447, 449, 520, 523, 521, 521, 523, 524, 521, 524, 522, 522, 524, 525, 522, 525, 445, 445, 525, 443, 523, 526, 524, 524, 526, 527, 524, 527, 525, 525, 527, 528, 525, 528, 443, 443, 528, 441, 527, 526, 529, 529, 526, 530, 529, 530, 531, 531, 530, 532, 531, 532, 533, 533, 532, 534, 533, 534, 535, 535, 534, 536, 535, 536, 537, 537, 536, 538, 537, 538, 539, 539, 538, 540, 539, 540, 541, 541, 540, 542, 541, 542, 543, 543, 542, 544, 543, 544, 545, 545, 544, 546, 545, 546, 547, 547, 546, 548, 547, 548, 549, 549, 548, 550, 549, 550, 551, 551, 550, 552, 551, 552, 553, 553, 552, 554, 553, 554, 555, 555, 554, 556, 555, 556, 557, 557, 556, 558, 557, 558, 559, 559, 558, 560, 559, 560, 561, 561, 560, 562, 561, 562, 563, 563, 562, 564, 563, 564, 565, 565, 564, 566, 565, 566, 567, 567, 566, 568, 567, 568, 569, 569, 568, 570, 569, 570, 571, 571, 570, 572, 571, 572, 573, 573, 572, 574, 573, 574, 575, 575, 574, 576, 575, 576, 577, 577, 576, 578, 577, 578, 579, 532, 580, 534, 534, 580, 536, 542, 581, 544, 544, 581, 546, 548, 582, 550, 550, 582, 583, 550, 583, 552, 552, 583, 584, 552, 584, 585, 585, 584, 586, 585, 586, 554, 554, 586, 587, 554, 587, 556, 556, 587, 558, 586, 588, 587, 587, 588, 589, 587, 589, 558, 558, 589, 590, 558, 590, 560, 560, 590, 591, 560, 591, 562, 562, 591, 592, 562, 592, 564, 564, 592, 566, 588, 590, 589, 557, 593, 555, 555, 593, 594, 555, 594, 553, 553, 594, 595, 553, 595, 551, 551, 595, 596, 551, 596, 549, 549, 596, 597, 549, 597, 545, 545, 597, 598, 545, 598, 543, 543, 598, 599, 543, 599, 539, 539, 599, 600, 539, 600, 535, 535, 600, 601, 535, 601, 533, 533, 601, 602, 533, 602, 603, 603, 602, 604, 603, 604, 528, 528, 604, 441, 593, 605, 594, 594, 605, 606, 594, 606, 595, 595, 606, 607, 595, 607, 596, 596, 607, 608, 596, 608, 597, 597, 608, 609, 597, 609, 598, 598, 609, 610, 598, 610, 599, 599, 610, 611, 599, 611, 600, 600, 611, 612, 600, 612, 601, 601, 612, 613, 601, 613, 602, 602, 613, 614, 602, 614, 604, 604, 614, 439, 604, 439, 441, 605, 615, 606, 606, 615, 616, 606, 616, 607, 607, 616, 617, 607, 617, 608, 608, 617, 618, 608, 618, 609, 609, 618, 619, 609, 619, 610, 610, 619, 620, 610, 620, 611, 611, 620, 621, 611, 621, 612, 612, 621, 622, 612, 622, 613, 613, 622, 623, 613, 623, 614, 614, 623, 437, 614, 437, 439, 615, 624, 616, 616, 624, 625, 616, 625, 617, 617, 625, 626, 617, 626, 618, 618, 626, 627, 618, 627, 619, 619, 627, 628, 619, 628, 620, 620, 628, 629, 620, 629, 621, 621, 629, 630, 621, 630, 622, 622, 630, 631, 622, 631, 623, 623, 631, 435, 623, 435, 437, 624, 632, 625, 625, 632, 633, 625, 633, 626, 626, 633, 634, 626, 634, 627, 627, 634, 635, 627, 635, 628, 628, 635, 636, 628, 636, 629, 629, 636, 637, 629, 637, 630, 630, 637, 638, 630, 638, 631, 631, 638, 433, 631, 433, 435, 633, 632, 639, 639, 632, 640, 639, 640, 641, 641, 640, 642, 641, 642, 643, 643, 642, 644, 643, 644, 645, 645, 644, 646, 645, 646, 647, 647, 646, 648, 647, 648, 421, 421, 648, 419, 418, 649, 416, 416, 649, 650, 416, 650, 414, 414, 650, 651, 414, 651, 412, 412, 651, 652, 412, 652, 410, 410, 652, 653, 410, 653, 408, 408, 653, 400, 408, 400, 399, 649, 654, 650, 650, 654, 655, 650, 655, 651, 651, 655, 656, 651, 656, 652, 652, 656, 657, 652, 657, 653, 653, 657, 401, 653, 401, 400, 654, 658, 655, 655, 658, 659, 655, 659, 656, 656, 659, 660, 656, 660, 657, 657, 660, 402, 657, 402, 401, 658, 661, 659, 659, 661, 662, 659, 662, 660, 660, 662, 403, 660, 403, 402, 662, 661, 404, 404, 661, 405, 395, 397, 663, 663, 397, 664, 663, 664, 371, 371, 664, 369, 370, 368, 385, 372, 370, 385, 663, 371, 373, 373, 375, 665, 665, 375, 377, 665, 377, 393, 393, 377, 391, 395, 663, 665, 665, 663, 373, 395, 665, 393, 379, 391, 377, 662, 404, 403, 407, 473, 666, 666, 473, 475, 666, 475, 667, 667, 475, 668, 667, 668, 669, 669, 668, 670, 669, 670, 671, 671, 670, 672, 671, 672, 673, 673, 672, 674, 673, 674, 430, 430, 674, 432, 668, 475, 477, 407, 666, 409, 409, 666, 675, 409, 675, 411, 411, 675, 676, 411, 676, 413, 413, 676, 677, 413, 677, 415, 415, 677, 678, 415, 678, 417, 417, 678, 420, 675, 666, 667, 670, 668, 479, 479, 668, 477, 670, 479, 481, 675, 667, 679, 679, 667, 669, 679, 669, 680, 680, 669, 671, 680, 671, 681, 681, 671, 673, 681, 673, 428, 428, 673, 430, 672, 670, 481, 672, 481, 483, 675, 679, 676, 676, 679, 682, 676, 682, 677, 677, 682, 683, 677, 683, 678, 678, 683, 422, 678, 422, 420, 682, 679, 680, 495, 494, 497, 497, 500, 684, 684, 500, 502, 684, 502, 442, 442, 502, 444, 674, 672, 483, 674, 483, 485, 682, 680, 685, 685, 680, 681, 685, 681, 426, 426, 681, 428, 440, 495, 684, 684, 495, 497, 440, 684, 442, 432, 674, 485, 432, 485, 434, 682, 685, 683, 683, 685, 424, 683, 424, 422, 424, 685, 426, 522, 445, 447, 433, 638, 431, 431, 638, 686, 431, 686, 429, 429, 686, 687, 429, 687, 427, 427, 687, 688, 427, 688, 425, 425, 688, 689, 425, 689, 423, 423, 689, 647, 423, 647, 421, 603, 528, 527, 638, 637, 686, 686, 637, 690, 686, 690, 687, 687, 690, 691, 687, 691, 688, 688, 691, 692, 688, 692, 689, 689, 692, 645, 689, 645, 647, 529, 531, 527, 527, 531, 603, 531, 533, 603, 637, 636, 690, 690, 636, 693, 690, 693, 691, 691, 693, 694, 691, 694, 692, 692, 694, 643, 692, 643, 645, 636, 635, 693, 693, 635, 695, 693, 695, 694, 694, 695, 641, 694, 641, 643, 537, 539, 535, 639, 641, 695, 639, 695, 634, 634, 695, 635, 541, 543, 539, 633, 639, 634, 547, 549, 545, 585, 554, 552, 696, 697, 698, 698, 697, 699, 699, 697, 700, 699, 700, 701, 701, 700, 702, 701, 702, 703, 703, 702, 704, 703, 704, 705, 705, 704, 706, 705, 706, 707, 707, 706, 708, 707, 708, 709, 709, 708, 710, 709, 710, 711, 711, 710, 712, 711, 712, 713, 713, 712, 714, 713, 714, 715, 715, 714, 716, 715, 716, 717, 717, 716, 718, 717, 718, 719, 719, 718, 720, 719, 720, 721, 721, 720, 722, 721, 722, 723, 723, 722, 724, 723, 724, 725, 725, 724, 726, 725, 726, 727, 727, 726, 728, 727, 728, 729, 729, 728, 730, 729, 730, 731, 731, 730, 732, 731, 732, 733, 733, 732, 734, 733, 734, 735, 735, 734, 736, 735, 736, 737, 737, 736, 738, 737, 738, 739, 739, 738, 740, 739, 740, 741, 741, 740, 742, 741, 742, 743, 743, 742, 744, 743, 744, 745, 745, 744, 746, 745, 746, 747, 747, 746, 748, 747, 748, 749, 749, 748, 750, 749, 750, 751, 751, 750, 752, 751, 752, 753, 753, 752, 754, 753, 754, 755, 755, 754, 756, 755, 756, 757, 757, 756, 758, 758, 756, 759, 758, 759, 760, 760, 759, 761, 760, 761, 762, 762, 761, 763, 762, 763, 764, 764, 763, 765, 764, 765, 766, 766, 765, 767, 766, 767, 768, 768, 767, 769, 768, 769, 770, 770, 769, 771, 770, 771, 772, 772, 771, 773, 772, 773, 774, 774, 773, 775, 774, 775, 776, 776, 775, 777, 776, 777, 778, 778, 777, 779, 778, 779, 780, 780, 779, 781, 780, 781, 782, 782, 781, 783, 782, 783, 784, 784, 783, 785, 784, 785, 786, 786, 785, 787, 786, 787, 788, 718, 789, 720, 720, 789, 790, 720, 790, 722, 722, 790, 791, 722, 791, 724, 724, 791, 792, 724, 792, 726, 726, 792, 793, 726, 793, 730, 730, 793, 794, 730, 794, 732, 732, 794, 795, 732, 795, 736, 736, 795, 796, 736, 796, 740, 740, 796, 797, 740, 797, 742, 742, 797, 798, 742, 798, 799, 799, 798, 800, 799, 800, 801, 801, 800, 802, 801, 802, 803, 803, 802, 804, 803, 804, 805, 805, 804, 761, 805, 761, 759, 789, 806, 790, 790, 806, 807, 790, 807, 791, 791, 807, 808, 791, 808, 792, 792, 808, 809, 792, 809, 793, 793, 809, 810, 793, 810, 794, 794, 810, 811, 794, 811, 795, 795, 811, 812, 795, 812, 796, 796, 812, 813, 796, 813, 797, 797, 813, 814, 797, 814, 798, 798, 814, 815, 798, 815, 800, 800, 815, 816, 800, 816, 802, 802, 816, 817, 802, 817, 804, 804, 817, 763, 804, 763, 761, 806, 818, 807, 807, 818, 819, 807, 819, 808, 808, 819, 820, 808, 820, 809, 809, 820, 821, 809, 821, 810, 810, 821, 822, 810, 822, 811, 811, 822, 823, 811, 823, 812, 812, 823, 824, 812, 824, 813, 813, 824, 825, 813, 825, 814, 814, 825, 826, 814, 826, 815, 815, 826, 827, 815, 827, 816, 816, 827, 828, 816, 828, 817, 817, 828, 765, 817, 765, 763, 818, 829, 819, 819, 829, 830, 819, 830, 820, 820, 830, 831, 820, 831, 821, 821, 831, 832, 821, 832, 822, 822, 832, 833, 822, 833, 823, 823, 833, 834, 823, 834, 824, 824, 834, 835, 824, 835, 825, 825, 835, 836, 825, 836, 826, 826, 836, 837, 826, 837, 827, 827, 837, 838, 827, 838, 828, 828, 838, 767, 828, 767, 765, 829, 839, 830, 830, 839, 840, 830, 840, 831, 831, 840, 841, 831, 841, 832, 832, 841, 842, 832, 842, 833, 833, 842, 843, 833, 843, 834, 834, 843, 844, 834, 844, 835, 835, 844, 845, 835, 845, 836, 836, 845, 846, 836, 846, 837, 837, 846, 847, 837, 847, 838, 838, 847, 769, 838, 769, 767, 840, 839, 848, 848, 839, 849, 848, 849, 850, 850, 849, 851, 850, 851, 852, 852, 851, 853, 852, 853, 854, 854, 853, 855, 854, 855, 856, 856, 855, 857, 856, 857, 858, 858, 857, 859, 858, 859, 860, 860, 859, 785, 860, 785, 783, 859, 787, 785, 786, 788, 861, 861, 788, 862, 861, 862, 863, 863, 862, 864, 863, 864, 865, 865, 864, 866, 865, 866, 867, 867, 866, 868, 867, 868, 869, 869, 868, 870, 869, 870, 871, 871, 870, 872, 871, 872, 873, 873, 872, 874, 873, 874, 875, 875, 874, 876, 876, 874, 877, 876, 877, 878, 878, 877, 879, 878, 879, 880, 880, 879, 881, 880, 881, 882, 882, 881, 883, 882, 883, 884, 884, 883, 885, 884, 885, 886, 886, 885, 887, 886, 887, 888, 888, 887, 889, 888, 889, 890, 890, 889, 891, 890, 891, 892, 892, 891, 893, 892, 893, 894, 894, 893, 895, 894, 895, 896, 896, 895, 897, 896, 897, 898, 898, 897, 899, 898, 899, 900, 900, 899, 901, 900, 901, 902, 902, 901, 903, 866, 904, 868, 868, 904, 905, 868, 905, 870, 870, 905, 906, 870, 906, 872, 872, 906, 874, 904, 907, 905, 905, 907, 908, 905, 908, 906, 906, 908, 909, 906, 909, 874, 874, 909, 877, 907, 910, 908, 908, 910, 911, 908, 911, 909, 909, 911, 879, 909, 879, 877, 910, 912, 911, 911, 912, 881, 911, 881, 879, 912, 883, 881, 892, 913, 890, 890, 913, 888, 913, 914, 888, 888, 914, 886, 914, 915, 886, 886, 915, 884, 884, 915, 916, 916, 915, 917, 916, 917, 880, 880, 917, 878, 875, 918, 873, 873, 918, 919, 873, 919, 920, 920, 919, 921, 920, 921, 922, 922, 921, 923, 922, 923, 924, 924, 923, 925, 924, 925, 926, 926, 925, 927, 926, 927, 928, 928, 927, 929, 928, 929, 930, 930, 929, 931, 930, 931, 780, 780, 931, 778, 919, 932, 921, 921, 932, 923, 923, 932, 933, 933, 932, 934, 933, 934, 935, 936, 937, 935, 935, 937, 938, 935, 938, 933, 933, 938, 925, 933, 925, 923, 937, 936, 939, 939, 936, 940, 939, 940, 941, 941, 940, 942, 941, 942, 943, 943, 942, 944, 943, 944, 945, 945, 944, 946, 945, 946, 772, 772, 946, 770, 942, 947, 944, 944, 947, 948, 944, 948, 946, 946, 948, 949, 946, 949, 770, 770, 949, 768, 948, 950, 949, 949, 950, 951, 949, 951, 768, 768, 951, 766, 950, 952, 951, 951, 952, 766, 766, 952, 764, 764, 952, 953, 764, 953, 954, 764, 954, 762, 762, 954, 760, 757, 955, 755, 755, 955, 956, 755, 956, 957, 957, 956, 958, 957, 958, 959, 959, 958, 960, 960, 958, 961, 961, 958, 962, 961, 962, 963, 963, 962, 964, 963, 964, 965, 965, 964, 966, 965, 966, 967, 967, 966, 968, 967, 968, 969, 955, 970, 956, 956, 970, 971, 956, 971, 958, 958, 971, 962, 970, 972, 971, 971, 972, 973, 971, 973, 962, 962, 973, 964, 972, 974, 973, 973, 974, 975, 973, 975, 964, 964, 975, 966, 974, 968, 975, 975, 968, 966, 967, 969, 976, 976, 969, 977, 976, 977, 978, 978, 977, 979, 978, 979, 980, 980, 979, 981, 980, 981, 982, 982, 981, 983, 982, 983, 984, 984, 983, 985, 984, 985, 986, 986, 985, 987, 957, 959, 988, 988, 959, 989, 988, 989, 990, 990, 989, 991, 990, 991, 751, 751, 991, 992, 751, 992, 749, 749, 992, 993, 749, 993, 747, 991, 994, 992, 992, 994, 993, 743, 995, 741, 741, 995, 739, 733, 996, 731, 731, 996, 729, 727, 997, 725, 725, 997, 998, 725, 998, 723, 723, 998, 999, 723, 999, 1000, 1000, 999, 1001, 1000, 1001, 721, 721, 1001, 1002, 721, 1002, 719, 719, 1002, 717, 1001, 1003, 1002, 1002, 1003, 1004, 1002, 1004, 717, 717, 1004, 1005, 717, 1005, 715, 715, 1005, 1006, 715, 1006, 713, 713, 1006, 1007, 713, 1007, 711, 711, 1007, 709, 1003, 1005, 1004, 723, 1000, 721, 730, 728, 726, 736, 734, 732, 850, 1008, 848, 848, 1008, 841, 848, 841, 840, 841, 1008, 842, 842, 1008, 1009, 842, 1009, 843, 843, 1009, 1010, 843, 1010, 844, 844, 1010, 1011, 844, 1011, 845, 845, 1011, 1012, 845, 1012, 846, 846, 1012, 1013, 846, 1013, 847, 847, 1013, 771, 847, 771, 769, 1008, 850, 1014, 1014, 850, 852, 1014, 852, 1015, 1015, 852, 854, 1015, 854, 1016, 1016, 854, 856, 1016, 856, 1017, 1017, 856, 858, 1017, 858, 1018, 1018, 858, 860, 1018, 860, 783, 738, 736, 740, 1008, 1014, 1009, 1009, 1014, 1019, 1009, 1019, 1010, 1010, 1019, 1020, 1010, 1020, 1011, 1011, 1020, 1021, 1011, 1021, 1012, 1012, 1021, 1022, 1012, 1022, 1013, 1013, 1022, 773, 1013, 773, 771, 1019, 1014, 1015, 748, 746, 744, 748, 744, 799, 799, 744, 742, 1019, 1015, 1023, 1023, 1015, 1016, 1023, 1016, 1024, 1024, 1016, 1017, 1024, 1017, 1025, 1025, 1017, 1018, 1025, 1018, 781, 781, 1018, 783, 750, 748, 801, 801, 748, 799, 1019, 1023, 1020, 1020, 1023, 1026, 1020, 1026, 1021, 1021, 1026, 1027, 1021, 1027, 1022, 1022, 1027, 775, 1022, 775, 773, 1026, 1023, 1024, 752, 750, 803, 803, 750, 801, 957, 988, 990, 957, 990, 753, 753, 990, 751, 1026, 1024, 1028, 1028, 1024, 1025, 1028, 1025, 779, 779, 1025, 781, 754, 752, 805, 805, 752, 803, 755, 957, 753, 779, 777, 1028, 1028, 777, 1027, 1028, 1027, 1026, 777, 775, 1027, 754, 805, 759, 759, 756, 754, 784, 786, 1029, 1029, 786, 861, 1029, 861, 1030, 1030, 861, 863, 1030, 863, 1031, 1031, 863, 865, 1031, 865, 1032, 1032, 865, 867, 1032, 867, 869, 930, 780, 782, 782, 784, 1033, 1033, 784, 1029, 1033, 1029, 1034, 1034, 1029, 1030, 1034, 1030, 1035, 1035, 1030, 1031, 1035, 1031, 1036, 1036, 1031, 1032, 1036, 1032, 1037, 1037, 1032, 869, 1037, 869, 871, 776, 778, 1038, 1038, 778, 931, 1038, 931, 1039, 1039, 931, 929, 1039, 929, 1040, 1040, 929, 927, 1040, 927, 938, 938, 927, 925, 945, 772, 774, 774, 776, 1041, 1041, 776, 1038, 1041, 1038, 1042, 1042, 1038, 1039, 1042, 1039, 939, 939, 1039, 1040, 939, 1040, 937, 937, 1040, 938, 928, 930, 1033, 1033, 930, 782, 928, 1033, 1034, 943, 945, 1041, 1041, 945, 774, 943, 1041, 1042, 926, 928, 1034, 926, 1034, 1035, 941, 943, 1042, 941, 1042, 939, 924, 926, 1035, 924, 1035, 1036, 924, 1036, 922, 922, 1036, 1037, 922, 1037, 920, 920, 1037, 871, 920, 871, 873, 916, 880, 882, 884, 916, 882, 987, 1043, 1044, 1044, 1043, 1045, 1044, 1045, 1046, 1046, 1045, 1047, 1046, 1047, 1048, 1048, 1047, 1049, 1048, 1049, 1050, 1050, 1049, 1051, 1050, 1051, 1052, 1052, 1051, 1053, 1053, 1051, 1054, 1053, 1054, 1055, 1056, 1057, 1055, 1055, 1057, 1058, 1055, 1058, 1059, 1059, 1058, 1060, 1060, 1058, 1061, 1060, 1061, 1062, 1062, 1061, 1063, 1062, 1063, 1064, 1064, 1063, 1065, 1064, 1065, 1066, 1066, 1065, 1067, 1066, 1067, 1068, 1068, 1067, 1069, 1068, 1069, 1070, 1070, 1069, 1071, 1070, 1071, 1072, 1072, 1071, 1073, 1072, 1073, 1074, 1074, 1073, 1075, 1074, 1075, 1076, 1076, 1075, 1077, 1076, 1077, 1078, 1078, 1077, 1079, 1078, 1079, 1080, 1080, 1079, 1081, 1080, 1081, 1082, 1082, 1081, 1083, 1082, 1083, 1084, 1084, 1083, 1085, 1084, 1085, 1086, 1086, 1085, 1087, 1086, 1087, 1088, 1088, 1087, 1089, 1088, 1089, 1090, 1090, 1089, 1091, 1090, 1091, 1092, 1092, 1091, 1093, 1092, 1093, 1094, 1094, 1093, 1095, 1094, 1095, 1096, 1096, 1095, 1097, 1096, 1097, 1098, 1098, 1097, 1099, 1098, 1099, 1100, 1057, 1056, 1101, 1101, 1056, 1102, 1101, 1102, 1103, 1103, 1102, 1104, 1103, 1104, 1105, 1105, 1104, 1106, 1105, 1106, 1107, 1108, 1109, 1107, 1107, 1109, 1110, 1107, 1110, 1105, 1105, 1110, 1065, 1105, 1065, 1063, 1109, 1108, 1111, 1111, 1108, 1112, 1111, 1112, 1113, 1113, 1112, 1114, 1113, 1114, 1115, 1115, 1114, 1116, 1115, 1116, 1117, 1112, 1116, 1114, 1117, 1118, 1115, 1115, 1118, 1119, 1115, 1119, 1120, 1120, 1119, 1121, 1120, 1121, 1122, 1122, 1121, 1123, 1122, 1123, 1124, 1124, 1123, 1125, 1124, 1125, 1075, 1075, 1125, 1077, 1119, 1118, 1126, 1126, 1118, 1127, 1126, 1127, 1128, 1128, 1127, 1129, 1128, 1129, 1130, 1130, 1129, 1131, 1130, 1131, 1132, 1132, 1131, 1133, 1132, 1133, 1134, 1134, 1133, 1135, 1134, 1135, 1136, 1136, 1135, 1137, 1136, 1137, 1138, 1138, 1137, 1139, 1138, 1139, 1140, 1140, 1139, 1141, 1140, 1141, 1142, 1142, 1141, 1143, 1142, 1143, 1144, 1144, 1143, 1145, 1144, 1145, 1146, 1146, 1145, 1147, 1146, 1147, 1148, 1148, 1147, 1149, 1148, 1149, 1150, 1150, 1149, 1151, 1150, 1151, 1152, 1152, 1151, 1153, 1152, 1153, 1154, 1154, 1153, 1155, 1154, 1155, 1156, 1156, 1155, 1157, 1156, 1157, 1158, 1158, 1157, 1159, 1158, 1159, 1160, 1160, 1159, 1161, 1160, 1161, 1162, 1162, 1161, 1163, 1162, 1163, 1164, 1164, 1163, 1165, 1164, 1165, 1166, 1166, 1165, 1167, 1166, 1167, 1168, 1168, 1167, 1169, 1168, 1169, 1170, 1170, 1169, 1171, 1170, 1171, 1172, 1172, 1171, 1173, 1172, 1173, 1174, 1174, 1173, 1175, 1174, 1175, 1176, 1129, 1177, 1131, 1131, 1177, 1133, 1139, 1178, 1141, 1141, 1178, 1143, 1145, 1179, 1147, 1147, 1179, 1180, 1147, 1180, 1149, 1149, 1180, 1181, 1149, 1181, 1182, 1182, 1181, 1183, 1182, 1183, 1151, 1151, 1183, 1184, 1151, 1184, 1153, 1153, 1184, 1155, 1183, 1185, 1184, 1184, 1185, 1186, 1184, 1186, 1155, 1155, 1186, 1187, 1155, 1187, 1157, 1157, 1187, 1188, 1157, 1188, 1159, 1159, 1188, 1189, 1159, 1189, 1161, 1161, 1189, 1163, 1185, 1187, 1186, 1154, 1190, 1152, 1152, 1190, 1191, 1152, 1191, 1150, 1150, 1191, 1192, 1150, 1192, 1148, 1148, 1192, 1193, 1148, 1193, 1146, 1146, 1193, 1194, 1146, 1194, 1142, 1142, 1194, 1195, 1142, 1195, 1140, 1140, 1195, 1196, 1140, 1196, 1136, 1136, 1196, 1197, 1136, 1197, 1132, 1132, 1197, 1198, 1132, 1198, 1130, 1130, 1198, 1199, 1130, 1199, 1200, 1200, 1199, 1201, 1200, 1201, 1121, 1121, 1201, 1123, 1190, 1202, 1191, 1191, 1202, 1203, 1191, 1203, 1192, 1192, 1203, 1204, 1192, 1204, 1193, 1193, 1204, 1205, 1193, 1205, 1194, 1194, 1205, 1206, 1194, 1206, 1195, 1195, 1206, 1207, 1195, 1207, 1196, 1196, 1207, 1208, 1196, 1208, 1197, 1197, 1208, 1209, 1197, 1209, 1198, 1198, 1209, 1210, 1198, 1210, 1199, 1199, 1210, 1211, 1199, 1211, 1201, 1201, 1211, 1212, 1201, 1212, 1123, 1123, 1212, 1125, 1202, 1213, 1203, 1203, 1213, 1214, 1203, 1214, 1204, 1204, 1214, 1215, 1204, 1215, 1205, 1205, 1215, 1216, 1205, 1216, 1206, 1206, 1216, 1217, 1206, 1217, 1207, 1207, 1217, 1218, 1207, 1218, 1208, 1208, 1218, 1219, 1208, 1219, 1209, 1209, 1219, 1220, 1209, 1220, 1210, 1210, 1220, 1221, 1210, 1221, 1211, 1211, 1221, 1222, 1211, 1222, 1212, 1212, 1222, 1223, 1212, 1223, 1125, 1125, 1223, 1077, 1213, 1224, 1214, 1214, 1224, 1225, 1214, 1225, 1215, 1215, 1225, 1226, 1215, 1226, 1216, 1216, 1226, 1227, 1216, 1227, 1217, 1217, 1227, 1228, 1217, 1228, 1218, 1218, 1228, 1229, 1218, 1229, 1219, 1219, 1229, 1230, 1219, 1230, 1220, 1220, 1230, 1231, 1220, 1231, 1221, 1221, 1231, 1232, 1221, 1232, 1222, 1222, 1232, 1233, 1222, 1233, 1223, 1223, 1233, 1079, 1223, 1079, 1077, 1224, 1234, 1225, 1225, 1234, 1235, 1225, 1235, 1226, 1226, 1235, 1236, 1226, 1236, 1227, 1227, 1236, 1237, 1227, 1237, 1228, 1228, 1237, 1238, 1228, 1238, 1229, 1229, 1238, 1239, 1229, 1239, 1230, 1230, 1239, 1240, 1230, 1240, 1231, 1231, 1240, 1241, 1231, 1241, 1232, 1232, 1241, 1242, 1232, 1242, 1233, 1233, 1242, 1081, 1233, 1081, 1079, 1235, 1234, 1243, 1243, 1234, 1244, 1243, 1244, 1245, 1245, 1244, 1246, 1245, 1246, 1247, 1247, 1246, 1248, 1247, 1248, 1249, 1249, 1248, 1250, 1249, 1250, 1251, 1251, 1250, 1252, 1251, 1252, 1253, 1253, 1252, 1254, 1253, 1254, 1255, 1255, 1254, 1097, 1255, 1097, 1095, 1254, 1099, 1097, 1098, 1100, 1256, 1256, 1100, 1257, 1256, 1257, 1258, 1258, 1257, 1259, 1258, 1259, 1260, 1260, 1259, 1261, 1260, 1261, 1262, 1262, 1261, 1263, 1262, 1263, 1264, 1264, 1263, 1265, 1264, 1265, 1266, 1266, 1265, 1267, 1266, 1267, 1268, 1268, 1267, 1269, 1268, 1269, 1270, 1270, 1269, 1271, 1271, 1269, 1272, 1271, 1272, 1273, 1273, 1272, 1274, 1273, 1274, 1275, 1275, 1274, 1276, 1275, 1276, 1277, 1277, 1276, 1278, 1277, 1278, 1279, 1279, 1278, 1280, 1279, 1280, 1281, 1281, 1280, 1282, 1281, 1282, 1283, 1283, 1282, 1284, 1283, 1284, 1285, 1285, 1284, 1286, 1285, 1286, 1287, 1287, 1286, 1288, 1287, 1288, 1289, 1289, 1288, 1290, 1289, 1290, 1291, 1291, 1290, 1292, 1291, 1292, 1293, 1293, 1292, 1294, 1293, 1294, 1295, 1295, 1294, 1296, 1295, 1296, 1297, 1297, 1296, 1298, 1297, 1298, 1299, 1299, 1298, 134, 1261, 1300, 1263, 1263, 1300, 1301, 1263, 1301, 1265, 1265, 1301, 1302, 1265, 1302, 1267, 1267, 1302, 1269, 1300, 1303, 1301, 1301, 1303, 1304, 1301, 1304, 1302, 1302, 1304, 1305, 1302, 1305, 1269, 1269, 1305, 1272, 1303, 1306, 1304, 1304, 1306, 1307, 1304, 1307, 1305, 1305, 1307, 1274, 1305, 1274, 1272, 1306, 1308, 1307, 1307, 1308, 1276, 1307, 1276, 1274, 1308, 1278, 1276, 1287, 1309, 1285, 1285, 1309, 1283, 1309, 1310, 1283, 1283, 1310, 1281, 1310, 1311, 1281, 1281, 1311, 1279, 1279, 1311, 1312, 1312, 1311, 1313, 1312, 1313, 1275, 1275, 1313, 1273, 1270, 1314, 1268, 1268, 1314, 1315, 1268, 1315, 1316, 1316, 1315, 1317, 1316, 1317, 1318, 1318, 1317, 1319, 1318, 1319, 1320, 1320, 1319, 1321, 1320, 1321, 1322, 1322, 1321, 1323, 1322, 1323, 1324, 1324, 1323, 1325, 1324, 1325, 1326, 1326, 1325, 1327, 1326, 1327, 1092, 1092, 1327, 1090, 1315, 1328, 1317, 1317, 1328, 1319, 1319, 1328, 1329, 1329, 1328, 1330, 1329, 1330, 1331, 1332, 1333, 1331, 1331, 1333, 1334, 1331, 1334, 1329, 1329, 1334, 1321, 1329, 1321, 1319, 1333, 1332, 1335, 1335, 1332, 1336, 1335, 1336, 1337, 1337, 1336, 1338, 1337, 1338, 1339, 1339, 1338, 1340, 1339, 1340, 1341, 1341, 1340, 1342, 1341, 1342, 1084, 1084, 1342, 1082, 1338, 1343, 1340, 1340, 1343, 1344, 1340, 1344, 1342, 1342, 1344, 1345, 1342, 1345, 1082, 1082, 1345, 1080, 1344, 1346, 1345, 1345, 1346, 1347, 1345, 1347, 1080, 1080, 1347, 1078, 1346, 1348, 1347, 1347, 1348, 1078, 1078, 1348, 1076, 1076, 1348, 1349, 1076, 1349, 1350, 1076, 1350, 1074, 1074, 1350, 1072, 1059, 1053, 1055, 1255, 1351, 1253, 1253, 1351, 1352, 1253, 1352, 1251, 1251, 1352, 1353, 1251, 1353, 1249, 1249, 1353, 1354, 1249, 1354, 1247, 1247, 1354, 1355, 1247, 1355, 1245, 1245, 1355, 1356, 1245, 1356, 1243, 1243, 1356, 1236, 1243, 1236, 1235, 1351, 1357, 1352, 1352, 1357, 1358, 1352, 1358, 1353, 1353, 1358, 1359, 1353, 1359, 1354, 1354, 1359, 1360, 1354, 1360, 1355, 1355, 1360, 1361, 1355, 1361, 1356, 1356, 1361, 1237, 1356, 1237, 1236, 1255, 1095, 1351, 1351, 1095, 1093, 1351, 1093, 1357, 1357, 1093, 1091, 1357, 1091, 1362, 1362, 1091, 1089, 1362, 1089, 1363, 1363, 1089, 1087, 1363, 1087, 1364, 1364, 1087, 1085, 1364, 1085, 1365, 1365, 1085, 1083, 1365, 1083, 1242, 1242, 1083, 1081, 1357, 1362, 1358, 1358, 1362, 1366, 1358, 1366, 1359, 1359, 1366, 1367, 1359, 1367, 1360, 1360, 1367, 1368, 1360, 1368, 1361, 1361, 1368, 1238, 1361, 1238, 1237, 1362, 1363, 1366, 1366, 1363, 1369, 1366, 1369, 1367, 1367, 1369, 1370, 1367, 1370, 1368, 1368, 1370, 1239, 1368, 1239, 1238, 1363, 1364, 1369, 1369, 1364, 1371, 1369, 1371, 1370, 1370, 1371, 1240, 1370, 1240, 1239, 1364, 1365, 1371, 1371, 1365, 1241, 1371, 1241, 1240, 1365, 1242, 1241, 1124, 1372, 1122, 1122, 1372, 1373, 1122, 1373, 1120, 1120, 1373, 1113, 1120, 1113, 1115, 1372, 1374, 1373, 1373, 1374, 1375, 1373, 1375, 1113, 1113, 1375, 1111, 1075, 1073, 1124, 1124, 1073, 1372, 1374, 1067, 1375, 1375, 1067, 1110, 1375, 1110, 1111, 1111, 1110, 1109, 1073, 1071, 1372, 1372, 1071, 1374, 1067, 1065, 1110, 1071, 1069, 1374, 1374, 1069, 1067, 1103, 1105, 1063, 1101, 1103, 1061, 1061, 1103, 1063, 1057, 1101, 1058, 1058, 1101, 1061, 1200, 1121, 1119, 1126, 1128, 1119, 1119, 1128, 1200, 1128, 1130, 1200, 1134, 1136, 1132, 1138, 1140, 1136, 1144, 1146, 1142, 1182, 1151, 1149, 1096, 1098, 1376, 1376, 1098, 1256, 1376, 1256, 1377, 1377, 1256, 1258, 1377, 1258, 1378, 1378, 1258, 1260, 1378, 1260, 1379, 1379, 1260, 1262, 1379, 1262, 1264, 1326, 1092, 1094, 1094, 1096, 1380, 1380, 1096, 1376, 1380, 1376, 1381, 1381, 1376, 1377, 1381, 1377, 1382, 1382, 1377, 1378, 1382, 1378, 1383, 1383, 1378, 1379, 1383, 1379, 1384, 1384, 1379, 1264, 1384, 1264, 1266, 1088, 1090, 1385, 1385, 1090, 1327, 1385, 1327, 1386, 1386, 1327, 1325, 1386, 1325, 1387, 1387, 1325, 1323, 1387, 1323, 1334, 1334, 1323, 1321, 1341, 1084, 1086, 1086, 1088, 1388, 1388, 1088, 1385, 1388, 1385, 1389, 1389, 1385, 1386, 1389, 1386, 1335, 1335, 1386, 1387, 1335, 1387, 1333, 1333, 1387, 1334, 1324, 1326, 1380, 1380, 1326, 1094, 1324, 1380, 1381, 1339, 1341, 1388, 1388, 1341, 1086, 1339, 1388, 1389, 1322, 1324, 1381, 1322, 1381, 1382, 1337, 1339, 1389, 1337, 1389, 1335, 1320, 1322, 1382, 1320, 1382, 1383, 1320, 1383, 1318, 1318, 1383, 1384, 1318, 1384, 1316, 1316, 1384, 1266, 1316, 1266, 1268, 1312, 1275, 1277, 1279, 1312, 1277, 258, 1390, 1391, 1391, 1390, 1392, 1392, 1390, 1393, 1392, 1393, 1394, 1394, 1393, 1395, 1394, 1395, 1396, 1396, 1395, 1397, 1396, 1397, 1398, 1398, 1397, 1399, 1398, 1399, 1400, 1400, 1399, 1401, 1400, 1401, 1402, 1402, 1401, 1403, 1402, 1403, 1404, 1404, 1403, 1405, 1404, 1405, 1406, 1406, 1405, 1407, 1406, 1407, 1408, 1408, 1407, 1409, 1408, 1409, 1410, 1410, 1409, 1411, 1410, 1411, 1412, 1412, 1411, 1413, 1412, 1413, 1414, 1414, 1413, 1415, 1414, 1415, 1416, 1416, 1415, 1417, 1416, 1417, 1418, 1418, 1417, 1419, 1418, 1419, 1420, 1420, 1419, 1421, 1420, 1421, 1422, 1422, 1421, 1423, 1422, 1423, 1424, 1424, 1423, 1425, 1424, 1425, 1426, 1426, 1425, 1427, 1426, 1427, 1428, 1428, 1427, 1429, 1428, 1429, 1430, 1430, 1429, 1431, 1430, 1431, 1432, 1432, 1431, 1433, 1432, 1433, 1434, 1434, 1433, 1435, 1434, 1435, 1436, 1436, 1435, 1437, 1436, 1437, 1438, 1438, 1437, 1439, 1438, 1439, 1440, 1440, 1439, 1441, 1440, 1441, 1442, 1442, 1441, 1443, 1442, 1443, 1444, 1444, 1443, 1445, 1444, 1445, 1446, 1446, 1445, 1447, 1446, 1447, 1448, 1448, 1447, 1449, 1448, 1449, 1450, 1450, 1449, 1451, 1451, 1449, 1452, 1451, 1452, 1453, 1453, 1452, 1454, 1453, 1454, 1455, 1455, 1454, 1456, 1455, 1456, 1457, 1457, 1456, 1458, 1457, 1458, 1459, 1459, 1458, 1460, 1459, 1460, 1461, 1461, 1460, 1462, 1461, 1462, 1463, 1463, 1462, 1464, 1463, 1464, 1465, 1465, 1464, 1466, 1465, 1466, 1467, 1467, 1466, 1468, 1467, 1468, 1469, 1469, 1468, 1470, 1469, 1470, 1471, 1471, 1470, 1472, 1471, 1472, 1473, 1473, 1472, 1474, 1473, 1474, 1475, 1475, 1474, 1476, 1475, 1476, 1477, 1477, 1476, 1478, 1477, 1478, 1479, 1479, 1478, 1480, 1479, 1480, 1481, 1411, 1482, 1413, 1413, 1482, 1483, 1413, 1483, 1415, 1415, 1483, 1484, 1415, 1484, 1417, 1417, 1484, 1485, 1417, 1485, 1419, 1419, 1485, 1486, 1419, 1486, 1423, 1423, 1486, 1487, 1423, 1487, 1425, 1425, 1487, 1488, 1425, 1488, 1429, 1429, 1488, 1489, 1429, 1489, 1433, 1433, 1489, 1490, 1433, 1490, 1435, 1435, 1490, 1491, 1435, 1491, 1492, 1492, 1491, 1493, 1492, 1493, 1494, 1494, 1493, 1495, 1494, 1495, 1496, 1496, 1495, 1497, 1496, 1497, 1498, 1498, 1497, 1454, 1498, 1454, 1452, 1482, 1499, 1483, 1483, 1499, 1500, 1483, 1500, 1484, 1484, 1500, 1501, 1484, 1501, 1485, 1485, 1501, 1502, 1485, 1502, 1486, 1486, 1502, 1503, 1486, 1503, 1487, 1487, 1503, 1504, 1487, 1504, 1488, 1488, 1504, 1505, 1488, 1505, 1489, 1489, 1505, 1506, 1489, 1506, 1490, 1490, 1506, 1507, 1490, 1507, 1491, 1491, 1507, 1508, 1491, 1508, 1493, 1493, 1508, 1509, 1493, 1509, 1495, 1495, 1509, 1510, 1495, 1510, 1497, 1497, 1510, 1456, 1497, 1456, 1454, 1499, 1511, 1500, 1500, 1511, 1512, 1500, 1512, 1501, 1501, 1512, 1513, 1501, 1513, 1502, 1502, 1513, 1514, 1502, 1514, 1503, 1503, 1514, 1515, 1503, 1515, 1504, 1504, 1515, 1516, 1504, 1516, 1505, 1505, 1516, 1517, 1505, 1517, 1506, 1506, 1517, 1518, 1506, 1518, 1507, 1507, 1518, 1519, 1507, 1519, 1508, 1508, 1519, 1520, 1508, 1520, 1509, 1509, 1520, 1521, 1509, 1521, 1510, 1510, 1521, 1458, 1510, 1458, 1456, 1511, 1522, 1512, 1512, 1522, 1523, 1512, 1523, 1513, 1513, 1523, 1524, 1513, 1524, 1514, 1514, 1524, 1525, 1514, 1525, 1515, 1515, 1525, 1526, 1515, 1526, 1516, 1516, 1526, 1527, 1516, 1527, 1517, 1517, 1527, 1528, 1517, 1528, 1518, 1518, 1528, 1529, 1518, 1529, 1519, 1519, 1529, 1530, 1519, 1530, 1520, 1520, 1530, 1531, 1520, 1531, 1521, 1521, 1531, 1460, 1521, 1460, 1458, 1522, 1532, 1523, 1523, 1532, 1533, 1523, 1533, 1524, 1524, 1533, 1534, 1524, 1534, 1525, 1525, 1534, 1535, 1525, 1535, 1526, 1526, 1535, 1536, 1526, 1536, 1527, 1527, 1536, 1537, 1527, 1537, 1528, 1528, 1537, 1538, 1528, 1538, 1529, 1529, 1538, 1539, 1529, 1539, 1530, 1530, 1539, 1540, 1530, 1540, 1531, 1531, 1540, 1462, 1531, 1462, 1460, 1533, 1532, 1541, 1541, 1532, 1542, 1541, 1542, 1543, 1543, 1542, 1544, 1543, 1544, 1545, 1545, 1544, 1546, 1545, 1546, 1547, 1547, 1546, 1548, 1547, 1548, 1549, 1549, 1548, 1550, 1549, 1550, 1551, 1551, 1550, 1552, 1551, 1552, 1553, 1553, 1552, 1478, 1553, 1478, 1476, 1552, 1480, 1478, 1479, 1481, 1554, 1554, 1481, 1555, 1554, 1555, 1556, 1556, 1555, 1557, 1556, 1557, 1558, 1558, 1557, 1559, 1558, 1559, 1560, 1560, 1559, 1561, 1560, 1561, 1562, 1562, 1561, 1563, 1562, 1563, 1564, 1564, 1563, 1565, 1564, 1565, 1566, 1566, 1565, 1567, 1566, 1567, 1568, 1568, 1567, 1569, 1569, 1567, 1570, 1569, 1570, 1571, 1571, 1570, 1572, 1571, 1572, 1573, 1573, 1572, 1574, 1573, 1574, 1575, 1575, 1574, 1576, 1575, 1576, 1577, 1577, 1576, 1578, 1577, 1578, 1579, 1579, 1578, 1580, 1579, 1580, 1581, 1581, 1580, 1582, 1581, 1582, 1583, 1583, 1582, 1584, 1583, 1584, 1585, 1585, 1584, 1586, 1585, 1586, 1587, 1587, 1586, 1588, 1587, 1588, 1589, 1589, 1588, 1590, 1589, 1590, 1591, 1591, 1590, 1592, 1591, 1592, 1593, 1593, 1592, 1594, 1593, 1594, 1595, 1595, 1594, 1596, 1595, 1596, 1597, 1597, 1596, 1598, 1559, 1599, 1561, 1561, 1599, 1600, 1561, 1600, 1563, 1563, 1600, 1601, 1563, 1601, 1565, 1565, 1601, 1567, 1599, 1602, 1600, 1600, 1602, 1603, 1600, 1603, 1601, 1601, 1603, 1604, 1601, 1604, 1567, 1567, 1604, 1570, 1602, 1605, 1603, 1603, 1605, 1606, 1603, 1606, 1604, 1604, 1606, 1572, 1604, 1572, 1570, 1605, 1607, 1606, 1606, 1607, 1574, 1606, 1574, 1572, 1607, 1576, 1574, 1585, 1608, 1583, 1583, 1608, 1581, 1608, 1609, 1581, 1581, 1609, 1579, 1609, 1610, 1579, 1579, 1610, 1577, 1577, 1610, 1611, 1611, 1610, 1612, 1611, 1612, 1573, 1573, 1612, 1571, 1568, 1613, 1566, 1566, 1613, 1614, 1566, 1614, 1615, 1615, 1614, 1616, 1615, 1616, 1617, 1617, 1616, 1618, 1617, 1618, 1619, 1619, 1618, 1620, 1619, 1620, 1621, 1621, 1620, 1622, 1621, 1622, 1623, 1623, 1622, 1624, 1623, 1624, 1625, 1625, 1624, 1626, 1625, 1626, 1473, 1473, 1626, 1471, 1614, 1627, 1616, 1616, 1627, 1618, 1618, 1627, 1628, 1628, 1627, 1629, 1628, 1629, 1630, 1631, 1632, 1630, 1630, 1632, 1633, 1630, 1633, 1628, 1628, 1633, 1620, 1628, 1620, 1618, 1632, 1631, 1634, 1634, 1631, 1635, 1634, 1635, 1636, 1636, 1635, 1637, 1636, 1637, 1638, 1638, 1637, 1639, 1638, 1639, 1640, 1640, 1639, 1641, 1640, 1641, 1465, 1465, 1641, 1463, 1637, 1642, 1639, 1639, 1642, 1643, 1639, 1643, 1641, 1641, 1643, 1644, 1641, 1644, 1463, 1463, 1644, 1461, 1643, 1645, 1644, 1644, 1645, 1646, 1644, 1646, 1461, 1461, 1646, 1459, 1645, 1647, 1646, 1646, 1647, 1459, 1459, 1647, 1457, 1457, 1647, 1648, 1457, 1648, 1649, 1457, 1649, 1455, 1455, 1649, 1453, 1450, 1650, 1448, 1448, 1650, 1651, 1448, 1651, 1652, 1652, 1651, 1653, 1652, 1653, 1654, 1654, 1653, 1655, 1655, 1653, 1656, 1656, 1653, 1657, 1656, 1657, 1658, 1658, 1657, 1659, 1658, 1659, 1660, 1660, 1659, 1661, 1660, 1661, 1662, 1662, 1661, 1663, 1662, 1663, 1664, 1664, 1663, 1665, 1665, 1663, 1666, 1665, 1666, 1667, 1667, 1666, 1668, 1667, 1668, 1669, 1669, 1668, 1651, 1669, 1651, 1650, 1664, 1670, 1662, 1662, 1670, 1671, 1671, 1670, 1672, 1672, 1670, 1673, 1672, 1673, 1674, 1672, 1674, 1675, 1675, 1674, 1676, 1675, 1676, 1677, 1677, 1676, 1678, 1677, 1678, 1679, 1679, 1678, 1680, 1679, 1680, 1681, 1681, 1680, 472, 1652, 1654, 1682, 1682, 1654, 1683, 1682, 1683, 1684, 1684, 1683, 1685, 1684, 1685, 1444, 1444, 1685, 1686, 1444, 1686, 1442, 1442, 1686, 1687, 1442, 1687, 1688, 1685, 1687, 1686, 1688, 1440, 1442, 1436, 1689, 1434, 1434, 1689, 1432, 1426, 1690, 1424, 1424, 1690, 1422, 1420, 1691, 1418, 1418, 1691, 1692, 1418, 1692, 1416, 1416, 1692, 1693, 1416, 1693, 1694, 1694, 1693, 1695, 1694, 1695, 1414, 1414, 1695, 1696, 1414, 1696, 1412, 1412, 1696, 1410, 1695, 1697, 1696, 1696, 1697, 1698, 1696, 1698, 1410, 1410, 1698, 1699, 1410, 1699, 1408, 1408, 1699, 1700, 1408, 1700, 1406, 1406, 1700, 1701, 1406, 1701, 1404, 1404, 1701, 1402, 1697, 1699, 1698, 1416, 1694, 1414, 1423, 1421, 1419, 1429, 1427, 1425, 1543, 1702, 1541, 1541, 1702, 1534, 1541, 1534, 1533, 1534, 1702, 1535, 1535, 1702, 1703, 1535, 1703, 1536, 1536, 1703, 1704, 1536, 1704, 1537, 1537, 1704, 1705, 1537, 1705, 1538, 1538, 1705, 1706, 1538, 1706, 1539, 1539, 1706, 1707, 1539, 1707, 1540, 1540, 1707, 1464, 1540, 1464, 1462, 1702, 1543, 1708, 1708, 1543, 1545, 1708, 1545, 1709, 1709, 1545, 1547, 1709, 1547, 1710, 1710, 1547, 1549, 1710, 1549, 1711, 1711, 1549, 1551, 1711, 1551, 1712, 1712, 1551, 1553, 1712, 1553, 1476, 1431, 1429, 1433, 1702, 1708, 1703, 1703, 1708, 1713, 1703, 1713, 1704, 1704, 1713, 1714, 1704, 1714, 1705, 1705, 1714, 1715, 1705, 1715, 1706, 1706, 1715, 1716, 1706, 1716, 1707, 1707, 1716, 1466, 1707, 1466, 1464, 1713, 1708, 1709, 1441, 1439, 1437, 1441, 1437, 1492, 1492, 1437, 1435, 1713, 1709, 1717, 1717, 1709, 1710, 1717, 1710, 1718, 1718, 1710, 1711, 1718, 1711, 1719, 1719, 1711, 1712, 1719, 1712, 1474, 1474, 1712, 1476, 1443, 1441, 1494, 1494, 1441, 1492, 1713, 1717, 1714, 1714, 1717, 1720, 1714, 1720, 1715, 1715, 1720, 1721, 1715, 1721, 1716, 1716, 1721, 1468, 1716, 1468, 1466, 1720, 1717, 1718, 1445, 1443, 1496, 1496, 1443, 1494, 1652, 1682, 1684, 1652, 1684, 1446, 1446, 1684, 1444, 1720, 1718, 1722, 1722, 1718, 1719, 1722, 1719, 1472, 1472, 1719, 1474, 1447, 1445, 1498, 1498, 1445, 1496, 1448, 1652, 1446, 1651, 1668, 1653, 1653, 1668, 1657, 1663, 1661, 1659, 1668, 1666, 1657, 1657, 1666, 1659, 1666, 1663, 1659, 1472, 1470, 1722, 1722, 1470, 1721, 1722, 1721, 1720, 1470, 1468, 1721, 1447, 1498, 1452, 1452, 1449, 1447, 1477, 1479, 1723, 1723, 1479, 1554, 1723, 1554, 1724, 1724, 1554, 1556, 1724, 1556, 1725, 1725, 1556, 1558, 1725, 1558, 1726, 1726, 1558, 1560, 1726, 1560, 1562, 1625, 1473, 1475, 1475, 1477, 1727, 1727, 1477, 1723, 1727, 1723, 1728, 1728, 1723, 1724, 1728, 1724, 1729, 1729, 1724, 1725, 1729, 1725, 1730, 1730, 1725, 1726, 1730, 1726, 1731, 1731, 1726, 1562, 1731, 1562, 1564, 1469, 1471, 1732, 1732, 1471, 1626, 1732, 1626, 1733, 1733, 1626, 1624, 1733, 1624, 1734, 1734, 1624, 1622, 1734, 1622, 1633, 1633, 1622, 1620, 1640, 1465, 1467, 1467, 1469, 1735, 1735, 1469, 1732, 1735, 1732, 1736, 1736, 1732, 1733, 1736, 1733, 1634, 1634, 1733, 1734, 1634, 1734, 1632, 1632, 1734, 1633, 1623, 1625, 1727, 1727, 1625, 1475, 1623, 1727, 1728, 1638, 1640, 1735, 1735, 1640, 1467, 1638, 1735, 1736, 1621, 1623, 1728, 1621, 1728, 1729, 1636, 1638, 1736, 1636, 1736, 1634, 1619, 1621, 1729, 1619, 1729, 1730, 1619, 1730, 1617, 1617, 1730, 1731, 1617, 1731, 1615, 1615, 1731, 1564, 1615, 1564, 1566, 1611, 1573, 1575, 1577, 1611, 1575, 579, 1737, 1738, 1738, 1737, 1739, 1738, 1739, 1740, 1740, 1739, 1741, 1740, 1741, 1742, 1742, 1741, 1743, 1742, 1743, 1744, 1744, 1743, 1745, 1744, 1745, 1746, 1746, 1745, 1747, 1746, 1747, 1748, 1748, 1747, 1749, 1748, 1749, 1750, 1750, 1749, 1751, 1750, 1751, 1752, 1752, 1751, 1753, 1752, 1753, 1754, 1754, 1753, 1755, 1754, 1755, 1756, 1756, 1755, 1757, 1756, 1757, 1758, 1758, 1757, 1759, 1758, 1759, 1760, 1760, 1759, 1761, 1760, 1761, 1762, 1762, 1761, 1763, 1762, 1763, 1764, 1764, 1763, 1765, 1764, 1765, 1766, 1766, 1765, 1767, 1766, 1767, 1768, 1768, 1767, 1769, 1768, 1769, 1770, 1749, 1771, 1751, 1751, 1771, 1753, 1771, 1772, 1753, 1753, 1772, 1755, 1772, 1773, 1755, 1755, 1773, 1757, 1757, 1773, 1774, 1774, 1773, 1775, 1774, 1775, 1761, 1761, 1775, 1763, 1776, 1777, 1770, 1770, 1777, 1778, 1770, 1778, 1768, 1768, 1778, 1779, 1768, 1779, 1780, 1780, 1779, 1781, 1780, 1781, 1782, 1782, 1781, 1783, 1782, 1783, 1784, 1784, 1783, 1785, 1784, 1785, 1786, 1787, 1788, 1776, 1776, 1788, 1789, 1776, 1789, 1777, 1777, 1789, 1790, 1777, 1790, 1778, 1778, 1790, 1791, 1778, 1791, 1779, 1779, 1791, 1792, 1779, 1792, 1781, 1781, 1792, 1793, 1781, 1793, 1783, 1783, 1793, 1794, 1783, 1794, 1785, 1787, 1795, 1788, 1788, 1795, 1796, 1788, 1796, 1797, 1797, 1796, 1798, 1797, 1798, 1799, 1799, 1798, 1800, 1799, 1800, 1801, 1801, 1800, 1802, 1801, 1802, 1803, 1803, 1802, 1804, 1803, 1804, 1805, 1805, 1804, 1806, 1805, 1806, 1807, 1807, 1806, 1808, 1808, 1806, 1809, 1808, 1809, 1810, 1810, 1809, 1811, 1810, 1811, 1812, 1812, 1811, 1813, 1812, 1813, 1814, 1814, 1813, 1815, 1814, 1815, 1816, 1816, 1815, 1817, 1816, 1817, 1818, 1818, 1817, 1819, 1818, 1819, 1820, 1820, 1819, 1821, 1820, 1821, 1822, 1822, 1821, 1823, 1822, 1823, 1824, 1824, 1823, 1825, 1824, 1825, 1826, 1826, 1825, 1827, 1826, 1827, 1828, 1828, 1827, 1829, 1828, 1829, 1830, 1830, 1829, 1831, 1830, 1831, 1832, 1832, 1831, 1833, 1832, 1833, 1834, 1834, 1833, 1835, 1834, 1835, 1836, 1836, 1835, 1837, 1836, 1837, 1838, 1838, 1837, 1839, 1838, 1839, 1840, 1840, 1839, 1841, 1840, 1841, 1842, 1842, 1841, 1843, 1842, 1843, 1844, 1844, 1843, 1845, 1844, 1845, 1846, 1846, 1845, 1847, 1846, 1847, 1848, 1848, 1847, 1849, 1848, 1849, 1850, 1850, 1849, 1851, 1850, 1851, 1852, 1852, 1851, 1853, 1852, 1853, 1854, 1854, 1853, 1855, 1854, 1855, 1856, 1856, 1855, 1857, 1856, 1857, 1858, 1858, 1857, 1859, 1858, 1859, 1860, 1860, 1859, 1861, 1796, 1795, 1862, 1862, 1795, 1863, 1862, 1863, 1864, 1864, 1863, 1865, 1864, 1865, 1866, 1866, 1865, 1867, 1866, 1867, 1868, 1868, 1867, 1869, 1868, 1869, 1870, 1870, 1869, 1871, 1870, 1871, 1872, 1872, 1871, 1873, 1872, 1873, 1874, 1874, 1873, 1875, 1874, 1875, 1823, 1823, 1875, 1825, 1867, 1876, 1869, 1869, 1876, 1877, 1869, 1877, 1871, 1871, 1877, 1878, 1871, 1878, 1873, 1873, 1878, 1879, 1873, 1879, 1875, 1875, 1879, 1880, 1875, 1880, 1825, 1825, 1880, 1827, 1877, 1881, 1878, 1878, 1881, 1882, 1878, 1882, 1879, 1879, 1882, 1883, 1879, 1883, 1880, 1880, 1883, 1884, 1880, 1884, 1827, 1827, 1884, 1829, 1881, 1885, 1882, 1882, 1885, 1883, 1883, 1885, 1886, 1886, 1885, 1887, 1886, 1887, 1888, 1886, 1888, 1889, 1889, 1888, 1890, 1889, 1890, 1891, 1891, 1890, 1892, 1891, 1892, 1833, 1833, 1892, 1835, 1890, 1893, 1892, 1892, 1893, 1894, 1892, 1894, 1835, 1835, 1894, 1837, 1893, 1895, 1894, 1894, 1895, 1837, 1895, 1896, 1837, 1837, 1896, 1839, 1896, 1897, 1839, 1839, 1897, 1841, 1897, 1898, 1841, 1841, 1898, 1843, 1898, 1899, 1843, 1843, 1899, 1845, 1899, 1847, 1845, 1848, 1900, 1846, 1846, 1900, 1844, 1900, 1901, 1844, 1844, 1901, 1842, 1901, 1902, 1842, 1842, 1902, 1840, 1902, 1903, 1840, 1840, 1903, 1904, 1840, 1904, 1838, 1838, 1904, 1905, 1838, 1905, 1906, 1906, 1905, 1907, 1906, 1907, 1908, 1904, 1907, 1905, 1909, 1910, 1908, 1908, 1910, 1911, 1908, 1911, 1906, 1906, 1911, 1836, 1906, 1836, 1838, 1909, 1912, 1910, 1910, 1912, 1913, 1910, 1913, 1911, 1911, 1913, 1914, 1911, 1914, 1834, 1834, 1914, 1832, 1912, 1915, 1913, 1913, 1915, 1916, 1913, 1916, 1914, 1914, 1916, 1917, 1914, 1917, 1832, 1832, 1917, 1830, 1916, 1915, 1918, 1918, 1915, 1919, 1918, 1919, 1920, 1920, 1919, 1921, 1920, 1921, 1922, 1922, 1921, 1923, 1922, 1923, 1924, 1924, 1923, 1925, 1924, 1925, 1926, 1926, 1925, 1927, 1926, 1927, 1928, 1928, 1927, 1929, 1928, 1929, 1930, 1930, 1929, 1931, 1930, 1931, 1932, 1932, 1931, 1933, 1932, 1933, 1934, 1934, 1933, 1935, 1934, 1935, 1936, 1936, 1935, 1937, 1936, 1937, 1938, 1938, 1937, 1939, 1938, 1939, 1940, 1940, 1939, 1941, 1940, 1941, 1942, 1942, 1941, 1943, 1942, 1943, 1944, 1944, 1943, 1945, 1944, 1945, 1946, 1946, 1945, 1947, 1946, 1947, 1948, 1948, 1947, 1949, 1948, 1949, 1950, 1950, 1949, 1951, 1950, 1951, 1952, 1952, 1951, 1953, 1952, 1953, 1954, 1954, 1953, 1955, 1954, 1955, 1956, 1956, 1955, 1957, 1956, 1957, 1958, 1958, 1957, 1959, 1958, 1959, 1960, 1960, 1959, 1961, 1960, 1961, 1962, 1962, 1961, 1963, 1962, 1963, 1964, 1964, 1963, 1965, 1964, 1965, 1966, 1921, 1967, 1923, 1923, 1967, 1925, 1931, 1968, 1933, 1933, 1968, 1935, 1937, 1969, 1939, 1939, 1969, 1970, 1939, 1970, 1941, 1941, 1970, 1971, 1941, 1971, 1972, 1972, 1971, 1973, 1972, 1973, 1943, 1943, 1973, 1974, 1943, 1974, 1945, 1945, 1974, 1947, 1973, 1975, 1974, 1974, 1975, 1976, 1974, 1976, 1947, 1947, 1976, 1977, 1947, 1977, 1949, 1949, 1977, 1978, 1949, 1978, 1951, 1951, 1978, 1979, 1951, 1979, 1953, 1953, 1979, 1955, 1975, 1977, 1976, 1946, 1980, 1944, 1944, 1980, 1981, 1944, 1981, 1942, 1942, 1981, 1982, 1942, 1982, 1940, 1940, 1982, 1983, 1940, 1983, 1938, 1938, 1983, 1984, 1938, 1984, 1934, 1934, 1984, 1985, 1934, 1985, 1932, 1932, 1985, 1986, 1932, 1986, 1928, 1928, 1986, 1987, 1928, 1987, 1924, 1924, 1987, 1988, 1924, 1988, 1922, 1922, 1988, 1989, 1922, 1989, 1990, 1990, 1989, 1991, 1990, 1991, 1917, 1917, 1991, 1830, 1980, 1992, 1981, 1981, 1992, 1993, 1981, 1993, 1982, 1982, 1993, 1994, 1982, 1994, 1983, 1983, 1994, 1995, 1983, 1995, 1984, 1984, 1995, 1996, 1984, 1996, 1985, 1985, 1996, 1997, 1985, 1997, 1986, 1986, 1997, 1998, 1986, 1998, 1987, 1987, 1998, 1999, 1987, 1999, 1988, 1988, 1999, 2000, 1988, 2000, 1989, 1989, 2000, 2001, 1989, 2001, 1991, 1991, 2001, 1828, 1991, 1828, 1830, 1992, 2002, 1993, 1993, 2002, 2003, 1993, 2003, 1994, 1994, 2003, 2004, 1994, 2004, 1995, 1995, 2004, 2005, 1995, 2005, 1996, 1996, 2005, 2006, 1996, 2006, 1997, 1997, 2006, 2007, 1997, 2007, 1998, 1998, 2007, 2008, 1998, 2008, 1999, 1999, 2008, 2009, 1999, 2009, 2000, 2000, 2009, 2010, 2000, 2010, 2001, 2001, 2010, 1826, 2001, 1826, 1828, 2002, 2011, 2003, 2003, 2011, 2012, 2003, 2012, 2004, 2004, 2012, 2013, 2004, 2013, 2005, 2005, 2013, 2014, 2005, 2014, 2006, 2006, 2014, 2015, 2006, 2015, 2007, 2007, 2015, 2016, 2007, 2016, 2008, 2008, 2016, 2017, 2008, 2017, 2009, 2009, 2017, 2018, 2009, 2018, 2010, 2010, 2018, 1824, 2010, 1824, 1826, 2011, 2019, 2012, 2012, 2019, 2020, 2012, 2020, 2013, 2013, 2020, 2021, 2013, 2021, 2014, 2014, 2021, 2022, 2014, 2022, 2015, 2015, 2022, 2023, 2015, 2023, 2016, 2016, 2023, 2024, 2016, 2024, 2017, 2017, 2024, 2025, 2017, 2025, 2018, 2018, 2025, 1822, 2018, 1822, 1824, 2020, 2019, 2026, 2026, 2019, 2027, 2026, 2027, 2028, 2028, 2027, 2029, 2028, 2029, 2030, 2030, 2029, 2031, 2030, 2031, 2032, 2032, 2031, 2033, 2032, 2033, 2034, 2034, 2033, 2035, 2034, 2035, 1810, 1810, 2035, 1808, 1807, 2036, 1805, 1805, 2036, 2037, 1805, 2037, 1803, 1803, 2037, 2038, 1803, 2038, 1801, 1801, 2038, 2039, 1801, 2039, 1799, 1799, 2039, 2040, 1799, 2040, 1797, 1797, 2040, 1789, 1797, 1789, 1788, 2036, 2041, 2037, 2037, 2041, 2042, 2037, 2042, 2038, 2038, 2042, 2043, 2038, 2043, 2039, 2039, 2043, 2044, 2039, 2044, 2040, 2040, 2044, 1790, 2040, 1790, 1789, 2041, 2045, 2042, 2042, 2045, 2046, 2042, 2046, 2043, 2043, 2046, 2047, 2043, 2047, 2044, 2044, 2047, 1791, 2044, 1791, 1790, 2045, 2048, 2046, 2046, 2048, 2049, 2046, 2049, 2047, 2047, 2049, 1792, 2047, 1792, 1791, 2049, 2048, 1793, 1793, 2048, 1794, 1784, 1786, 2050, 2050, 1786, 2051, 2050, 2051, 1760, 1760, 2051, 1758, 1759, 1757, 1774, 1761, 1759, 1774, 2050, 1760, 1762, 1762, 1764, 2052, 2052, 1764, 1766, 2052, 1766, 1782, 1782, 1766, 1780, 1784, 2050, 2052, 2052, 2050, 1762, 1784, 2052, 1782, 1768, 1780, 1766, 2049, 1793, 1792, 1796, 1862, 2053, 2053, 1862, 1864, 2053, 1864, 2054, 2054, 1864, 2055, 2054, 2055, 2056, 2056, 2055, 2057, 2056, 2057, 2058, 2058, 2057, 2059, 2058, 2059, 2060, 2060, 2059, 2061, 2060, 2061, 1819, 1819, 2061, 1821, 2055, 1864, 1866, 1796, 2053, 1798, 1798, 2053, 2062, 1798, 2062, 1800, 1800, 2062, 2063, 1800, 2063, 1802, 1802, 2063, 2064, 1802, 2064, 1804, 1804, 2064, 2065, 1804, 2065, 1806, 1806, 2065, 1809, 2062, 2053, 2054, 2057, 2055, 1868, 1868, 2055, 1866, 2057, 1868, 1870, 2062, 2054, 2066, 2066, 2054, 2056, 2066, 2056, 2067, 2067, 2056, 2058, 2067, 2058, 2068, 2068, 2058, 2060, 2068, 2060, 1817, 1817, 2060, 1819, 2059, 2057, 1870, 2059, 1870, 1872, 2062, 2066, 2063, 2063, 2066, 2069, 2063, 2069, 2064, 2064, 2069, 2070, 2064, 2070, 2065, 2065, 2070, 1811, 2065, 1811, 1809, 2069, 2066, 2067, 1884, 1883, 1886, 1886, 1889, 2071, 2071, 1889, 1891, 2071, 1891, 1831, 1831, 1891, 1833, 2061, 2059, 1872, 2061, 1872, 1874, 2069, 2067, 2072, 2072, 2067, 2068, 2072, 2068, 1815, 1815, 2068, 1817, 1829, 1884, 2071, 2071, 1884, 1886, 1829, 2071, 1831, 1821, 2061, 1874, 1821, 1874, 1823, 2069, 2072, 2070, 2070, 2072, 1813, 2070, 1813, 1811, 1813, 2072, 1815, 1911, 1834, 1836, 1822, 2025, 1820, 1820, 2025, 2073, 1820, 2073, 1818, 1818, 2073, 2074, 1818, 2074, 1816, 1816, 2074, 2075, 1816, 2075, 1814, 1814, 2075, 2076, 1814, 2076, 1812, 1812, 2076, 2034, 1812, 2034, 1810, 1990, 1917, 1916, 2025, 2024, 2073, 2073, 2024, 2077, 2073, 2077, 2074, 2074, 2077, 2078, 2074, 2078, 2075, 2075, 2078, 2079, 2075, 2079, 2076, 2076, 2079, 2032, 2076, 2032, 2034, 1918, 1920, 1916, 1916, 1920, 1990, 1920, 1922, 1990, 2024, 2023, 2077, 2077, 2023, 2080, 2077, 2080, 2078, 2078, 2080, 2081, 2078, 2081, 2079, 2079, 2081, 2030, 2079, 2030, 2032, 2023, 2022, 2080, 2080, 2022, 2082, 2080, 2082, 2081, 2081, 2082, 2028, 2081, 2028, 2030, 1926, 1928, 1924, 2026, 2028, 2082, 2026, 2082, 2021, 2021, 2082, 2022, 1930, 1932, 1928, 2020, 2026, 2021, 1936, 1938, 1934, 1972, 1943, 1941, 1176, 2083, 2084, 2084, 2083, 2085, 2084, 2085, 2086, 2086, 2085, 2087, 2086, 2087, 2088, 2088, 2087, 2089, 2088, 2089, 2090, 2090, 2089, 2091, 2090, 2091, 2092, 2092, 2091, 2093, 2092, 2093, 2094, 2094, 2093, 2095, 2094, 2095, 2096, 2096, 2095, 2097, 2096, 2097, 2098, 2098, 2097, 2099, 2098, 2099, 2100, 2100, 2099, 2101, 2100, 2101, 2102, 2102, 2101, 2103, 2102, 2103, 2104, 2104, 2103, 2105, 2104, 2105, 2106, 2106, 2105, 2107, 2106, 2107, 2108, 2108, 2107, 2109, 2108, 2109, 2110, 2110, 2109, 2111, 2110, 2111, 2112, 2112, 2111, 2113, 2112, 2113, 2114, 2114, 2113, 2115, 2114, 2115, 2116, 2095, 2117, 2097, 2097, 2117, 2099, 2117, 2118, 2099, 2099, 2118, 2101, 2118, 2119, 2101, 2101, 2119, 2103, 2103, 2119, 2120, 2120, 2119, 2121, 2120, 2121, 2107, 2107, 2121, 2109, 2122, 2123, 2116, 2116, 2123, 2124, 2116, 2124, 2114, 2114, 2124, 2125, 2114, 2125, 2126, 2126, 2125, 2127, 2126, 2127, 2128, 2128, 2127, 2129, 2128, 2129, 2130, 2130, 2129, 2131, 2130, 2131, 2132, 2133, 2134, 2122, 2122, 2134, 2135, 2122, 2135, 2123, 2123, 2135, 2136, 2123, 2136, 2124, 2124, 2136, 2137, 2124, 2137, 2125, 2125, 2137, 2138, 2125, 2138, 2127, 2127, 2138, 2139, 2127, 2139, 2129, 2129, 2139, 2140, 2129, 2140, 2131, 2133, 2141, 2134, 2134, 2141, 2142, 2134, 2142, 2143, 2143, 2142, 2144, 2143, 2144, 2145, 2145, 2144, 2146, 2145, 2146, 2147, 2147, 2146, 2148, 2147, 2148, 2149, 2149, 2148, 2150, 2149, 2150, 2151, 2151, 2150, 2152, 2151, 2152, 2153, 2153, 2152, 2154, 2154, 2152, 2155, 2154, 2155, 2156, 2156, 2155, 2157, 2156, 2157, 2158, 2158, 2157, 2159, 2158, 2159, 2160, 2160, 2159, 2161, 2160, 2161, 2162, 2162, 2161, 2163, 2162, 2163, 2164, 2164, 2163, 2165, 2164, 2165, 2166, 2166, 2165, 2167, 2166, 2167, 2168, 2168, 2167, 2169, 2168, 2169, 2170, 2170, 2169, 2171, 2170, 2171, 2172, 2172, 2171, 2173, 2172, 2173, 2174, 2174, 2173, 2175, 2174, 2175, 2176, 2176, 2175, 2177, 2176, 2177, 2178, 2178, 2177, 2179, 2178, 2179, 2180, 2180, 2179, 2181, 2180, 2181, 2182, 2182, 2181, 2183, 2182, 2183, 2184, 2184, 2183, 2185, 2184, 2185, 2186, 2186, 2185, 2187, 2186, 2187, 2188, 2188, 2187, 2189, 2188, 2189, 2190, 2190, 2189, 2191, 2190, 2191, 2192, 2192, 2191, 2193, 2192, 2193, 2194, 2142, 2141, 2195, 2195, 2141, 2196, 2195, 2196, 2197, 2197, 2196, 2198, 2197, 2198, 2199, 2199, 2198, 2200, 2199, 2200, 2201, 2201, 2200, 2202, 2201, 2202, 2203, 2203, 2202, 2204, 2203, 2204, 2205, 2205, 2204, 2206, 2205, 2206, 2207, 2207, 2206, 2208, 2207, 2208, 2169, 2169, 2208, 2171, 2200, 2209, 2202, 2202, 2209, 2210, 2202, 2210, 2204, 2204, 2210, 2211, 2204, 2211, 2206, 2206, 2211, 2212, 2206, 2212, 2208, 2208, 2212, 2213, 2208, 2213, 2171, 2171, 2213, 2173, 2210, 2214, 2211, 2211, 2214, 2215, 2211, 2215, 2212, 2212, 2215, 2216, 2212, 2216, 2213, 2213, 2216, 2217, 2213, 2217, 2173, 2173, 2217, 2175, 2214, 2218, 2215, 2215, 2218, 2216, 2216, 2218, 2219, 2219, 2218, 2220, 2219, 2220, 2221, 2219, 2221, 2222, 2222, 2221, 2223, 2222, 2223, 2224, 2224, 2223, 2225, 2224, 2225, 2179, 2179, 2225, 2181, 2223, 2226, 2225, 2225, 2226, 2227, 2225, 2227, 2181, 2181, 2227, 2183, 2226, 2228, 2227, 2227, 2228, 2183, 2228, 2229, 2183, 2183, 2229, 2185, 2229, 2230, 2185, 2185, 2230, 2187, 2230, 2231, 2187, 2187, 2231, 2189, 2231, 2232, 2189, 2189, 2232, 2191, 2232, 2233, 2191, 2191, 2233, 2193, 2233, 2234, 2193, 2193, 2234, 2235, 2235, 2234, 2236, 2236, 2234, 2237, 2236, 2237, 2238, 2236, 2238, 2239, 2239, 2238, 2240, 2239, 2240, 2241, 2241, 2240, 2242, 2241, 2242, 2243, 2243, 2242, 2244, 2243, 2244, 2245, 2245, 2244, 1861, 2192, 2194, 2190, 2190, 2194, 2246, 2190, 2246, 2188, 2188, 2246, 2247, 2188, 2247, 2186, 2186, 2247, 2248, 2186, 2248, 2249, 2250, 2251, 2249, 2249, 2251, 2184, 2249, 2184, 2186, 2251, 2250, 2252, 2252, 2250, 2253, 2252, 2253, 2254, 2254, 2253, 2255, 2254, 2255, 2256, 2256, 2255, 2257, 2256, 2257, 2258, 2253, 2257, 2255, 2258, 2259, 2256, 2256, 2259, 2260, 2256, 2260, 2261, 2261, 2260, 2262, 2261, 2262, 2178, 2178, 2262, 2176, 2260, 2259, 2263, 2263, 2259, 2264, 2263, 2264, 2265, 2265, 2264, 2266, 2265, 2266, 2267, 2267, 2266, 2268, 2267, 2268, 2269, 2269, 2268, 2270, 2269, 2270, 2271, 2271, 2270, 2272, 2271, 2272, 2273, 2273, 2272, 2274, 2273, 2274, 2275, 2275, 2274, 2276, 2275, 2276, 2277, 2277, 2276, 2278, 2277, 2278, 2279, 2279, 2278, 2280, 2279, 2280, 2281, 2281, 2280, 2282, 2281, 2282, 2283, 2283, 2282, 2284, 2283, 2284, 2285, 2285, 2284, 2286, 2285, 2286, 2287, 2287, 2286, 2288, 2287, 2288, 2289, 2289, 2288, 2290, 2289, 2290, 2291, 2291, 2290, 2292, 2291, 2292, 2293, 2293, 2292, 2294, 2293, 2294, 2295, 2295, 2294, 2296, 2295, 2296, 2297, 2297, 2296, 2298, 2297, 2298, 2299, 2299, 2298, 2300, 2299, 2300, 2301, 2301, 2300, 2302, 2301, 2302, 2303, 2303, 2302, 2304, 2303, 2304, 2305, 2305, 2304, 2306, 2305, 2306, 2307, 2307, 2306, 2308, 2307, 2308, 2309, 2309, 2308, 2310, 2309, 2310, 2311, 2311, 2310, 2312, 2311, 2312, 1598, 2266, 2313, 2268, 2268, 2313, 2270, 2276, 2314, 2278, 2278, 2314, 2280, 2282, 2315, 2284, 2284, 2315, 2316, 2284, 2316, 2286, 2286, 2316, 2317, 2286, 2317, 2318, 2318, 2317, 2319, 2318, 2319, 2288, 2288, 2319, 2320, 2288, 2320, 2290, 2290, 2320, 2292, 2319, 2321, 2320, 2320, 2321, 2322, 2320, 2322, 2292, 2292, 2322, 2323, 2292, 2323, 2294, 2294, 2323, 2324, 2294, 2324, 2296, 2296, 2324, 2325, 2296, 2325, 2298, 2298, 2325, 2300, 2321, 2323, 2322, 2291, 2326, 2289, 2289, 2326, 2327, 2289, 2327, 2287, 2287, 2327, 2328, 2287, 2328, 2285, 2285, 2328, 2329, 2285, 2329, 2283, 2283, 2329, 2330, 2283, 2330, 2279, 2279, 2330, 2331, 2279, 2331, 2277, 2277, 2331, 2332, 2277, 2332, 2273, 2273, 2332, 2333, 2273, 2333, 2269, 2269, 2333, 2334, 2269, 2334, 2267, 2267, 2334, 2335, 2267, 2335, 2336, 2336, 2335, 2337, 2336, 2337, 2262, 2262, 2337, 2176, 2326, 2338, 2327, 2327, 2338, 2339, 2327, 2339, 2328, 2328, 2339, 2340, 2328, 2340, 2329, 2329, 2340, 2341, 2329, 2341, 2330, 2330, 2341, 2342, 2330, 2342, 2331, 2331, 2342, 2343, 2331, 2343, 2332, 2332, 2343, 2344, 2332, 2344, 2333, 2333, 2344, 2345, 2333, 2345, 2334, 2334, 2345, 2346, 2334, 2346, 2335, 2335, 2346, 2347, 2335, 2347, 2337, 2337, 2347, 2174, 2337, 2174, 2176, 2338, 2348, 2339, 2339, 2348, 2349, 2339, 2349, 2340, 2340, 2349, 2350, 2340, 2350, 2341, 2341, 2350, 2351, 2341, 2351, 2342, 2342, 2351, 2352, 2342, 2352, 2343, 2343, 2352, 2353, 2343, 2353, 2344, 2344, 2353, 2354, 2344, 2354, 2345, 2345, 2354, 2355, 2345, 2355, 2346, 2346, 2355, 2356, 2346, 2356, 2347, 2347, 2356, 2172, 2347, 2172, 2174, 2348, 2357, 2349, 2349, 2357, 2358, 2349, 2358, 2350, 2350, 2358, 2359, 2350, 2359, 2351, 2351, 2359, 2360, 2351, 2360, 2352, 2352, 2360, 2361, 2352, 2361, 2353, 2353, 2361, 2362, 2353, 2362, 2354, 2354, 2362, 2363, 2354, 2363, 2355, 2355, 2363, 2364, 2355, 2364, 2356, 2356, 2364, 2170, 2356, 2170, 2172, 2357, 2365, 2358, 2358, 2365, 2366, 2358, 2366, 2359, 2359, 2366, 2367, 2359, 2367, 2360, 2360, 2367, 2368, 2360, 2368, 2361, 2361, 2368, 2369, 2361, 2369, 2362, 2362, 2369, 2370, 2362, 2370, 2363, 2363, 2370, 2371, 2363, 2371, 2364, 2364, 2371, 2168, 2364, 2168, 2170, 2366, 2365, 2372, 2372, 2365, 2373, 2372, 2373, 2374, 2374, 2373, 2375, 2374, 2375, 2376, 2376, 2375, 2377, 2376, 2377, 2378, 2378, 2377, 2379, 2378, 2379, 2380, 2380, 2379, 2381, 2380, 2381, 2156, 2156, 2381, 2154, 2153, 2382, 2151, 2151, 2382, 2383, 2151, 2383, 2149, 2149, 2383, 2384, 2149, 2384, 2147, 2147, 2384, 2385, 2147, 2385, 2145, 2145, 2385, 2386, 2145, 2386, 2143, 2143, 2386, 2135, 2143, 2135, 2134, 2382, 2387, 2383, 2383, 2387, 2388, 2383, 2388, 2384, 2384, 2388, 2389, 2384, 2389, 2385, 2385, 2389, 2390, 2385, 2390, 2386, 2386, 2390, 2136, 2386, 2136, 2135, 2387, 2391, 2388, 2388, 2391, 2392, 2388, 2392, 2389, 2389, 2392, 2393, 2389, 2393, 2390, 2390, 2393, 2137, 2390, 2137, 2136, 2391, 2394, 2392, 2392, 2394, 2395, 2392, 2395, 2393, 2393, 2395, 2138, 2393, 2138, 2137, 2395, 2394, 2139, 2139, 2394, 2140, 2130, 2132, 2396, 2396, 2132, 2397, 2396, 2397, 2106, 2106, 2397, 2104, 2105, 2103, 2120, 2107, 2105, 2120, 2396, 2106, 2108, 2108, 2110, 2398, 2398, 2110, 2112, 2398, 2112, 2128, 2128, 2112, 2126, 2130, 2396, 2398, 2398, 2396, 2108, 2130, 2398, 2128, 2114, 2126, 2112, 2395, 2139, 2138, 2142, 2195, 2399, 2399, 2195, 2197, 2399, 2197, 2400, 2400, 2197, 2401, 2400, 2401, 2402, 2402, 2401, 2403, 2402, 2403, 2404, 2404, 2403, 2405, 2404, 2405, 2406, 2406, 2405, 2407, 2406, 2407, 2165, 2165, 2407, 2167, 2401, 2197, 2199, 2142, 2399, 2144, 2144, 2399, 2408, 2144, 2408, 2146, 2146, 2408, 2409, 2146, 2409, 2148, 2148, 2409, 2410, 2148, 2410, 2150, 2150, 2410, 2411, 2150, 2411, 2152, 2152, 2411, 2155, 2408, 2399, 2400, 2403, 2401, 2201, 2201, 2401, 2199, 2403, 2201, 2203, 2408, 2400, 2412, 2412, 2400, 2402, 2412, 2402, 2413, 2413, 2402, 2404, 2413, 2404, 2414, 2414, 2404, 2406, 2414, 2406, 2163, 2163, 2406, 2165, 2405, 2403, 2203, 2405, 2203, 2205, 2408, 2412, 2409, 2409, 2412, 2415, 2409, 2415, 2410, 2410, 2415, 2416, 2410, 2416, 2411, 2411, 2416, 2157, 2411, 2157, 2155, 2415, 2412, 2413, 2217, 2216, 2219, 2219, 2222, 2417, 2417, 2222, 2224, 2417, 2224, 2177, 2177, 2224, 2179, 2407, 2405, 2205, 2407, 2205, 2207, 2415, 2413, 2418, 2418, 2413, 2414, 2418, 2414, 2161, 2161, 2414, 2163, 2175, 2217, 2417, 2417, 2217, 2219, 2175, 2417, 2177, 2167, 2407, 2207, 2167, 2207, 2169, 2415, 2418, 2416, 2416, 2418, 2159, 2416, 2159, 2157, 2159, 2418, 2161, 2251, 2252, 2184, 2184, 2252, 2182, 2261, 2178, 2180, 2252, 2254, 2182, 2182, 2254, 2180, 2168, 2371, 2166, 2166, 2371, 2419, 2166, 2419, 2164, 2164, 2419, 2420, 2164, 2420, 2162, 2162, 2420, 2421, 2162, 2421, 2160, 2160, 2421, 2422, 2160, 2422, 2158, 2158, 2422, 2380, 2158, 2380, 2156, 2256, 2261, 2254, 2254, 2261, 2180, 2336, 2262, 2260, 2371, 2370, 2419, 2419, 2370, 2423, 2419, 2423, 2420, 2420, 2423, 2424, 2420, 2424, 2421, 2421, 2424, 2425, 2421, 2425, 2422, 2422, 2425, 2378, 2422, 2378, 2380, 2263, 2265, 2260, 2260, 2265, 2336, 2265, 2267, 2336, 2370, 2369, 2423, 2423, 2369, 2426, 2423, 2426, 2424, 2424, 2426, 2427, 2424, 2427, 2425, 2425, 2427, 2376, 2425, 2376, 2378, 2369, 2368, 2426, 2426, 2368, 2428, 2426, 2428, 2427, 2427, 2428, 2374, 2427, 2374, 2376, 2271, 2273, 2269, 2372, 2374, 2428, 2372, 2428, 2367, 2367, 2428, 2368, 2275, 2277, 2273, 2366, 2372, 2367, 2281, 2283, 2279, 2318, 2288, 2286, 696, 2429, 2430, 2430, 2429, 2431, 2430, 2431, 2432, 2432, 2431, 2433, 2432, 2433, 2434, 2434, 2433, 2435, 2434, 2435, 2436, 2436, 2435, 2437, 2436, 2437, 2438, 2438, 2437, 2439, 2438, 2439, 2440, 2440, 2439, 2441, 2440, 2441, 2442, 2442, 2441, 2443, 2442, 2443, 2444, 2444, 2443, 2445, 2444, 2445, 2446, 2446, 2445, 2447, 2446, 2447, 2448, 2448, 2447, 2449, 2448, 2449, 2450, 2450, 2449, 2451, 2450, 2451, 2452, 2452, 2451, 2453, 2452, 2453, 2454, 2454, 2453, 2455, 2454, 2455, 2456, 2456, 2455, 2457, 2456, 2457, 2458, 2458, 2457, 2459, 2458, 2459, 2460, 2460, 2459, 2461, 2460, 2461, 2462, 2441, 2463, 2443, 2443, 2463, 2445, 2463, 2464, 2445, 2445, 2464, 2447, 2464, 2465, 2447, 2447, 2465, 2449, 2449, 2465, 2466, 2466, 2465, 2467, 2466, 2467, 2453, 2453, 2467, 2455, 2468, 2469, 2462, 2462, 2469, 2470, 2462, 2470, 2460, 2460, 2470, 2471, 2460, 2471, 2472, 2472, 2471, 2473, 2472, 2473, 2474, 2474, 2473, 2475, 2474, 2475, 2476, 2476, 2475, 2477, 2476, 2477, 2478, 2479, 2480, 2468, 2468, 2480, 2481, 2468, 2481, 2469, 2469, 2481, 2482, 2469, 2482, 2470, 2470, 2482, 2483, 2470, 2483, 2471, 2471, 2483, 2484, 2471, 2484, 2473, 2473, 2484, 2485, 2473, 2485, 2475, 2475, 2485, 2486, 2475, 2486, 2477, 2479, 2487, 2480, 2480, 2487, 2488, 2480, 2488, 2489, 2489, 2488, 2490, 2489, 2490, 2491, 2491, 2490, 2492, 2491, 2492, 2493, 2493, 2492, 2494, 2493, 2494, 2495, 2495, 2494, 2496, 2495, 2496, 2497, 2497, 2496, 2498, 2497, 2498, 2499, 2499, 2498, 2500, 2500, 2498, 2501, 2500, 2501, 2502, 2502, 2501, 2503, 2502, 2503, 2504, 2504, 2503, 2505, 2504, 2505, 2506, 2506, 2505, 2507, 2506, 2507, 2508, 2508, 2507, 2509, 2508, 2509, 2510, 2510, 2509, 2511, 2510, 2511, 2512, 2512, 2511, 2513, 2512, 2513, 2514, 2514, 2513, 2515, 2514, 2515, 2516, 2516, 2515, 2517, 2516, 2517, 2518, 2518, 2517, 2519, 2518, 2519, 2520, 2520, 2519, 2521, 2520, 2521, 2522, 2522, 2521, 2523, 2522, 2523, 2524, 2524, 2523, 2525, 2524, 2525, 2526, 2526, 2525, 2527, 2526, 2527, 2528, 2528, 2527, 2529, 2528, 2529, 2530, 2530, 2529, 2531, 2530, 2531, 2532, 2532, 2531, 2533, 2532, 2533, 2534, 2534, 2533, 2535, 2534, 2535, 2536, 2536, 2535, 2537, 2536, 2537, 2538, 2538, 2537, 2539, 2538, 2539, 2540, 2540, 2539, 2541, 2540, 2541, 2542, 2542, 2541, 2543, 2542, 2543, 2544, 2544, 2543, 2545, 2544, 2545, 2546, 2546, 2545, 2547, 2546, 2547, 2548, 2548, 2547, 2549, 2548, 2549, 2550, 2550, 2549, 2551, 2550, 2551, 2552, 2552, 2551, 0, 2488, 2487, 2553, 2553, 2487, 2554, 2553, 2554, 2555, 2555, 2554, 2556, 2555, 2556, 2557, 2557, 2556, 2558, 2557, 2558, 2559, 2559, 2558, 2560, 2559, 2560, 2561, 2561, 2560, 2562, 2561, 2562, 2563, 2563, 2562, 2564, 2563, 2564, 2565, 2565, 2564, 2566, 2565, 2566, 2515, 2515, 2566, 2517, 2558, 2567, 2560, 2560, 2567, 2568, 2560, 2568, 2562, 2562, 2568, 2569, 2562, 2569, 2564, 2564, 2569, 2570, 2564, 2570, 2566, 2566, 2570, 2571, 2566, 2571, 2517, 2517, 2571, 2519, 2568, 2572, 2569, 2569, 2572, 2573, 2569, 2573, 2570, 2570, 2573, 2574, 2570, 2574, 2571, 2571, 2574, 2575, 2571, 2575, 2519, 2519, 2575, 2521, 2572, 2576, 2573, 2573, 2576, 2574, 2574, 2576, 2577, 2577, 2576, 2578, 2577, 2578, 2579, 2577, 2579, 2580, 2580, 2579, 2581, 2580, 2581, 2582, 2582, 2581, 2583, 2582, 2583, 2525, 2525, 2583, 2527, 2581, 2584, 2583, 2583, 2584, 2585, 2583, 2585, 2527, 2527, 2585, 2529, 2584, 2586, 2585, 2585, 2586, 2529, 2586, 2587, 2529, 2529, 2587, 2531, 2587, 2588, 2531, 2531, 2588, 2533, 2588, 2589, 2533, 2533, 2589, 2535, 2589, 2590, 2535, 2535, 2590, 2537, 2590, 2539, 2537, 2540, 2591, 2538, 2538, 2591, 2536, 2591, 2592, 2536, 2536, 2592, 2534, 2592, 2593, 2534, 2534, 2593, 2532, 2593, 2594, 2532, 2532, 2594, 2595, 2532, 2595, 2530, 2530, 2595, 2596, 2530, 2596, 2597, 2597, 2596, 2598, 2597, 2598, 2599, 2595, 2598, 2596, 2600, 2601, 2599, 2599, 2601, 2602, 2599, 2602, 2597, 2597, 2602, 2528, 2597, 2528, 2530, 2600, 2603, 2601, 2601, 2603, 2604, 2601, 2604, 2602, 2602, 2604, 2605, 2602, 2605, 2526, 2526, 2605, 2524, 2603, 2606, 2604, 2604, 2606, 2607, 2604, 2607, 2605, 2605, 2607, 2608, 2605, 2608, 2524, 2524, 2608, 2522, 2607, 2606, 2609, 2609, 2606, 2610, 2609, 2610, 2611, 2611, 2610, 2612, 2611, 2612, 2613, 2613, 2612, 2614, 2613, 2614, 2615, 2615, 2614, 2616, 2615, 2616, 2617, 2617, 2616, 2618, 2617, 2618, 2619, 2619, 2618, 2620, 2619, 2620, 2621, 2621, 2620, 2622, 2621, 2622, 2623, 2623, 2622, 2624, 2623, 2624, 2625, 2625, 2624, 2626, 2625, 2626, 2627, 2627, 2626, 2628, 2627, 2628, 2629, 2629, 2628, 2630, 2629, 2630, 2631, 2631, 2630, 2632, 2631, 2632, 2633, 2633, 2632, 2634, 2633, 2634, 2635, 2635, 2634, 2636, 2635, 2636, 2637, 2637, 2636, 2638, 2637, 2638, 2639, 2639, 2638, 2640, 2639, 2640, 2641, 2641, 2640, 2642, 2641, 2642, 2643, 2643, 2642, 2644, 2643, 2644, 2645, 2645, 2644, 2646, 2645, 2646, 2647, 2647, 2646, 2648, 2647, 2648, 2649, 2649, 2648, 2650, 2649, 2650, 2651, 2651, 2650, 2652, 2651, 2652, 2653, 2653, 2652, 2654, 2653, 2654, 2655, 2655, 2654, 2656, 2655, 2656, 2657, 2612, 2658, 2614, 2614, 2658, 2616, 2622, 2659, 2624, 2624, 2659, 2626, 2628, 2660, 2630, 2630, 2660, 2661, 2630, 2661, 2632, 2632, 2661, 2662, 2632, 2662, 2663, 2663, 2662, 2664, 2663, 2664, 2634, 2634, 2664, 2665, 2634, 2665, 2636, 2636, 2665, 2638, 2664, 2666, 2665, 2665, 2666, 2667, 2665, 2667, 2638, 2638, 2667, 2668, 2638, 2668, 2640, 2640, 2668, 2669, 2640, 2669, 2642, 2642, 2669, 2670, 2642, 2670, 2644, 2644, 2670, 2646, 2666, 2668, 2667, 2637, 2671, 2635, 2635, 2671, 2672, 2635, 2672, 2633, 2633, 2672, 2673, 2633, 2673, 2631, 2631, 2673, 2674, 2631, 2674, 2629, 2629, 2674, 2675, 2629, 2675, 2625, 2625, 2675, 2676, 2625, 2676, 2623, 2623, 2676, 2677, 2623, 2677, 2619, 2619, 2677, 2678, 2619, 2678, 2615, 2615, 2678, 2679, 2615, 2679, 2613, 2613, 2679, 2680, 2613, 2680, 2681, 2681, 2680, 2682, 2681, 2682, 2608, 2608, 2682, 2522, 2671, 2683, 2672, 2672, 2683, 2684, 2672, 2684, 2673, 2673, 2684, 2685, 2673, 2685, 2674, 2674, 2685, 2686, 2674, 2686, 2675, 2675, 2686, 2687, 2675, 2687, 2676, 2676, 2687, 2688, 2676, 2688, 2677, 2677, 2688, 2689, 2677, 2689, 2678, 2678, 2689, 2690, 2678, 2690, 2679, 2679, 2690, 2691, 2679, 2691, 2680, 2680, 2691, 2692, 2680, 2692, 2682, 2682, 2692, 2520, 2682, 2520, 2522, 2683, 2693, 2684, 2684, 2693, 2694, 2684, 2694, 2685, 2685, 2694, 2695, 2685, 2695, 2686, 2686, 2695, 2696, 2686, 2696, 2687, 2687, 2696, 2697, 2687, 2697, 2688, 2688, 2697, 2698, 2688, 2698, 2689, 2689, 2698, 2699, 2689, 2699, 2690, 2690, 2699, 2700, 2690, 2700, 2691, 2691, 2700, 2701, 2691, 2701, 2692, 2692, 2701, 2518, 2692, 2518, 2520, 2693, 2702, 2694, 2694, 2702, 2703, 2694, 2703, 2695, 2695, 2703, 2704, 2695, 2704, 2696, 2696, 2704, 2705, 2696, 2705, 2697, 2697, 2705, 2706, 2697, 2706, 2698, 2698, 2706, 2707, 2698, 2707, 2699, 2699, 2707, 2708, 2699, 2708, 2700, 2700, 2708, 2709, 2700, 2709, 2701, 2701, 2709, 2516, 2701, 2516, 2518, 2702, 2710, 2703, 2703, 2710, 2711, 2703, 2711, 2704, 2704, 2711, 2712, 2704, 2712, 2705, 2705, 2712, 2713, 2705, 2713, 2706, 2706, 2713, 2714, 2706, 2714, 2707, 2707, 2714, 2715, 2707, 2715, 2708, 2708, 2715, 2716, 2708, 2716, 2709, 2709, 2716, 2514, 2709, 2514, 2516, 2711, 2710, 2717, 2717, 2710, 2718, 2717, 2718, 2719, 2719, 2718, 2720, 2719, 2720, 2721, 2721, 2720, 2722, 2721, 2722, 2723, 2723, 2722, 2724, 2723, 2724, 2725, 2725, 2724, 2726, 2725, 2726, 2502, 2502, 2726, 2500, 2499, 2727, 2497, 2497, 2727, 2728, 2497, 2728, 2495, 2495, 2728, 2729, 2495, 2729, 2493, 2493, 2729, 2730, 2493, 2730, 2491, 2491, 2730, 2731, 2491, 2731, 2489, 2489, 2731, 2481, 2489, 2481, 2480, 2727, 2732, 2728, 2728, 2732, 2733, 2728, 2733, 2729, 2729, 2733, 2734, 2729, 2734, 2730, 2730, 2734, 2735, 2730, 2735, 2731, 2731, 2735, 2482, 2731, 2482, 2481, 2732, 2736, 2733, 2733, 2736, 2737, 2733, 2737, 2734, 2734, 2737, 2738, 2734, 2738, 2735, 2735, 2738, 2483, 2735, 2483, 2482, 2736, 2739, 2737, 2737, 2739, 2740, 2737, 2740, 2738, 2738, 2740, 2484, 2738, 2484, 2483, 2740, 2739, 2485, 2485, 2739, 2486, 2476, 2478, 2741, 2741, 2478, 2742, 2741, 2742, 2452, 2452, 2742, 2450, 2451, 2449, 2466, 2453, 2451, 2466, 2741, 2452, 2454, 2454, 2456, 2743, 2743, 2456, 2458, 2743, 2458, 2474, 2474, 2458, 2472, 2476, 2741, 2743, 2743, 2741, 2454, 2476, 2743, 2474, 2460, 2472, 2458, 2740, 2485, 2484, 2488, 2553, 2744, 2744, 2553, 2555, 2744, 2555, 2745, 2745, 2555, 2746, 2745, 2746, 2747, 2747, 2746, 2748, 2747, 2748, 2749, 2749, 2748, 2750, 2749, 2750, 2751, 2751, 2750, 2752, 2751, 2752, 2511, 2511, 2752, 2513, 2746, 2555, 2557, 2488, 2744, 2490, 2490, 2744, 2753, 2490, 2753, 2492, 2492, 2753, 2754, 2492, 2754, 2494, 2494, 2754, 2755, 2494, 2755, 2496, 2496, 2755, 2756, 2496, 2756, 2498, 2498, 2756, 2501, 2753, 2744, 2745, 2748, 2746, 2559, 2559, 2746, 2557, 2748, 2559, 2561, 2753, 2745, 2757, 2757, 2745, 2747, 2757, 2747, 2758, 2758, 2747, 2749, 2758, 2749, 2759, 2759, 2749, 2751, 2759, 2751, 2509, 2509, 2751, 2511, 2750, 2748, 2561, 2750, 2561, 2563, 2753, 2757, 2754, 2754, 2757, 2760, 2754, 2760, 2755, 2755, 2760, 2761, 2755, 2761, 2756, 2756, 2761, 2503, 2756, 2503, 2501, 2760, 2757, 2758, 2575, 2574, 2577, 2577, 2580, 2762, 2762, 2580, 2582, 2762, 2582, 2523, 2523, 2582, 2525, 2752, 2750, 2563, 2752, 2563, 2565, 2760, 2758, 2763, 2763, 2758, 2759, 2763, 2759, 2507, 2507, 2759, 2509, 2521, 2575, 2762, 2762, 2575, 2577, 2521, 2762, 2523, 2513, 2752, 2565, 2513, 2565, 2515, 2760, 2763, 2761, 2761, 2763, 2505, 2761, 2505, 2503, 2505, 2763, 2507, 2602, 2526, 2528, 2514, 2716, 2512, 2512, 2716, 2764, 2512, 2764, 2510, 2510, 2764, 2765, 2510, 2765, 2508, 2508, 2765, 2766, 2508, 2766, 2506, 2506, 2766, 2767, 2506, 2767, 2504, 2504, 2767, 2725, 2504, 2725, 2502, 2681, 2608, 2607, 2716, 2715, 2764, 2764, 2715, 2768, 2764, 2768, 2765, 2765, 2768, 2769, 2765, 2769, 2766, 2766, 2769, 2770, 2766, 2770, 2767, 2767, 2770, 2723, 2767, 2723, 2725, 2609, 2611, 2607, 2607, 2611, 2681, 2611, 2613, 2681, 2715, 2714, 2768, 2768, 2714, 2771, 2768, 2771, 2769, 2769, 2771, 2772, 2769, 2772, 2770, 2770, 2772, 2721, 2770, 2721, 2723, 2714, 2713, 2771, 2771, 2713, 2773, 2771, 2773, 2772, 2772, 2773, 2719, 2772, 2719, 2721, 2617, 2619, 2615, 2717, 2719, 2773, 2717, 2773, 2712, 2712, 2773, 2713, 2621, 2623, 2619, 2711, 2717, 2712, 2627, 2629, 2625, 2663, 2634, 2632, 2774, 1900, 2775, 2775, 1900, 1848, 2775, 1848, 1850, 2774, 2776, 1900, 1900, 2776, 2777, 1900, 2777, 2778, 2778, 2779, 1900, 1900, 2779, 1901, 1901, 2779, 2780, 1901, 2780, 2781, 2781, 2782, 1901, 1901, 2782, 2783, 1901, 2783, 1902, 1902, 2783, 2784, 1902, 2784, 2785, 2785, 2786, 1902, 1902, 2786, 1903, 1903, 2786, 2787, 1903, 2787, 2788, 2788, 2789, 1903, 1903, 2789, 1904, 1904, 2789, 2790, 1904, 2790, 2791, 1904, 2791, 1907, 1907, 2791, 2792, 1907, 2792, 2793, 1907, 2793, 1908, 1908, 2793, 2794, 1908, 2794, 2795, 1908, 2795, 1909, 1909, 2795, 2796, 1909, 2796, 2797, 1909, 2797, 1912, 1912, 2797, 2798, 1912, 2798, 2799, 1912, 2799, 1915, 1915, 2799, 2800, 1915, 2800, 2801, 1915, 2801, 1919, 1919, 2801, 2802, 1919, 2802, 2803, 1919, 2803, 1921, 1921, 2803, 2804, 1921, 2804, 2805, 2805, 2806, 1921, 1921, 2806, 1967, 1967, 2806, 2807, 1967, 2807, 2808, 2808, 2809, 1967, 1967, 2809, 2810, 1967, 2810, 1925, 1925, 2810, 2811, 1925, 2811, 2812, 1925, 2812, 942, 942, 2812, 2813, 942, 2813, 2814, 942, 2814, 947, 947, 2814, 2815, 947, 2815, 2816, 2816, 2817, 947, 947, 2817, 2818, 947, 2818, 948, 948, 2818, 2819, 948, 2819, 2820, 2820, 2821, 948, 948, 2821, 950, 950, 2821, 2822, 950, 2822, 2823, 950, 2823, 952, 952, 2823, 2824, 952, 2824, 2825, 952, 2825, 953, 953, 2825, 2826, 953, 2826, 2827, 953, 2827, 954, 954, 2827, 2828, 954, 2828, 2829, 954, 2829, 760, 760, 2829, 2830, 760, 2830, 2831, 760, 2831, 758, 758, 2831, 2832, 758, 2832, 2833, 758, 2833, 757, 757, 2833, 2834, 757, 2834, 2835, 757, 2835, 955, 955, 2835, 2836, 955, 2836, 2837, 2837, 2836, 2838, 2838, 2836, 2839, 2839, 2836, 2840, 2840, 2836, 2841, 2840, 2841, 2842, 2842, 2841, 2843, 2842, 2843, 2844, 2844, 2843, 2845, 2844, 2845, 2846, 2846, 2845, 2847, 2846, 2847, 2848, 2848, 2847, 2849, 2848, 2849, 2850, 2850, 2849, 2851, 2850, 2851, 2852, 2852, 2851, 2853, 2852, 2853, 2854, 2854, 2853, 2855, 2854, 2855, 2856, 2856, 2855, 2857, 2856, 2857, 2858, 2858, 2857, 2859, 2858, 2859, 2860, 2860, 2859, 2861, 2860, 2861, 2862, 2862, 2861, 2200, 2862, 2200, 2198, 2200, 2861, 2209, 2209, 2861, 2863, 2209, 2863, 2210, 2210, 2863, 2214, 2214, 2863, 2218, 2218, 2863, 2864, 2218, 2864, 2220, 2220, 2864, 2221, 2221, 2864, 2223, 2223, 2864, 2226, 2226, 2864, 2775, 2226, 2775, 2228, 2228, 2775, 2229, 2229, 2775, 2230, 2230, 2775, 2231, 2231, 2775, 2232, 2232, 2775, 2233, 2233, 2775, 2234, 2234, 2775, 2237, 2237, 2775, 2238, 2238, 2775, 2240, 2240, 2775, 2242, 2242, 2775, 2244, 2244, 2775, 1861, 1861, 2775, 1860, 1860, 2775, 1858, 1858, 2775, 1856, 1856, 2775, 1854, 1854, 2775, 1852, 1852, 2775, 1850, 2865, 1179, 2866, 2866, 1179, 1145, 2866, 1145, 1143, 1179, 2865, 1180, 1180, 2865, 2867, 1180, 2867, 1181, 1181, 2867, 2868, 1181, 2868, 1183, 1183, 2868, 2869, 1183, 2869, 1185, 1185, 2869, 2870, 1185, 2870, 1187, 1187, 2870, 2871, 1187, 2871, 1188, 1188, 2871, 2872, 1188, 2872, 1189, 1189, 2872, 2873, 1189, 2873, 1163, 1163, 2873, 2874, 1163, 2874, 1165, 1165, 2874, 2875, 1165, 2875, 1167, 1167, 2875, 2876, 1167, 2876, 1169, 1169, 2876, 2877, 1169, 2877, 1171, 1171, 2877, 1173, 1173, 2877, 2878, 1173, 2878, 1175, 1175, 2878, 2879, 1175, 2879, 1176, 1176, 2879, 2083, 2083, 2879, 2880, 2083, 2880, 2085, 2085, 2880, 2087, 2087, 2880, 2881, 2087, 2881, 2089, 2089, 2881, 2091, 2091, 2881, 2882, 2091, 2882, 2093, 2093, 2882, 2095, 2095, 2882, 2883, 2095, 2883, 2117, 2117, 2883, 2118, 2118, 2883, 2119, 2119, 2883, 2884, 2119, 2884, 2121, 2121, 2884, 2109, 2109, 2884, 2111, 2111, 2884, 2885, 2111, 2885, 2113, 2113, 2885, 2115, 2115, 2885, 2116, 2116, 2885, 2122, 2122, 2885, 2886, 2122, 2886, 2133, 2133, 2886, 2141, 2141, 2886, 2196, 2196, 2886, 2862, 2196, 2862, 2198, 2837, 2887, 955, 955, 2887, 2888, 955, 2888, 970, 970, 2888, 972, 972, 2888, 974, 974, 2888, 968, 968, 2888, 969, 969, 2888, 977, 977, 2888, 979, 979, 2888, 981, 981, 2888, 983, 983, 2888, 985, 985, 2888, 987, 987, 2888, 1043, 1043, 2888, 1045, 1045, 2888, 1047, 1047, 2888, 1049, 1049, 2888, 1051, 1051, 2888, 1054, 1054, 2888, 1055, 1055, 2888, 2889, 1055, 2889, 2890, 2890, 2891, 1055, 1055, 2891, 2892, 1055, 2892, 2893, 2893, 2894, 1055, 1055, 2894, 2895, 1055, 2895, 2896, 2896, 2897, 1055, 1055, 2897, 2898, 1055, 2898, 2899, 1055, 2899, 1056, 1056, 2899, 2900, 1056, 2900, 1102, 1102, 2900, 2901, 1102, 2901, 1104, 1104, 2901, 2902, 1104, 2902, 1106, 1106, 2902, 2903, 1106, 2903, 1107, 1107, 2903, 2904, 1107, 2904, 1108, 1108, 2904, 2905, 1108, 2905, 1112, 1112, 2905, 2906, 1112, 2906, 1116, 1116, 2906, 2907, 1116, 2907, 2908, 1116, 2908, 1117, 1117, 2908, 2909, 1117, 2909, 1118, 1118, 2909, 2910, 1118, 2910, 1127, 1127, 2910, 2911, 1127, 2911, 2912, 1127, 2912, 1129, 1129, 2912, 2913, 1129, 2913, 1177, 1177, 2913, 2914, 1177, 2914, 2915, 1177, 2915, 1133, 1133, 2915, 2916, 1133, 2916, 2917, 2917, 2918, 1133, 1133, 2918, 2919, 1133, 2919, 2920, 2920, 2921, 1133, 1133, 2921, 2922, 1133, 2922, 2923, 2923, 2924, 1133, 1133, 2924, 2925, 1133, 2925, 2866, 1925, 942, 1927, 1927, 942, 940, 1927, 940, 1929, 1929, 940, 936, 1929, 936, 1931, 1931, 936, 935, 1931, 935, 1968, 1968, 935, 934, 1968, 934, 1935, 1935, 934, 932, 1935, 932, 1937, 1937, 932, 919, 1937, 919, 1969, 1969, 919, 918, 1969, 918, 1970, 1970, 918, 875, 1970, 875, 1971, 1971, 875, 876, 1971, 876, 1973, 1973, 876, 878, 1973, 878, 1975, 1975, 878, 917, 1975, 917, 1977, 1977, 917, 915, 1977, 915, 1978, 1978, 915, 914, 1978, 914, 1979, 1979, 914, 913, 1979, 913, 1955, 1955, 913, 892, 1955, 892, 1957, 1957, 892, 894, 1957, 894, 1959, 1959, 894, 896, 1959, 896, 1961, 1961, 896, 898, 1961, 898, 1963, 1963, 898, 900, 1963, 900, 1965, 1965, 900, 902, 1965, 902, 1966, 1966, 902, 903, 1966, 903, 2926, 1143, 1178, 2866, 2866, 1178, 1139, 2866, 1139, 1137, 1137, 1135, 2866, 2866, 1135, 1133, 2927, 2928, 2929, 2929, 2928, 2930, 2929, 2930, 2931, 2931, 2930, 2932, 2931, 2932, 2933, 2933, 2932, 2934, 2933, 2934, 2935, 2935, 2934, 2936, 2935, 2936, 2937, 2937, 2936, 2938, 2937, 2938, 2939, 2939, 2938, 2940, 2939, 2940, 2941, 2941, 2940, 2942, 2941, 2942, 2943, 2943, 2942, 2944, 2943, 2944, 2945, 2945, 2944, 2946, 2945, 2946, 2947, 2947, 2946, 2948, 2947, 2948, 2949, 2949, 2948, 2950, 2949, 2950, 2951, 2951, 2950, 2952, 2951, 2952, 2953, 2953, 2952, 2954, 2953, 2954, 2955, 2955, 2954, 2956, 2955, 2956, 2957, 2957, 2956, 2958, 2957, 2958, 2959, 2959, 2958, 2960, 2959, 2960, 2961, 2961, 2960, 2962, 2961, 2962, 2963, 2963, 2962, 2964, 2963, 2964, 2965, 2965, 2964, 2966, 2965, 2966, 2967, 2967, 2966, 2968, 2967, 2968, 2969, 2969, 2968, 2970, 2969, 2970, 2971, 2971, 2970, 2972, 2971, 2972, 2973, 2973, 2972, 2974, 2973, 2974, 2975, 2975, 2974, 2976, 2975, 2976, 2977, 2977, 2976, 2978, 2977, 2978, 134, 134, 2978, 1299, 1299, 2978, 2979, 1299, 2979, 1297, 1297, 2979, 2980, 1297, 2980, 1295, 1295, 2980, 1293, 1293, 2980, 2981, 1293, 2981, 1291, 1291, 2981, 2982, 1291, 2982, 1289, 1289, 2982, 2983, 1289, 2983, 1287, 1287, 2983, 2984, 1287, 2984, 1309, 1309, 2984, 2985, 1309, 2985, 1310, 1310, 2985, 2986, 1310, 2986, 1311, 1311, 2986, 2987, 1311, 2987, 1313, 1313, 2987, 2988, 1313, 2988, 1273, 1273, 2988, 2989, 1273, 2989, 1271, 1271, 2989, 2990, 1271, 2990, 1270, 1270, 2990, 2991, 1270, 2991, 1314, 1314, 2991, 2992, 1314, 2992, 2993, 2928, 2927, 2994, 2994, 2927, 2995, 2994, 2995, 2996, 2996, 2995, 2997, 2996, 2997, 2998, 2998, 2997, 2999, 2998, 2999, 3000, 3000, 2999, 3001, 3000, 3001, 987, 987, 3001, 986, 986, 3001, 3002, 986, 3002, 984, 984, 3002, 3003, 984, 3003, 982, 982, 3003, 980, 980, 3003, 3004, 980, 3004, 978, 978, 3004, 3005, 978, 3005, 976, 976, 3005, 3006, 976, 3006, 967, 967, 3006, 3007, 967, 3007, 965, 965, 3007, 3008, 965, 3008, 963, 963, 3008, 3009, 963, 3009, 961, 961, 3009, 3010, 961, 3010, 960, 960, 3010, 3011, 960, 3011, 959, 959, 3011, 3012, 959, 3012, 989, 989, 3012, 3013, 989, 3013, 991, 991, 3013, 3014, 991, 3014, 994, 994, 3014, 3015, 994, 3015, 3016, 994, 3016, 993, 993, 3016, 3017, 993, 3017, 747, 747, 3017, 3018, 747, 3018, 745, 745, 3018, 3019, 745, 3019, 3020, 745, 3020, 743, 743, 3020, 3021, 743, 3021, 995, 995, 3021, 3022, 995, 3022, 3023, 995, 3023, 739, 739, 3023, 3024, 739, 3024, 3025, 739, 3025, 737, 737, 3025, 3026, 737, 3026, 735, 735, 3026, 3027, 735, 3027, 3028, 735, 3028, 733, 733, 3028, 3029, 733, 3029, 996, 996, 3029, 3030, 996, 3030, 3031, 996, 3031, 729, 729, 3031, 3032, 729, 3032, 727, 727, 3032, 3033, 727, 3033, 997, 997, 3033, 3034, 997, 3034, 3035, 997, 3035, 998, 998, 3035, 3036, 998, 3036, 999, 999, 3036, 3037, 999, 3037, 1001, 1001, 3037, 3038, 1001, 3038, 1003, 1003, 3038, 3039, 1003, 3039, 1005, 1005, 3039, 3040, 1005, 3040, 1006, 1006, 3040, 3041, 1006, 3041, 1007, 1007, 3041, 3042, 1007, 3042, 709, 709, 3042, 3043, 709, 3043, 707, 707, 3043, 3044, 707, 3044, 705, 705, 3044, 3045, 705, 3045, 703, 703, 3045, 3046, 703, 3046, 701, 701, 3046, 699, 699, 3046, 3047, 699, 3047, 698, 698, 3047, 3048, 698, 3048, 696, 696, 3048, 3049, 696, 3049, 2429, 2429, 3049, 3050, 2429, 3050, 2431, 2431, 3050, 3051, 2431, 3051, 2433, 2433, 3051, 3052, 2433, 3052, 3053, 3049, 3048, 3054, 3054, 3048, 3055, 3054, 3055, 3056, 3056, 3055, 3057, 3056, 3057, 3058, 3058, 3057, 3059, 3058, 3059, 3060, 3060, 3059, 3061, 3060, 3061, 3062, 3062, 3061, 3063, 3062, 3063, 3064, 3064, 3063, 3065, 3064, 3065, 3066, 3066, 3065, 3067, 3066, 3067, 3068, 3068, 3067, 3069, 3068, 3069, 3070, 3070, 3069, 3071, 3070, 3071, 3072, 3072, 3071, 3073, 3072, 3073, 3074, 3074, 3073, 3075, 3074, 3075, 3076, 3076, 3075, 3077, 3076, 3077, 3078, 3078, 3077, 3079, 3078, 3079, 3080, 3080, 3079, 3081, 3080, 3081, 3082, 3082, 3081, 3083, 3082, 3083, 3084, 3081, 2947, 3083, 3083, 2947, 2949, 3085, 3086, 3087, 3087, 3086, 3088, 3087, 3088, 3089, 3089, 3088, 3090, 3089, 3090, 3091, 3091, 3090, 3092, 3091, 3092, 3093, 3093, 3092, 3094, 3093, 3094, 3095, 3095, 3094, 3096, 3095, 3096, 3097, 3097, 3096, 3098, 3097, 3098, 3099, 3099, 3098, 3100, 3099, 3100, 3101, 3101, 3100, 3102, 3101, 3102, 3084, 3084, 3102, 3082, 3053, 3103, 2433, 2433, 3103, 3104, 2433, 3104, 3105, 3105, 3106, 2433, 2433, 3106, 3107, 2433, 3107, 3108, 3109, 2437, 3108, 3108, 2437, 2435, 3108, 2435, 2433, 3110, 2457, 3109, 3109, 2457, 2455, 3109, 2455, 2467, 2457, 3110, 2459, 2459, 3110, 3111, 2459, 3111, 2461, 2461, 3111, 3112, 2461, 3112, 2462, 2462, 3112, 2468, 2468, 3112, 2479, 2479, 3112, 2487, 2487, 3112, 2554, 2554, 3112, 2556, 2556, 3112, 2558, 2558, 3112, 3113, 2558, 3113, 3114, 3114, 3115, 2558, 2558, 3115, 3116, 2558, 3116, 3117, 3117, 3118, 2558, 2558, 3118, 3119, 2558, 3119, 3120, 3120, 3121, 2558, 2558, 3121, 3122, 2558, 3122, 3123, 2558, 3123, 2567, 2567, 3123, 3124, 2567, 3124, 3125, 2567, 3125, 2568, 2568, 3125, 3126, 2568, 3126, 2572, 2572, 3126, 3127, 2572, 3127, 3128, 2572, 3128, 2576, 2576, 3128, 3129, 2576, 3129, 2578, 2578, 3129, 3130, 2578, 3130, 2579, 2579, 3130, 3131, 2579, 3131, 3132, 2579, 3132, 2581, 2581, 3132, 3133, 2581, 3133, 2584, 2584, 3133, 3134, 2584, 3134, 2586, 2586, 3134, 3135, 2586, 3135, 2587, 2587, 3135, 3136, 2587, 3136, 2588, 2588, 3136, 3137, 2588, 3137, 2589, 2589, 3137, 3138, 2589, 3138, 2590, 2590, 3138, 3139, 2590, 3139, 2539, 2539, 3139, 3140, 2539, 3140, 2541, 2541, 3140, 3141, 2541, 3141, 2543, 2543, 3141, 3142, 2543, 3142, 2545, 2545, 3142, 3143, 2545, 3143, 2547, 2547, 3143, 2549, 2549, 3143, 3144, 2549, 3144, 2551, 2551, 3144, 3145, 2551, 3145, 0, 0, 3145, 3146, 0, 3146, 1, 1, 3146, 3147, 1, 3147, 3, 3, 3147, 3148, 3, 3148, 5, 5, 3148, 7, 7, 3148, 3149, 7, 3149, 9, 9, 3149, 3150, 9, 3150, 12, 12, 3150, 3151, 12, 3151, 13, 13, 3151, 3152, 13, 3152, 14, 14, 3152, 3153, 14, 3153, 60, 60, 3153, 3154, 60, 3154, 62, 62, 3154, 3155, 62, 3155, 64, 64, 3155, 3156, 64, 3156, 65, 65, 3156, 3157, 65, 3157, 66, 66, 3157, 3158, 66, 3158, 70, 70, 3158, 3159, 70, 3159, 74, 74, 3159, 3160, 74, 3160, 3161, 3146, 3145, 3162, 3162, 3145, 3163, 3162, 3163, 3164, 3164, 3163, 3165, 3164, 3165, 3166, 3166, 3165, 3167, 3166, 3167, 3168, 3168, 3167, 3085, 3168, 3085, 3087, 1314, 2993, 1315, 1315, 2993, 3169, 1315, 3169, 1328, 1328, 3169, 3170, 1328, 3170, 1330, 1330, 3170, 3171, 1330, 3171, 3172, 1330, 3172, 1331, 1331, 3172, 3173, 1331, 3173, 1332, 1332, 3173, 3174, 1332, 3174, 3175, 1332, 3175, 1336, 1336, 3175, 3176, 1336, 3176, 3177, 1336, 3177, 1338, 1338, 3177, 3178, 1338, 3178, 1343, 1343, 3178, 3179, 1343, 3179, 3180, 1343, 3180, 1344, 1344, 3180, 3181, 1344, 3181, 1346, 1346, 3181, 3182, 1346, 3182, 3183, 1346, 3183, 1348, 1348, 3183, 3184, 1348, 3184, 1349, 1349, 3184, 3185, 1349, 3185, 1350, 1350, 3185, 3186, 1350, 3186, 3187, 1350, 3187, 1072, 1072, 3187, 3188, 1072, 3188, 1070, 1070, 3188, 3189, 1070, 3189, 1068, 1068, 3189, 3190, 1068, 3190, 1066, 1066, 3190, 3191, 1066, 3191, 1064, 1064, 3191, 3192, 1064, 3192, 1062, 1062, 3192, 3193, 1062, 3193, 1060, 1060, 3193, 3194, 1060, 3194, 1059, 1059, 3194, 3195, 1059, 3195, 1053, 1053, 3195, 3196, 1053, 3196, 1052, 1052, 3196, 3197, 1052, 3197, 1050, 1050, 3197, 3198, 1050, 3198, 1048, 1048, 3198, 1046, 1046, 3198, 3199, 1046, 3199, 1044, 1044, 3199, 3000, 1044, 3000, 987, 3200, 3201, 137, 137, 3201, 3202, 137, 3202, 138, 138, 3202, 3203, 138, 3203, 139, 139, 3203, 3204, 139, 3204, 141, 141, 3204, 3205, 141, 3205, 143, 143, 3205, 3206, 143, 3206, 145, 145, 3206, 3207, 145, 3207, 146, 146, 3207, 3208, 146, 3208, 147, 147, 3208, 3209, 147, 3209, 121, 121, 3209, 3210, 121, 3210, 123, 123, 3210, 3211, 123, 3211, 125, 125, 3211, 3212, 125, 3212, 127, 127, 3212, 3213, 127, 3213, 129, 129, 3213, 131, 131, 3213, 3214, 131, 3214, 133, 133, 3214, 2977, 133, 2977, 134, 74, 3161, 75, 75, 3161, 3215, 75, 3215, 76, 76, 3215, 3216, 76, 3216, 85, 85, 3216, 3217, 85, 3217, 3218, 85, 3218, 87, 87, 3218, 3219, 87, 3219, 135, 135, 3219, 3220, 135, 3220, 3221, 135, 3221, 91, 91, 3221, 3222, 91, 3222, 3223, 91, 3223, 93, 93, 3223, 3224, 93, 3224, 95, 95, 3224, 3225, 95, 3225, 3226, 95, 3226, 97, 97, 3226, 3227, 97, 3227, 136, 136, 3227, 3228, 136, 3228, 3229, 136, 3229, 101, 101, 3229, 3230, 101, 3230, 103, 103, 3230, 3200, 103, 3200, 137, 2467, 2465, 3109, 3109, 2465, 2464, 3109, 2464, 2463, 2463, 2441, 3109, 3109, 2441, 2439, 3109, 2439, 2437, 3231, 2542, 3232, 3232, 2542, 3233, 3232, 3233, 3234, 3234, 3233, 3235, 3235, 3233, 3236, 3236, 3233, 3237, 3237, 3233, 3238, 3238, 3233, 3239, 3239, 3233, 3240, 3240, 3233, 3241, 3241, 3233, 3242, 3242, 3233, 3243, 3243, 3233, 3244, 3244, 3233, 3245, 3245, 3233, 3246, 3246, 3233, 3247, 3247, 3233, 3248, 3248, 3233, 3249, 3249, 3233, 3250, 3250, 3233, 3251, 3251, 3233, 3252, 3252, 3233, 3253, 3252, 3253, 3254, 3254, 3253, 3255, 3254, 3255, 3256, 3256, 3255, 3257, 3256, 3257, 3258, 3258, 3257, 3259, 3258, 3259, 3260, 3260, 3259, 3261, 3260, 3261, 3262, 3262, 3261, 3263, 3262, 3263, 3264, 3264, 3263, 3265, 3264, 3265, 3266, 3266, 3265, 3267, 3266, 3267, 3268, 3268, 3267, 3269, 3268, 3269, 3270, 3270, 3269, 3271, 3270, 3271, 3272, 3272, 3271, 3273, 3272, 3273, 3274, 3274, 3273, 3275, 3274, 3275, 3276, 3276, 3275, 3277, 3276, 3277, 3278, 3278, 3277, 3279, 3278, 3279, 3280, 3280, 3279, 3281, 3280, 3281, 3282, 3282, 3281, 3283, 3282, 3283, 3284, 3284, 3283, 3285, 3284, 3285, 3286, 3286, 3285, 3287, 3286, 3287, 3288, 3288, 3287, 3289, 3288, 3289, 3290, 3290, 3289, 3291, 3290, 3291, 3292, 3292, 3291, 349, 349, 3291, 350, 350, 3291, 352, 352, 3291, 354, 354, 3291, 356, 356, 3291, 358, 358, 3291, 360, 360, 3291, 382, 382, 3291, 383, 383, 3291, 384, 384, 3291, 386, 386, 3291, 374, 374, 3291, 376, 376, 3291, 378, 378, 3291, 380, 380, 3291, 381, 381, 3291, 387, 387, 3291, 398, 398, 3291, 406, 406, 3291, 474, 474, 3291, 476, 476, 3291, 478, 478, 3291, 3293, 478, 3293, 3294, 3231, 3295, 2542, 2542, 3295, 3296, 2542, 3296, 3297, 3297, 3298, 2542, 2542, 3298, 3299, 2542, 3299, 3300, 3300, 3301, 2542, 2542, 3301, 3302, 2542, 3302, 3303, 2542, 3303, 2540, 2540, 3303, 3304, 2540, 3304, 2591, 2591, 3304, 3305, 2591, 3305, 2592, 2592, 3305, 3306, 2592, 3306, 2593, 2593, 3306, 3307, 2593, 3307, 2594, 2594, 3307, 3308, 2594, 3308, 2595, 2595, 3308, 3309, 2595, 3309, 2598, 2598, 3309, 3310, 2598, 3310, 2599, 2599, 3310, 3311, 2599, 3311, 2600, 2600, 3311, 3312, 2600, 3312, 3313, 2600, 3313, 2603, 2603, 3313, 3314, 2603, 3314, 2606, 2606, 3314, 3315, 2606, 3315, 2610, 2610, 3315, 3316, 2610, 3316, 3317, 2610, 3317, 2612, 2612, 3317, 3318, 2612, 3318, 2658, 2658, 3318, 3319, 2658, 3319, 3320, 2658, 3320, 2616, 2616, 3320, 3321, 2616, 3321, 3322, 2616, 3322, 2618, 2618, 3322, 3323, 2618, 3323, 2620, 2620, 3323, 3324, 2620, 3324, 3325, 2620, 3325, 2622, 2622, 3325, 3326, 2622, 3326, 2659, 2659, 3326, 3327, 2659, 3327, 3328, 2659, 3328, 2626, 2626, 3328, 3329, 2626, 3329, 2628, 2628, 3329, 3330, 2628, 3330, 2660, 2660, 3330, 3290, 2660, 3290, 2661, 2661, 3290, 2662, 2662, 3290, 2664, 2664, 3290, 2666, 2666, 3290, 2668, 2668, 3290, 2669, 2669, 3290, 2670, 2670, 3290, 2646, 2646, 3290, 2648, 2648, 3290, 2650, 2650, 3290, 2652, 2652, 3290, 2654, 2654, 3290, 2656, 2656, 3290, 2657, 2657, 3290, 3292, 3331, 3332, 3333, 3333, 3332, 3334, 3333, 3334, 3335, 3335, 3334, 3336, 3336, 3334, 3337, 3337, 3334, 3338, 3338, 3334, 3339, 3339, 3334, 1681, 3339, 1681, 472, 3332, 3331, 3340, 3340, 3331, 3341, 3340, 3341, 3342, 3342, 3341, 3343, 3342, 3343, 3344, 3344, 3343, 3345, 3344, 3345, 3346, 3346, 3345, 3347, 3346, 3347, 3348, 3348, 3347, 3349, 3348, 3349, 3350, 3350, 3349, 3351, 3350, 3351, 3352, 3352, 3351, 3353, 3352, 3353, 3354, 3354, 3353, 3355, 3354, 3355, 3356, 3356, 3355, 3357, 3356, 3357, 3358, 3358, 3357, 3359, 3358, 3359, 3360, 3360, 3359, 3361, 3360, 3361, 3362, 3362, 3361, 3363, 3362, 3363, 3364, 3364, 3363, 3365, 3364, 3365, 3366, 3366, 3365, 3367, 3366, 3367, 3368, 3368, 3367, 3369, 3368, 3369, 3370, 3370, 3369, 3371, 3370, 3371, 3372, 3372, 3371, 3373, 3372, 3373, 3374, 3374, 3373, 3253, 3374, 3253, 3233, 3294, 3375, 478, 478, 3375, 3376, 478, 3376, 3377, 3377, 3378, 478, 478, 3378, 3379, 478, 3379, 3380, 3380, 3381, 478, 478, 3381, 3382, 478, 3382, 3383, 478, 3383, 487, 487, 3383, 3384, 487, 3384, 3385, 487, 3385, 488, 488, 3385, 3386, 488, 3386, 492, 492, 3386, 3387, 492, 3387, 3388, 492, 3388, 496, 496, 3388, 3389, 496, 3389, 498, 498, 3389, 3390, 498, 3390, 499, 499, 3390, 3391, 499, 3391, 3392, 499, 3392, 501, 501, 3392, 3393, 501, 3393, 504, 504, 3393, 3394, 504, 3394, 506, 506, 3394, 3395, 506, 3395, 507, 507, 3395, 3396, 507, 3396, 508, 508, 3396, 3397, 508, 3397, 509, 509, 3397, 3398, 509, 3398, 510, 510, 3398, 3399, 510, 3399, 458, 458, 3399, 3400, 458, 3400, 460, 460, 3400, 3401, 460, 3401, 462, 462, 3401, 3402, 462, 3402, 464, 464, 3402, 3403, 464, 3403, 466, 466, 3403, 468, 468, 3403, 3404, 468, 3404, 470, 470, 3404, 3339, 470, 3339, 472, 3405, 3406, 273, 273, 3406, 3407, 273, 3407, 274, 274, 3407, 3408, 274, 3408, 287, 287, 3408, 3409, 287, 3409, 289, 289, 3409, 3410, 289, 3410, 3411, 289, 3411, 290, 290, 3411, 3412, 290, 3412, 291, 291, 3412, 3413, 291, 3413, 3414, 291, 3414, 295, 295, 3414, 3415, 295, 3415, 3416, 295, 3416, 297, 297, 3416, 3417, 297, 3417, 302, 302, 3417, 3418, 302, 3418, 3419, 302, 3419, 303, 303, 3419, 3420, 303, 3420, 305, 305, 3420, 3421, 305, 3421, 3422, 305, 3422, 307, 307, 3422, 3423, 307, 3423, 308, 308, 3423, 3424, 308, 3424, 309, 309, 3424, 3425, 309, 3425, 3426, 309, 3426, 30, 30, 3426, 3427, 30, 3427, 28, 28, 3427, 3428, 28, 3428, 26, 26, 3428, 3429, 26, 3429, 24, 24, 3429, 3430, 24, 3430, 22, 22, 3430, 3431, 22, 3431, 20, 20, 3431, 3432, 20, 3432, 18, 18, 3432, 3433, 18, 3433, 17, 17, 3433, 3434, 17, 3434, 11, 11, 3434, 3435, 11, 3435, 10, 10, 3435, 3436, 10, 3436, 8, 8, 3436, 3437, 8, 3437, 6, 6, 3437, 4, 4, 3437, 3438, 4, 3438, 2, 2, 3438, 3439, 2, 3439, 0, 0, 3439, 2552, 2552, 3439, 3440, 2552, 3440, 2550, 2550, 3440, 2548, 2548, 3440, 3441, 2548, 3441, 2546, 2546, 3441, 2544, 2544, 3441, 3442, 2544, 3442, 3443, 3443, 3442, 3444, 3444, 3442, 3445, 3444, 3445, 3446, 3446, 3445, 3447, 3446, 3447, 3448, 3448, 3447, 3449, 3448, 3449, 3450, 3450, 3449, 3451, 3450, 3451, 3452, 3452, 3451, 3453, 3452, 3453, 3454, 3454, 3453, 3455, 3454, 3455, 3456, 3456, 3455, 3457, 3456, 3457, 3458, 3458, 3457, 3459, 3458, 3459, 3460, 3460, 3459, 3461, 3460, 3461, 3462, 3462, 3461, 3463, 3462, 3463, 3464, 3464, 3463, 3465, 3464, 3465, 3466, 3466, 3465, 3467, 3466, 3467, 3468, 3468, 3467, 3469, 3468, 3469, 3470, 3470, 3469, 3471, 3470, 3471, 3472, 3472, 3471, 3473, 3472, 3473, 3474, 3474, 3473, 3475, 3474, 3475, 3476, 3476, 3475, 3477, 3476, 3477, 3478, 3478, 3477, 3479, 3478, 3479, 3480, 3480, 3479, 3481, 3480, 3481, 3482, 3482, 3481, 3483, 3482, 3483, 3484, 3484, 3483, 3485, 3484, 3485, 3486, 3486, 3485, 3487, 3487, 3485, 3488, 3487, 3488, 3489, 3489, 3488, 3490, 3489, 3490, 3491, 3491, 3490, 3492, 3491, 3492, 3493, 3493, 3492, 3494, 3493, 3494, 3495, 3495, 3494, 3496, 3495, 3496, 258, 258, 3496, 257, 257, 3496, 3497, 257, 3497, 255, 255, 3497, 3498, 255, 3498, 253, 253, 3498, 251, 251, 3498, 3499, 251, 3499, 249, 249, 3499, 3500, 249, 3500, 247, 247, 3500, 3501, 247, 3501, 245, 245, 3501, 3502, 245, 3502, 268, 268, 3502, 3503, 268, 3503, 269, 269, 3503, 3504, 269, 3504, 270, 270, 3504, 3505, 270, 3505, 272, 272, 3505, 3506, 272, 3506, 231, 231, 3506, 3507, 231, 3507, 229, 229, 3507, 3508, 229, 3508, 228, 228, 3508, 3405, 228, 3405, 273, 2544, 3443, 2542, 2542, 3443, 3509, 2542, 3509, 3510, 3510, 3511, 2542, 2542, 3511, 3512, 2542, 3512, 3513, 3513, 3514, 2542, 2542, 3514, 3515, 2542, 3515, 3516, 3516, 3517, 2542, 2542, 3517, 3518, 2542, 3518, 3519, 3519, 3520, 2542, 2542, 3520, 3521, 2542, 3521, 3522, 3522, 3523, 2542, 2542, 3523, 3524, 2542, 3524, 3233, 3332, 3525, 3334, 3334, 3525, 3526, 3526, 3525, 3527, 3526, 3527, 3528, 3528, 3527, 3529, 3528, 3529, 3530, 3530, 3529, 3531, 3530, 3531, 3532, 3532, 3531, 3533, 3532, 3533, 3534, 3534, 3533, 3535, 3534, 3535, 3536, 3536, 3537, 3534, 3534, 3537, 3538, 3534, 3538, 3539, 3539, 3540, 3534, 3534, 3540, 3541, 3534, 3541, 3542, 3542, 3543, 3534, 3534, 3543, 3544, 3534, 3544, 3545, 3545, 3544, 3546, 3546, 3544, 3547, 3547, 3544, 3548, 3548, 3544, 3549, 3549, 3544, 3550, 3550, 3544, 3551, 3551, 3544, 3552, 3552, 3544, 3553, 3553, 3544, 3554, 3554, 3544, 3555, 3554, 3555, 3556, 3556, 3555, 3557, 3556, 3557, 3558, 3558, 3557, 3559, 3558, 3559, 3560, 3560, 3559, 3484, 3560, 3484, 3486, 3561, 3562, 1691, 1691, 3562, 3563, 1691, 3563, 1692, 1692, 3563, 3564, 1692, 3564, 1693, 1693, 3564, 3565, 1693, 3565, 1695, 1695, 3565, 3566, 1695, 3566, 1697, 1697, 3566, 3567, 1697, 3567, 1699, 1699, 3567, 3568, 1699, 3568, 1700, 1700, 3568, 3569, 1700, 3569, 1701, 1701, 3569, 3570, 1701, 3570, 1402, 1402, 3570, 3571, 1402, 3571, 1400, 1400, 3571, 3572, 1400, 3572, 1398, 1398, 3572, 3573, 1398, 3573, 1396, 1396, 3573, 3574, 1396, 3574, 1394, 1394, 3574, 1392, 1392, 3574, 3575, 1392, 3575, 1391, 1391, 3575, 3495, 1391, 3495, 258, 3576, 1662, 3334, 3334, 1662, 1671, 3334, 1671, 1672, 3576, 3577, 1662, 1662, 3577, 3578, 1662, 3578, 3579, 3579, 3580, 1662, 1662, 3580, 3581, 1662, 3581, 3582, 3582, 3583, 1662, 1662, 3583, 3584, 1662, 3584, 3585, 3585, 3586, 1662, 1662, 3586, 1660, 1660, 3586, 3587, 1660, 3587, 1658, 1658, 3587, 3588, 1658, 3588, 1656, 1656, 3588, 3589, 1656, 3589, 1655, 1655, 3589, 3590, 1655, 3590, 1654, 1654, 3590, 3591, 1654, 3591, 1683, 1683, 3591, 3592, 1683, 3592, 1685, 1685, 3592, 3593, 1685, 3593, 1687, 1687, 3593, 3594, 1687, 3594, 3595, 1687, 3595, 1688, 1688, 3595, 3596, 1688, 3596, 1440, 1440, 3596, 3597, 1440, 3597, 1438, 1438, 3597, 3598, 1438, 3598, 3599, 1438, 3599, 1436, 1436, 3599, 3600, 1436, 3600, 1689, 1689, 3600, 3601, 1689, 3601, 3602, 1689, 3602, 1432, 1432, 3602, 3603, 1432, 3603, 3604, 1432, 3604, 1430, 1430, 3604, 3605, 1430, 3605, 1428, 1428, 3605, 3606, 1428, 3606, 3607, 1428, 3607, 1426, 1426, 3607, 3608, 1426, 3608, 1690, 1690, 3608, 3609, 1690, 3609, 3610, 1690, 3610, 1422, 1422, 3610, 3611, 1422, 3611, 1420, 1420, 3611, 3561, 1420, 3561, 1691, 1672, 1675, 3334, 3334, 1675, 1677, 3334, 1677, 1679, 1679, 1681, 3334, 3612, 3613, 3614, 3614, 3613, 3615, 3614, 3615, 3616, 3613, 3612, 3617, 3617, 3612, 3618, 3617, 3618, 3619, 3619, 3618, 3620, 3619, 3620, 3621, 3621, 3620, 3622, 3621, 3622, 3623, 3623, 3622, 3624, 3623, 3624, 3625, 3625, 3624, 3626, 3625, 3626, 3627, 3627, 3626, 3628, 3627, 3628, 3629, 3629, 3628, 3630, 3629, 3630, 3631, 3631, 3630, 3632, 3631, 3632, 3633, 3633, 3632, 3634, 3633, 3634, 3635, 3635, 3634, 3636, 3635, 3636, 3637, 3637, 3636, 3638, 3637, 3638, 3639, 3639, 3638, 3640, 3640, 3638, 3641, 3641, 3638, 3642, 3642, 3638, 3643, 3643, 3638, 3644, 3644, 3638, 3645, 3645, 3638, 514, 3645, 514, 513, 3638, 3646, 514, 514, 3646, 3647, 514, 3647, 3648, 514, 3648, 515, 515, 3648, 3649, 515, 3649, 3650, 515, 3650, 518, 518, 3650, 3651, 518, 3651, 3652, 518, 3652, 519, 519, 3652, 3653, 519, 3653, 3654, 519, 3654, 520, 520, 3654, 3655, 520, 3655, 3656, 520, 3656, 523, 523, 3656, 3657, 523, 3657, 3658, 523, 3658, 526, 526, 3658, 3659, 526, 3659, 3660, 526, 3660, 530, 530, 3660, 3661, 530, 3661, 3662, 530, 3662, 532, 532, 3662, 3663, 532, 3663, 3664, 3664, 3665, 532, 532, 3665, 580, 580, 3665, 3666, 580, 3666, 3667, 3667, 3668, 580, 580, 3668, 3669, 580, 3669, 536, 536, 3669, 3670, 536, 3670, 3671, 536, 3671, 1867, 1867, 3671, 3672, 1867, 3672, 3673, 3673, 3674, 1867, 1867, 3674, 3675, 1867, 3675, 3676, 3676, 3677, 1867, 1867, 3677, 3678, 1867, 3678, 3679, 3679, 3680, 1867, 1867, 3680, 3681, 1867, 3681, 3682, 1867, 3682, 1876, 1876, 3682, 3683, 1876, 3683, 3684, 1876, 3684, 1877, 1877, 3684, 3685, 1877, 3685, 1881, 1881, 3685, 3686, 1881, 3686, 3687, 1881, 3687, 1885, 1885, 3687, 3688, 1885, 3688, 1887, 1887, 3688, 3689, 1887, 3689, 1888, 1888, 3689, 3690, 1888, 3690, 3691, 1888, 3691, 1890, 1890, 3691, 3692, 1890, 3692, 1893, 1893, 3692, 3693, 1893, 3693, 1895, 1895, 3693, 3694, 1895, 3694, 1896, 1896, 3694, 3695, 1896, 3695, 1897, 1897, 3695, 3696, 1897, 3696, 1898, 1898, 3696, 3697, 1898, 3697, 1899, 1899, 3697, 3698, 1899, 3698, 1847, 1847, 3698, 3699, 1847, 3699, 3700, 3700, 3701, 1847, 1847, 3701, 3702, 1847, 3702, 3703, 3703, 3704, 1847, 1847, 3704, 3705, 1847, 3705, 3706, 3706, 3707, 1847, 1847, 3707, 3708, 1847, 3708, 3614, 3709, 3710, 3711, 3711, 3710, 3712, 3711, 3712, 3713, 3710, 3709, 3714, 3714, 3709, 3715, 3714, 3715, 3716, 3716, 3715, 3717, 3716, 3717, 3718, 3718, 3717, 3719, 3718, 3719, 3720, 3720, 3719, 3721, 3720, 3721, 3722, 3722, 3721, 3723, 3722, 3723, 3724, 3724, 3723, 3725, 3724, 3725, 3726, 3726, 3725, 3727, 3726, 3727, 3728, 3728, 3727, 3729, 3728, 3729, 3730, 3730, 3729, 3731, 3730, 3731, 3732, 3732, 3731, 3733, 3732, 3733, 3734, 3734, 3733, 3735, 3734, 3735, 3736, 3736, 3735, 3737, 3736, 3737, 3738, 3738, 3737, 3739, 3738, 3739, 3740, 3740, 3739, 3741, 3740, 3741, 3742, 3742, 3741, 3743, 3742, 3743, 3744, 3744, 3743, 3745, 3744, 3745, 3746, 3746, 3745, 3747, 3746, 3747, 3748, 3748, 3747, 3749, 3748, 3749, 3750, 3750, 3751, 3748, 3748, 3751, 463, 3748, 463, 465, 463, 3751, 461, 461, 3751, 3752, 461, 3752, 3753, 3753, 3754, 461, 461, 3754, 3755, 461, 3755, 3756, 3756, 3757, 461, 461, 3757, 3758, 461, 3758, 3759, 3759, 3760, 461, 461, 3760, 3761, 461, 3761, 3762, 3762, 3763, 461, 461, 3763, 3764, 461, 3764, 3765, 3765, 3766, 461, 461, 3766, 3767, 461, 3767, 3645, 3616, 3768, 3614, 3614, 3768, 2236, 3614, 2236, 2239, 2236, 3768, 2235, 2235, 3768, 3769, 2235, 3769, 3770, 3770, 3771, 2235, 2235, 3771, 3772, 2235, 3772, 3773, 3773, 3774, 2235, 2235, 3774, 3775, 2235, 3775, 3776, 3776, 3777, 2235, 2235, 3777, 3778, 2235, 3778, 3779, 3779, 3780, 2235, 2235, 3780, 3781, 2235, 3781, 3782, 3782, 3783, 2235, 2235, 3783, 3784, 2235, 3784, 3711, 3785, 1637, 3786, 3786, 1637, 1635, 3786, 1635, 1631, 3785, 3787, 1637, 1637, 3787, 3788, 1637, 3788, 3789, 3789, 3790, 1637, 1637, 3790, 3791, 1637, 3791, 3792, 3792, 3793, 1637, 1637, 3793, 3794, 1637, 3794, 3795, 3795, 3796, 1637, 1637, 3796, 1642, 1642, 3796, 3797, 1642, 3797, 3798, 1642, 3798, 1643, 1643, 3798, 3799, 1643, 3799, 1645, 1645, 3799, 3800, 1645, 3800, 3801, 1645, 3801, 1647, 1647, 3801, 3802, 1647, 3802, 1648, 1648, 3802, 3803, 1648, 3803, 1649, 1649, 3803, 3804, 1649, 3804, 3805, 1649, 3805, 1453, 1453, 3805, 3806, 1453, 3806, 1451, 1451, 3806, 3807, 1451, 3807, 1450, 1450, 3807, 3808, 1450, 3808, 1650, 1650, 3808, 3809, 1650, 3809, 1669, 1669, 3809, 3810, 1669, 3810, 1667, 1667, 3810, 3811, 1667, 3811, 1665, 1665, 3811, 3812, 1665, 3812, 1664, 1664, 3812, 3813, 1664, 3813, 3814, 3814, 3815, 1664, 1664, 3815, 3816, 1664, 3816, 3817, 3817, 3818, 1664, 1664, 3818, 3819, 1664, 3819, 3820, 3820, 3821, 1664, 1664, 3821, 3822, 1664, 3822, 3748, 3713, 3823, 3711, 3711, 3823, 2302, 3711, 2302, 2300, 2302, 3823, 2304, 2304, 3823, 3824, 2304, 3824, 2306, 2306, 3824, 2308, 2308, 3824, 3825, 2308, 3825, 2310, 2310, 3825, 2312, 2312, 3825, 3826, 2312, 3826, 1598, 1598, 3826, 1597, 1597, 3826, 3827, 1597, 3827, 1595, 1595, 3827, 3828, 1595, 3828, 1593, 1593, 3828, 1591, 1591, 3828, 3829, 1591, 3829, 1589, 1589, 3829, 3830, 1589, 3830, 1587, 1587, 3830, 3831, 1587, 3831, 1585, 1585, 3831, 3832, 1585, 3832, 1608, 1608, 3832, 3833, 1608, 3833, 1609, 1609, 3833, 3834, 1609, 3834, 1610, 1610, 3834, 3835, 1610, 3835, 1612, 1612, 3835, 3836, 1612, 3836, 1571, 1571, 3836, 3837, 1571, 3837, 1569, 1569, 3837, 3838, 1569, 3838, 1568, 1568, 3838, 3839, 1568, 3839, 1613, 1613, 3839, 3786, 1613, 3786, 1614, 1614, 3786, 1627, 1627, 3786, 1629, 1629, 3786, 1630, 1630, 3786, 1631, 471, 472, 3748, 3748, 472, 1680, 3748, 1680, 1678, 1678, 1676, 3748, 3748, 1676, 1674, 3748, 1674, 1673, 1673, 1670, 3748, 3748, 1670, 1664, 2300, 2325, 3711, 3711, 2325, 2324, 3711, 2324, 2323, 2323, 2321, 3711, 3711, 2321, 2319, 3711, 2319, 2317, 2317, 2316, 3711, 3711, 2316, 2315, 3711, 2315, 2282, 2282, 2280, 3711, 3711, 2280, 2314, 3711, 2314, 2276, 2276, 2274, 3711, 3711, 2274, 2272, 3711, 2272, 2270, 2270, 2313, 3711, 3711, 2313, 2266, 3711, 2266, 2264, 2264, 2259, 3711, 3711, 2259, 2258, 3711, 2258, 2257, 2257, 2253, 3711, 3711, 2253, 2250, 3711, 2250, 2249, 2249, 2248, 3711, 3711, 2248, 2247, 3711, 2247, 2246, 2246, 2194, 3711, 3711, 2194, 2193, 3711, 2193, 2235, 2239, 2241, 3614, 3614, 2241, 2243, 3614, 2243, 2245, 2245, 1861, 3614, 3614, 1861, 1859, 3614, 1859, 1857, 1857, 1855, 3614, 3614, 1855, 1853, 3614, 1853, 1851, 1851, 1849, 3614, 3614, 1849, 1847, 536, 1867, 538, 538, 1867, 1865, 538, 1865, 540, 540, 1865, 1863, 540, 1863, 542, 542, 1863, 1795, 542, 1795, 581, 581, 1795, 1787, 581, 1787, 546, 546, 1787, 1776, 546, 1776, 548, 548, 1776, 1770, 548, 1770, 582, 582, 1770, 1769, 582, 1769, 583, 583, 1769, 1767, 583, 1767, 584, 584, 1767, 1765, 584, 1765, 586, 586, 1765, 1763, 586, 1763, 588, 588, 1763, 1775, 588, 1775, 590, 590, 1775, 1773, 590, 1773, 591, 591, 1773, 1772, 591, 1772, 592, 592, 1772, 1771, 592, 1771, 566, 566, 1771, 1749, 566, 1749, 568, 568, 1749, 1747, 568, 1747, 570, 570, 1747, 1745, 570, 1745, 572, 572, 1745, 1743, 572, 1743, 574, 574, 1743, 1741, 574, 1741, 576, 576, 1741, 1739, 576, 1739, 578, 578, 1739, 1737, 578, 1737, 579, 513, 512, 3645, 3645, 512, 511, 3645, 511, 459, 459, 461, 3645, 465, 467, 3748, 3748, 467, 469, 3748, 469, 471, 3840, 160, 3841, 3841, 160, 1306, 3841, 1306, 1303, 3840, 3842, 160, 160, 3842, 3843, 160, 3843, 3844, 3844, 3845, 160, 160, 3845, 3846, 160, 3846, 171, 171, 3846, 182, 182, 3846, 3847, 182, 3847, 192, 192, 3847, 202, 202, 3847, 3848, 202, 3848, 204, 204, 3848, 206, 206, 3848, 3849, 206, 3849, 208, 208, 3849, 210, 210, 3849, 212, 212, 3849, 3850, 212, 3850, 57, 57, 3850, 58, 58, 3850, 3851, 58, 3851, 215, 215, 3851, 217, 217, 3851, 3852, 217, 3852, 219, 219, 3852, 259, 259, 3852, 3853, 259, 3853, 262, 262, 3853, 265, 265, 3853, 267, 267, 3853, 3854, 267, 3854, 236, 236, 3854, 238, 238, 3854, 3855, 238, 3855, 240, 240, 3855, 242, 242, 3855, 3856, 242, 3856, 244, 244, 3856, 246, 246, 3856, 3857, 246, 3857, 248, 248, 3857, 250, 250, 3857, 252, 252, 3857, 3858, 252, 3858, 254, 254, 3858, 256, 256, 3858, 3859, 256, 3859, 258, 258, 3859, 1390, 1390, 3859, 3860, 1390, 3860, 1393, 1393, 3860, 1395, 1395, 3860, 3861, 1395, 3861, 1397, 1397, 3861, 1399, 1399, 3861, 1401, 1401, 3861, 3862, 1401, 3862, 3863, 3863, 3864, 1401, 1401, 3864, 3865, 1401, 3865, 3866, 3866, 3867, 1401, 1401, 3867, 3868, 1401, 3868, 3869, 3869, 3870, 1401, 1401, 3870, 3871, 1401, 3871, 3872, 3872, 3873, 1401, 1401, 3873, 3874, 1401, 3874, 3875, 3875, 3876, 1401, 1401, 3876, 3877, 1401, 3877, 3878, 3879, 2311, 3878, 3878, 2311, 1598, 3878, 1598, 1596, 3880, 2307, 3879, 3879, 2307, 2309, 3879, 2309, 2311, 3881, 2301, 3880, 3880, 2301, 2303, 3880, 2303, 2305, 3882, 2297, 3881, 3881, 2297, 2299, 3881, 2299, 2301, 3883, 2293, 3882, 3882, 2293, 2295, 3882, 2295, 2297, 3884, 2326, 3883, 3883, 2326, 2291, 3883, 2291, 2293, 3885, 2357, 3884, 3884, 2357, 2348, 3884, 2348, 2338, 3886, 2373, 3885, 3885, 2373, 2365, 3885, 2365, 2357, 3887, 2377, 3886, 3886, 2377, 2375, 3886, 2375, 2373, 3888, 2154, 3887, 3887, 2154, 2381, 3887, 2381, 2379, 3889, 2382, 3888, 3888, 2382, 2153, 3888, 2153, 2154, 3890, 2391, 3889, 3889, 2391, 2387, 3889, 2387, 2382, 3891, 2140, 3890, 3890, 2140, 2394, 3890, 2394, 2391, 3892, 2397, 3891, 3891, 2397, 2132, 3891, 2132, 2131, 3893, 2102, 3892, 3892, 2102, 2104, 3892, 2104, 2397, 3894, 2098, 3893, 3893, 2098, 2100, 3893, 2100, 2102, 3895, 2094, 3894, 3894, 2094, 2096, 3894, 2096, 2098, 3896, 2088, 3895, 3895, 2088, 2090, 3895, 2090, 2092, 3897, 2084, 3896, 3896, 2084, 2086, 3896, 2086, 2088, 3898, 1174, 3897, 3897, 1174, 1176, 3897, 1176, 2084, 3899, 1170, 3898, 3898, 1170, 1172, 3898, 1172, 1174, 3900, 1164, 3899, 3899, 1164, 1166, 3899, 1166, 1168, 3900, 3901, 1164, 1164, 3901, 3902, 1164, 3902, 3903, 3903, 3904, 1164, 1164, 3904, 3905, 1164, 3905, 3906, 3906, 3907, 1164, 1164, 3907, 3908, 1164, 3908, 3909, 3909, 3910, 1164, 1164, 3910, 3911, 1164, 3911, 3912, 3912, 3913, 1164, 1164, 3913, 3914, 1164, 3914, 3915, 3915, 3841, 1164, 1164, 3841, 1162, 1162, 3841, 1160, 1160, 3841, 1158, 1158, 3841, 1156, 1156, 3841, 1154, 1154, 3841, 1190, 1190, 3841, 1202, 1202, 3841, 1213, 1213, 3841, 1224, 1224, 3841, 1234, 1234, 3841, 1244, 1244, 3841, 1246, 1246, 3841, 1248, 1248, 3841, 1250, 1250, 3841, 1252, 1252, 3841, 1254, 1254, 3841, 1099, 1099, 3841, 1100, 1100, 3841, 1257, 1257, 3841, 1259, 1259, 3841, 1261, 1261, 3841, 1300, 1300, 3841, 1303, 134, 1298, 132, 132, 1298, 130, 130, 1298, 1296, 130, 1296, 128, 128, 1296, 1294, 128, 1294, 126, 126, 1294, 1292, 126, 1292, 124, 124, 1292, 1290, 124, 1290, 122, 122, 1290, 1288, 122, 1288, 120, 120, 1288, 1286, 120, 1286, 118, 118, 1286, 1284, 118, 1284, 116, 116, 1284, 1282, 116, 1282, 114, 114, 1282, 1280, 114, 1280, 112, 112, 1280, 1278, 112, 1278, 148, 148, 1278, 1308, 148, 1308, 160, 160, 1308, 1306, 1168, 1170, 3899, 2092, 2094, 3895, 2131, 2140, 3891, 2379, 2377, 3887, 2338, 2326, 3884, 2305, 2307, 3880, 1596, 1594, 3878, 3878, 1594, 1592, 3878, 1592, 1590, 1590, 1588, 3878, 3878, 1588, 1586, 3878, 1586, 1584, 1584, 1582, 3878, 3878, 1582, 1580, 3878, 1580, 1578, 1578, 1576, 3878, 3878, 1576, 1607, 3878, 1607, 1605, 1605, 1602, 3878, 3878, 1602, 1599, 3878, 1599, 1559, 1559, 1557, 3878, 3878, 1557, 1555, 3878, 1555, 1481, 1481, 1480, 3878, 3878, 1480, 1552, 3878, 1552, 1550, 1550, 1548, 3878, 3878, 1548, 1546, 3878, 1546, 1544, 1544, 1542, 3878, 3878, 1542, 1532, 3878, 1532, 1522, 1522, 1511, 3878, 3878, 1511, 1499, 3878, 1499, 1482, 1482, 1411, 3878, 3878, 1411, 1409, 3878, 1409, 1407, 1407, 1405, 3878, 3878, 1405, 1403, 3878, 1403, 1401, 2980, 2979, 2978, 2978, 2976, 2974, 2974, 2972, 2970, 2970, 2968, 2966, 2966, 2964, 2962, 2962, 2960, 2958, 2958, 2956, 2954, 2954, 2952, 2950, 2950, 2948, 2946, 2946, 2944, 2942, 2942, 2940, 2938, 2938, 2936, 2934, 2934, 2932, 2930, 2930, 2928, 2994, 2994, 2996, 2998, 2998, 3000, 3199, 3199, 3198, 3197, 3197, 3196, 3195, 3195, 3194, 3193, 3193, 3192, 3191, 3191, 3190, 3189, 3189, 3188, 3187, 3187, 3186, 3185, 3185, 3184, 3183, 3183, 3182, 3181, 3181, 3180, 3179, 3179, 3178, 3177, 3177, 3176, 3175, 3175, 3174, 3173, 3173, 3172, 3171, 3171, 3170, 3169, 3169, 2993, 2992, 2992, 2991, 2990, 2990, 2989, 2988, 2988, 2987, 2986, 2986, 2985, 2984, 2984, 2983, 2982, 2982, 2981, 2980, 2980, 2978, 2974, 2974, 2970, 2966, 2966, 2962, 2958, 2958, 2954, 2950, 2950, 2946, 2942, 2942, 2938, 2934, 2934, 2930, 2994, 2994, 2998, 3199, 3199, 3197, 3195, 3195, 3193, 3191, 3191, 3189, 3187, 3187, 3185, 3183, 3183, 3181, 3179, 3179, 3177, 3175, 3175, 3173, 3171, 3171, 3169, 2992, 2992, 2990, 2988, 2988, 2986, 2984, 2984, 2982, 2980, 2980, 2974, 2966, 2966, 2958, 2950, 2950, 2942, 2934, 2934, 2994, 3199, 3199, 3195, 3191, 3191, 3187, 3183, 3183, 3179, 3175, 3175, 3171, 2992, 2992, 2988, 2984, 2984, 2980, 2966, 2966, 2950, 2934, 2934, 3199, 3191, 3191, 3183, 3175, 3175, 2992, 2984, 2984, 2966, 2934, 2934, 3191, 3175, 2934, 3175, 2984, 2955, 2957, 2959, 2959, 2961, 2963, 2963, 2965, 2967, 2967, 2969, 2971, 2971, 2973, 2975, 2975, 2977, 3214, 3214, 3213, 3212, 3212, 3211, 3210, 3210, 3209, 3208, 3208, 3207, 3206, 3206, 3205, 3204, 3204, 3203, 3202, 3202, 3201, 3200, 3200, 3230, 3229, 3229, 3228, 3227, 3227, 3226, 3225, 3225, 3224, 3223, 3223, 3222, 3221, 3221, 3220, 3219, 3219, 3218, 3217, 3217, 3216, 3215, 3215, 3161, 3160, 3160, 3159, 3158, 3158, 3157, 3156, 3156, 3155, 3154, 3154, 3153, 3152, 3152, 3151, 3150, 3150, 3149, 3148, 3148, 3147, 3146, 3146, 3162, 3164, 3164, 3166, 3168, 3168, 3087, 3089, 3089, 3091, 3093, 3093, 3095, 3097, 3097, 3099, 3101, 3101, 3084, 3083, 3083, 2949, 2951, 2951, 2953, 2955, 2955, 2959, 2963, 2963, 2967, 2971, 2971, 2975, 3214, 3214, 3212, 3210, 3210, 3208, 3206, 3206, 3204, 3202, 3202, 3200, 3229, 3229, 3227, 3225, 3225, 3223, 3221, 3221, 3219, 3217, 3217, 3215, 3160, 3160, 3158, 3156, 3156, 3154, 3152, 3152, 3150, 3148, 3148, 3146, 3164, 3164, 3168, 3089, 3089, 3093, 3097, 3097, 3101, 3083, 3083, 2951, 2955, 2955, 2963, 2971, 2971, 3214, 3210, 3210, 3206, 3202, 3202, 3229, 3225, 3225, 3221, 3217, 3217, 3160, 3156, 3156, 3152, 3148, 3148, 3164, 3089, 3089, 3097, 3083, 3083, 2955, 2971, 2971, 3210, 3202, 3202, 3225, 3217, 3217, 3156, 3148, 3148, 3089, 3083, 3083, 2971, 3202, 3202, 3217, 3148, 3202, 3148, 3083, 3052, 3051, 3050, 3050, 3049, 3054, 3054, 3056, 3058, 3058, 3060, 3062, 3062, 3064, 3066, 3066, 3068, 3070, 3070, 3072, 3074, 3074, 3076, 3078, 3078, 3080, 3082, 3082, 3102, 3100, 3100, 3098, 3096, 3096, 3094, 3092, 3092, 3090, 3088, 3088, 3086, 3085, 3085, 3167, 3165, 3165, 3163, 3145, 3145, 3144, 3143, 3143, 3142, 3141, 3141, 3140, 3139, 3139, 3138, 3137, 3137, 3136, 3135, 3135, 3134, 3133, 3133, 3132, 3131, 3131, 3130, 3129, 3129, 3128, 3127, 3127, 3126, 3125, 3125, 3124, 3123, 3123, 3122, 3121, 3121, 3120, 3119, 3119, 3118, 3117, 3117, 3116, 3115, 3115, 3114, 3113, 3113, 3112, 3111, 3111, 3110, 3109, 3109, 3108, 3107, 3107, 3106, 3105, 3105, 3104, 3103, 3103, 3053, 3052, 3052, 3050, 3054, 3054, 3058, 3062, 3062, 3066, 3070, 3070, 3074, 3078, 3078, 3082, 3100, 3100, 3096, 3092, 3092, 3088, 3085, 3085, 3165, 3145, 3145, 3143, 3141, 3141, 3139, 3137, 3137, 3135, 3133, 3133, 3131, 3129, 3129, 3127, 3125, 3125, 3123, 3121, 3121, 3119, 3117, 3117, 3115, 3113, 3113, 3111, 3109, 3109, 3107, 3105, 3105, 3103, 3052, 3052, 3054, 3062, 3062, 3070, 3078, 3078, 3100, 3092, 3092, 3085, 3145, 3145, 3141, 3137, 3137, 3133, 3129, 3129, 3125, 3121, 3121, 3117, 3113, 3113, 3109, 3105, 3105, 3052, 3062, 3062, 3078, 3092, 3092, 3145, 3137, 3137, 3129, 3121, 3121, 3113, 3105, 3105, 3062, 3092, 3092, 3137, 3121, 3092, 3121, 3105, 2931, 2933, 2935, 2935, 2937, 2939, 2939, 2941, 2943, 2943, 2945, 2947, 2947, 3081, 3079, 3079, 3077, 3075, 3075, 3073, 3071, 3071, 3069, 3067, 3067, 3065, 3063, 3063, 3061, 3059, 3059, 3057, 3055, 3055, 3048, 3047, 3047, 3046, 3045, 3045, 3044, 3043, 3043, 3042, 3041, 3041, 3040, 3039, 3039, 3038, 3037, 3037, 3036, 3035, 3035, 3034, 3033, 3033, 3032, 3031, 3031, 3030, 3029, 3029, 3028, 3027, 3027, 3026, 3025, 3025, 3024, 3023, 3023, 3022, 3021, 3021, 3020, 3019, 3019, 3018, 3017, 3017, 3016, 3015, 3015, 3014, 3013, 3013, 3012, 3011, 3011, 3010, 3009, 3009, 3008, 3007, 3007, 3006, 3005, 3005, 3004, 3003, 3003, 3002, 3001, 3001, 2999, 2997, 2997, 2995, 2927, 2927, 2929, 2931, 2931, 2935, 2939, 2939, 2943, 2947, 2947, 3079, 3075, 3075, 3071, 3067, 3067, 3063, 3059, 3059, 3055, 3047, 3047, 3045, 3043, 3043, 3041, 3039, 3039, 3037, 3035, 3035, 3033, 3031, 3031, 3029, 3027, 3027, 3025, 3023, 3023, 3021, 3019, 3019, 3017, 3015, 3015, 3013, 3011, 3011, 3009, 3007, 3007, 3005, 3003, 3003, 3001, 2997, 2997, 2927, 2931, 2931, 2939, 2947, 2947, 3075, 3067, 3067, 3059, 3047, 3047, 3043, 3039, 3039, 3035, 3031, 3031, 3027, 3023, 3023, 3019, 3015, 3015, 3011, 3007, 3007, 3003, 2997, 2997, 2931, 2947, 2947, 3067, 3047, 3047, 3039, 3031, 3031, 3023, 3015, 3015, 3007, 2997, 2997, 2947, 3047, 3047, 3031, 3015, 3047, 3015, 2997, 3413, 3412, 3411, 3411, 3410, 3409, 3409, 3408, 3407, 3407, 3406, 3405, 3405, 3508, 3507, 3507, 3506, 3505, 3505, 3504, 3503, 3503, 3502, 3501, 3501, 3500, 3499, 3499, 3498, 3497, 3497, 3496, 3494, 3494, 3492, 3490, 3490, 3488, 3485, 3485, 3483, 3481, 3481, 3479, 3477, 3477, 3475, 3473, 3473, 3471, 3469, 3469, 3467, 3465, 3465, 3463, 3461, 3461, 3459, 3457, 3457, 3455, 3453, 3453, 3451, 3449, 3449, 3447, 3445, 3445, 3442, 3441, 3441, 3440, 3439, 3439, 3438, 3437, 3437, 3436, 3435, 3435, 3434, 3433, 3433, 3432, 3431, 3431, 3430, 3429, 3429, 3428, 3427, 3427, 3426, 3425, 3425, 3424, 3423, 3423, 3422, 3421, 3421, 3420, 3419, 3419, 3418, 3417, 3417, 3416, 3415, 3415, 3414, 3413, 3413, 3411, 3409, 3409, 3407, 3405, 3405, 3507, 3505, 3505, 3503, 3501, 3501, 3499, 3497, 3497, 3494, 3490, 3490, 3485, 3481, 3481, 3477, 3473, 3473, 3469, 3465, 3465, 3461, 3457, 3457, 3453, 3449, 3449, 3445, 3441, 3441, 3439, 3437, 3437, 3435, 3433, 3433, 3431, 3429, 3429, 3427, 3425, 3425, 3423, 3421, 3421, 3419, 3417, 3417, 3415, 3413, 3413, 3409, 3405, 3405, 3505, 3501, 3501, 3497, 3490, 3490, 3481, 3473, 3473, 3465, 3457, 3457, 3449, 3441, 3441, 3437, 3433, 3433, 3429, 3425, 3425, 3421, 3417, 3417, 3413, 3405, 3405, 3501, 3490, 3490, 3473, 3457, 3457, 3441, 3433, 3433, 3425, 3417, 3417, 3405, 3490, 3490, 3457, 3433, 3490, 3433, 3417, 3532, 3534, 3545, 3545, 3546, 3547, 3547, 3548, 3549, 3549, 3550, 3551, 3551, 3552, 3553, 3553, 3554, 3556, 3556, 3558, 3560, 3560, 3486, 3487, 3487, 3489, 3491, 3491, 3493, 3495, 3495, 3575, 3574, 3574, 3573, 3572, 3572, 3571, 3570, 3570, 3569, 3568, 3568, 3567, 3566, 3566, 3565, 3564, 3564, 3563, 3562, 3562, 3561, 3611, 3611, 3610, 3609, 3609, 3608, 3607, 3607, 3606, 3605, 3605, 3604, 3603, 3603, 3602, 3601, 3601, 3600, 3599, 3599, 3598, 3597, 3597, 3596, 3595, 3595, 3594, 3593, 3593, 3592, 3591, 3591, 3590, 3589, 3589, 3588, 3587, 3587, 3586, 3585, 3585, 3584, 3583, 3583, 3582, 3581, 3581, 3580, 3579, 3579, 3578, 3577, 3577, 3576, 3334, 3334, 3526, 3528, 3528, 3530, 3532, 3532, 3545, 3547, 3547, 3549, 3551, 3551, 3553, 3556, 3556, 3560, 3487, 3487, 3491, 3495, 3495, 3574, 3572, 3572, 3570, 3568, 3568, 3566, 3564, 3564, 3562, 3611, 3611, 3609, 3607, 3607, 3605, 3603, 3603, 3601, 3599, 3599, 3597, 3595, 3595, 3593, 3591, 3591, 3589, 3587, 3587, 3585, 3583, 3583, 3581, 3579, 3579, 3577, 3334, 3334, 3528, 3532, 3532, 3547, 3551, 3551, 3556, 3487, 3487, 3495, 3572, 3572, 3568, 3564, 3564, 3611, 3607, 3607, 3603, 3599, 3599, 3595, 3591, 3591, 3587, 3583, 3583, 3579, 3334, 3334, 3532, 3551, 3551, 3487, 3572, 3572, 3564, 3607, 3607, 3599, 3591, 3591, 3583, 3334, 3334, 3551, 3572, 3572, 3607, 3591, 3572, 3591, 3334, 3261, 3259, 3257, 3257, 3255, 3253, 3253, 3373, 3371, 3371, 3369, 3367, 3367, 3365, 3363, 3363, 3361, 3359, 3359, 3357, 3355, 3355, 3353, 3351, 3351, 3349, 3347, 3347, 3345, 3343, 3343, 3341, 3331, 3331, 3333, 3335, 3335, 3336, 3337, 3337, 3338, 3339, 3339, 3404, 3403, 3403, 3402, 3401, 3401, 3400, 3399, 3399, 3398, 3397, 3397, 3396, 3395, 3395, 3394, 3393, 3393, 3392, 3391, 3391, 3390, 3389, 3389, 3388, 3387, 3387, 3386, 3385, 3385, 3384, 3383, 3383, 3382, 3381, 3381, 3380, 3379, 3379, 3378, 3377, 3377, 3376, 3375, 3375, 3294, 3293, 3293, 3291, 3289, 3289, 3287, 3285, 3285, 3283, 3281, 3281, 3279, 3277, 3277, 3275, 3273, 3273, 3271, 3269, 3269, 3267, 3265, 3265, 3263, 3261, 3261, 3257, 3253, 3253, 3371, 3367, 3367, 3363, 3359, 3359, 3355, 3351, 3351, 3347, 3343, 3343, 3331, 3335, 3335, 3337, 3339, 3339, 3403, 3401, 3401, 3399, 3397, 3397, 3395, 3393, 3393, 3391, 3389, 3389, 3387, 3385, 3385, 3383, 3381, 3381, 3379, 3377, 3377, 3375, 3293, 3293, 3289, 3285, 3285, 3281, 3277, 3277, 3273, 3269, 3269, 3265, 3261, 3261, 3253, 3367, 3367, 3359, 3351, 3351, 3343, 3335, 3335, 3339, 3401, 3401, 3397, 3393, 3393, 3389, 3385, 3385, 3381, 3377, 3377, 3293, 3285, 3285, 3277, 3269, 3269, 3261, 3367, 3367, 3351, 3335, 3335, 3401, 3393, 3393, 3385, 3377, 3377, 3285, 3269, 3269, 3367, 3335, 3335, 3393, 3377, 3335, 3377, 3269, 3525, 3332, 3340, 3340, 3342, 3344, 3344, 3346, 3348, 3348, 3350, 3352, 3352, 3354, 3356, 3356, 3358, 3360, 3360, 3362, 3364, 3364, 3366, 3368, 3368, 3370, 3372, 3372, 3374, 3233, 3233, 3524, 3523, 3523, 3522, 3521, 3521, 3520, 3519, 3519, 3518, 3517, 3517, 3516, 3515, 3515, 3514, 3513, 3513, 3512, 3511, 3511, 3510, 3509, 3509, 3443, 3444, 3444, 3446, 3448, 3448, 3450, 3452, 3452, 3454, 3456, 3456, 3458, 3460, 3460, 3462, 3464, 3464, 3466, 3468, 3468, 3470, 3472, 3472, 3474, 3476, 3476, 3478, 3480, 3480, 3482, 3484, 3484, 3559, 3557, 3557, 3555, 3544, 3544, 3543, 3542, 3542, 3541, 3540, 3540, 3539, 3538, 3538, 3537, 3536, 3536, 3535, 3533, 3533, 3531, 3529, 3529, 3527, 3525, 3525, 3340, 3344, 3344, 3348, 3352, 3352, 3356, 3360, 3360, 3364, 3368, 3368, 3372, 3233, 3233, 3523, 3521, 3521, 3519, 3517, 3517, 3515, 3513, 3513, 3511, 3509, 3509, 3444, 3448, 3448, 3452, 3456, 3456, 3460, 3464, 3464, 3468, 3472, 3472, 3476, 3480, 3480, 3484, 3557, 3557, 3544, 3542, 3542, 3540, 3538, 3538, 3536, 3533, 3533, 3529, 3525, 3525, 3344, 3352, 3352, 3360, 3368, 3368, 3233, 3521, 3521, 3517, 3513, 3513, 3509, 3448, 3448, 3456, 3464, 3464, 3472, 3480, 3480, 3557, 3542, 3542, 3538, 3533, 3533, 3525, 3352, 3352, 3368, 3521, 3521, 3513, 3448, 3448, 3464, 3480, 3480, 3542, 3533, 3533, 3352, 3521, 3521, 3448, 3480, 3521, 3480, 3533, 3235, 3236, 3237, 3237, 3238, 3239, 3239, 3240, 3241, 3241, 3242, 3243, 3243, 3244, 3245, 3245, 3246, 3247, 3247, 3248, 3249, 3249, 3250, 3251, 3251, 3252, 3254, 3254, 3256, 3258, 3258, 3260, 3262, 3262, 3264, 3266, 3266, 3268, 3270, 3270, 3272, 3274, 3274, 3276, 3278, 3278, 3280, 3282, 3282, 3284, 3286, 3286, 3288, 3290, 3290, 3330, 3329, 3329, 3328, 3327, 3327, 3326, 3325, 3325, 3324, 3323, 3323, 3322, 3321, 3321, 3320, 3319, 3319, 3318, 3317, 3317, 3316, 3315, 3315, 3314, 3313, 3313, 3312, 3311, 3311, 3310, 3309, 3309, 3308, 3307, 3307, 3306, 3305, 3305, 3304, 3303, 3303, 3302, 3301, 3301, 3300, 3299, 3299, 3298, 3297, 3297, 3296, 3295, 3295, 3231, 3232, 3232, 3234, 3235, 3235, 3237, 3239, 3239, 3241, 3243, 3243, 3245, 3247, 3247, 3249, 3251, 3251, 3254, 3258, 3258, 3262, 3266, 3266, 3270, 3274, 3274, 3278, 3282, 3282, 3286, 3290, 3290, 3329, 3327, 3327, 3325, 3323, 3323, 3321, 3319, 3319, 3317, 3315, 3315, 3313, 3311, 3311, 3309, 3307, 3307, 3305, 3303, 3303, 3301, 3299, 3299, 3297, 3295, 3295, 3232, 3235, 3235, 3239, 3243, 3243, 3247, 3251, 3251, 3258, 3266, 3266, 3274, 3282, 3282, 3290, 3327, 3327, 3323, 3319, 3319, 3315, 3311, 3311, 3307, 3303, 3303, 3299, 3295, 3295, 3235, 3243, 3243, 3251, 3266, 3266, 3282, 3327, 3327, 3319, 3311, 3311, 3303, 3295, 3295, 3243, 3266, 3266, 3327, 3311, 3266, 3311, 3295, 3716, 3718, 3720, 3720, 3722, 3724, 3724, 3726, 3728, 3728, 3730, 3732, 3732, 3734, 3736, 3736, 3738, 3740, 3740, 3742, 3744, 3744, 3746, 3748, 3748, 3822, 3821, 3821, 3820, 3819, 3819, 3818, 3817, 3817, 3816, 3815, 3815, 3814, 3813, 3813, 3812, 3811, 3811, 3810, 3809, 3809, 3808, 3807, 3807, 3806, 3805, 3805, 3804, 3803, 3803, 3802, 3801, 3801, 3800, 3799, 3799, 3798, 3797, 3797, 3796, 3795, 3795, 3794, 3793, 3793, 3792, 3791, 3791, 3790, 3789, 3789, 3788, 3787, 3787, 3785, 3786, 3786, 3839, 3838, 3838, 3837, 3836, 3836, 3835, 3834, 3834, 3833, 3832, 3832, 3831, 3830, 3830, 3829, 3828, 3828, 3827, 3826, 3826, 3825, 3824, 3824, 3823, 3713, 3713, 3712, 3710, 3710, 3714, 3716, 3716, 3720, 3724, 3724, 3728, 3732, 3732, 3736, 3740, 3740, 3744, 3748, 3748, 3821, 3819, 3819, 3817, 3815, 3815, 3813, 3811, 3811, 3809, 3807, 3807, 3805, 3803, 3803, 3801, 3799, 3799, 3797, 3795, 3795, 3793, 3791, 3791, 3789, 3787, 3787, 3786, 3838, 3838, 3836, 3834, 3834, 3832, 3830, 3830, 3828, 3826, 3826, 3824, 3713, 3713, 3710, 3716, 3716, 3724, 3732, 3732, 3740, 3748, 3748, 3819, 3815, 3815, 3811, 3807, 3807, 3803, 3799, 3799, 3795, 3791, 3791, 3787, 3838, 3838, 3834, 3830, 3830, 3826, 3713, 3713, 3716, 3732, 3732, 3748, 3815, 3815, 3807, 3799, 3799, 3791, 3838, 3838, 3830, 3713, 3713, 3732, 3815, 3815, 3799, 3838, 3815, 3838, 3713, 3643, 3644, 3645, 3645, 3767, 3766, 3766, 3765, 3764, 3764, 3763, 3762, 3762, 3761, 3760, 3760, 3759, 3758, 3758, 3757, 3756, 3756, 3755, 3754, 3754, 3753, 3752, 3752, 3751, 3750, 3750, 3749, 3747, 3747, 3745, 3743, 3743, 3741, 3739, 3739, 3737, 3735, 3735, 3733, 3731, 3731, 3729, 3727, 3727, 3725, 3723, 3723, 3721, 3719, 3719, 3717, 3715, 3715, 3709, 3711, 3711, 3784, 3783, 3783, 3782, 3781, 3781, 3780, 3779, 3779, 3778, 3777, 3777, 3776, 3775, 3775, 3774, 3773, 3773, 3772, 3771, 3771, 3770, 3769, 3769, 3768, 3616, 3616, 3615, 3613, 3613, 3617, 3619, 3619, 3621, 3623, 3623, 3625, 3627, 3627, 3629, 3631, 3631, 3633, 3635, 3635, 3637, 3639, 3639, 3640, 3641, 3641, 3642, 3643, 3643, 3645, 3766, 3766, 3764, 3762, 3762, 3760, 3758, 3758, 3756, 3754, 3754, 3752, 3750, 3750, 3747, 3743, 3743, 3739, 3735, 3735, 3731, 3727, 3727, 3723, 3719, 3719, 3715, 3711, 3711, 3783, 3781, 3781, 3779, 3777, 3777, 3775, 3773, 3773, 3771, 3769, 3769, 3616, 3613, 3613, 3619, 3623, 3623, 3627, 3631, 3631, 3635, 3639, 3639, 3641, 3643, 3643, 3766, 3762, 3762, 3758, 3754, 3754, 3750, 3743, 3743, 3735, 3727, 3727, 3719, 3711, 3711, 3781, 3777, 3777, 3773, 3769, 3769, 3613, 3623, 3623, 3631, 3639, 3639, 3643, 3762, 3762, 3754, 3743, 3743, 3727, 3711, 3711, 3777, 3769, 3769, 3623, 3639, 3639, 3762, 3743, 3743, 3711, 3769, 3743, 3769, 3639, 3612, 3614, 3708, 3708, 3707, 3706, 3706, 3705, 3704, 3704, 3703, 3702, 3702, 3701, 3700, 3700, 3699, 3698, 3698, 3697, 3696, 3696, 3695, 3694, 3694, 3693, 3692, 3692, 3691, 3690, 3690, 3689, 3688, 3688, 3687, 3686, 3686, 3685, 3684, 3684, 3683, 3682, 3682, 3681, 3680, 3680, 3679, 3678, 3678, 3677, 3676, 3676, 3675, 3674, 3674, 3673, 3672, 3672, 3671, 3670, 3670, 3669, 3668, 3668, 3667, 3666, 3666, 3665, 3664, 3664, 3663, 3662, 3662, 3661, 3660, 3660, 3659, 3658, 3658, 3657, 3656, 3656, 3655, 3654, 3654, 3653, 3652, 3652, 3651, 3650, 3650, 3649, 3648, 3648, 3647, 3646, 3646, 3638, 3636, 3636, 3634, 3632, 3632, 3630, 3628, 3628, 3626, 3624, 3624, 3622, 3620, 3620, 3618, 3612, 3612, 3708, 3706, 3706, 3704, 3702, 3702, 3700, 3698, 3698, 3696, 3694, 3694, 3692, 3690, 3690, 3688, 3686, 3686, 3684, 3682, 3682, 3680, 3678, 3678, 3676, 3674, 3674, 3672, 3670, 3670, 3668, 3666, 3666, 3664, 3662, 3662, 3660, 3658, 3658, 3656, 3654, 3654, 3652, 3650, 3650, 3648, 3646, 3646, 3636, 3632, 3632, 3628, 3624, 3624, 3620, 3612, 3612, 3706, 3702, 3702, 3698, 3694, 3694, 3690, 3686, 3686, 3682, 3678, 3678, 3674, 3670, 3670, 3666, 3662, 3662, 3658, 3654, 3654, 3650, 3646, 3646, 3632, 3624, 3624, 3612, 3702, 3702, 3694, 3686, 3686, 3678, 3670, 3670, 3662, 3654, 3654, 3646, 3624, 3624, 3702, 3686, 3686, 3670, 3654, 3686, 3654, 3624, 2842, 2844, 2846, 2846, 2848, 2850, 2850, 2852, 2854, 2854, 2856, 2858, 2858, 2860, 2862, 2862, 2886, 2885, 2885, 2884, 2883, 2883, 2882, 2881, 2881, 2880, 2879, 2879, 2878, 2877, 2877, 2876, 2875, 2875, 2874, 2873, 2873, 2872, 2871, 2871, 2870, 2869, 2869, 2868, 2867, 2867, 2865, 2866, 2866, 2925, 2924, 2924, 2923, 2922, 2922, 2921, 2920, 2920, 2919, 2918, 2918, 2917, 2916, 2916, 2915, 2914, 2914, 2913, 2912, 2912, 2911, 2910, 2910, 2909, 2908, 2908, 2907, 2906, 2906, 2905, 2904, 2904, 2903, 2902, 2902, 2901, 2900, 2900, 2899, 2898, 2898, 2897, 2896, 2896, 2895, 2894, 2894, 2893, 2892, 2892, 2891, 2890, 2890, 2889, 2888, 2888, 2887, 2837, 2837, 2838, 2839, 2839, 2840, 2842, 2842, 2846, 2850, 2850, 2854, 2858, 2858, 2862, 2885, 2885, 2883, 2881, 2881, 2879, 2877, 2877, 2875, 2873, 2873, 2871, 2869, 2869, 2867, 2866, 2866, 2924, 2922, 2922, 2920, 2918, 2918, 2916, 2914, 2914, 2912, 2910, 2910, 2908, 2906, 2906, 2904, 2902, 2902, 2900, 2898, 2898, 2896, 2894, 2894, 2892, 2890, 2890, 2888, 2837, 2837, 2839, 2842, 2842, 2850, 2858, 2858, 2885, 2881, 2881, 2877, 2873, 2873, 2869, 2866, 2866, 2922, 2918, 2918, 2914, 2910, 2910, 2906, 2902, 2902, 2898, 2894, 2894, 2890, 2837, 2837, 2842, 2858, 2858, 2881, 2873, 2873, 2866, 2918, 2918, 2910, 2902, 2902, 2894, 2837, 2837, 2858, 2873, 2873, 2918, 2902, 2873, 2902, 2837, 2779, 2778, 2777, 2777, 2776, 2774, 2774, 2775, 2864, 2864, 2863, 2861, 2861, 2859, 2857, 2857, 2855, 2853, 2853, 2851, 2849, 2849, 2847, 2845, 2845, 2843, 2841, 2841, 2836, 2835, 2835, 2834, 2833, 2833, 2832, 2831, 2831, 2830, 2829, 2829, 2828, 2827, 2827, 2826, 2825, 2825, 2824, 2823, 2823, 2822, 2821, 2821, 2820, 2819, 2819, 2818, 2817, 2817, 2816, 2815, 2815, 2814, 2813, 2813, 2812, 2811, 2811, 2810, 2809, 2809, 2808, 2807, 2807, 2806, 2805, 2805, 2804, 2803, 2803, 2802, 2801, 2801, 2800, 2799, 2799, 2798, 2797, 2797, 2796, 2795, 2795, 2794, 2793, 2793, 2792, 2791, 2791, 2790, 2789, 2789, 2788, 2787, 2787, 2786, 2785, 2785, 2784, 2783, 2783, 2782, 2781, 2781, 2780, 2779, 2779, 2777, 2774, 2774, 2864, 2861, 2861, 2857, 2853, 2853, 2849, 2845, 2845, 2841, 2835, 2835, 2833, 2831, 2831, 2829, 2827, 2827, 2825, 2823, 2823, 2821, 2819, 2819, 2817, 2815, 2815, 2813, 2811, 2811, 2809, 2807, 2807, 2805, 2803, 2803, 2801, 2799, 2799, 2797, 2795, 2795, 2793, 2791, 2791, 2789, 2787, 2787, 2785, 2783, 2783, 2781, 2779, 2779, 2774, 2861, 2861, 2853, 2845, 2845, 2835, 2831, 2831, 2827, 2823, 2823, 2819, 2815, 2815, 2811, 2807, 2807, 2803, 2799, 2799, 2795, 2791, 2791, 2787, 2783, 2783, 2779, 2861, 2861, 2845, 2831, 2831, 2823, 2815, 2815, 2807, 2799, 2799, 2791, 2783, 2783, 2861, 2831, 2831, 2815, 2799, 2831, 2799, 2783, 3845, 3844, 3843, 3843, 3842, 3840, 3840, 3841, 3915, 3915, 3914, 3913, 3913, 3912, 3911, 3911, 3910, 3909, 3909, 3908, 3907, 3907, 3906, 3905, 3905, 3904, 3903, 3903, 3902, 3901, 3901, 3900, 3899, 3899, 3898, 3897, 3897, 3896, 3895, 3895, 3894, 3893, 3893, 3892, 3891, 3891, 3890, 3889, 3889, 3888, 3887, 3887, 3886, 3885, 3885, 3884, 3883, 3883, 3882, 3881, 3881, 3880, 3879, 3879, 3878, 3877, 3877, 3876, 3875, 3875, 3874, 3873, 3873, 3872, 3871, 3871, 3870, 3869, 3869, 3868, 3867, 3867, 3866, 3865, 3865, 3864, 3863, 3863, 3862, 3861, 3861, 3860, 3859, 3859, 3858, 3857, 3857, 3856, 3855, 3855, 3854, 3853, 3853, 3852, 3851, 3851, 3850, 3849, 3849, 3848, 3847, 3847, 3846, 3845, 3845, 3843, 3840, 3840, 3915, 3913, 3913, 3911, 3909, 3909, 3907, 3905, 3905, 3903, 3901, 3901, 3899, 3897, 3897, 3895, 3893, 3893, 3891, 3889, 3889, 3887, 3885, 3885, 3883, 3881, 3881, 3879, 3877, 3877, 3875, 3873, 3873, 3871, 3869, 3869, 3867, 3865, 3865, 3863, 3861, 3861, 3859, 3857, 3857, 3855, 3853, 3853, 3851, 3849, 3849, 3847, 3845, 3845, 3840, 3913, 3913, 3909, 3905, 3905, 3901, 3897, 3897, 3893, 3889, 3889, 3885, 3881, 3881, 3877, 3873, 3873, 3869, 3865, 3865, 3861, 3857, 3857, 3853, 3849, 3849, 3845, 3913, 3913, 3905, 3897, 3897, 3889, 3881, 3881, 3873, 3865, 3865, 3857, 3849, 3849, 3913, 3897, 3897, 3881, 3865, 3897, 3865, 3849, 3916, 3917, 405, 405, 3917, 3918, 405, 3918, 396, 396, 3918, 3919, 396, 3919, 397, 397, 3919, 3920, 397, 3920, 664, 664, 3920, 3921, 664, 3921, 369, 369, 3921, 3922, 369, 3922, 367, 367, 3922, 3923, 367, 3923, 365, 365, 3923, 3924, 365, 3924, 363, 363, 3924, 3925, 363, 3925, 361, 361, 3925, 3926, 361, 3926, 359, 359, 3926, 3927, 359, 3927, 357, 357, 3927, 3928, 357, 3928, 355, 355, 3928, 3929, 355, 3929, 353, 353, 3929, 351, 351, 3929, 3930, 351, 3930, 349, 349, 3930, 3931, 349, 3931, 3292, 3292, 3931, 3932, 3292, 3932, 2657, 2657, 3932, 3933, 2657, 3933, 2655, 2655, 3933, 3934, 2655, 3934, 2653, 2653, 3934, 2651, 2651, 3934, 3935, 2651, 3935, 2649, 2649, 3935, 3936, 2649, 3936, 2647, 2647, 3936, 3937, 2647, 3937, 2645, 2645, 3937, 3938, 2645, 3938, 2643, 2643, 3938, 3939, 2643, 3939, 2641, 2641, 3939, 3940, 2641, 3940, 2639, 2639, 3940, 3941, 2639, 3941, 2637, 2637, 3941, 3942, 2637, 3942, 2671, 2671, 3942, 3943, 2671, 3943, 2683, 2683, 3943, 3944, 2683, 3944, 2693, 2693, 3944, 3945, 2693, 3945, 2702, 2702, 3945, 3946, 2702, 3946, 3947, 3932, 3931, 3948, 3948, 3931, 3949, 3948, 3949, 3950, 3950, 3949, 3951, 3950, 3951, 3952, 3952, 3951, 3953, 3952, 3953, 3954, 3954, 3953, 3955, 3954, 3955, 3956, 3956, 3955, 3957, 3956, 3957, 3958, 3958, 3957, 3959, 3958, 3959, 3960, 3960, 3959, 3961, 3960, 3961, 3962, 3962, 3961, 3963, 3962, 3963, 3964, 3964, 3963, 3965, 3964, 3965, 3966, 3966, 3965, 3967, 3966, 3967, 3968, 3968, 3967, 3969, 3968, 3969, 3970, 3970, 3969, 3971, 3970, 3971, 3972, 3972, 3971, 3973, 3972, 3973, 3974, 3974, 3973, 3975, 3974, 3975, 3976, 3976, 3975, 3977, 3976, 3977, 3978, 3978, 3977, 3979, 3978, 3979, 3980, 3980, 3979, 3981, 3980, 3981, 3982, 3982, 3981, 3983, 3982, 3983, 3984, 3984, 3983, 3985, 3984, 3985, 3986, 3986, 3985, 3987, 3986, 3987, 3988, 3988, 3987, 3989, 3988, 3989, 3990, 3990, 3989, 3991, 3990, 3991, 3992, 3992, 3991, 3993, 3992, 3993, 3994, 3994, 3993, 3995, 3994, 3995, 3996, 3996, 3995, 3997, 3996, 3997, 3998, 3998, 3997, 3999, 3998, 3999, 4000, 4000, 3999, 4001, 4000, 4001, 4002, 4002, 4001, 4003, 4002, 4003, 4004, 4004, 4003, 4005, 4004, 4005, 4006, 4006, 4005, 4007, 4006, 4007, 4008, 4008, 4007, 4009, 4008, 4009, 4010, 4010, 4009, 4011, 4010, 4011, 4012, 4012, 4011, 4013, 4012, 4013, 4014, 4014, 4013, 4015, 4014, 4015, 4016, 4016, 4015, 4017, 4016, 4017, 4018, 4018, 4017, 4019, 4018, 4019, 2926, 2926, 4019, 1966, 1966, 4019, 4020, 1966, 4020, 1964, 1964, 4020, 4021, 1964, 4021, 1962, 1962, 4021, 1960, 1960, 4021, 4022, 1960, 4022, 1958, 1958, 4022, 4023, 1958, 4023, 1956, 1956, 4023, 4024, 1956, 4024, 1954, 1954, 4024, 4025, 1954, 4025, 1952, 1952, 4025, 4026, 1952, 4026, 1950, 1950, 4026, 4027, 1950, 4027, 1948, 1948, 4027, 4028, 1948, 4028, 1946, 1946, 4028, 4029, 1946, 4029, 1980, 1980, 4029, 4030, 1980, 4030, 1992, 1992, 4030, 4031, 1992, 4031, 2002, 2002, 4031, 4032, 2002, 4032, 2011, 2011, 4032, 4033, 2011, 4033, 4034, 3969, 4035, 3971, 3971, 4035, 4036, 4036, 4035, 4037, 4036, 4037, 4038, 4038, 4037, 4039, 4038, 4039, 4040, 4040, 4039, 4041, 4040, 4041, 4042, 4042, 4041, 4043, 4042, 4043, 4044, 4044, 4043, 4045, 4044, 4045, 4046, 4046, 4045, 4047, 4046, 4047, 4048, 4048, 4047, 4049, 4048, 4049, 4050, 4050, 4049, 4051, 4050, 4051, 4052, 4052, 4051, 4053, 4052, 4053, 4054, 4054, 4053, 4055, 4054, 4055, 4056, 4056, 4055, 4057, 4056, 4057, 4058, 4058, 4057, 4059, 4058, 4059, 4060, 4060, 4059, 4061, 4061, 4059, 4062, 4061, 4062, 4063, 4063, 4062, 4064, 4063, 4064, 4065, 4065, 4064, 4066, 4065, 4066, 4067, 4067, 4066, 4068, 4067, 4068, 4069, 4069, 4068, 4070, 4069, 4070, 4071, 4071, 4070, 4072, 4071, 4072, 4073, 4071, 4073, 4074, 4074, 4073, 4075, 4074, 4075, 4076, 4076, 4075, 4077, 4076, 4077, 4078, 4078, 4077, 4079, 4078, 4079, 4080, 4080, 4079, 4081, 4080, 4081, 4082, 4082, 4081, 563, 4082, 563, 4083, 4083, 563, 565, 4083, 565, 4084, 4084, 565, 567, 4084, 567, 4085, 4085, 567, 569, 4085, 569, 571, 4081, 4086, 563, 563, 4086, 561, 561, 4086, 4087, 561, 4087, 559, 559, 4087, 4088, 559, 4088, 557, 557, 4088, 4089, 557, 4089, 593, 593, 4089, 4090, 593, 4090, 605, 605, 4090, 4091, 605, 4091, 615, 615, 4091, 4092, 615, 4092, 624, 624, 4092, 4093, 624, 4093, 4094, 624, 4094, 632, 632, 4094, 4095, 632, 4095, 640, 640, 4095, 4096, 640, 4096, 642, 642, 4096, 4097, 642, 4097, 4098, 642, 4098, 644, 644, 4098, 4099, 644, 4099, 646, 646, 4099, 4100, 646, 4100, 4101, 646, 4101, 648, 648, 4101, 4102, 648, 4102, 4103, 648, 4103, 419, 419, 4103, 4104, 419, 4104, 418, 418, 4104, 4105, 418, 4105, 4106, 418, 4106, 649, 649, 4106, 4107, 649, 4107, 654, 654, 4107, 4108, 654, 4108, 4109, 654, 4109, 658, 658, 4109, 4110, 658, 4110, 661, 661, 4110, 3916, 661, 3916, 405, 2702, 3947, 2710, 2710, 3947, 4111, 2710, 4111, 2718, 2718, 4111, 4112, 2718, 4112, 2720, 2720, 4112, 4113, 2720, 4113, 4114, 2720, 4114, 2722, 2722, 4114, 4115, 2722, 4115, 2724, 2724, 4115, 4116, 2724, 4116, 4117, 2724, 4117, 2726, 2726, 4117, 4118, 2726, 4118, 2500, 2500, 4118, 4119, 2500, 4119, 4120, 2500, 4120, 2499, 2499, 4120, 4121, 2499, 4121, 4122, 2499, 4122, 2727, 2727, 4122, 4123, 2727, 4123, 2732, 2732, 4123, 4124, 2732, 4124, 4125, 2732, 4125, 2736, 2736, 4125, 4126, 2736, 4126, 2739, 2739, 4126, 4127, 2739, 4127, 2486, 2486, 4127, 4128, 2486, 4128, 4129, 2486, 4129, 2477, 2477, 4129, 4130, 2477, 4130, 2478, 2478, 4130, 4131, 2478, 4131, 2742, 2742, 4131, 4132, 2742, 4132, 2450, 2450, 4132, 4133, 2450, 4133, 2448, 2448, 4133, 4134, 2448, 4134, 2446, 2446, 4134, 4135, 2446, 4135, 2444, 2444, 4135, 4136, 2444, 4136, 4137, 4137, 4136, 4138, 4137, 4138, 4139, 4139, 4138, 4140, 4139, 4140, 4141, 4141, 4140, 4142, 4141, 4142, 4143, 4143, 4142, 4144, 4143, 4144, 4145, 4145, 4144, 4146, 4145, 4146, 4147, 4147, 4146, 4148, 4148, 4146, 4149, 4148, 4149, 4150, 4150, 4149, 4151, 4150, 4151, 4152, 4152, 4151, 4153, 4152, 4153, 4154, 4154, 4153, 4155, 4154, 4155, 4156, 4156, 4155, 4157, 4156, 4157, 4158, 4158, 4157, 4159, 4158, 4159, 4160, 4160, 4159, 4161, 4160, 4161, 4162, 4162, 4161, 4163, 4162, 4163, 4164, 4164, 4163, 4165, 4164, 4165, 4166, 4166, 4165, 4167, 4166, 4167, 4168, 4168, 4167, 4169, 4168, 4169, 4170, 4170, 4169, 4171, 4170, 4171, 4172, 4172, 4171, 4173, 4172, 4173, 4174, 4172, 4174, 4175, 4175, 4174, 4176, 4175, 4176, 4177, 4177, 4176, 4178, 4177, 4178, 4179, 4179, 4178, 4180, 4179, 4180, 4181, 4181, 4180, 4182, 4181, 4182, 4183, 4183, 4182, 3968, 4183, 3968, 3970, 3995, 4184, 3997, 3997, 4184, 4185, 4185, 4184, 4186, 4185, 4186, 4187, 4187, 4186, 4188, 4187, 4188, 4189, 4189, 4188, 4190, 4189, 4190, 4191, 4191, 4190, 4192, 4191, 4192, 4193, 4193, 4192, 4194, 4193, 4194, 4195, 4195, 4194, 4196, 4195, 4196, 4197, 4197, 4196, 4198, 4197, 4198, 4199, 4199, 4198, 4200, 4199, 4200, 4201, 4201, 4200, 4202, 4201, 4202, 4203, 4203, 4202, 4204, 4203, 4204, 4205, 4205, 4204, 4206, 4205, 4206, 4207, 4207, 4206, 4208, 4207, 4208, 4209, 4209, 4208, 4210, 4210, 4208, 4211, 4210, 4211, 4212, 4212, 4211, 4213, 4212, 4213, 4214, 4214, 4213, 4215, 4214, 4215, 4216, 4216, 4215, 4217, 4216, 4217, 4218, 4218, 4217, 4219, 4218, 4219, 4220, 4220, 4219, 4221, 4220, 4221, 4222, 4220, 4222, 4223, 4223, 4222, 4224, 4223, 4224, 4225, 4225, 4224, 4226, 4225, 4226, 4227, 4227, 4226, 4228, 4227, 4228, 4229, 4229, 4228, 4230, 4229, 4230, 4231, 4231, 4230, 1752, 4231, 1752, 4232, 4232, 1752, 1754, 4232, 1754, 4233, 4233, 1754, 1756, 4233, 1756, 4234, 4234, 1756, 1758, 4234, 1758, 4235, 4235, 1758, 2051, 4235, 2051, 4236, 4236, 2051, 1786, 4236, 1786, 4237, 4237, 1786, 1785, 4237, 1785, 4238, 4238, 1785, 1794, 4238, 1794, 4239, 4239, 1794, 4240, 4240, 1794, 2048, 4240, 2048, 4241, 4241, 2048, 2045, 4241, 2045, 4242, 4242, 2045, 2041, 4242, 2041, 4243, 4243, 2041, 4244, 4244, 2041, 2036, 4244, 2036, 4245, 4245, 2036, 1807, 4245, 1807, 4246, 4246, 1807, 4247, 4247, 1807, 1808, 4247, 1808, 4248, 4248, 1808, 2035, 4248, 2035, 4249, 4249, 2035, 4250, 4250, 2035, 2033, 4250, 2033, 4251, 4251, 2033, 4252, 4252, 2033, 2031, 4252, 2031, 4253, 4253, 2031, 2029, 4253, 2029, 4254, 4254, 2029, 4255, 4255, 2029, 2027, 4255, 2027, 4256, 4256, 2027, 2019, 4256, 2019, 4034, 4034, 2019, 2011, 4230, 4257, 1752, 1752, 4257, 1750, 1750, 4257, 4258, 1750, 4258, 1748, 1748, 4258, 4259, 1748, 4259, 1746, 1746, 4259, 1744, 1744, 4259, 4260, 1744, 4260, 1742, 1742, 4260, 4261, 1742, 4261, 1740, 1740, 4261, 4262, 1740, 4262, 1738, 1738, 4262, 4263, 1738, 4263, 579, 579, 4263, 4264, 579, 4264, 4265, 579, 4265, 577, 577, 4265, 4266, 577, 4266, 575, 575, 4266, 4267, 575, 4267, 573, 573, 4267, 4268, 573, 4268, 571, 571, 4268, 4085, 4137, 4269, 2444, 2444, 4269, 2442, 2442, 4269, 4270, 2442, 4270, 2440, 2440, 4270, 4271, 2440, 4271, 2438, 2438, 4271, 2436, 2436, 4271, 4272, 2436, 4272, 2434, 2434, 4272, 4273, 2434, 4273, 2432, 2432, 4273, 4274, 2432, 4274, 2430, 2430, 4274, 4275, 2430, 4275, 696, 696, 4275, 4276, 696, 4276, 4277, 696, 4277, 697, 697, 4277, 4278, 697, 4278, 700, 700, 4278, 4279, 700, 4279, 702, 702, 4279, 4280, 702, 4280, 704, 704, 4280, 4281, 704, 4281, 706, 706, 4281, 708, 708, 4281, 4282, 708, 4282, 710, 710, 4282, 4283, 710, 4283, 712, 712, 4283, 4284, 712, 4284, 4285, 4285, 4284, 4286, 4285, 4286, 4287, 4287, 4286, 4288, 4287, 4288, 4289, 4289, 4288, 4290, 4289, 4290, 4291, 4291, 4290, 4292, 4291, 4292, 4293, 4293, 4292, 4294, 4293, 4294, 4295, 4295, 4294, 4296, 4296, 4294, 4297, 4296, 4297, 4298, 4298, 4297, 4299, 4298, 4299, 4300, 4300, 4299, 4301, 4300, 4301, 4302, 4302, 4301, 4303, 4302, 4303, 4304, 4304, 4303, 4305, 4304, 4305, 4306, 4306, 4305, 4307, 4306, 4307, 4308, 4308, 4307, 4309, 4308, 4309, 4310, 4310, 4309, 4311, 4310, 4311, 4312, 4312, 4311, 4313, 4312, 4313, 4314, 4314, 4313, 4315, 4314, 4315, 4316, 4316, 4315, 4317, 4316, 4317, 4318, 4318, 4317, 4319, 4318, 4319, 4320, 4320, 4319, 4321, 4320, 4321, 4322, 4320, 4322, 4323, 4323, 4322, 4324, 4323, 4324, 4325, 4325, 4324, 4326, 4325, 4326, 4327, 4327, 4326, 4328, 4327, 4328, 4329, 4329, 4328, 4330, 4329, 4330, 4331, 4331, 4330, 3994, 4331, 3994, 3996, 4285, 4332, 712, 712, 4332, 714, 714, 4332, 4333, 714, 4333, 716, 716, 4333, 4334, 716, 4334, 718, 718, 4334, 4335, 718, 4335, 789, 789, 4335, 4336, 789, 4336, 806, 806, 4336, 4337, 806, 4337, 818, 818, 4337, 4338, 818, 4338, 829, 829, 4338, 4339, 829, 4339, 4340, 829, 4340, 839, 839, 4340, 4341, 839, 4341, 849, 849, 4341, 4342, 849, 4342, 851, 851, 4342, 4343, 851, 4343, 4344, 851, 4344, 853, 853, 4344, 4345, 853, 4345, 855, 855, 4345, 4346, 855, 4346, 4347, 855, 4347, 857, 857, 4347, 4348, 857, 4348, 4349, 857, 4349, 859, 859, 4349, 4350, 859, 4350, 787, 787, 4350, 4351, 787, 4351, 4352, 787, 4352, 788, 788, 4352, 4353, 788, 4353, 862, 862, 4353, 4354, 862, 4354, 4355, 862, 4355, 864, 864, 4355, 4356, 864, 4356, 866, 866, 4356, 4357, 866, 4357, 904, 904, 4357, 4358, 904, 4358, 4359, 904, 4359, 907, 907, 4359, 4360, 907, 4360, 910, 910, 4360, 4361, 910, 4361, 912, 912, 4361, 4362, 912, 4362, 883, 883, 4362, 4363, 883, 4363, 885, 885, 4363, 4364, 885, 4364, 887, 887, 4364, 4365, 887, 4365, 889, 889, 4365, 4366, 889, 4366, 891, 891, 4366, 4367, 891, 4367, 893, 893, 4367, 4368, 893, 4368, 895, 895, 4368, 4369, 895, 4369, 897, 897, 4369, 4370, 897, 4370, 899, 899, 4370, 901, 901, 4370, 4371, 901, 4371, 903, 903, 4371, 4018, 903, 4018, 2926, 3996, 3998, 4000, 4000, 4002, 4004, 4004, 4006, 4008, 4008, 4010, 4012, 4012, 4014, 4016, 4016, 4018, 4371, 4371, 4370, 4369, 4369, 4368, 4367, 4367, 4366, 4365, 4365, 4364, 4363, 4363, 4362, 4361, 4361, 4360, 4359, 4359, 4358, 4357, 4357, 4356, 4355, 4355, 4354, 4353, 4353, 4352, 4351, 4351, 4350, 4349, 4349, 4348, 4347, 4347, 4346, 4345, 4345, 4344, 4343, 4343, 4342, 4341, 4341, 4340, 4339, 4339, 4338, 4337, 4337, 4336, 4335, 4335, 4334, 4333, 4333, 4332, 4285, 4285, 4287, 4289, 4289, 4291, 4293, 4293, 4295, 4296, 4296, 4298, 4300, 4300, 4302, 4304, 4304, 4306, 4308, 4308, 4310, 4312, 4312, 4314, 4316, 4316, 4318, 4320, 4320, 4323, 4325, 4325, 4327, 4329, 4329, 4331, 3996, 3996, 4000, 4004, 4004, 4008, 4012, 4012, 4016, 4371, 4371, 4369, 4367, 4367, 4365, 4363, 4363, 4361, 4359, 4359, 4357, 4355, 4355, 4353, 4351, 4351, 4349, 4347, 4347, 4345, 4343, 4343, 4341, 4339, 4339, 4337, 4335, 4335, 4333, 4285, 4285, 4289, 4293, 4293, 4296, 4300, 4300, 4304, 4308, 4308, 4312, 4316, 4316, 4320, 4325, 4325, 4329, 3996, 3996, 4004, 4012, 4012, 4371, 4367, 4367, 4363, 4359, 4359, 4355, 4351, 4351, 4347, 4343, 4343, 4339, 4335, 4335, 4285, 4293, 4293, 4300, 4308, 4308, 4316, 4325, 4325, 3996, 4012, 4012, 4367, 4359, 4359, 4351, 4343, 4343, 4335, 4293, 4293, 4308, 4325, 4325, 4012, 4359, 4359, 4343, 4293, 4359, 4293, 4325, 3972, 3974, 3976, 3976, 3978, 3980, 3980, 3982, 3984, 3984, 3986, 3988, 3988, 3990, 3992, 3992, 3994, 4330, 4330, 4328, 4326, 4326, 4324, 4322, 4322, 4321, 4319, 4319, 4317, 4315, 4315, 4313, 4311, 4311, 4309, 4307, 4307, 4305, 4303, 4303, 4301, 4299, 4299, 4297, 4294, 4294, 4292, 4290, 4290, 4288, 4286, 4286, 4284, 4283, 4283, 4282, 4281, 4281, 4280, 4279, 4279, 4278, 4277, 4277, 4276, 4275, 4275, 4274, 4273, 4273, 4272, 4271, 4271, 4270, 4269, 4269, 4137, 4139, 4139, 4141, 4143, 4143, 4145, 4147, 4147, 4148, 4150, 4150, 4152, 4154, 4154, 4156, 4158, 4158, 4160, 4162, 4162, 4164, 4166, 4166, 4168, 4170, 4170, 4172, 4175, 4175, 4177, 4179, 4179, 4181, 4183, 4183, 3970, 3972, 3972, 3976, 3980, 3980, 3984, 3988, 3988, 3992, 4330, 4330, 4326, 4322, 4322, 4319, 4315, 4315, 4311, 4307, 4307, 4303, 4299, 4299, 4294, 4290, 4290, 4286, 4283, 4283, 4281, 4279, 4279, 4277, 4275, 4275, 4273, 4271, 4271, 4269, 4139, 4139, 4143, 4147, 4147, 4150, 4154, 4154, 4158, 4162, 4162, 4166, 4170, 4170, 4175, 4179, 4179, 4183, 3972, 3972, 3980, 3988, 3988, 4330, 4322, 4322, 4315, 4307, 4307, 4299, 4290, 4290, 4283, 4279, 4279, 4275, 4271, 4271, 4139, 4147, 4147, 4154, 4162, 4162, 4170, 4179, 4179, 3972, 3988, 3988, 4322, 4307, 4307, 4290, 4279, 4279, 4271, 4147, 4147, 4162, 4179, 4179, 3988, 4307, 4307, 4279, 4147, 4307, 4147, 4179, 3933, 3932, 3948, 3948, 3950, 3952, 3952, 3954, 3956, 3956, 3958, 3960, 3960, 3962, 3964, 3964, 3966, 3968, 3968, 4182, 4180, 4180, 4178, 4176, 4176, 4174, 4173, 4173, 4171, 4169, 4169, 4167, 4165, 4165, 4163, 4161, 4161, 4159, 4157, 4157, 4155, 4153, 4153, 4151, 4149, 4149, 4146, 4144, 4144, 4142, 4140, 4140, 4138, 4136, 4136, 4135, 4134, 4134, 4133, 4132, 4132, 4131, 4130, 4130, 4129, 4128, 4128, 4127, 4126, 4126, 4125, 4124, 4124, 4123, 4122, 4122, 4121, 4120, 4120, 4119, 4118, 4118, 4117, 4116, 4116, 4115, 4114, 4114, 4113, 4112, 4112, 4111, 3947, 3947, 3946, 3945, 3945, 3944, 3943, 3943, 3942, 3941, 3941, 3940, 3939, 3939, 3938, 3937, 3937, 3936, 3935, 3935, 3934, 3933, 3933, 3948, 3952, 3952, 3956, 3960, 3960, 3964, 3968, 3968, 4180, 4176, 4176, 4173, 4169, 4169, 4165, 4161, 4161, 4157, 4153, 4153, 4149, 4144, 4144, 4140, 4136, 4136, 4134, 4132, 4132, 4130, 4128, 4128, 4126, 4124, 4124, 4122, 4120, 4120, 4118, 4116, 4116, 4114, 4112, 4112, 3947, 3945, 3945, 3943, 3941, 3941, 3939, 3937, 3937, 3935, 3933, 3933, 3952, 3960, 3960, 3968, 4176, 4176, 4169, 4161, 4161, 4153, 4144, 4144, 4136, 4132, 4132, 4128, 4124, 4124, 4120, 4116, 4116, 4112, 3945, 3945, 3941, 3937, 3937, 3933, 3960, 3960, 4176, 4161, 4161, 4144, 4132, 4132, 4124, 4116, 4116, 3945, 3937, 3937, 3960, 4161, 4161, 4132, 4116, 4161, 4116, 3937, 3917, 3916, 4110, 4110, 4109, 4108, 4108, 4107, 4106, 4106, 4105, 4104, 4104, 4103, 4102, 4102, 4101, 4100, 4100, 4099, 4098, 4098, 4097, 4096, 4096, 4095, 4094, 4094, 4093, 4092, 4092, 4091, 4090, 4090, 4089, 4088, 4088, 4087, 4086, 4086, 4081, 4079, 4079, 4077, 4075, 4075, 4073, 4072, 4072, 4070, 4068, 4068, 4066, 4064, 4064, 4062, 4059, 4059, 4057, 4055, 4055, 4053, 4051, 4051, 4049, 4047, 4047, 4045, 4043, 4043, 4041, 4039, 4039, 4037, 4035, 4035, 3969, 3967, 3967, 3965, 3963, 3963, 3961, 3959, 3959, 3957, 3955, 3955, 3953, 3951, 3951, 3949, 3931, 3931, 3930, 3929, 3929, 3928, 3927, 3927, 3926, 3925, 3925, 3924, 3923, 3923, 3922, 3921, 3921, 3920, 3919, 3919, 3918, 3917, 3917, 4110, 4108, 4108, 4106, 4104, 4104, 4102, 4100, 4100, 4098, 4096, 4096, 4094, 4092, 4092, 4090, 4088, 4088, 4086, 4079, 4079, 4075, 4072, 4072, 4068, 4064, 4064, 4059, 4055, 4055, 4051, 4047, 4047, 4043, 4039, 4039, 4035, 3967, 3967, 3963, 3959, 3959, 3955, 3951, 3951, 3931, 3929, 3929, 3927, 3925, 3925, 3923, 3921, 3921, 3919, 3917, 3917, 4108, 4104, 4104, 4100, 4096, 4096, 4092, 4088, 4088, 4079, 4072, 4072, 4064, 4055, 4055, 4047, 4039, 4039, 3967, 3959, 3959, 3951, 3929, 3929, 3925, 3921, 3921, 3917, 4104, 4104, 4096, 4088, 4088, 4072, 4055, 4055, 4039, 3959, 3959, 3929, 3921, 3921, 4104, 4088, 4088, 4055, 3959, 4088, 3959, 3921, 4036, 4038, 4040, 4040, 4042, 4044, 4044, 4046, 4048, 4048, 4050, 4052, 4052, 4054, 4056, 4056, 4058, 4060, 4060, 4061, 4063, 4063, 4065, 4067, 4067, 4069, 4071, 4071, 4074, 4076, 4076, 4078, 4080, 4080, 4082, 4083, 4083, 4084, 4085, 4085, 4268, 4267, 4267, 4266, 4265, 4265, 4264, 4263, 4263, 4262, 4261, 4261, 4260, 4259, 4259, 4258, 4257, 4257, 4230, 4228, 4228, 4226, 4224, 4224, 4222, 4221, 4221, 4219, 4217, 4217, 4215, 4213, 4213, 4211, 4208, 4208, 4206, 4204, 4204, 4202, 4200, 4200, 4198, 4196, 4196, 4194, 4192, 4192, 4190, 4188, 4188, 4186, 4184, 4184, 3995, 3993, 3993, 3991, 3989, 3989, 3987, 3985, 3985, 3983, 3981, 3981, 3979, 3977, 3977, 3975, 3973, 3973, 3971, 4036, 4036, 4040, 4044, 4044, 4048, 4052, 4052, 4056, 4060, 4060, 4063, 4067, 4067, 4071, 4076, 4076, 4080, 4083, 4083, 4085, 4267, 4267, 4265, 4263, 4263, 4261, 4259, 4259, 4257, 4228, 4228, 4224, 4221, 4221, 4217, 4213, 4213, 4208, 4204, 4204, 4200, 4196, 4196, 4192, 4188, 4188, 4184, 3993, 3993, 3989, 3985, 3985, 3981, 3977, 3977, 3973, 4036, 4036, 4044, 4052, 4052, 4060, 4067, 4067, 4076, 4083, 4083, 4267, 4263, 4263, 4259, 4228, 4228, 4221, 4213, 4213, 4204, 4196, 4196, 4188, 3993, 3993, 3985, 3977, 3977, 4036, 4052, 4052, 4067, 4083, 4083, 4263, 4228, 4228, 4213, 4196, 4196, 3993, 3977, 3977, 4052, 4083, 4083, 4228, 4196, 4083, 4196, 3977, 4022, 4021, 4020, 4020, 4019, 4017, 4017, 4015, 4013, 4013, 4011, 4009, 4009, 4007, 4005, 4005, 4003, 4001, 4001, 3999, 3997, 3997, 4185, 4187, 4187, 4189, 4191, 4191, 4193, 4195, 4195, 4197, 4199, 4199, 4201, 4203, 4203, 4205, 4207, 4207, 4209, 4210, 4210, 4212, 4214, 4214, 4216, 4218, 4218, 4220, 4223, 4223, 4225, 4227, 4227, 4229, 4231, 4231, 4232, 4233, 4233, 4234, 4235, 4235, 4236, 4237, 4237, 4238, 4239, 4239, 4240, 4241, 4241, 4242, 4243, 4243, 4244, 4245, 4245, 4246, 4247, 4247, 4248, 4249, 4249, 4250, 4251, 4251, 4252, 4253, 4253, 4254, 4255, 4255, 4256, 4034, 4034, 4033, 4032, 4032, 4031, 4030, 4030, 4029, 4028, 4028, 4027, 4026, 4026, 4025, 4024, 4024, 4023, 4022, 4022, 4020, 4017, 4017, 4013, 4009, 4009, 4005, 4001, 4001, 3997, 4187, 4187, 4191, 4195, 4195, 4199, 4203, 4203, 4207, 4210, 4210, 4214, 4218, 4218, 4223, 4227, 4227, 4231, 4233, 4233, 4235, 4237, 4237, 4239, 4241, 4241, 4243, 4245, 4245, 4247, 4249, 4249, 4251, 4253, 4253, 4255, 4034, 4034, 4032, 4030, 4030, 4028, 4026, 4026, 4024, 4022, 4022, 4017, 4009, 4009, 4001, 4187, 4187, 4195, 4203, 4203, 4210, 4218, 4218, 4227, 4233, 4233, 4237, 4241, 4241, 4245, 4249, 4249, 4253, 4034, 4034, 4030, 4026, 4026, 4022, 4009, 4009, 4187, 4203, 4203, 4218, 4233, 4233, 4241, 4249, 4249, 4034, 4026, 4026, 4009, 4203, 4203, 4233, 4249, 4203, 4249, 4026]
            point3f[] points = [(-0.0150315, 0.0150944, -0.0001573), (-0.0150315, 0.0150844, 0.0003905), (-0.0150215, 0.0150944, 0.0003905), (-0.0150315, 0.0150544, 0.0009376), (-0.0149914, 0.0150944, 0.0009376), (-0.0150315, 0.0150044, 0.0014833), (-0.0149415, 0.0150944, 0.0014833), (-0.0150315, 0.0149345, 0.0020267), (-0.0148716, 0.0150944, 0.0020267), (-0.0150315, 0.0148449, 0.0025673), (-0.0147819, 0.0150944, 0.0025673), (-0.0146726, 0.0150944, 0.0031042), (-0.0150315, 0.0147355, 0.0031042), (-0.0150315, 0.0146066, 0.0036367), (-0.0150315, 0.0144584, 0.0041642), (-0.0149909, 0.0146, 0.0038177), (-0.0145371, 0.0150538, 0.0038177), (-0.0145437, 0.0150944, 0.0036367), (-0.0143955, 0.0150944, 0.0041642), (-0.0144431, 0.0149568, 0.0044702), (-0.0142281, 0.0150944, 0.0046859), (-0.0143348, 0.0148451, 0.0051182), (-0.0140417, 0.0150944, 0.0052012), (-0.0142123, 0.0147189, 0.005761), (-0.0138367, 0.0150944, 0.0057093), (-0.0140759, 0.0145782, 0.0063979), (-0.0136132, 0.0150944, 0.0062096), (-0.0136232, 0.0150039, 0.0063979), (-0.0133716, 0.0150944, 0.0067013), (-0.0134778, 0.0148443, 0.0070284), (-0.0131122, 0.0150944, 0.007184), (-0.0133191, 0.0146703, 0.0076518), (-0.012864, 0.0150725, 0.0076518), (-0.0131473, 0.0144818, 0.0082675), (-0.012698, 0.0148789, 0.0082675), (-0.0129626, 0.0142791, 0.0088748), (-0.0125196, 0.0146706, 0.0088748), (-0.0127651, 0.0140625, 0.0094733), (-0.0123289, 0.014448, 0.0094733), (-0.012555, 0.013832, 0.0100622), (-0.012126, 0.0142112, 0.0100622), (-0.0123325, 0.013588, 0.0106411), (-0.0119112, 0.0139604, 0.0106411), (-0.012098, 0.0133307, 0.0112093), (-0.0116846, 0.013696, 0.0112093), (-0.0118515, 0.0130603, 0.0117663), (-0.0114466, 0.0134182, 0.0117663), (-0.0115933, 0.0127771, 0.0123115), (-0.0111973, 0.0131272, 0.0123115), (-0.0113238, 0.0124814, 0.0128444), (-0.0109369, 0.0128233, 0.0128444), (-0.0110431, 0.0121735, 0.0133645), (-0.0106659, 0.0125069, 0.0133645), (-0.0107515, 0.0118537, 0.0138712), (-0.0103843, 0.0121782, 0.0138712), (-0.0104493, 0.0115222, 0.0143641), (-0.0100925, 0.0118376, 0.0143641), (-0.0100412, 0.011266, 0.0148427), (-0.0096266, 0.0116241, 0.0148427), (-0.0148939, 0.014506, 0.0044702), (-0.0150315, 0.014291, 0.0046859), (-0.0147822, 0.0143977, 0.0051182), (-0.0150315, 0.0141046, 0.0052012), (-0.014656, 0.0142753, 0.005761), (-0.0150315, 0.0138996, 0.0057093), (-0.0150315, 0.0136761, 0.0062096), (-0.0150315, 0.0134345, 0.0067013), (-0.0149409, 0.0136862, 0.0063979), (-0.0145153, 0.0141389, 0.0063979), (-0.0147814, 0.0135407, 0.0070284), (-0.0150315, 0.0131751, 0.007184), (-0.0146073, 0.013382, 0.0076518), (-0.0150096, 0.0129269, 0.0076518), (-0.0148159, 0.012761, 0.0082675), (-0.0150315, 0.0128983, 0.0076568), (-0.0150315, 0.0126043, 0.0081192), (-0.0150315, 0.0122937, 0.0085706), (-0.0146077, 0.0125825, 0.0088748), (-0.0144189, 0.0132102, 0.0082675), (-0.0142162, 0.0130255, 0.0088748), (-0.0140081, 0.0136471, 0.0082675), (-0.0138113, 0.0134562, 0.0088748), (-0.0135842, 0.0140711, 0.0082675), (-0.0133933, 0.0138742, 0.0088748), (-0.0149854, 0.0121277, 0.0088748), (-0.0150315, 0.0119668, 0.0090103), (-0.0147569, 0.0119439, 0.0094733), (-0.0150315, 0.0116241, 0.0094378), (-0.014514, 0.0117484, 0.0100622), (-0.014866, 0.0112969, 0.0100622), (-0.0146025, 0.0110979, 0.0106411), (-0.0150315, 0.0108929, 0.0102538), (-0.0149345, 0.010644, 0.0106411), (-0.0150315, 0.0105055, 0.0106413), (-0.0146503, 0.0104428, 0.0112093), (-0.0150315, 0.0101042, 0.0110143), (-0.014962, 0.0099877, 0.0112093), (-0.0150315, 0.0096895, 0.0113724), (-0.014657, 0.0097856, 0.0117663), (-0.0149485, 0.0093306, 0.0117663), (-0.0146228, 0.0091289, 0.0123115), (-0.0150315, 0.0088223, 0.012042), (-0.0148941, 0.0086753, 0.0123115), (-0.0150315, 0.0083709, 0.0123527), (-0.0145475, 0.0084752, 0.0128444), (-0.0147987, 0.0080242, 0.0128444), (-0.0144317, 0.0078271, 0.0133645), (-0.014663, 0.00738, 0.0133645), (-0.0142755, 0.0071871, 0.0138712), (-0.0144872, 0.0067451, 0.0138712), (-0.0140797, 0.0065576, 0.0143641), (-0.0142721, 0.0061219, 0.0143641), (-0.0138367, 0.005961, 0.0148427), (-0.014451, 0.0056805, 0.0143641), (-0.0140417, 0.0054528, 0.0148427), (-0.0146162, 0.0052338, 0.0143641), (-0.0142281, 0.0049376, 0.0148427), (-0.0147675, 0.0047823, 0.0143641), (-0.0143955, 0.0044159, 0.0148427), (-0.0149049, 0.0043262, 0.0143641), (-0.0145437, 0.0038884, 0.0148427), (-0.0150315, 0.0038884, 0.014355), (-0.0146726, 0.0033558, 0.0148427), (-0.0150315, 0.0033558, 0.0144838), (-0.0147819, 0.0028189, 0.0148427), (-0.0150315, 0.0028189, 0.0145932), (-0.0148716, 0.0022784, 0.0148427), (-0.0150315, 0.0022784, 0.0146829), (-0.0149415, 0.0017349, 0.0148427), (-0.0150315, 0.0017349, 0.0147527), (-0.0149914, 0.0011893, 0.0148427), (-0.0150315, 0.0011893, 0.0148027), (-0.0150215, 0.0006422, 0.0148427), (-0.0150315, 0.0006422, 0.0148327), (-0.0150315, 9.44e-05, 0.0148427), (-0.0150315, 0.011266, 0.0098525), (-0.0150315, 0.009262, 0.0117151), (-0.0150315, 0.0079085, 0.0126466), (-0.0150315, 0.0074356, 0.0129234), (-0.0150315, 0.006953, 0.0131828), (-0.0148804, 0.006926, 0.0133645), (-0.0150315, 0.0064612, 0.0134244), (-0.0146851, 0.0062968, 0.0138712), (-0.0150315, 0.005961, 0.0136479), (-0.0148692, 0.0058426, 0.0138712), (-0.0150315, 0.0054528, 0.0138529), (-0.0150315, 0.0049376, 0.0140393), (-0.0150315, 0.0044159, 0.0142067), (-0.0136132, 0.0064612, 0.0148427), (-0.0138741, 0.0069872, 0.0143641), (-0.0140504, 0.0076224, 0.0138712), (-0.0141867, 0.0082669, 0.0133645), (-0.0142826, 0.0089183, 0.0128444), (-0.0143376, 0.009574, 0.0123115), (-0.0143517, 0.0102314, 0.0117663), (-0.0143247, 0.0108881, 0.0112093), (-0.0142568, 0.0115414, 0.0106411), (-0.0141482, 0.0121889, 0.0100622), (-0.0143851, 0.0123918, 0.0094733), (-0.0139995, 0.012828, 0.0094733), (-0.0133716, 0.006953, 0.0148427), (-0.0136552, 0.0074102, 0.0143641), (-0.0138119, 0.0080505, 0.0138712), (-0.0139283, 0.0086989, 0.0133645), (-0.0140041, 0.009353, 0.0128444), (-0.0140389, 0.01001, 0.0123115), (-0.0140327, 0.0106676, 0.0117663), (-0.0139855, 0.0113232, 0.0112093), (-0.0138975, 0.0119741, 0.0106411), (-0.0137691, 0.0126179, 0.0100622), (-0.0136008, 0.0132521, 0.0094733), (-0.0131122, 0.0074356, 0.0148427), (-0.0134235, 0.0078263, 0.0143641), (-0.0135603, 0.0084711, 0.0138712), (-0.0136567, 0.0091228, 0.0133645), (-0.0137123, 0.0097789, 0.0128444), (-0.0137269, 0.0104367, 0.0123115), (-0.0137005, 0.0110938, 0.0117663), (-0.0136331, 0.0117475, 0.0112093), (-0.0135251, 0.0123955, 0.0106411), (-0.0133769, 0.013035, 0.0100622), (-0.0131892, 0.0136637, 0.0094733), (-0.0128354, 0.0079085, 0.0148427), (-0.013179, 0.008235, 0.0143641), (-0.013296, 0.0088838, 0.0138712), (-0.0133722, 0.0095381, 0.0133645), (-0.0134076, 0.0101956, 0.0128444), (-0.0134019, 0.0108536, 0.0123115), (-0.0133552, 0.0115095, 0.0117663), (-0.0132678, 0.0121609, 0.0112093), (-0.0131399, 0.0128052, 0.0106411), (-0.0129721, 0.0134398, 0.0100622), (-0.0125414, 0.0083709, 0.0148427), (-0.0129221, 0.008636, 0.0143641), (-0.013019, 0.0092881, 0.0138712), (-0.0130751, 0.0099445, 0.0133645), (-0.0130902, 0.0106027, 0.0128444), (-0.0130642, 0.0112602, 0.0123115), (-0.0129974, 0.0119144, 0.0117663), (-0.0128899, 0.0125628, 0.0112093), (-0.0127422, 0.0132028, 0.0106411), (-0.0126529, 0.0090289, 0.0143641), (-0.0122308, 0.0088223, 0.0148427), (-0.0123718, 0.0094134, 0.0143641), (-0.0119039, 0.009262, 0.0148427), (-0.012079, 0.009789, 0.0143641), (-0.0115612, 0.0096895, 0.0148427), (-0.0117747, 0.0101554, 0.0143641), (-0.011203, 0.0101042, 0.0148427), (-0.0114593, 0.0105123, 0.0143641), (-0.01083, 0.0105055, 0.0148427), (-0.0111331, 0.0108592, 0.0143641), (-0.0104426, 0.0108929, 0.0148427), (-0.0107963, 0.011196, 0.0143641), (-0.0097261, 0.0121419, 0.0143641), (-0.0091991, 0.0119668, 0.0148427), (-0.0093505, 0.0124347, 0.0143641), (-0.0087593, 0.0122937, 0.0148427), (-0.008966, 0.0127159, 0.0143641), (-0.008308, 0.0126043, 0.0148427), (-0.0085731, 0.012985, 0.0143641), (-0.0081721, 0.0132419, 0.0143641), (-0.0084082, 0.0136233, 0.0138712), (-0.0079876, 0.0138748, 0.0138712), (-0.008204, 0.0142496, 0.0133645), (-0.0077642, 0.0144946, 0.0133645), (-0.0079613, 0.0148617, 0.0128444), (-0.0073171, 0.0147259, 0.0133645), (-0.0073727, 0.0150944, 0.0129234), (-0.0068901, 0.0150944, 0.0131828), (-0.006863, 0.0149433, 0.0133645), (-0.0063983, 0.0150944, 0.0134244), (-0.0066822, 0.0145501, 0.0138712), (-0.0062338, 0.0147481, 0.0138712), (-0.0064947, 0.0141427, 0.0143641), (-0.006059, 0.014335, 0.0143641), (-0.005898, 0.0138996, 0.0148427), (-0.0056176, 0.0145139, 0.0143641), (-0.0053899, 0.0141046, 0.0148427), (-0.0051709, 0.0146791, 0.0143641), (-0.0048747, 0.014291, 0.0148427), (-0.0047193, 0.0148304, 0.0143641), (-0.0043529, 0.0144584, 0.0148427), (-0.0042633, 0.0149678, 0.0143641), (-0.0038255, 0.0146066, 0.0148427), (-0.0038255, 0.0150944, 0.014355), (-0.0032929, 0.0147355, 0.0148427), (-0.0032929, 0.0150944, 0.0144838), (-0.002756, 0.0148449, 0.0148427), (-0.002756, 0.0150944, 0.0145932), (-0.0022155, 0.0149345, 0.0148427), (-0.0022155, 0.0150944, 0.0146829), (-0.001672, 0.0150044, 0.0148427), (-0.001672, 0.0150944, 0.0147527), (-0.0011264, 0.0150544, 0.0148427), (-0.0011264, 0.0150944, 0.0148027), (-0.0005793, 0.0150844, 0.0148427), (-0.0005793, 0.0150944, 0.0148327), (-3.15e-05, 0.0150944, 0.0148427), (-0.0078456, 0.0128983, 0.0148427), (-0.0077633, 0.0134864, 0.0143641), (-0.0075594, 0.0141133, 0.0138712), (-0.0073727, 0.0131751, 0.0148427), (-0.0073473, 0.0137181, 0.0143641), (-0.0071242, 0.0143385, 0.0138712), (-0.0068901, 0.0134345, 0.0148427), (-0.0069243, 0.013937, 0.0143641), (-0.0063983, 0.0136761, 0.0148427), (-0.0043529, 0.0150944, 0.0142067), (-0.0048747, 0.0150944, 0.0140393), (-0.0053899, 0.0150944, 0.0138529), (-0.0057796, 0.0149321, 0.0138712), (-0.005898, 0.0150944, 0.0136479), (-0.0078456, 0.0150944, 0.0126466), (-0.008308, 0.0150944, 0.0123527), (-0.0084123, 0.0146105, 0.0128444), (-0.0086124, 0.014957, 0.0123115), (-0.0088554, 0.0143455, 0.0128444), (-0.009066, 0.0146857, 0.0123115), (-0.00929, 0.014067, 0.0128444), (-0.0095111, 0.0144005, 0.0123115), (-0.0097159, 0.0137752, 0.0128444), (-0.0099471, 0.0141018, 0.0123115), (-0.0101327, 0.0134705, 0.0128444), (-0.0103738, 0.0137898, 0.0123115), (-0.0105398, 0.0131531, 0.0128444), (-0.0107906, 0.0134648, 0.0123115), (-0.0087593, 0.0150944, 0.012042), (-0.0092677, 0.0150115, 0.0117663), (-0.0091991, 0.0150944, 0.0117151), (-0.0096266, 0.0150944, 0.0113724), (-0.0100412, 0.0150944, 0.0110143), (-0.0099248, 0.015025, 0.0112093), (-0.0097227, 0.01472, 0.0117663), (-0.0103799, 0.0147132, 0.0112093), (-0.0104426, 0.0150944, 0.0106413), (-0.0105811, 0.0149974, 0.0106411), (-0.01083, 0.0150944, 0.0102538), (-0.011035, 0.0146655, 0.0106411), (-0.011234, 0.0149289, 0.0100622), (-0.0114785, 0.0143197, 0.0106411), (-0.0116855, 0.0145769, 0.0100622), (-0.011203, 0.0150944, 0.0098525), (-0.0115612, 0.0150944, 0.0094378), (-0.011881, 0.0148199, 0.0094733), (-0.0119039, 0.0150944, 0.0090103), (-0.0120648, 0.0150483, 0.0088748), (-0.0122308, 0.0150944, 0.0085706), (-0.0125414, 0.0150944, 0.0081192), (-0.0128354, 0.0150944, 0.0076568), (-0.0111085, 0.011518, 0.0138712), (-0.0114551, 0.0111714, 0.0138712), (-0.0117908, 0.0108144, 0.0138712), (-0.0121153, 0.0104472, 0.0138712), (-0.0124284, 0.0100702, 0.0138712), (-0.0127297, 0.0096837, 0.0138712), (-0.0114098, 0.0118287, 0.0133645), (-0.0117658, 0.0114727, 0.0133645), (-0.0121106, 0.011106, 0.0133645), (-0.012444, 0.0107288, 0.0133645), (-0.0127656, 0.0103415, 0.0133645), (-0.0116999, 0.0121278, 0.0128444), (-0.0119784, 0.0124151, 0.0123115), (-0.0122452, 0.0126902, 0.0117663), (-0.0124998, 0.0129528, 0.0112093), (-0.0120649, 0.0117628, 0.0128444), (-0.0124185, 0.0113867, 0.0128444), (-0.0127604, 0.0109999, 0.0128444), (-0.0123522, 0.0120413, 0.0123115), (-0.0127142, 0.0116562, 0.0123115), (-0.0126272, 0.0123081, 0.0117663), (-0.0137617, 0.0142541, 0.0076518), (-0.0141912, 0.0138246, 0.0076518), (-0.0139257, 0.0144233, 0.0070284), (-0.0143603, 0.0139886, 0.0070284), (-0.0100072, 0.0124913, 0.0138712), (-0.0096207, 0.0127926, 0.0138712), (-0.0092251, 0.0130819, 0.0138712), (-0.0088208, 0.0133589, 0.0138712), (-0.0102786, 0.0128285, 0.0133645), (-0.0098816, 0.013138, 0.0133645), (-0.0094752, 0.0134352, 0.0133645), (-0.0090599, 0.0137197, 0.0133645), (-0.008636, 0.0139912, 0.0133645), (-0.0110309, 0.0137634, 0.0117663), (-0.0106047, 0.0140956, 0.0117663), (-0.0101685, 0.0144146, 0.0117663), (-0.0112602, 0.0140484, 0.0112093), (-0.0108252, 0.0143876, 0.0112093), (0.0005164, 0.0150877, -0.015154), (0.0010635, 0.0150944, -0.0151173), (0.0010635, 0.0150544, -0.0151573), (0.0016091, 0.0150944, -0.0150673), (0.0016091, 0.0150044, -0.0151573), (0.0021526, 0.0150944, -0.0149975), (0.0021526, 0.0149346, -0.0151573), (0.0026931, 0.0150944, -0.0149078), (0.0026931, 0.0148449, -0.0151573), (0.00323, 0.0150944, -0.0147984), (0.00323, 0.0147356, -0.0151573), (0.0037625, 0.0150944, -0.0146696), (0.0037625, 0.0146067, -0.0151573), (0.0042004, 0.0149678, -0.0146787), (0.00429, 0.0144584, -0.0151573), (0.0046564, 0.0148304, -0.0146787), (0.0048117, 0.014291, -0.0151573), (0.005108, 0.0146791, -0.0146787), (0.005327, 0.0141047, -0.0151573), (0.0055547, 0.0145139, -0.0146787), (0.0058351, 0.0138996, -0.0151573), (0.0059961, 0.014335, -0.0146787), (0.0064318, 0.0141427, -0.0146787), (0.0061709, 0.0147481, -0.0141858), (0.0066192, 0.0145501, -0.0141858), (0.0063354, 0.0150944, -0.013739), (0.0068001, 0.0149433, -0.0136791), (0.0068272, 0.0150944, -0.0134974), (0.0072542, 0.0147259, -0.0136791), (0.0073098, 0.0150944, -0.013238), (0.0078984, 0.0148617, -0.013159), (0.0077826, 0.0150944, -0.0129612), (0.0082451, 0.0150944, -0.0126673), (0.00429, 0.0150944, -0.0145213), (0.0048117, 0.0150944, -0.0143539), (0.005327, 0.0150944, -0.0141675), (0.0057167, 0.0149321, -0.0141858), (0.0058351, 0.0150944, -0.0139625), (0.0086964, 0.0150944, -0.0123566), (0.0085495, 0.014957, -0.0126261), (0.0083494, 0.0146105, -0.013159), (0.0081411, 0.0142496, -0.0136791), (0.0077013, 0.0144946, -0.0136791), (0.0079247, 0.0138748, -0.0141858), (0.0074965, 0.0141133, -0.0141858), (0.0077004, 0.0134864, -0.0146787), (0.0072843, 0.0137181, -0.0146787), (0.0073098, 0.0131752, -0.0151573), (0.0068272, 0.0134346, -0.0151573), (0.0091361, 0.0150944, -0.0120297), (0.0092048, 0.0150115, -0.0120809), (0.0090031, 0.0146857, -0.0126261), (0.0087924, 0.0143455, -0.013159), (0.0085731, 0.0139912, -0.0136791), (0.0083453, 0.0136233, -0.0141858), (0.0081092, 0.0132419, -0.0146787), (0.0077826, 0.0128983, -0.0151573), (0.0095636, 0.0150944, -0.011687), (0.0096598, 0.01472, -0.0120809), (0.0094481, 0.0144005, -0.0126261), (0.0098842, 0.0141018, -0.0126261), (0.009653, 0.0137752, -0.013159), (0.0100697, 0.0134705, -0.013159), (0.0098186, 0.013138, -0.0136791), (0.0102156, 0.0128285, -0.0136791), (0.0099443, 0.0124913, -0.0141858), (0.0103213, 0.0121782, -0.0141858), (0.0100295, 0.0118376, -0.0146787), (0.0103864, 0.0115222, -0.0146787), (0.0099783, 0.011266, -0.0151573), (0.0103797, 0.010893, -0.0151573), (0.0107334, 0.011196, -0.0146787), (0.0110702, 0.0108592, -0.0146787), (0.0110456, 0.011518, -0.0141858), (0.0113921, 0.0111714, -0.0141858), (0.0113469, 0.0118287, -0.0136791), (0.0117028, 0.0114727, -0.0136791), (0.0116369, 0.0121278, -0.013159), (0.012002, 0.0117628, -0.013159), (0.0119155, 0.0124151, -0.0126261), (0.0122892, 0.0120413, -0.0126261), (0.0121822, 0.0126902, -0.0120809), (0.0125643, 0.0123081, -0.0120809), (0.0124369, 0.0129528, -0.0115239), (0.012827, 0.0125628, -0.0115239), (0.0126793, 0.0132028, -0.0109557), (0.013077, 0.0128052, -0.0109557), (0.0129092, 0.0134398, -0.0103768), (0.013314, 0.013035, -0.0103768), (0.0131262, 0.0136637, -0.0097879), (0.0135379, 0.0132521, -0.0097879), (0.0133303, 0.0138742, -0.0091894), (0.0137483, 0.0134562, -0.0091894), (0.0135212, 0.0140711, -0.0085821), (0.0139452, 0.0136471, -0.0085821), (0.0136988, 0.0142541, -0.0079664), (0.0141283, 0.0138246, -0.0079664), (0.0138627, 0.0144233, -0.007343), (0.0142974, 0.0139886, -0.007343), (0.014013, 0.0145782, -0.0067125), (0.0144524, 0.0141389, -0.0067125), (0.0141494, 0.0147189, -0.0060756), (0.0145931, 0.0142753, -0.0060756), (0.0142718, 0.0148451, -0.0054328), (0.0147193, 0.0143977, -0.0054328), (0.0143801, 0.0149568, -0.0047848), (0.014831, 0.014506, -0.0047848), (0.0144742, 0.0150538, -0.0041323), (0.014928, 0.0146, -0.0041323), (0.0144808, 0.0150944, -0.0039513), (0.0149685, 0.0146066, -0.0039513), (0.0146097, 0.0150944, -0.0034188), (0.0149685, 0.0147355, -0.0034188), (0.014719, 0.0150944, -0.0028819), (0.0149685, 0.0148449, -0.0028819), (0.0148087, 0.0150944, -0.0023413), (0.0149685, 0.0149345, -0.0023413), (0.0148786, 0.0150944, -0.0017979), (0.0149685, 0.0150044, -0.0017979), (0.0149285, 0.0150944, -0.0012522), (0.0149685, 0.0150544, -0.0012522), (0.0149585, 0.0150944, -0.0007051), (0.0149685, 0.0150844, -0.0007051), (0.0149685, 0.0150944, -0.0001573), (0.0098619, 0.015025, -0.0115239), (0.0099783, 0.0150944, -0.0113289), (0.010317, 0.0147132, -0.0115239), (0.0103797, 0.0150944, -0.0109559), (0.0105182, 0.0149974, -0.0109557), (0.0107671, 0.0150944, -0.0105684), (0.0109721, 0.0146655, -0.0109557), (0.0111711, 0.0149289, -0.0103768), (0.0114156, 0.0143197, -0.0109557), (0.0116226, 0.0145769, -0.0103768), (0.0118482, 0.0139604, -0.0109557), (0.0120631, 0.0142112, -0.0103768), (0.0122696, 0.013588, -0.0109557), (0.0124921, 0.013832, -0.0103768), (0.0111401, 0.0150944, -0.0101671), (0.0114982, 0.0150944, -0.0097524), (0.0118181, 0.0148199, -0.0097879), (0.0122659, 0.014448, -0.0097879), (0.0127021, 0.0140625, -0.0097879), (0.011841, 0.0150944, -0.0093249), (0.0120019, 0.0150483, -0.0091894), (0.0124567, 0.0146706, -0.0091894), (0.0128996, 0.0142791, -0.0091894), (0.0121679, 0.0150944, -0.0088852), (0.0126351, 0.0148789, -0.0085821), (0.0124785, 0.0150944, -0.0084338), (0.0127724, 0.0150944, -0.0079714), (0.012801, 0.0150725, -0.0079664), (0.0130493, 0.0150944, -0.0074986), (0.0132562, 0.0146703, -0.0079664), (0.0134149, 0.0148443, -0.007343), (0.0133087, 0.0150944, -0.0070159), (0.0135603, 0.0150039, -0.0067125), (0.0135503, 0.0150944, -0.0065242), (0.0137737, 0.0150944, -0.0060239), (0.0139788, 0.0150944, -0.0055158), (0.0141651, 0.0150944, -0.0050005), (0.0143325, 0.0150944, -0.0044788), (0.0149685, 0.0144584, -0.0044788), (0.0149685, 0.014291, -0.0050005), (0.0149685, 0.0141046, -0.0055158), (0.0149685, 0.0138996, -0.0060239), (0.0149685, 0.0136761, -0.0065242), (0.014878, 0.0136862, -0.0067125), (0.0147185, 0.0135407, -0.007343), (0.0149685, 0.0134345, -0.0070159), (0.0149685, 0.0131751, -0.0074986), (0.0149685, 0.0128983, -0.0079714), (0.0149467, 0.0129269, -0.0079664), (0.0145444, 0.013382, -0.0079664), (0.0149685, 0.0126043, -0.0084338), (0.014753, 0.012761, -0.0085821), (0.0143559, 0.0132102, -0.0085821), (0.0149685, 0.0122937, -0.0088852), (0.0145448, 0.0125825, -0.0091894), (0.0141533, 0.0130255, -0.0091894), (0.0149224, 0.0121277, -0.0091894), (0.0149685, 0.0119668, -0.0093249), (0.014694, 0.0119439, -0.0097879), (0.0149685, 0.0116241, -0.0097524), (0.0144511, 0.0117484, -0.0103768), (0.0148031, 0.0112969, -0.0103768), (0.0145396, 0.0110979, -0.0109557), (0.0149685, 0.0108929, -0.0105684), (0.0148716, 0.010644, -0.0109557), (0.0149685, 0.0105055, -0.0109559), (0.0145874, 0.0104428, -0.0115239), (0.0149685, 0.0101042, -0.0113289), (0.0148991, 0.0099877, -0.0115239), (0.0149685, 0.0096895, -0.011687), (0.0145941, 0.0097856, -0.0120809), (0.0148856, 0.0093306, -0.0120809), (0.0145598, 0.0091289, -0.0126261), (0.0149685, 0.0088223, -0.0123566), (0.0148311, 0.0086753, -0.0126261), (0.0149685, 0.0083709, -0.0126673), (0.0144846, 0.0084752, -0.013159), (0.0147358, 0.0080242, -0.013159), (0.0143687, 0.0078271, -0.0136791), (0.0146, 0.00738, -0.0136791), (0.0142126, 0.0071871, -0.0141858), (0.0144243, 0.0067451, -0.0141858), (0.0140168, 0.0065576, -0.0146787), (0.0142092, 0.0061219, -0.0146787), (0.0137737, 0.005961, -0.0151573), (0.0143881, 0.0056805, -0.0146787), (0.0139788, 0.0054529, -0.0151573), (0.0145533, 0.0052338, -0.0146787), (0.0141651, 0.0049376, -0.0151573), (0.0147046, 0.0047823, -0.0146787), (0.0143325, 0.0044159, -0.0151573), (0.014842, 0.0043262, -0.0146787), (0.0144808, 0.0038884, -0.0151573), (0.0149685, 0.0038884, -0.0146696), (0.0146097, 0.0033559, -0.0151573), (0.0149685, 0.0033558, -0.0147984), (0.014719, 0.002819, -0.0151573), (0.0149685, 0.0028189, -0.0149078), (0.0148087, 0.0022784, -0.0151573), (0.0149685, 0.0022784, -0.0149975), (0.0148786, 0.001735, -0.0151573), (0.0149685, 0.0017349, -0.0150673), (0.0149285, 0.0011894, -0.0151573), (0.0149685, 0.0011893, -0.0151173), (0.0149585, 0.0006423, -0.0151573), (0.0149685, 0.0006422, -0.0151473), (0.0149685, 9.44e-05, -0.0151573), (0.0149685, 0.011266, -0.0101671), (0.0149685, 0.009262, -0.0120297), (0.0149685, 0.0079085, -0.0129612), (0.0149685, 0.0074356, -0.013238), (0.0149685, 0.006953, -0.0134974), (0.0148175, 0.006926, -0.0136791), (0.0149685, 0.0064612, -0.013739), (0.0146222, 0.0062968, -0.0141858), (0.0149685, 0.005961, -0.0139625), (0.0148063, 0.0058426, -0.0141858), (0.0149685, 0.0054528, -0.0141675), (0.0149685, 0.0049376, -0.0143539), (0.0149685, 0.0044159, -0.0145213), (0.0135503, 0.0064613, -0.0151573), (0.0138111, 0.0069872, -0.0146787), (0.0139874, 0.0076224, -0.0141858), (0.0141238, 0.0082669, -0.0136791), (0.0142196, 0.0089183, -0.013159), (0.0142747, 0.009574, -0.0126261), (0.0142887, 0.0102314, -0.0120809), (0.0142617, 0.0108881, -0.0115239), (0.0141938, 0.0115414, -0.0109557), (0.0140853, 0.0121889, -0.0103768), (0.0143221, 0.0123918, -0.0097879), (0.0139366, 0.012828, -0.0097879), (0.0133087, 0.0069531, -0.0151573), (0.0135923, 0.0074102, -0.0146787), (0.013749, 0.0080505, -0.0141858), (0.0138654, 0.0086989, -0.0136791), (0.0139411, 0.009353, -0.013159), (0.013976, 0.01001, -0.0126261), (0.0139698, 0.0106676, -0.0120809), (0.0139226, 0.0113232, -0.0115239), (0.0138346, 0.0119741, -0.0109557), (0.0137062, 0.0126179, -0.0103768), (0.0130493, 0.0074357, -0.0151573), (0.0133605, 0.0078263, -0.0146787), (0.0134974, 0.0084711, -0.0141858), (0.0135938, 0.0091228, -0.0136791), (0.0136494, 0.0097789, -0.013159), (0.013664, 0.0104367, -0.0126261), (0.0136375, 0.0110938, -0.0120809), (0.0135702, 0.0117475, -0.0115239), (0.0134622, 0.0123955, -0.0109557), (0.0127724, 0.0079085, -0.0151573), (0.0131161, 0.008235, -0.0146787), (0.013233, 0.0088838, -0.0141858), (0.0133093, 0.0095381, -0.0136791), (0.0133447, 0.0101956, -0.013159), (0.013339, 0.0108536, -0.0126261), (0.0132923, 0.0115095, -0.0120809), (0.0132049, 0.0121609, -0.0115239), (0.0124785, 0.0083709, -0.0151573), (0.0128592, 0.008636, -0.0146787), (0.0129561, 0.0092881, -0.0141858), (0.0130122, 0.0099445, -0.0136791), (0.0130273, 0.0106027, -0.013159), (0.0130013, 0.0112602, -0.0126261), (0.0129345, 0.0119144, -0.0120809), (0.01259, 0.0090289, -0.0146787), (0.0121679, 0.0088223, -0.0151573), (0.0123089, 0.0094134, -0.0146787), (0.011841, 0.009262, -0.0151573), (0.0120161, 0.009789, -0.0146787), (0.0114982, 0.0096895, -0.0151573), (0.0117118, 0.0101554, -0.0146787), (0.0111401, 0.0101042, -0.0151573), (0.0113964, 0.0105123, -0.0146787), (0.0107671, 0.0105055, -0.0151573), (0.0095636, 0.0116241, -0.0151573), (0.0096631, 0.0121419, -0.0146787), (0.0095578, 0.0127926, -0.0141858), (0.0094123, 0.0134352, -0.0136791), (0.0092271, 0.014067, -0.013159), (0.0091361, 0.0119669, -0.0151573), (0.0092875, 0.0124347, -0.0146787), (0.0091622, 0.0130819, -0.0141858), (0.008997, 0.0137197, -0.0136791), (0.0086964, 0.0122938, -0.0151573), (0.0089031, 0.0127159, -0.0146787), (0.0087579, 0.0133589, -0.0141858), (0.0082451, 0.0126044, -0.0151573), (0.0085102, 0.012985, -0.0146787), (0.0068613, 0.013937, -0.0146787), (0.0063354, 0.0136762, -0.0151573), (0.0070612, 0.0143385, -0.0141858), (0.0101056, 0.0144146, -0.0120809), (0.0105418, 0.0140956, -0.0120809), (0.0107623, 0.0143876, -0.0115239), (0.0109679, 0.0137634, -0.0120809), (0.0111973, 0.0140484, -0.0115239), (0.0113837, 0.0134182, -0.0120809), (0.0116217, 0.013696, -0.0115239), (0.0117885, 0.0130603, -0.0120809), (0.012035, 0.0133307, -0.0115239), (0.0103109, 0.0137898, -0.0126261), (0.0104769, 0.0131531, -0.013159), (0.0106029, 0.0125069, -0.0136791), (0.0106886, 0.0118537, -0.0141858), (0.0107277, 0.0134648, -0.0126261), (0.0111343, 0.0131272, -0.0126261), (0.0115304, 0.0127771, -0.0126261), (0.010874, 0.0128233, -0.013159), (0.0109801, 0.0121735, -0.0136791), (0.0130844, 0.0144818, -0.0085821), (0.0112608, 0.0124814, -0.013159), (0.0126513, 0.0116562, -0.0126261), (0.0123556, 0.0113867, -0.013159), (0.0120477, 0.011106, -0.0136791), (0.0117278, 0.0108144, -0.0141858), (0.0126975, 0.0109999, -0.013159), (0.0123811, 0.0107288, -0.0136791), (0.0120524, 0.0104472, -0.0141858), (0.0127027, 0.0103415, -0.0136791), (0.0123655, 0.0100702, -0.0141858), (0.0126668, 0.0096837, -0.0141858), (-0.0150315, 9.44e-05, -0.0151573), (-0.0150215, -0.0004534, -0.0151573), (-0.0150315, -0.0004534, -0.0151473), (-0.0150315, -0.0010005, -0.0151173), (-0.0149914, -0.0010005, -0.0151573), (-0.0150315, -0.0015462, -0.0150673), (-0.0149415, -0.0015461, -0.0151573), (-0.0150315, -0.0020896, -0.0149975), (-0.0148716, -0.0020896, -0.0151573), (-0.0150315, -0.0026302, -0.0149078), (-0.0147819, -0.0026301, -0.0151573), (-0.0150315, -0.0031671, -0.0147984), (-0.0146726, -0.003167, -0.0151573), (-0.0150315, -0.0036996, -0.0146696), (-0.0145437, -0.0036996, -0.0151573), (-0.0149049, -0.0041375, -0.0146787), (-0.0143955, -0.0042271, -0.0151573), (-0.0147675, -0.0045935, -0.0146787), (-0.0142281, -0.0047488, -0.0151573), (-0.0146162, -0.0050451, -0.0146787), (-0.0140417, -0.005264, -0.0151573), (-0.014451, -0.0054918, -0.0146787), (-0.0138367, -0.0057721, -0.0151573), (-0.0142721, -0.0059332, -0.0146787), (-0.0140797, -0.0063689, -0.0146787), (-0.0144872, -0.0065563, -0.0141858), (-0.0142755, -0.0069983, -0.0141858), (-0.014663, -0.0071912, -0.0136791), (-0.0144317, -0.0076384, -0.0136791), (-0.0147987, -0.0078355, -0.013159), (-0.0145475, -0.0082865, -0.013159), (-0.0150315, -0.0081821, -0.0126673), (-0.0148941, -0.0084865, -0.0126261), (-0.0150315, -0.0086335, -0.0123566), (-0.0146228, -0.0089402, -0.0126261), (-0.0149485, -0.0091419, -0.0120809), (-0.014657, -0.0095969, -0.0120809), (-0.0150315, -0.0095007, -0.011687), (-0.014962, -0.009799, -0.0115239), (-0.0150315, -0.0099154, -0.0113289), (-0.0146503, -0.0102541, -0.0115239), (-0.0150315, -0.0103167, -0.0109559), (-0.0149345, -0.0104552, -0.0109557), (-0.0150315, -0.0107042, -0.0105684), (-0.0146025, -0.0109092, -0.0109557), (-0.014866, -0.0111082, -0.0103768), (-0.014514, -0.0115597, -0.0103768), (-0.0150315, -0.0114353, -0.0097524), (-0.0147569, -0.0117552, -0.0097879), (-0.0150315, -0.0117781, -0.0093249), (-0.0149854, -0.011939, -0.0091894), (-0.0150315, -0.012105, -0.0088852), (-0.0146077, -0.0123938, -0.0091894), (-0.0148159, -0.0125722, -0.0085821), (-0.0144189, -0.0130215, -0.0085821), (-0.0146073, -0.0131933, -0.0079664), (-0.0141912, -0.0136358, -0.0079664), (-0.0143603, -0.0137998, -0.007343), (-0.0139257, -0.0142345, -0.007343), (-0.0140759, -0.0143895, -0.0067125), (-0.0136232, -0.0148151, -0.0067125), (-0.0136132, -0.0149056, -0.0065242), (-0.0133716, -0.0149056, -0.0070159), (-0.0134778, -0.0146556, -0.007343), (-0.0131122, -0.0149056, -0.0074986), (-0.0133191, -0.0144815, -0.0079664), (-0.012864, -0.0148838, -0.0079664), (-0.0131473, -0.014293, -0.0085821), (-0.012698, -0.0146901, -0.0085821), (-0.0129626, -0.0140904, -0.0091894), (-0.0125196, -0.0144818, -0.0091894), (-0.0127651, -0.0138737, -0.0097879), (-0.0123289, -0.0142592, -0.0097879), (-0.012555, -0.0136433, -0.0103768), (-0.012126, -0.0140224, -0.0103768), (-0.0123325, -0.0133993, -0.0109557), (-0.0119112, -0.0137717, -0.0109557), (-0.012098, -0.0131419, -0.0115239), (-0.0116846, -0.0135072, -0.0115239), (-0.0118515, -0.0128716, -0.0120809), (-0.0114466, -0.0132294, -0.0120809), (-0.0115933, -0.0125884, -0.0126261), (-0.0111973, -0.0129384, -0.0126261), (-0.0113238, -0.0122927, -0.013159), (-0.0109369, -0.0126345, -0.013159), (-0.0110431, -0.0119848, -0.0136791), (-0.0106659, -0.0123181, -0.0136791), (-0.0107515, -0.0116649, -0.0141858), (-0.0103843, -0.0119895, -0.0141858), (-0.0104493, -0.0113335, -0.0146787), (-0.0100925, -0.0116489, -0.0146787), (-0.0100412, -0.0110772, -0.0151573), (-0.0096266, -0.0114353, -0.0151573), (-0.0136132, -0.0062724, -0.0151573), (-0.0138741, -0.0067984, -0.0146787), (-0.0140504, -0.0074336, -0.0141858), (-0.0141867, -0.0080781, -0.0136791), (-0.0142826, -0.0087295, -0.013159), (-0.0143376, -0.0093852, -0.0126261), (-0.0143517, -0.0100427, -0.0120809), (-0.0143247, -0.0106993, -0.0115239), (-0.0142568, -0.0113527, -0.0109557), (-0.0141482, -0.0120001, -0.0103768), (-0.0143851, -0.012203, -0.0097879), (-0.0139995, -0.0126392, -0.0097879), (-0.0142162, -0.0128367, -0.0091894), (-0.0138113, -0.0132674, -0.0091894), (-0.0140081, -0.0134583, -0.0085821), (-0.0135842, -0.0138823, -0.0085821), (-0.0137617, -0.0140654, -0.0079664), (-0.0133716, -0.0067642, -0.0151573), (-0.0136552, -0.0072214, -0.0146787), (-0.0138119, -0.0078617, -0.0141858), (-0.0139283, -0.0085102, -0.0136791), (-0.0140041, -0.0091642, -0.013159), (-0.0140389, -0.0098213, -0.0126261), (-0.0140327, -0.0104789, -0.0120809), (-0.0139855, -0.0111344, -0.0115239), (-0.0138975, -0.0117853, -0.0109557), (-0.0137691, -0.0124291, -0.0103768), (-0.0136008, -0.0130633, -0.0097879), (-0.0133933, -0.0136854, -0.0091894), (-0.0131122, -0.0072468, -0.0151573), (-0.0134235, -0.0076375, -0.0146787), (-0.0135603, -0.0082823, -0.0141858), (-0.0136567, -0.0089341, -0.0136791), (-0.0137123, -0.0095901, -0.013159), (-0.0137269, -0.0102479, -0.0126261), (-0.0137005, -0.010905, -0.0120809), (-0.0136331, -0.0115588, -0.0115239), (-0.0135251, -0.0122067, -0.0109557), (-0.0133769, -0.0128462, -0.0103768), (-0.0131892, -0.0134749, -0.0097879), (-0.0128354, -0.0077197, -0.0151573), (-0.013179, -0.0080462, -0.0146787), (-0.013296, -0.008695, -0.0141858), (-0.0133722, -0.0093494, -0.0136791), (-0.0134076, -0.0100068, -0.013159), (-0.0134019, -0.0106648, -0.0126261), (-0.0133552, -0.0113207, -0.0120809), (-0.0132678, -0.0119721, -0.0115239), (-0.0131399, -0.0126164, -0.0109557), (-0.0129721, -0.0132511, -0.0103768), (-0.0125414, -0.0081821, -0.0151573), (-0.0129221, -0.0084473, -0.0146787), (-0.013019, -0.0090993, -0.0141858), (-0.0130751, -0.0097557, -0.0136791), (-0.0130902, -0.0104139, -0.013159), (-0.0130642, -0.0110714, -0.0126261), (-0.0129974, -0.0117256, -0.0120809), (-0.0128899, -0.012374, -0.0115239), (-0.0127422, -0.013014, -0.0109557), (-0.0126529, -0.0088402, -0.0146787), (-0.0122308, -0.0086335, -0.0151573), (-0.0123718, -0.0092246, -0.0146787), (-0.0119039, -0.0090732, -0.0151573), (-0.012079, -0.0096002, -0.0146787), (-0.0115612, -0.0095007, -0.0151573), (-0.0117747, -0.0099666, -0.0146787), (-0.011203, -0.0099154, -0.0151573), (-0.0114593, -0.0103235, -0.0146787), (-0.01083, -0.0103167, -0.0151573), (-0.0111331, -0.0106705, -0.0146787), (-0.0104426, -0.0107041, -0.0151573), (-0.0107963, -0.0110072, -0.0146787), (-0.0097261, -0.0119531, -0.0146787), (-0.0091991, -0.011778, -0.0151573), (-0.0093505, -0.012246, -0.0146787), (-0.0087593, -0.0121049, -0.0151573), (-0.008966, -0.0125271, -0.0146787), (-0.008308, -0.0124155, -0.0151573), (-0.0085731, -0.0127962, -0.0146787), (-0.0081721, -0.0130532, -0.0146787), (-0.0084082, -0.0134345, -0.0141858), (-0.0079876, -0.013686, -0.0141858), (-0.008204, -0.0140609, -0.0136791), (-0.0077642, -0.0143058, -0.0136791), (-0.0079613, -0.0146729, -0.013159), (-0.0073171, -0.0145371, -0.0136791), (-0.0073727, -0.0149056, -0.013238), (-0.0068901, -0.0149056, -0.0134974), (-0.006863, -0.0147545, -0.0136791), (-0.0063983, -0.0149056, -0.013739), (-0.0066822, -0.0143614, -0.0141858), (-0.0062338, -0.0145593, -0.0141858), (-0.0064947, -0.0139539, -0.0146787), (-0.006059, -0.0141463, -0.0146787), (-0.005898, -0.0137108, -0.0151573), (-0.0056176, -0.0143251, -0.0146787), (-0.0053899, -0.0139158, -0.0151573), (-0.0051709, -0.0144903, -0.0146787), (-0.0048747, -0.0141022, -0.0151573), (-0.0047193, -0.0146417, -0.0146787), (-0.0043529, -0.0142696, -0.0151573), (-0.0042633, -0.0147791, -0.0146787), (-0.0038255, -0.0144178, -0.0151573), (-0.0038255, -0.0149056, -0.0146696), (-0.0032929, -0.0145467, -0.0151573), (-0.0032929, -0.0149056, -0.0147984), (-0.002756, -0.0146561, -0.0151573), (-0.002756, -0.0149056, -0.0149078), (-0.0022155, -0.0147457, -0.0151573), (-0.0022155, -0.0149056, -0.0149975), (-0.001672, -0.0148156, -0.0151573), (-0.001672, -0.0149056, -0.0150673), (-0.0011264, -0.0148656, -0.0151573), (-0.0011264, -0.0149056, -0.0151173), (-0.0005793, -0.0148989, -0.015154), (-0.0078456, -0.0127095, -0.0151573), (-0.0077633, -0.0132976, -0.0146787), (-0.0075594, -0.0139245, -0.0141858), (-0.0073727, -0.0129863, -0.0151573), (-0.0073473, -0.0135294, -0.0146787), (-0.0071242, -0.0141497, -0.0141858), (-0.0068901, -0.0132457, -0.0151573), (-0.0069243, -0.0137482, -0.0146787), (-0.0063983, -0.0134873, -0.0151573), (-0.0043529, -0.0149056, -0.0145213), (-0.0048747, -0.0149056, -0.0143539), (-0.0053899, -0.0149056, -0.0141675), (-0.0057796, -0.0147434, -0.0141858), (-0.005898, -0.0149056, -0.0139625), (-0.0078456, -0.0149056, -0.0129612), (-0.008308, -0.0149056, -0.0126673), (-0.0084123, -0.0144217, -0.013159), (-0.0086124, -0.0147682, -0.0126261), (-0.0088554, -0.0141567, -0.013159), (-0.009066, -0.0144969, -0.0126261), (-0.00929, -0.0138782, -0.013159), (-0.0095111, -0.0142118, -0.0126261), (-0.0097159, -0.0135865, -0.013159), (-0.0099471, -0.0139131, -0.0126261), (-0.0101327, -0.0132818, -0.013159), (-0.0103738, -0.0136011, -0.0126261), (-0.0105398, -0.0129643, -0.013159), (-0.0107906, -0.0132761, -0.0126261), (-0.0087593, -0.0149056, -0.0123566), (-0.0092677, -0.0148227, -0.0120809), (-0.0091991, -0.0149056, -0.0120297), (-0.0096266, -0.0149056, -0.011687), (-0.0100412, -0.0149056, -0.0113289), (-0.0099248, -0.0148362, -0.0115239), (-0.0097227, -0.0145312, -0.0120809), (-0.0103799, -0.0145244, -0.0115239), (-0.0104426, -0.0149056, -0.0109559), (-0.0105811, -0.0148086, -0.0109557), (-0.01083, -0.0149056, -0.0105684), (-0.011035, -0.0144767, -0.0109557), (-0.011234, -0.0147402, -0.0103768), (-0.0114785, -0.0141309, -0.0109557), (-0.0116855, -0.0143882, -0.0103768), (-0.011203, -0.0149056, -0.0101671), (-0.0115612, -0.0149056, -0.0097524), (-0.011881, -0.0146311, -0.0097879), (-0.0119039, -0.0149056, -0.0093249), (-0.0120648, -0.0148595, -0.0091894), (-0.0122308, -0.0149056, -0.0088852), (-0.0125414, -0.0149056, -0.0084338), (-0.0128354, -0.0149056, -0.0079714), (-0.0138367, -0.0149056, -0.0060239), (-0.0142123, -0.0145301, -0.0060756), (-0.0145153, -0.0139501, -0.0067125), (-0.014656, -0.0140865, -0.0060756), (-0.0150315, -0.0134873, -0.0065242), (-0.0150315, -0.0137108, -0.0060239), (-0.0150315, -0.0139159, -0.0055158), (-0.0147822, -0.0142089, -0.0054328), (-0.0150315, -0.0141022, -0.0050005), (-0.0148939, -0.0143172, -0.0047848), (-0.0150315, -0.0142696, -0.0044788), (-0.0149909, -0.0144113, -0.0041323), (-0.0150315, -0.0144179, -0.0039513), (-0.0145437, -0.0149056, -0.0039513), (-0.0146726, -0.0149056, -0.0034188), (-0.0140417, -0.0149056, -0.0055158), (-0.0143348, -0.0146564, -0.0054328), (-0.0142281, -0.0149056, -0.0050005), (-0.0144431, -0.0147681, -0.0047848), (-0.0143955, -0.0149056, -0.0044788), (-0.0145371, -0.0148651, -0.0041323), (-0.0150315, -0.0145468, -0.0034188), (-0.0147819, -0.0149056, -0.0028819), (-0.0150315, -0.0146561, -0.0028819), (-0.0148716, -0.0149056, -0.0023413), (-0.0150315, -0.0147458, -0.0023413), (-0.0149415, -0.0149056, -0.0017979), (-0.0150315, -0.0148156, -0.0017979), (-0.0149914, -0.0149056, -0.0012522), (-0.0150315, -0.0148656, -0.0012522), (-0.0150215, -0.0149056, -0.0007051), (-0.0150315, -0.0148956, -0.0007051), (-0.0150315, -0.0149056, -0.0001573), (-0.0149409, -0.0134974, -0.0067125), (-0.0150315, -0.0132458, -0.0070159), (-0.0147814, -0.013352, -0.007343), (-0.0150315, -0.0129864, -0.0074986), (-0.0150096, -0.0127381, -0.0079664), (-0.0150315, -0.0124156, -0.0084338), (-0.0150315, -0.0127095, -0.0079714), (-0.0150315, -0.0110772, -0.0101671), (-0.0150315, -0.0090732, -0.0120297), (-0.0150315, -0.0077197, -0.0129612), (-0.0150315, -0.0072469, -0.013238), (-0.0150315, -0.0067643, -0.0134974), (-0.0148804, -0.0067372, -0.0136791), (-0.0150315, -0.0062725, -0.013739), (-0.0146851, -0.006108, -0.0141858), (-0.0150315, -0.0057722, -0.0139625), (-0.0148692, -0.0056538, -0.0141858), (-0.0150315, -0.0052641, -0.0141675), (-0.0150315, -0.0047488, -0.0143539), (-0.0150315, -0.0042271, -0.0145213), (-0.0127297, -0.0094949, -0.0141858), (-0.0127656, -0.0101527, -0.0136791), (-0.0127604, -0.0108111, -0.013159), (-0.0127142, -0.0114675, -0.0126261), (-0.0126272, -0.0121193, -0.0120809), (-0.0124998, -0.0127641, -0.0115239), (-0.0124284, -0.0098814, -0.0141858), (-0.0121153, -0.0102584, -0.0141858), (-0.0117908, -0.0106256, -0.0141858), (-0.0114551, -0.0109827, -0.0141858), (-0.0111085, -0.0113292, -0.0141858), (-0.012444, -0.01054, -0.0136791), (-0.0124185, -0.0111979, -0.013159), (-0.0123522, -0.0118526, -0.0126261), (-0.0122452, -0.0125014, -0.0120809), (-0.0121106, -0.0109172, -0.0136791), (-0.0117658, -0.011284, -0.0136791), (-0.0114098, -0.0116399, -0.0136791), (-0.0120649, -0.011574, -0.013159), (-0.0119784, -0.0122263, -0.0126261), (-0.0116999, -0.0119391, -0.013159), (-0.0100072, -0.0123025, -0.0141858), (-0.0096207, -0.0126039, -0.0141858), (-0.0092251, -0.0128932, -0.0141858), (-0.0088208, -0.0131701, -0.0141858), (-0.0102786, -0.0126397, -0.0136791), (-0.0098816, -0.0129493, -0.0136791), (-0.0094752, -0.0132464, -0.0136791), (-0.0090599, -0.0135309, -0.0136791), (-0.008636, -0.0138025, -0.0136791), (-0.0110309, -0.0135746, -0.0120809), (-0.0106047, -0.0139069, -0.0120809), (-0.0101685, -0.0142258, -0.0120809), (-0.0112602, -0.0138597, -0.0115239), (-0.0108252, -0.0141988, -0.0115239), (-0.0150215, -0.0149056, 0.0003905), (-0.0150315, -0.0148956, 0.0003905), (-0.0149914, -0.0149056, 0.0009376), (-0.0150315, -0.0148656, 0.0009376), (-0.0149415, -0.0149056, 0.0014833), (-0.0150315, -0.0148156, 0.0014833), (-0.0148716, -0.0149056, 0.0020267), (-0.0150315, -0.0147458, 0.0020267), (-0.0147819, -0.0149056, 0.0025673), (-0.0150315, -0.0146561, 0.0025673), (-0.0150315, -0.0145468, 0.0031042), (-0.0146726, -0.0149056, 0.0031042), (-0.0145437, -0.0149056, 0.0036367), (-0.0143955, -0.0149056, 0.0041642), (-0.0145371, -0.0148651, 0.0038177), (-0.0149909, -0.0144113, 0.0038177), (-0.0150315, -0.0144179, 0.0036367), (-0.0150315, -0.0142696, 0.0041642), (-0.0148939, -0.0143172, 0.0044702), (-0.0150315, -0.0141022, 0.0046859), (-0.0147822, -0.0142089, 0.0051182), (-0.0150315, -0.0139159, 0.0052012), (-0.014656, -0.0140865, 0.005761), (-0.0150315, -0.0137108, 0.0057093), (-0.0145153, -0.0139501, 0.0063979), (-0.0150315, -0.0134873, 0.0062096), (-0.0149409, -0.0134974, 0.0063979), (-0.0150315, -0.0132458, 0.0067013), (-0.0147814, -0.013352, 0.0070284), (-0.0150315, -0.0129864, 0.007184), (-0.0146073, -0.0131933, 0.0076518), (-0.0150096, -0.0127381, 0.0076518), (-0.0144189, -0.0130215, 0.0082675), (-0.0148159, -0.0125722, 0.0082675), (-0.0142162, -0.0128367, 0.0088748), (-0.0146077, -0.0123938, 0.0088748), (-0.0139995, -0.0126392, 0.0094733), (-0.0143851, -0.012203, 0.0094733), (-0.0137691, -0.0124291, 0.0100622), (-0.0141482, -0.0120001, 0.0100622), (-0.0135251, -0.0122067, 0.0106411), (-0.0138975, -0.0117853, 0.0106411), (-0.0132678, -0.0119721, 0.0112093), (-0.0136331, -0.0115588, 0.0112093), (-0.0129974, -0.0117256, 0.0117663), (-0.0133552, -0.0113207, 0.0117663), (-0.0127142, -0.0114675, 0.0123115), (-0.0130642, -0.0110714, 0.0123115), (-0.0124185, -0.0111979, 0.0128444), (-0.0127604, -0.0108111, 0.0128444), (-0.0121106, -0.0109172, 0.0133645), (-0.012444, -0.01054, 0.0133645), (-0.0117908, -0.0106256, 0.0138712), (-0.0121153, -0.0102584, 0.0138712), (-0.0114593, -0.0103235, 0.0143641), (-0.0117747, -0.0099666, 0.0143641), (-0.011203, -0.0099154, 0.0148427), (-0.0115612, -0.0095007, 0.0148427), (-0.0144431, -0.0147681, 0.0044702), (-0.0142281, -0.0149056, 0.0046859), (-0.0143348, -0.0146564, 0.0051182), (-0.0140417, -0.0149056, 0.0052012), (-0.0142123, -0.0145301, 0.005761), (-0.0138367, -0.0149056, 0.0057093), (-0.0136132, -0.0149056, 0.0062096), (-0.0133716, -0.0149056, 0.0067013), (-0.0136232, -0.0148151, 0.0063979), (-0.0140759, -0.0143895, 0.0063979), (-0.0134778, -0.0146556, 0.0070284), (-0.0131122, -0.0149056, 0.007184), (-0.0133191, -0.0144815, 0.0076518), (-0.012864, -0.0148838, 0.0076518), (-0.012698, -0.0146901, 0.0082675), (-0.0128354, -0.0149056, 0.0076568), (-0.0125414, -0.0149056, 0.0081192), (-0.0122308, -0.0149056, 0.0085706), (-0.0125196, -0.0144818, 0.0088748), (-0.0131473, -0.014293, 0.0082675), (-0.0129626, -0.0140904, 0.0088748), (-0.0135842, -0.0138823, 0.0082675), (-0.0133933, -0.0136854, 0.0088748), (-0.0140081, -0.0134583, 0.0082675), (-0.0138113, -0.0132674, 0.0088748), (-0.0120648, -0.0148595, 0.0088748), (-0.0119039, -0.0149056, 0.0090103), (-0.011881, -0.0146311, 0.0094733), (-0.0115612, -0.0149056, 0.0094378), (-0.0116855, -0.0143882, 0.0100622), (-0.011234, -0.0147402, 0.0100622), (-0.011035, -0.0144767, 0.0106411), (-0.01083, -0.0149056, 0.0102538), (-0.0105811, -0.0148086, 0.0106411), (-0.0104426, -0.0149056, 0.0106413), (-0.0103799, -0.0145244, 0.0112093), (-0.0100412, -0.0149056, 0.0110143), (-0.0099248, -0.0148362, 0.0112093), (-0.0096266, -0.0149056, 0.0113724), (-0.0097227, -0.0145312, 0.0117663), (-0.0092677, -0.0148227, 0.0117663), (-0.009066, -0.0144969, 0.0123115), (-0.0087593, -0.0149056, 0.012042), (-0.0086124, -0.0147682, 0.0123115), (-0.008308, -0.0149056, 0.0123527), (-0.0084123, -0.0144217, 0.0128444), (-0.0079613, -0.0146729, 0.0128444), (-0.0077642, -0.0143058, 0.0133645), (-0.0073171, -0.0145371, 0.0133645), (-0.0071242, -0.0141497, 0.0138712), (-0.0066822, -0.0143614, 0.0138712), (-0.0064947, -0.0139539, 0.0143641), (-0.006059, -0.0141463, 0.0143641), (-0.005898, -0.0137108, 0.0148427), (-0.0056176, -0.0143251, 0.0143641), (-0.0053899, -0.0139159, 0.0148427), (-0.0051709, -0.0144903, 0.0143641), (-0.0048747, -0.0141022, 0.0148427), (-0.0047193, -0.0146417, 0.0143641), (-0.0043529, -0.0142696, 0.0148427), (-0.0042633, -0.0147791, 0.0143641), (-0.0038255, -0.0144179, 0.0148427), (-0.0038255, -0.0149056, 0.014355), (-0.0032929, -0.0145468, 0.0148427), (-0.0032929, -0.0149056, 0.0144838), (-0.002756, -0.0146561, 0.0148427), (-0.002756, -0.0149056, 0.0145932), (-0.0022155, -0.0147458, 0.0148427), (-0.0022155, -0.0149056, 0.0146829), (-0.001672, -0.0148156, 0.0148427), (-0.001672, -0.0149056, 0.0147527), (-0.0011264, -0.0148656, 0.0148427), (-0.0011264, -0.0149056, 0.0148027), (-0.0005793, -0.0148956, 0.0148427), (-0.0005793, -0.0149056, 0.0148327), (-3.15e-05, -0.0149056, 0.0148427), (-0.011203, -0.0149056, 0.0098525), (-0.0091991, -0.0149056, 0.0117151), (-0.0078456, -0.0149056, 0.0126466), (-0.0073727, -0.0149056, 0.0129234), (-0.0068901, -0.0149056, 0.0131828), (-0.006863, -0.0147545, 0.0133645), (-0.0063983, -0.0149056, 0.0134244), (-0.0062338, -0.0145593, 0.0138712), (-0.005898, -0.0149056, 0.0136479), (-0.0057796, -0.0147434, 0.0138712), (-0.0053899, -0.0149056, 0.0138529), (-0.0048747, -0.0149056, 0.0140393), (-0.0043529, -0.0149056, 0.0142067), (-0.0063983, -0.0134873, 0.0148427), (-0.0069243, -0.0137482, 0.0143641), (-0.0075594, -0.0139245, 0.0138712), (-0.008204, -0.0140609, 0.0133645), (-0.0088554, -0.0141567, 0.0128444), (-0.0095111, -0.0142118, 0.0123115), (-0.0101685, -0.0142258, 0.0117663), (-0.0108252, -0.0141988, 0.0112093), (-0.0114785, -0.0141309, 0.0106411), (-0.012126, -0.0140224, 0.0100622), (-0.0123289, -0.0142592, 0.0094733), (-0.0127651, -0.0138737, 0.0094733), (-0.0068901, -0.0132458, 0.0148427), (-0.0073473, -0.0135294, 0.0143641), (-0.0079876, -0.013686, 0.0138712), (-0.008636, -0.0138025, 0.0133645), (-0.00929, -0.0138782, 0.0128444), (-0.0099471, -0.0139131, 0.0123115), (-0.0106047, -0.0139069, 0.0117663), (-0.0112602, -0.0138597, 0.0112093), (-0.0119112, -0.0137717, 0.0106411), (-0.012555, -0.0136433, 0.0100622), (-0.0131892, -0.0134749, 0.0094733), (-0.0073727, -0.0129864, 0.0148427), (-0.0077633, -0.0132976, 0.0143641), (-0.0084082, -0.0134345, 0.0138712), (-0.0090599, -0.0135309, 0.0133645), (-0.0097159, -0.0135865, 0.0128444), (-0.0103738, -0.0136011, 0.0123115), (-0.0110309, -0.0135746, 0.0117663), (-0.0116846, -0.0135072, 0.0112093), (-0.0123325, -0.0133993, 0.0106411), (-0.0129721, -0.0132511, 0.0100622), (-0.0136008, -0.0130633, 0.0094733), (-0.0078456, -0.0127095, 0.0148427), (-0.0081721, -0.0130532, 0.0143641), (-0.0088208, -0.0131701, 0.0138712), (-0.0094752, -0.0132464, 0.0133645), (-0.0101327, -0.0132818, 0.0128444), (-0.0107906, -0.0132761, 0.0123115), (-0.0114466, -0.0132294, 0.0117663), (-0.012098, -0.0131419, 0.0112093), (-0.0127422, -0.013014, 0.0106411), (-0.0133769, -0.0128462, 0.0100622), (-0.008308, -0.0124156, 0.0148427), (-0.0085731, -0.0127962, 0.0143641), (-0.0092251, -0.0128932, 0.0138712), (-0.0098816, -0.0129493, 0.0133645), (-0.0105398, -0.0129643, 0.0128444), (-0.0111973, -0.0129384, 0.0123115), (-0.0118515, -0.0128716, 0.0117663), (-0.0124998, -0.0127641, 0.0112093), (-0.0131399, -0.0126164, 0.0106411), (-0.008966, -0.0125271, 0.0143641), (-0.0087593, -0.012105, 0.0148427), (-0.0093505, -0.012246, 0.0143641), (-0.0091991, -0.0117781, 0.0148427), (-0.0097261, -0.0119531, 0.0143641), (-0.0096266, -0.0114353, 0.0148427), (-0.0100925, -0.0116489, 0.0143641), (-0.0100412, -0.0110772, 0.0148427), (-0.0104493, -0.0113335, 0.0143641), (-0.0104426, -0.0107042, 0.0148427), (-0.0107963, -0.0110072, 0.0143641), (-0.01083, -0.0103167, 0.0148427), (-0.0111331, -0.0106705, 0.0143641), (-0.012079, -0.0096002, 0.0143641), (-0.0119039, -0.0090732, 0.0148427), (-0.0123718, -0.0092246, 0.0143641), (-0.0122308, -0.0086335, 0.0148427), (-0.0126529, -0.0088402, 0.0143641), (-0.0125414, -0.0081821, 0.0148427), (-0.0129221, -0.0084473, 0.0143641), (-0.013179, -0.0080462, 0.0143641), (-0.0135603, -0.0082823, 0.0138712), (-0.0138119, -0.0078617, 0.0138712), (-0.0141867, -0.0080781, 0.0133645), (-0.0144317, -0.0076384, 0.0133645), (-0.0147987, -0.0078355, 0.0128444), (-0.014663, -0.0071912, 0.0133645), (-0.0150315, -0.0072469, 0.0129234), (-0.0150315, -0.0067643, 0.0131828), (-0.0148804, -0.0067372, 0.0133645), (-0.0150315, -0.0062725, 0.0134244), (-0.0144872, -0.0065563, 0.0138712), (-0.0146851, -0.006108, 0.0138712), (-0.0140797, -0.0063689, 0.0143641), (-0.0142721, -0.0059332, 0.0143641), (-0.0138367, -0.0057722, 0.0148427), (-0.014451, -0.0054918, 0.0143641), (-0.0140417, -0.0052641, 0.0148427), (-0.0146162, -0.0050451, 0.0143641), (-0.0142281, -0.0047488, 0.0148427), (-0.0147675, -0.0045935, 0.0143641), (-0.0143955, -0.0042271, 0.0148427), (-0.0149049, -0.0041375, 0.0143641), (-0.0145437, -0.0036996, 0.0148427), (-0.0150315, -0.0036996, 0.014355), (-0.0146726, -0.0031671, 0.0148427), (-0.0150315, -0.0031671, 0.0144838), (-0.0147819, -0.0026302, 0.0148427), (-0.0150315, -0.0026302, 0.0145932), (-0.0148716, -0.0020896, 0.0148427), (-0.0150315, -0.0020896, 0.0146829), (-0.0149415, -0.0015462, 0.0148427), (-0.0150315, -0.0015462, 0.0147527), (-0.0149914, -0.0010005, 0.0148427), (-0.0150315, -0.0010005, 0.0148027), (-0.0150215, -0.0004534, 0.0148427), (-0.0150315, -0.0004534, 0.0148327), (-0.0128354, -0.0077197, 0.0148427), (-0.0134235, -0.0076375, 0.0143641), (-0.0140504, -0.0074336, 0.0138712), (-0.0131122, -0.0072469, 0.0148427), (-0.0136552, -0.0072214, 0.0143641), (-0.0142755, -0.0069983, 0.0138712), (-0.0133716, -0.0067643, 0.0148427), (-0.0138741, -0.0067984, 0.0143641), (-0.0136132, -0.0062725, 0.0148427), (-0.0150315, -0.0042271, 0.0142067), (-0.0150315, -0.0047488, 0.0140393), (-0.0150315, -0.0052641, 0.0138529), (-0.0148692, -0.0056538, 0.0138712), (-0.0150315, -0.0057722, 0.0136479), (-0.0150315, -0.0077197, 0.0126466), (-0.0150315, -0.0081821, 0.0123527), (-0.0145475, -0.0082865, 0.0128444), (-0.0148941, -0.0084865, 0.0123115), (-0.0142826, -0.0087295, 0.0128444), (-0.0146228, -0.0089402, 0.0123115), (-0.0140041, -0.0091642, 0.0128444), (-0.0143376, -0.0093852, 0.0123115), (-0.0137123, -0.0095901, 0.0128444), (-0.0140389, -0.0098213, 0.0123115), (-0.0134076, -0.0100068, 0.0128444), (-0.0137269, -0.0102479, 0.0123115), (-0.0130902, -0.0104139, 0.0128444), (-0.0134019, -0.0106648, 0.0123115), (-0.0150315, -0.0086335, 0.012042), (-0.0149485, -0.0091419, 0.0117663), (-0.0150315, -0.0090732, 0.0117151), (-0.0150315, -0.0095007, 0.0113724), (-0.0150315, -0.0099154, 0.0110143), (-0.014962, -0.009799, 0.0112093), (-0.014657, -0.0095969, 0.0117663), (-0.0146503, -0.0102541, 0.0112093), (-0.0150315, -0.0103167, 0.0106413), (-0.0149345, -0.0104552, 0.0106411), (-0.0150315, -0.0107042, 0.0102538), (-0.0146025, -0.0109092, 0.0106411), (-0.014866, -0.0111082, 0.0100622), (-0.0142568, -0.0113527, 0.0106411), (-0.014514, -0.0115597, 0.0100622), (-0.0150315, -0.0110772, 0.0098525), (-0.0150315, -0.0114353, 0.0094378), (-0.0147569, -0.0117552, 0.0094733), (-0.0150315, -0.0117781, 0.0090103), (-0.0149854, -0.011939, 0.0088748), (-0.0150315, -0.012105, 0.0085706), (-0.0150315, -0.0124156, 0.0081192), (-0.0150315, -0.0127095, 0.0076568), (-0.0114551, -0.0109827, 0.0138712), (-0.0111085, -0.0113292, 0.0138712), (-0.0107515, -0.0116649, 0.0138712), (-0.0103843, -0.0119895, 0.0138712), (-0.0100072, -0.0123025, 0.0138712), (-0.0096207, -0.0126039, 0.0138712), (-0.0117658, -0.011284, 0.0133645), (-0.0114098, -0.0116399, 0.0133645), (-0.0110431, -0.0119848, 0.0133645), (-0.0106659, -0.0123181, 0.0133645), (-0.0102786, -0.0126397, 0.0133645), (-0.0120649, -0.011574, 0.0128444), (-0.0123522, -0.0118526, 0.0123115), (-0.0126272, -0.0121193, 0.0117663), (-0.0128899, -0.012374, 0.0112093), (-0.0116999, -0.0119391, 0.0128444), (-0.0113238, -0.0122927, 0.0128444), (-0.0109369, -0.0126345, 0.0128444), (-0.0119784, -0.0122263, 0.0123115), (-0.0115933, -0.0125884, 0.0123115), (-0.0122452, -0.0125014, 0.0117663), (-0.0141912, -0.0136358, 0.0076518), (-0.0137617, -0.0140654, 0.0076518), (-0.0143603, -0.0137998, 0.0070284), (-0.0139257, -0.0142345, 0.0070284), (-0.0124284, -0.0098814, 0.0138712), (-0.0127297, -0.0094949, 0.0138712), (-0.013019, -0.0090993, 0.0138712), (-0.013296, -0.008695, 0.0138712), (-0.0127656, -0.0101527, 0.0133645), (-0.0130751, -0.0097557, 0.0133645), (-0.0133722, -0.0093494, 0.0133645), (-0.0136567, -0.0089341, 0.0133645), (-0.0139283, -0.0085102, 0.0133645), (-0.0137005, -0.010905, 0.0117663), (-0.0140327, -0.0104789, 0.0117663), (-0.0143517, -0.0100427, 0.0117663), (-0.0139855, -0.0111344, 0.0112093), (-0.0143247, -0.0106993, 0.0112093), (0.0005164, 0.0150844, 0.0148427), (0.0005164, 0.0150944, 0.0148327), (0.0010635, 0.0150944, 0.0148027), (0.0010635, 0.0150544, 0.0148427), (0.0016091, 0.0150944, 0.0147527), (0.0016091, 0.0150044, 0.0148427), (0.0021526, 0.0150944, 0.0146829), (0.0021526, 0.0149345, 0.0148427), (0.0026931, 0.0150944, 0.0145932), (0.0026931, 0.0148449, 0.0148427), (0.00323, 0.0150944, 0.0144838), (0.00323, 0.0147355, 0.0148427), (0.0037625, 0.0150944, 0.014355), (0.0037625, 0.0146066, 0.0148427), (0.0042004, 0.0149678, 0.0143641), (0.00429, 0.0144584, 0.0148427), (0.0046564, 0.0148304, 0.0143641), (0.0048117, 0.014291, 0.0148427), (0.005108, 0.0146791, 0.0143641), (0.005327, 0.0141046, 0.0148427), (0.0055547, 0.0145139, 0.0143641), (0.0058351, 0.0138996, 0.0148427), (0.0059961, 0.014335, 0.0143641), (0.0064318, 0.0141427, 0.0143641), (0.0066192, 0.0145501, 0.0138712), (0.0070612, 0.0143385, 0.0138712), (0.0072542, 0.0147259, 0.0133645), (0.0077013, 0.0144946, 0.0133645), (0.0078984, 0.0148617, 0.0128444), (0.0083494, 0.0146105, 0.0128444), (0.0082451, 0.0150944, 0.0123527), (0.0085495, 0.014957, 0.0123115), (0.0086964, 0.0150944, 0.012042), (0.0090031, 0.0146857, 0.0123115), (0.0092048, 0.0150115, 0.0117663), (0.0096598, 0.01472, 0.0117663), (0.0095636, 0.0150944, 0.0113724), (0.0098619, 0.015025, 0.0112093), (0.0099783, 0.0150944, 0.0110143), (0.010317, 0.0147132, 0.0112093), (0.0103797, 0.0150944, 0.0106413), (0.0105182, 0.0149974, 0.0106411), (0.0107671, 0.0150944, 0.0102538), (0.0109721, 0.0146655, 0.0106411), (0.0111711, 0.0149289, 0.0100622), (0.0116226, 0.0145769, 0.0100622), (0.0114982, 0.0150944, 0.0094378), (0.0118181, 0.0148199, 0.0094733), (0.011841, 0.0150944, 0.0090103), (0.0120019, 0.0150483, 0.0088748), (0.0121679, 0.0150944, 0.0085706), (0.0124567, 0.0146706, 0.0088748), (0.0126351, 0.0148789, 0.0082675), (0.0130844, 0.0144818, 0.0082675), (0.0132562, 0.0146703, 0.0076518), (0.0136988, 0.0142541, 0.0076518), (0.0138627, 0.0144233, 0.0070284), (0.0142974, 0.0139886, 0.0070284), (0.0144524, 0.0141389, 0.0063979), (0.014878, 0.0136862, 0.0063979), (0.0149685, 0.0136761, 0.0062096), (0.0149685, 0.0134345, 0.0067013), (0.0147185, 0.0135407, 0.0070284), (0.0149685, 0.0131751, 0.007184), (0.0145444, 0.013382, 0.0076518), (0.0149467, 0.0129269, 0.0076518), (0.0143559, 0.0132102, 0.0082675), (0.014753, 0.012761, 0.0082675), (0.0141533, 0.0130255, 0.0088748), (0.0145448, 0.0125825, 0.0088748), (0.0139366, 0.012828, 0.0094733), (0.0143221, 0.0123918, 0.0094733), (0.0137062, 0.0126179, 0.0100622), (0.0140853, 0.0121889, 0.0100622), (0.0134622, 0.0123955, 0.0106411), (0.0138346, 0.0119741, 0.0106411), (0.0132049, 0.0121609, 0.0112093), (0.0135702, 0.0117475, 0.0112093), (0.0129345, 0.0119144, 0.0117663), (0.0132923, 0.0115095, 0.0117663), (0.0126513, 0.0116562, 0.0123115), (0.0130013, 0.0112602, 0.0123115), (0.0123556, 0.0113867, 0.0128444), (0.0126975, 0.0109999, 0.0128444), (0.0120477, 0.011106, 0.0133645), (0.0123811, 0.0107288, 0.0133645), (0.0117278, 0.0108144, 0.0138712), (0.0120524, 0.0104472, 0.0138712), (0.0113964, 0.0105123, 0.0143641), (0.0117118, 0.0101554, 0.0143641), (0.0111401, 0.0101042, 0.0148427), (0.0114982, 0.0096895, 0.0148427), (0.0063354, 0.0136761, 0.0148427), (0.0068613, 0.013937, 0.0143641), (0.0074965, 0.0141133, 0.0138712), (0.0081411, 0.0142496, 0.0133645), (0.0087924, 0.0143455, 0.0128444), (0.0094481, 0.0144005, 0.0123115), (0.0101056, 0.0144146, 0.0117663), (0.0107623, 0.0143876, 0.0112093), (0.0114156, 0.0143197, 0.0106411), (0.0120631, 0.0142112, 0.0100622), (0.0122659, 0.014448, 0.0094733), (0.0127021, 0.0140625, 0.0094733), (0.0128996, 0.0142791, 0.0088748), (0.0133303, 0.0138742, 0.0088748), (0.0135212, 0.0140711, 0.0082675), (0.0139452, 0.0136471, 0.0082675), (0.0141283, 0.0138246, 0.0076518), (0.0068272, 0.0134345, 0.0148427), (0.0072843, 0.0137181, 0.0143641), (0.0079247, 0.0138748, 0.0138712), (0.0085731, 0.0139912, 0.0133645), (0.0092271, 0.014067, 0.0128444), (0.0098842, 0.0141018, 0.0123115), (0.0105418, 0.0140956, 0.0117663), (0.0111973, 0.0140484, 0.0112093), (0.0118482, 0.0139604, 0.0106411), (0.0124921, 0.013832, 0.0100622), (0.0131262, 0.0136637, 0.0094733), (0.0137483, 0.0134562, 0.0088748), (0.0073098, 0.0131751, 0.0148427), (0.0077004, 0.0134864, 0.0143641), (0.0083453, 0.0136233, 0.0138712), (0.008997, 0.0137197, 0.0133645), (0.009653, 0.0137752, 0.0128444), (0.0103109, 0.0137898, 0.0123115), (0.0109679, 0.0137634, 0.0117663), (0.0116217, 0.013696, 0.0112093), (0.0122696, 0.013588, 0.0106411), (0.0129092, 0.0134398, 0.0100622), (0.0135379, 0.0132521, 0.0094733), (0.0077826, 0.0128983, 0.0148427), (0.0081092, 0.0132419, 0.0143641), (0.0087579, 0.0133589, 0.0138712), (0.0094123, 0.0134352, 0.0133645), (0.0100697, 0.0134705, 0.0128444), (0.0107277, 0.0134648, 0.0123115), (0.0113837, 0.0134182, 0.0117663), (0.012035, 0.0133307, 0.0112093), (0.0126793, 0.0132028, 0.0106411), (0.013314, 0.013035, 0.0100622), (0.0082451, 0.0126043, 0.0148427), (0.0085102, 0.012985, 0.0143641), (0.0091622, 0.0130819, 0.0138712), (0.0098186, 0.013138, 0.0133645), (0.0104769, 0.0131531, 0.0128444), (0.0111343, 0.0131272, 0.0123115), (0.0117885, 0.0130603, 0.0117663), (0.0124369, 0.0129528, 0.0112093), (0.013077, 0.0128052, 0.0106411), (0.0089031, 0.0127159, 0.0143641), (0.0086964, 0.0122937, 0.0148427), (0.0092875, 0.0124347, 0.0143641), (0.0091361, 0.0119668, 0.0148427), (0.0096631, 0.0121419, 0.0143641), (0.0095636, 0.0116241, 0.0148427), (0.0100295, 0.0118376, 0.0143641), (0.0099783, 0.011266, 0.0148427), (0.0103864, 0.0115222, 0.0143641), (0.0103797, 0.0108929, 0.0148427), (0.0107334, 0.011196, 0.0143641), (0.0107671, 0.0105055, 0.0148427), (0.0110702, 0.0108592, 0.0143641), (0.0120161, 0.009789, 0.0143641), (0.011841, 0.009262, 0.0148427), (0.0123089, 0.0094134, 0.0143641), (0.0121679, 0.0088223, 0.0148427), (0.01259, 0.0090289, 0.0143641), (0.0124785, 0.0083709, 0.0148427), (0.0128592, 0.008636, 0.0143641), (0.0131161, 0.008235, 0.0143641), (0.0134974, 0.0084711, 0.0138712), (0.013749, 0.0080505, 0.0138712), (0.0141238, 0.0082669, 0.0133645), (0.0143687, 0.0078271, 0.0133645), (0.0147358, 0.0080242, 0.0128444), (0.0146, 0.00738, 0.0133645), (0.0149685, 0.0074356, 0.0129234), (0.0149685, 0.006953, 0.0131828), (0.0148175, 0.006926, 0.0133645), (0.0149685, 0.0064612, 0.0134244), (0.0144243, 0.0067451, 0.0138712), (0.0146222, 0.0062968, 0.0138712), (0.0140168, 0.0065576, 0.0143641), (0.0142092, 0.0061219, 0.0143641), (0.0137737, 0.005961, 0.0148427), (0.0143881, 0.0056805, 0.0143641), (0.0139788, 0.0054528, 0.0148427), (0.0145533, 0.0052338, 0.0143641), (0.0141651, 0.0049376, 0.0148427), (0.0147046, 0.0047823, 0.0143641), (0.0143325, 0.0044159, 0.0148427), (0.014842, 0.0043262, 0.0143641), (0.0144808, 0.0038884, 0.0148427), (0.0149685, 0.0038884, 0.014355), (0.0146097, 0.0033558, 0.0148427), (0.0149685, 0.0033558, 0.0144838), (0.014719, 0.0028189, 0.0148427), (0.0149685, 0.0028189, 0.0145932), (0.0148087, 0.0022784, 0.0148427), (0.0149685, 0.0022784, 0.0146829), (0.0148786, 0.0017349, 0.0148427), (0.0149685, 0.0017349, 0.0147527), (0.0149285, 0.0011893, 0.0148427), (0.0149685, 0.0011893, 0.0148027), (0.0149585, 0.0006422, 0.0148427), (0.0149685, 0.0006422, 0.0148327), (0.0149685, 9.44e-05, 0.0148427), (0.0127724, 0.0079085, 0.0148427), (0.0133605, 0.0078263, 0.0143641), (0.0139874, 0.0076224, 0.0138712), (0.0130493, 0.0074356, 0.0148427), (0.0135923, 0.0074102, 0.0143641), (0.0142126, 0.0071871, 0.0138712), (0.0133087, 0.006953, 0.0148427), (0.0138111, 0.0069872, 0.0143641), (0.0135503, 0.0064612, 0.0148427), (0.0149685, 0.0044159, 0.0142067), (0.0149685, 0.0049376, 0.0140393), (0.0149685, 0.0054528, 0.0138529), (0.0148063, 0.0058426, 0.0138712), (0.0149685, 0.005961, 0.0136479), (0.0149685, 0.0079085, 0.0126466), (0.0149685, 0.0083709, 0.0123527), (0.0144846, 0.0084752, 0.0128444), (0.0148311, 0.0086753, 0.0123115), (0.0142196, 0.0089183, 0.0128444), (0.0145598, 0.0091289, 0.0123115), (0.0139411, 0.009353, 0.0128444), (0.0142747, 0.009574, 0.0123115), (0.0136494, 0.0097789, 0.0128444), (0.013976, 0.01001, 0.0123115), (0.0133447, 0.0101956, 0.0128444), (0.013664, 0.0104367, 0.0123115), (0.0130273, 0.0106027, 0.0128444), (0.013339, 0.0108536, 0.0123115), (0.0149685, 0.0088223, 0.012042), (0.0148856, 0.0093306, 0.0117663), (0.0149685, 0.009262, 0.0117151), (0.0149685, 0.0096895, 0.0113724), (0.0149685, 0.0101042, 0.0110143), (0.0148991, 0.0099877, 0.0112093), (0.0145941, 0.0097856, 0.0117663), (0.0145874, 0.0104428, 0.0112093), (0.0149685, 0.0105055, 0.0106413), (0.0148716, 0.010644, 0.0106411), (0.0149685, 0.0108929, 0.0102538), (0.0145396, 0.0110979, 0.0106411), (0.0148031, 0.0112969, 0.0100622), (0.0141938, 0.0115414, 0.0106411), (0.0144511, 0.0117484, 0.0100622), (0.0149685, 0.011266, 0.0098525), (0.0149685, 0.0116241, 0.0094378), (0.014694, 0.0119439, 0.0094733), (0.0149685, 0.0119668, 0.0090103), (0.0149224, 0.0121277, 0.0088748), (0.0149685, 0.0122937, 0.0085706), (0.0149685, 0.0126043, 0.0081192), (0.0149685, 0.0128983, 0.0076568), (0.0149685, 0.0138996, 0.0057093), (0.0145931, 0.0142753, 0.005761), (0.014013, 0.0145782, 0.0063979), (0.0141494, 0.0147189, 0.005761), (0.0135503, 0.0150944, 0.0062096), (0.0137737, 0.0150944, 0.0057093), (0.0139788, 0.0150944, 0.0052012), (0.0142718, 0.0148451, 0.0051182), (0.0141651, 0.0150944, 0.0046859), (0.0143801, 0.0149568, 0.0044702), (0.0143325, 0.0150944, 0.0041642), (0.0144742, 0.0150538, 0.0038177), (0.0144808, 0.0150944, 0.0036367), (0.014928, 0.0146, 0.0038177), (0.0149685, 0.0146066, 0.0036367), (0.0149685, 0.0144584, 0.0041642), (0.014831, 0.014506, 0.0044702), (0.0149685, 0.014291, 0.0046859), (0.0147193, 0.0143977, 0.0051182), (0.0149685, 0.0141046, 0.0052012), (0.0149685, 0.0147355, 0.0031042), (0.0146097, 0.0150944, 0.0031042), (0.014719, 0.0150944, 0.0025673), (0.0149685, 0.0148449, 0.0025673), (0.0149685, 0.0149345, 0.0020267), (0.0148087, 0.0150944, 0.0020267), (0.0149685, 0.0150044, 0.0014833), (0.0148786, 0.0150944, 0.0014833), (0.0149685, 0.0150544, 0.0009376), (0.0149285, 0.0150944, 0.0009376), (0.0149685, 0.0150844, 0.0003905), (0.0149585, 0.0150944, 0.0003905), (0.0135603, 0.0150039, 0.0063979), (0.0133087, 0.0150944, 0.0067013), (0.0134149, 0.0148443, 0.0070284), (0.0130493, 0.0150944, 0.007184), (0.012801, 0.0150725, 0.0076518), (0.0127724, 0.0150944, 0.0076568), (0.0124785, 0.0150944, 0.0081192), (0.0111401, 0.0150944, 0.0098525), (0.0091361, 0.0150944, 0.0117151), (0.0077826, 0.0150944, 0.0126466), (0.0073098, 0.0150944, 0.0129234), (0.0068272, 0.0150944, 0.0131828), (0.0068001, 0.0149433, 0.0133645), (0.0063354, 0.0150944, 0.0134244), (0.0061709, 0.0147481, 0.0138712), (0.0058351, 0.0150944, 0.0136479), (0.0057167, 0.0149321, 0.0138712), (0.005327, 0.0150944, 0.0138529), (0.0048117, 0.0150944, 0.0140393), (0.00429, 0.0150944, 0.0142067), (0.0095578, 0.0127926, 0.0138712), (0.0102156, 0.0128285, 0.0133645), (0.010874, 0.0128233, 0.0128444), (0.0115304, 0.0127771, 0.0123115), (0.0121822, 0.0126902, 0.0117663), (0.012827, 0.0125628, 0.0112093), (0.0099443, 0.0124913, 0.0138712), (0.0103213, 0.0121782, 0.0138712), (0.0106886, 0.0118537, 0.0138712), (0.0110456, 0.011518, 0.0138712), (0.0113921, 0.0111714, 0.0138712), (0.0106029, 0.0125069, 0.0133645), (0.0112608, 0.0124814, 0.0128444), (0.0119155, 0.0124151, 0.0123115), (0.0125643, 0.0123081, 0.0117663), (0.0109801, 0.0121735, 0.0133645), (0.0113469, 0.0118287, 0.0133645), (0.0117028, 0.0114727, 0.0133645), (0.0116369, 0.0121278, 0.0128444), (0.0122892, 0.0120413, 0.0123115), (0.012002, 0.0117628, 0.0128444), (0.0123655, 0.0100702, 0.0138712), (0.0126668, 0.0096837, 0.0138712), (0.0129561, 0.0092881, 0.0138712), (0.013233, 0.0088838, 0.0138712), (0.0127027, 0.0103415, 0.0133645), (0.0130122, 0.0099445, 0.0133645), (0.0133093, 0.0095381, 0.0133645), (0.0135938, 0.0091228, 0.0133645), (0.0138654, 0.0086989, 0.0133645), (0.0136375, 0.0110938, 0.0117663), (0.0139698, 0.0106676, 0.0117663), (0.0142887, 0.0102314, 0.0117663), (0.0139226, 0.0113232, 0.0112093), (0.0142617, 0.0108881, 0.0112093), (0.0149685, -0.0004534, -0.0151473), (0.0149585, -0.0004534, -0.0151573), (0.0149685, -0.0010005, -0.0151173), (0.0149285, -0.0010005, -0.0151573), (0.0149685, -0.0015462, -0.0150673), (0.0148786, -0.0015461, -0.0151573), (0.0149685, -0.0020896, -0.0149975), (0.0148087, -0.0020896, -0.0151573), (0.0149685, -0.0026302, -0.0149078), (0.014719, -0.0026301, -0.0151573), (0.0149685, -0.0031671, -0.0147984), (0.0146097, -0.003167, -0.0151573), (0.0149685, -0.0036996, -0.0146696), (0.0144808, -0.0036996, -0.0151573), (0.014842, -0.0041375, -0.0146787), (0.0143325, -0.0042271, -0.0151573), (0.0147046, -0.0045935, -0.0146787), (0.0141651, -0.0047488, -0.0151573), (0.0145533, -0.0050451, -0.0146787), (0.0139788, -0.005264, -0.0151573), (0.0143881, -0.0054918, -0.0146787), (0.0137737, -0.0057721, -0.0151573), (0.0142092, -0.0059332, -0.0146787), (0.0140168, -0.0063689, -0.0146787), (0.0146222, -0.006108, -0.0141858), (0.0144243, -0.0065563, -0.0141858), (0.0149685, -0.0062725, -0.013739), (0.0148175, -0.0067372, -0.0136791), (0.0149685, -0.0067643, -0.0134974), (0.0146, -0.0071912, -0.0136791), (0.0149685, -0.0072469, -0.013238), (0.0147358, -0.0078355, -0.013159), (0.0149685, -0.0077197, -0.0129612), (0.0149685, -0.0081821, -0.0126673), (0.0149685, -0.0042271, -0.0145213), (0.0149685, -0.0047488, -0.0143539), (0.0149685, -0.0052641, -0.0141675), (0.0148063, -0.0056538, -0.0141858), (0.0149685, -0.0057722, -0.0139625), (0.0149685, -0.0086335, -0.0123566), (0.0148311, -0.0084865, -0.0126261), (0.0144846, -0.0082865, -0.013159), (0.0141238, -0.0080781, -0.0136791), (0.0143687, -0.0076384, -0.0136791), (0.013749, -0.0078617, -0.0141858), (0.0139874, -0.0074336, -0.0141858), (0.0133605, -0.0076375, -0.0146787), (0.0135923, -0.0072214, -0.0146787), (0.0130493, -0.0072468, -0.0151573), (0.0133087, -0.0067642, -0.0151573), (0.0149685, -0.0090732, -0.0120297), (0.0148856, -0.0091419, -0.0120809), (0.0145598, -0.0089402, -0.0126261), (0.0142196, -0.0087295, -0.013159), (0.0138654, -0.0085102, -0.0136791), (0.0134974, -0.0082823, -0.0141858), (0.0131161, -0.0080462, -0.0146787), (0.0127724, -0.0077197, -0.0151573), (0.0149685, -0.0095007, -0.011687), (0.0145941, -0.0095969, -0.0120809), (0.0142747, -0.0093852, -0.0126261), (0.013976, -0.0098213, -0.0126261), (0.0136494, -0.0095901, -0.013159), (0.0133447, -0.0100068, -0.013159), (0.0130122, -0.0097557, -0.0136791), (0.0127027, -0.0101527, -0.0136791), (0.0123655, -0.0098814, -0.0141858), (0.0120524, -0.0102584, -0.0141858), (0.0117118, -0.0099666, -0.0146787), (0.0113964, -0.0103235, -0.0146787), (0.0111401, -0.0099154, -0.0151573), (0.0107671, -0.0103167, -0.0151573), (0.0110702, -0.0106705, -0.0146787), (0.0107334, -0.0110072, -0.0146787), (0.0113921, -0.0109827, -0.0141858), (0.0110456, -0.0113292, -0.0141858), (0.0117028, -0.011284, -0.0136791), (0.0113469, -0.0116399, -0.0136791), (0.012002, -0.011574, -0.013159), (0.0116369, -0.0119391, -0.013159), (0.0122892, -0.0118526, -0.0126261), (0.0119155, -0.0122263, -0.0126261), (0.0125643, -0.0121193, -0.0120809), (0.0121822, -0.0125014, -0.0120809), (0.012827, -0.012374, -0.0115239), (0.0124369, -0.0127641, -0.0115239), (0.013077, -0.0126164, -0.0109557), (0.0126793, -0.013014, -0.0109557), (0.013314, -0.0128462, -0.0103768), (0.0129092, -0.0132511, -0.0103768), (0.0135379, -0.0130633, -0.0097879), (0.0131262, -0.0134749, -0.0097879), (0.0137483, -0.0132674, -0.0091894), (0.0133303, -0.0136854, -0.0091894), (0.0139452, -0.0134583, -0.0085821), (0.0135212, -0.0138823, -0.0085821), (0.0141283, -0.0136358, -0.0079664), (0.0136988, -0.0140654, -0.0079664), (0.0142974, -0.0137998, -0.007343), (0.0138627, -0.0142345, -0.007343), (0.0144524, -0.0139501, -0.0067125), (0.014013, -0.0143895, -0.0067125), (0.0145931, -0.0140865, -0.0060756), (0.0141494, -0.0145301, -0.0060756), (0.0147193, -0.0142089, -0.0054328), (0.0142718, -0.0146564, -0.0054328), (0.014831, -0.0143172, -0.0047848), (0.0143801, -0.0147681, -0.0047848), (0.014928, -0.0144113, -0.0041323), (0.0144742, -0.0148651, -0.0041323), (0.0149685, -0.0144179, -0.0039513), (0.0144808, -0.0149056, -0.0039513), (0.0149685, -0.0145468, -0.0034188), (0.0146097, -0.0149056, -0.0034188), (0.0149685, -0.0146561, -0.0028819), (0.014719, -0.0149056, -0.0028819), (0.0149685, -0.0147458, -0.0023413), (0.0148087, -0.0149056, -0.0023413), (0.0149685, -0.0148156, -0.0017979), (0.0148786, -0.0149056, -0.0017979), (0.0149685, -0.0148656, -0.0012522), (0.0149285, -0.0149056, -0.0012522), (0.0149685, -0.0148956, -0.0007051), (0.0149585, -0.0149056, -0.0007051), (0.0149685, -0.0149056, -0.0001573), (0.0148991, -0.009799, -0.0115239), (0.0149685, -0.0099154, -0.0113289), (0.0145874, -0.0102541, -0.0115239), (0.0149685, -0.0103167, -0.0109559), (0.0148716, -0.0104552, -0.0109557), (0.0149685, -0.0107042, -0.0105684), (0.0145396, -0.0109092, -0.0109557), (0.0148031, -0.0111082, -0.0103768), (0.0141938, -0.0113527, -0.0109557), (0.0144511, -0.0115597, -0.0103768), (0.0138346, -0.0117853, -0.0109557), (0.0140853, -0.0120001, -0.0103768), (0.0134622, -0.0122067, -0.0109557), (0.0137062, -0.0124291, -0.0103768), (0.0149685, -0.0110772, -0.0101671), (0.0149685, -0.0114353, -0.0097524), (0.014694, -0.0117552, -0.0097879), (0.0143221, -0.012203, -0.0097879), (0.0139366, -0.0126392, -0.0097879), (0.0149685, -0.0117781, -0.0093249), (0.0149224, -0.011939, -0.0091894), (0.0145448, -0.0123938, -0.0091894), (0.0141533, -0.0128367, -0.0091894), (0.0149685, -0.012105, -0.0088852), (0.014753, -0.0125722, -0.0085821), (0.0149685, -0.0124156, -0.0084338), (0.0149685, -0.0127095, -0.0079714), (0.0149467, -0.0127381, -0.0079664), (0.0149685, -0.0129864, -0.0074986), (0.0145444, -0.0131933, -0.0079664), (0.0147185, -0.013352, -0.007343), (0.0149685, -0.0132458, -0.0070159), (0.014878, -0.0134974, -0.0067125), (0.0149685, -0.0134873, -0.0065242), (0.0149685, -0.0137108, -0.0060239), (0.0149685, -0.0139159, -0.0055158), (0.0149685, -0.0141022, -0.0050005), (0.0149685, -0.0142696, -0.0044788), (0.0143325, -0.0149056, -0.0044788), (0.0141651, -0.0149056, -0.0050005), (0.0139788, -0.0149056, -0.0055158), (0.0137737, -0.0149056, -0.0060239), (0.0135503, -0.0149056, -0.0065242), (0.0135603, -0.0148151, -0.0067125), (0.0134149, -0.0146556, -0.007343), (0.0133087, -0.0149056, -0.0070159), (0.0130493, -0.0149056, -0.0074986), (0.0127724, -0.0149056, -0.0079714), (0.012801, -0.0148838, -0.0079664), (0.0132562, -0.0144815, -0.0079664), (0.0124785, -0.0149056, -0.0084338), (0.0126351, -0.0146901, -0.0085821), (0.0130844, -0.014293, -0.0085821), (0.0121679, -0.0149056, -0.0088852), (0.0124567, -0.0144818, -0.0091894), (0.0128996, -0.0140904, -0.0091894), (0.0120019, -0.0148595, -0.0091894), (0.011841, -0.0149056, -0.0093249), (0.0118181, -0.0146311, -0.0097879), (0.0114982, -0.0149056, -0.0097524), (0.0116226, -0.0143882, -0.0103768), (0.0111711, -0.0147402, -0.0103768), (0.0109721, -0.0144767, -0.0109557), (0.0107671, -0.0149056, -0.0105684), (0.0105182, -0.0148086, -0.0109557), (0.0103797, -0.0149056, -0.0109559), (0.010317, -0.0145244, -0.0115239), (0.0099783, -0.0149056, -0.0113289), (0.0098619, -0.0148362, -0.0115239), (0.0095636, -0.0149056, -0.011687), (0.0096598, -0.0145312, -0.0120809), (0.0092048, -0.0148227, -0.0120809), (0.0090031, -0.0144969, -0.0126261), (0.0086964, -0.0149056, -0.0123566), (0.0085495, -0.0147682, -0.0126261), (0.0082451, -0.0149056, -0.0126673), (0.0083494, -0.0144217, -0.013159), (0.0078984, -0.0146729, -0.013159), (0.0077013, -0.0143058, -0.0136791), (0.0072542, -0.0145371, -0.0136791), (0.0070612, -0.0141497, -0.0141858), (0.0066192, -0.0143614, -0.0141858), (0.0064318, -0.0139539, -0.0146787), (0.0059961, -0.0141463, -0.0146787), (0.0058351, -0.0137108, -0.0151573), (0.0055547, -0.0143251, -0.0146787), (0.005327, -0.0139158, -0.0151573), (0.005108, -0.0144903, -0.0146787), (0.0048117, -0.0141022, -0.0151573), (0.0046564, -0.0146417, -0.0146787), (0.00429, -0.0142696, -0.0151573), (0.0042004, -0.0147791, -0.0146787), (0.0037625, -0.0144178, -0.0151573), (0.0037625, -0.0149056, -0.0146696), (0.00323, -0.0145467, -0.0151573), (0.00323, -0.0149056, -0.0147984), (0.0026931, -0.0146561, -0.0151573), (0.0026931, -0.0149056, -0.0149078), (0.0021526, -0.0147457, -0.0151573), (0.0021526, -0.0149056, -0.0149975), (0.0016091, -0.0148156, -0.0151573), (0.0016091, -0.0149056, -0.0150673), (0.0010635, -0.0148656, -0.0151573), (0.0010635, -0.0149056, -0.0151173), (0.0005164, -0.0148989, -0.015154), (0.0111401, -0.0149056, -0.0101671), (0.0091361, -0.0149056, -0.0120297), (0.0077826, -0.0149056, -0.0129612), (0.0073098, -0.0149056, -0.013238), (0.0068272, -0.0149056, -0.0134974), (0.0068001, -0.0147545, -0.0136791), (0.0063354, -0.0149056, -0.013739), (0.0061709, -0.0145593, -0.0141858), (0.0058351, -0.0149056, -0.0139625), (0.0057167, -0.0147434, -0.0141858), (0.005327, -0.0149056, -0.0141675), (0.0048117, -0.0149056, -0.0143539), (0.00429, -0.0149056, -0.0145213), (0.0063354, -0.0134873, -0.0151573), (0.0068613, -0.0137482, -0.0146787), (0.0074965, -0.0139245, -0.0141858), (0.0081411, -0.0140609, -0.0136791), (0.0087924, -0.0141567, -0.013159), (0.0094481, -0.0142118, -0.0126261), (0.0101056, -0.0142258, -0.0120809), (0.0107623, -0.0141988, -0.0115239), (0.0114156, -0.0141309, -0.0109557), (0.0120631, -0.0140224, -0.0103768), (0.0122659, -0.0142592, -0.0097879), (0.0127021, -0.0138737, -0.0097879), (0.0068272, -0.0132457, -0.0151573), (0.0072843, -0.0135294, -0.0146787), (0.0079247, -0.013686, -0.0141858), (0.0085731, -0.0138025, -0.0136791), (0.0092271, -0.0138782, -0.013159), (0.0098842, -0.0139131, -0.0126261), (0.0105418, -0.0139069, -0.0120809), (0.0111973, -0.0138597, -0.0115239), (0.0118482, -0.0137717, -0.0109557), (0.0124921, -0.0136433, -0.0103768), (0.0073098, -0.0129863, -0.0151573), (0.0077004, -0.0132976, -0.0146787), (0.0083453, -0.0134345, -0.0141858), (0.008997, -0.0135309, -0.0136791), (0.009653, -0.0135865, -0.013159), (0.0103109, -0.0136011, -0.0126261), (0.0109679, -0.0135746, -0.0120809), (0.0116217, -0.0135072, -0.0115239), (0.0122696, -0.0133993, -0.0109557), (0.0077826, -0.0127095, -0.0151573), (0.0081092, -0.0130532, -0.0146787), (0.0087579, -0.0131701, -0.0141858), (0.0094123, -0.0132464, -0.0136791), (0.0100697, -0.0132818, -0.013159), (0.0107277, -0.0132761, -0.0126261), (0.0113837, -0.0132294, -0.0120809), (0.012035, -0.0131419, -0.0115239), (0.0082451, -0.0124155, -0.0151573), (0.0085102, -0.0127962, -0.0146787), (0.0091622, -0.0128932, -0.0141858), (0.0098186, -0.0129493, -0.0136791), (0.0104769, -0.0129643, -0.013159), (0.0111343, -0.0129384, -0.0126261), (0.0117885, -0.0128716, -0.0120809), (0.0089031, -0.0125271, -0.0146787), (0.0086964, -0.0121049, -0.0151573), (0.0092875, -0.012246, -0.0146787), (0.0091361, -0.011778, -0.0151573), (0.0096631, -0.0119531, -0.0146787), (0.0095636, -0.0114353, -0.0151573), (0.0100295, -0.0116489, -0.0146787), (0.0099783, -0.0110772, -0.0151573), (0.0103864, -0.0113335, -0.0146787), (0.0103797, -0.0107041, -0.0151573), (0.0114982, -0.0095007, -0.0151573), (0.0120161, -0.0096002, -0.0146787), (0.0126668, -0.0094949, -0.0141858), (0.0133093, -0.0093494, -0.0136791), (0.0139411, -0.0091642, -0.013159), (0.011841, -0.0090732, -0.0151573), (0.0123089, -0.0092246, -0.0146787), (0.0129561, -0.0090993, -0.0141858), (0.0135938, -0.0089341, -0.0136791), (0.0121679, -0.0086335, -0.0151573), (0.01259, -0.0088402, -0.0146787), (0.013233, -0.008695, -0.0141858), (0.0124785, -0.0081821, -0.0151573), (0.0128592, -0.0084473, -0.0146787), (0.0138111, -0.0067984, -0.0146787), (0.0135503, -0.0062724, -0.0151573), (0.0142126, -0.0069983, -0.0141858), (0.0142887, -0.0100427, -0.0120809), (0.0139698, -0.0104789, -0.0120809), (0.0142617, -0.0106993, -0.0115239), (0.0136375, -0.010905, -0.0120809), (0.0139226, -0.0111344, -0.0115239), (0.0132923, -0.0113207, -0.0120809), (0.0135702, -0.0115588, -0.0115239), (0.0129345, -0.0117256, -0.0120809), (0.0132049, -0.0119721, -0.0115239), (0.013664, -0.0102479, -0.0126261), (0.0130273, -0.0104139, -0.013159), (0.0123811, -0.01054, -0.0136791), (0.0117278, -0.0106256, -0.0141858), (0.013339, -0.0106648, -0.0126261), (0.0130013, -0.0110714, -0.0126261), (0.0126513, -0.0114675, -0.0126261), (0.0126975, -0.0108111, -0.013159), (0.0120477, -0.0109172, -0.0136791), (0.0143559, -0.0130215, -0.0085821), (0.0123556, -0.0111979, -0.013159), (0.0115304, -0.0125884, -0.0126261), (0.0112608, -0.0122927, -0.013159), (0.0109801, -0.0119848, -0.0136791), (0.0106886, -0.0116649, -0.0141858), (0.010874, -0.0126345, -0.013159), (0.0106029, -0.0123181, -0.0136791), (0.0103213, -0.0119895, -0.0141858), (0.0102156, -0.0126397, -0.0136791), (0.0099443, -0.0123025, -0.0141858), (0.0095578, -0.0126039, -0.0141858), (0.0005164, -0.0149056, 0.0148327), (0.0005164, -0.0148956, 0.0148427), (0.0010635, -0.0149056, 0.0148027), (0.0010635, -0.0148656, 0.0148427), (0.0016091, -0.0149056, 0.0147527), (0.0016091, -0.0148156, 0.0148427), (0.0021526, -0.0149056, 0.0146829), (0.0021526, -0.0147458, 0.0148427), (0.0026931, -0.0149056, 0.0145932), (0.0026931, -0.0146561, 0.0148427), (0.00323, -0.0149056, 0.0144838), (0.00323, -0.0145468, 0.0148427), (0.0037625, -0.0149056, 0.014355), (0.0037625, -0.0144179, 0.0148427), (0.0042004, -0.0147791, 0.0143641), (0.00429, -0.0142696, 0.0148427), (0.0046564, -0.0146417, 0.0143641), (0.0048117, -0.0141022, 0.0148427), (0.005108, -0.0144903, 0.0143641), (0.005327, -0.0139159, 0.0148427), (0.0055547, -0.0143251, 0.0143641), (0.0058351, -0.0137108, 0.0148427), (0.0059961, -0.0141463, 0.0143641), (0.0064318, -0.0139539, 0.0143641), (0.0061709, -0.0145593, 0.0138712), (0.0066192, -0.0143614, 0.0138712), (0.0063354, -0.0149056, 0.0134244), (0.0068001, -0.0147545, 0.0133645), (0.0068272, -0.0149056, 0.0131828), (0.0072542, -0.0145371, 0.0133645), (0.0073098, -0.0149056, 0.0129234), (0.0078984, -0.0146729, 0.0128444), (0.0077826, -0.0149056, 0.0126466), (0.0082451, -0.0149056, 0.0123527), (0.00429, -0.0149056, 0.0142067), (0.0048117, -0.0149056, 0.0140393), (0.005327, -0.0149056, 0.0138529), (0.0057167, -0.0147434, 0.0138712), (0.0058351, -0.0149056, 0.0136479), (0.0086964, -0.0149056, 0.012042), (0.0085495, -0.0147682, 0.0123115), (0.0083494, -0.0144217, 0.0128444), (0.0081411, -0.0140609, 0.0133645), (0.0077013, -0.0143058, 0.0133645), (0.0079247, -0.013686, 0.0138712), (0.0074965, -0.0139245, 0.0138712), (0.0077004, -0.0132976, 0.0143641), (0.0072843, -0.0135294, 0.0143641), (0.0073098, -0.0129864, 0.0148427), (0.0068272, -0.0132458, 0.0148427), (0.0091361, -0.0149056, 0.0117151), (0.0092048, -0.0148227, 0.0117663), (0.0090031, -0.0144969, 0.0123115), (0.0087924, -0.0141567, 0.0128444), (0.0085731, -0.0138025, 0.0133645), (0.0083453, -0.0134345, 0.0138712), (0.0081092, -0.0130532, 0.0143641), (0.0077826, -0.0127095, 0.0148427), (0.0095636, -0.0149056, 0.0113724), (0.0096598, -0.0145312, 0.0117663), (0.0094481, -0.0142118, 0.0123115), (0.0098842, -0.0139131, 0.0123115), (0.009653, -0.0135865, 0.0128444), (0.0100697, -0.0132818, 0.0128444), (0.0098186, -0.0129493, 0.0133645), (0.0102156, -0.0126397, 0.0133645), (0.0099443, -0.0123025, 0.0138712), (0.0103213, -0.0119895, 0.0138712), (0.0100295, -0.0116489, 0.0143641), (0.0103864, -0.0113335, 0.0143641), (0.0099783, -0.0110772, 0.0148427), (0.0103797, -0.0107042, 0.0148427), (0.0107334, -0.0110072, 0.0143641), (0.0110702, -0.0106705, 0.0143641), (0.0110456, -0.0113292, 0.0138712), (0.0113921, -0.0109827, 0.0138712), (0.0113469, -0.0116399, 0.0133645), (0.0117028, -0.011284, 0.0133645), (0.0116369, -0.0119391, 0.0128444), (0.012002, -0.011574, 0.0128444), (0.0119155, -0.0122263, 0.0123115), (0.0122892, -0.0118526, 0.0123115), (0.0121822, -0.0125014, 0.0117663), (0.0125643, -0.0121193, 0.0117663), (0.0124369, -0.0127641, 0.0112093), (0.012827, -0.012374, 0.0112093), (0.0126793, -0.013014, 0.0106411), (0.013077, -0.0126164, 0.0106411), (0.0129092, -0.0132511, 0.0100622), (0.013314, -0.0128462, 0.0100622), (0.0131262, -0.0134749, 0.0094733), (0.0135379, -0.0130633, 0.0094733), (0.0133303, -0.0136854, 0.0088748), (0.0137483, -0.0132674, 0.0088748), (0.0135212, -0.0138823, 0.0082675), (0.0139452, -0.0134583, 0.0082675), (0.0136988, -0.0140654, 0.0076518), (0.0141283, -0.0136358, 0.0076518), (0.0138627, -0.0142345, 0.0070284), (0.0142974, -0.0137998, 0.0070284), (0.014013, -0.0143895, 0.0063979), (0.0144524, -0.0139501, 0.0063979), (0.0141494, -0.0145301, 0.005761), (0.0145931, -0.0140865, 0.005761), (0.0142718, -0.0146564, 0.0051182), (0.0147193, -0.0142089, 0.0051182), (0.0143801, -0.0147681, 0.0044702), (0.014831, -0.0143172, 0.0044702), (0.0144742, -0.0148651, 0.0038177), (0.014928, -0.0144113, 0.0038177), (0.0149685, -0.0144179, 0.0036367), (0.0149685, -0.0142696, 0.0041642), (0.0098619, -0.0148362, 0.0112093), (0.0099783, -0.0149056, 0.0110143), (0.010317, -0.0145244, 0.0112093), (0.0103797, -0.0149056, 0.0106413), (0.0105182, -0.0148086, 0.0106411), (0.0107671, -0.0149056, 0.0102538), (0.0109721, -0.0144767, 0.0106411), (0.0111711, -0.0147402, 0.0100622), (0.0114156, -0.0141309, 0.0106411), (0.0116226, -0.0143882, 0.0100622), (0.0118482, -0.0137717, 0.0106411), (0.0120631, -0.0140224, 0.0100622), (0.0122696, -0.0133993, 0.0106411), (0.0124921, -0.0136433, 0.0100622), (0.0111401, -0.0149056, 0.0098525), (0.0114982, -0.0149056, 0.0094378), (0.0118181, -0.0146311, 0.0094733), (0.0122659, -0.0142592, 0.0094733), (0.0127021, -0.0138737, 0.0094733), (0.011841, -0.0149056, 0.0090103), (0.0120019, -0.0148595, 0.0088748), (0.0124567, -0.0144818, 0.0088748), (0.0128996, -0.0140904, 0.0088748), (0.0121679, -0.0149056, 0.0085706), (0.0126351, -0.0146901, 0.0082675), (0.0124785, -0.0149056, 0.0081192), (0.0127724, -0.0149056, 0.0076568), (0.012801, -0.0148838, 0.0076518), (0.0130493, -0.0149056, 0.007184), (0.0132562, -0.0144815, 0.0076518), (0.0134149, -0.0146556, 0.0070284), (0.0133087, -0.0149056, 0.0067013), (0.0135603, -0.0148151, 0.0063979), (0.0135503, -0.0149056, 0.0062096), (0.0137737, -0.0149056, 0.0057093), (0.0139788, -0.0149056, 0.0052012), (0.0141651, -0.0149056, 0.0046859), (0.0143325, -0.0149056, 0.0041642), (0.0144808, -0.0149056, 0.0036367), (0.0146097, -0.0149056, 0.0031042), (0.0149685, -0.0145468, 0.0031042), (0.0149685, -0.0146561, 0.0025673), (0.014719, -0.0149056, 0.0025673), (0.0148087, -0.0149056, 0.0020267), (0.0149685, -0.0147458, 0.0020267), (0.0148786, -0.0149056, 0.0014833), (0.0149685, -0.0148156, 0.0014833), (0.0149285, -0.0149056, 0.0009376), (0.0149685, -0.0148656, 0.0009376), (0.0149585, -0.0149056, 0.0003905), (0.0149685, -0.0148956, 0.0003905), (0.0149685, -0.0141022, 0.0046859), (0.0149685, -0.0139159, 0.0052012), (0.0149685, -0.0137108, 0.0057093), (0.0149685, -0.0134873, 0.0062096), (0.0149685, -0.0132458, 0.0067013), (0.014878, -0.0134974, 0.0063979), (0.0147185, -0.013352, 0.0070284), (0.0149685, -0.0129864, 0.007184), (0.0145444, -0.0131933, 0.0076518), (0.0149467, -0.0127381, 0.0076518), (0.014753, -0.0125722, 0.0082675), (0.0149685, -0.0127095, 0.0076568), (0.0149685, -0.0124156, 0.0081192), (0.0149685, -0.012105, 0.0085706), (0.0145448, -0.0123938, 0.0088748), (0.0143559, -0.0130215, 0.0082675), (0.0141533, -0.0128367, 0.0088748), (0.0149224, -0.011939, 0.0088748), (0.0149685, -0.0117781, 0.0090103), (0.014694, -0.0117552, 0.0094733), (0.0149685, -0.0114353, 0.0094378), (0.0144511, -0.0115597, 0.0100622), (0.0148031, -0.0111082, 0.0100622), (0.0145396, -0.0109092, 0.0106411), (0.0149685, -0.0107042, 0.0102538), (0.0148716, -0.0104552, 0.0106411), (0.0149685, -0.0103167, 0.0106413), (0.0145874, -0.0102541, 0.0112093), (0.0149685, -0.0099154, 0.0110143), (0.0148991, -0.009799, 0.0112093), (0.0149685, -0.0095007, 0.0113724), (0.0145941, -0.0095969, 0.0117663), (0.0148856, -0.0091419, 0.0117663), (0.0145598, -0.0089402, 0.0123115), (0.0149685, -0.0086335, 0.012042), (0.0148311, -0.0084865, 0.0123115), (0.0149685, -0.0081821, 0.0123527), (0.0144846, -0.0082865, 0.0128444), (0.0147358, -0.0078355, 0.0128444), (0.0143687, -0.0076384, 0.0133645), (0.0146, -0.0071912, 0.0133645), (0.0142126, -0.0069983, 0.0138712), (0.0144243, -0.0065563, 0.0138712), (0.0140168, -0.0063689, 0.0143641), (0.0142092, -0.0059332, 0.0143641), (0.0137737, -0.0057722, 0.0148427), (0.0143881, -0.0054918, 0.0143641), (0.0139788, -0.0052641, 0.0148427), (0.0145533, -0.0050451, 0.0143641), (0.0141651, -0.0047488, 0.0148427), (0.0147046, -0.0045935, 0.0143641), (0.0143325, -0.0042271, 0.0148427), (0.014842, -0.0041375, 0.0143641), (0.0144808, -0.0036996, 0.0148427), (0.0149685, -0.0036996, 0.014355), (0.0146097, -0.0031671, 0.0148427), (0.0149685, -0.0031671, 0.0144838), (0.014719, -0.0026302, 0.0148427), (0.0149685, -0.0026302, 0.0145932), (0.0148087, -0.0020896, 0.0148427), (0.0149685, -0.0020896, 0.0146829), (0.0148786, -0.0015462, 0.0148427), (0.0149685, -0.0015462, 0.0147527), (0.0149285, -0.0010005, 0.0148427), (0.0149685, -0.0010005, 0.0148027), (0.0149585, -0.0004534, 0.0148427), (0.0149685, -0.0004534, 0.0148327), (0.0149685, -0.0110772, 0.0098525), (0.0149685, -0.0090732, 0.0117151), (0.0149685, -0.0077197, 0.0126466), (0.0149685, -0.0072469, 0.0129234), (0.0149685, -0.0067643, 0.0131828), (0.0148175, -0.0067372, 0.0133645), (0.0149685, -0.0062725, 0.0134244), (0.0146222, -0.006108, 0.0138712), (0.0149685, -0.0057722, 0.0136479), (0.0148063, -0.0056538, 0.0138712), (0.0149685, -0.0052641, 0.0138529), (0.0149685, -0.0047488, 0.0140393), (0.0149685, -0.0042271, 0.0142067), (0.0135503, -0.0062725, 0.0148427), (0.0138111, -0.0067984, 0.0143641), (0.0139874, -0.0074336, 0.0138712), (0.0141238, -0.0080781, 0.0133645), (0.0142196, -0.0087295, 0.0128444), (0.0142747, -0.0093852, 0.0123115), (0.0142887, -0.0100427, 0.0117663), (0.0142617, -0.0106993, 0.0112093), (0.0141938, -0.0113527, 0.0106411), (0.0140853, -0.0120001, 0.0100622), (0.0143221, -0.012203, 0.0094733), (0.0139366, -0.0126392, 0.0094733), (0.0133087, -0.0067643, 0.0148427), (0.0135923, -0.0072214, 0.0143641), (0.013749, -0.0078617, 0.0138712), (0.0138654, -0.0085102, 0.0133645), (0.0139411, -0.0091642, 0.0128444), (0.013976, -0.0098213, 0.0123115), (0.0139698, -0.0104789, 0.0117663), (0.0139226, -0.0111344, 0.0112093), (0.0138346, -0.0117853, 0.0106411), (0.0137062, -0.0124291, 0.0100622), (0.0130493, -0.0072469, 0.0148427), (0.0133605, -0.0076375, 0.0143641), (0.0134974, -0.0082823, 0.0138712), (0.0135938, -0.0089341, 0.0133645), (0.0136494, -0.0095901, 0.0128444), (0.013664, -0.0102479, 0.0123115), (0.0136375, -0.010905, 0.0117663), (0.0135702, -0.0115588, 0.0112093), (0.0134622, -0.0122067, 0.0106411), (0.0127724, -0.0077197, 0.0148427), (0.0131161, -0.0080462, 0.0143641), (0.013233, -0.008695, 0.0138712), (0.0133093, -0.0093494, 0.0133645), (0.0133447, -0.0100068, 0.0128444), (0.013339, -0.0106648, 0.0123115), (0.0132923, -0.0113207, 0.0117663), (0.0132049, -0.0119721, 0.0112093), (0.0124785, -0.0081821, 0.0148427), (0.0128592, -0.0084473, 0.0143641), (0.0129561, -0.0090993, 0.0138712), (0.0130122, -0.0097557, 0.0133645), (0.0130273, -0.0104139, 0.0128444), (0.0130013, -0.0110714, 0.0123115), (0.0129345, -0.0117256, 0.0117663), (0.01259, -0.0088402, 0.0143641), (0.0121679, -0.0086335, 0.0148427), (0.0123089, -0.0092246, 0.0143641), (0.011841, -0.0090732, 0.0148427), (0.0120161, -0.0096002, 0.0143641), (0.0114982, -0.0095007, 0.0148427), (0.0117118, -0.0099666, 0.0143641), (0.0111401, -0.0099154, 0.0148427), (0.0113964, -0.0103235, 0.0143641), (0.0107671, -0.0103167, 0.0148427), (0.0095636, -0.0114353, 0.0148427), (0.0096631, -0.0119531, 0.0143641), (0.0095578, -0.0126039, 0.0138712), (0.0094123, -0.0132464, 0.0133645), (0.0092271, -0.0138782, 0.0128444), (0.0091361, -0.0117781, 0.0148427), (0.0092875, -0.012246, 0.0143641), (0.0091622, -0.0128932, 0.0138712), (0.008997, -0.0135309, 0.0133645), (0.0086964, -0.012105, 0.0148427), (0.0089031, -0.0125271, 0.0143641), (0.0087579, -0.0131701, 0.0138712), (0.0082451, -0.0124156, 0.0148427), (0.0085102, -0.0127962, 0.0143641), (0.0068613, -0.0137482, 0.0143641), (0.0063354, -0.0134873, 0.0148427), (0.0070612, -0.0141497, 0.0138712), (0.0101056, -0.0142258, 0.0117663), (0.0105418, -0.0139069, 0.0117663), (0.0107623, -0.0141988, 0.0112093), (0.0109679, -0.0135746, 0.0117663), (0.0111973, -0.0138597, 0.0112093), (0.0113837, -0.0132294, 0.0117663), (0.0116217, -0.0135072, 0.0112093), (0.0117885, -0.0128716, 0.0117663), (0.012035, -0.0131419, 0.0112093), (0.0103109, -0.0136011, 0.0123115), (0.0104769, -0.0129643, 0.0128444), (0.0106029, -0.0123181, 0.0133645), (0.0106886, -0.0116649, 0.0138712), (0.0107277, -0.0132761, 0.0123115), (0.0111343, -0.0129384, 0.0123115), (0.0115304, -0.0125884, 0.0123115), (0.010874, -0.0126345, 0.0128444), (0.0109801, -0.0119848, 0.0133645), (0.0130844, -0.014293, 0.0082675), (0.0112608, -0.0122927, 0.0128444), (0.0126513, -0.0114675, 0.0123115), (0.0123556, -0.0111979, 0.0128444), (0.0120477, -0.0109172, 0.0133645), (0.0117278, -0.0106256, 0.0138712), (0.0126975, -0.0108111, 0.0128444), (0.0123811, -0.01054, 0.0133645), (0.0120524, -0.0102584, 0.0138712), (0.0127027, -0.0101527, 0.0133645), (0.0123655, -0.0098814, 0.0138712), (0.0126668, -0.0094949, 0.0138712), (-0.0150315, 0.0006422, -0.0151473), (-0.0150215, 0.0006423, -0.0151573), (-0.0150315, 0.0011893, -0.0151173), (-0.0149914, 0.0011894, -0.0151573), (-0.0150315, 0.0017349, -0.0150673), (-0.0149415, 0.001735, -0.0151573), (-0.0150315, 0.0022784, -0.0149975), (-0.0148716, 0.0022784, -0.0151573), (-0.0150315, 0.0028189, -0.0149078), (-0.0147819, 0.002819, -0.0151573), (-0.0150315, 0.0033558, -0.0147984), (-0.0146726, 0.0033559, -0.0151573), (-0.0150315, 0.0038884, -0.0146696), (-0.0145437, 0.0038884, -0.0151573), (-0.0149049, 0.0043262, -0.0146787), (-0.0143955, 0.0044159, -0.0151573), (-0.0147675, 0.0047823, -0.0146787), (-0.0142281, 0.0049376, -0.0151573), (-0.0146162, 0.0052338, -0.0146787), (-0.0140417, 0.0054529, -0.0151573), (-0.014451, 0.0056805, -0.0146787), (-0.0138367, 0.005961, -0.0151573), (-0.0142721, 0.0061219, -0.0146787), (-0.0140797, 0.0065576, -0.0146787), (-0.0146851, 0.0062968, -0.0141858), (-0.0144872, 0.0067451, -0.0141858), (-0.0150315, 0.0064612, -0.013739), (-0.0148804, 0.006926, -0.0136791), (-0.0150315, 0.006953, -0.0134974), (-0.014663, 0.00738, -0.0136791), (-0.0150315, 0.0074356, -0.013238), (-0.0147987, 0.0080242, -0.013159), (-0.0150315, 0.0079085, -0.0129612), (-0.0150315, 0.0083709, -0.0126673), (-0.0150315, 0.0044159, -0.0145213), (-0.0150315, 0.0049376, -0.0143539), (-0.0150315, 0.0054528, -0.0141675), (-0.0148692, 0.0058426, -0.0141858), (-0.0150315, 0.005961, -0.0139625), (-0.0150315, 0.0088223, -0.0123566), (-0.0148941, 0.0086753, -0.0126261), (-0.0145475, 0.0084752, -0.013159), (-0.0141867, 0.0082669, -0.0136791), (-0.0144317, 0.0078271, -0.0136791), (-0.0138119, 0.0080505, -0.0141858), (-0.0140504, 0.0076224, -0.0141858), (-0.0134235, 0.0078263, -0.0146787), (-0.0136552, 0.0074102, -0.0146787), (-0.0131122, 0.0074357, -0.0151573), (-0.0133716, 0.0069531, -0.0151573), (-0.0150315, 0.009262, -0.0120297), (-0.0149485, 0.0093306, -0.0120809), (-0.0146228, 0.0091289, -0.0126261), (-0.0142826, 0.0089183, -0.013159), (-0.0139283, 0.0086989, -0.0136791), (-0.0135603, 0.0084711, -0.0141858), (-0.013179, 0.008235, -0.0146787), (-0.0128354, 0.0079085, -0.0151573), (-0.0150315, 0.0096895, -0.011687), (-0.014657, 0.0097856, -0.0120809), (-0.0143376, 0.009574, -0.0126261), (-0.0140389, 0.01001, -0.0126261), (-0.0137123, 0.0097789, -0.013159), (-0.0134076, 0.0101956, -0.013159), (-0.0130751, 0.0099445, -0.0136791), (-0.0127656, 0.0103415, -0.0136791), (-0.0124284, 0.0100702, -0.0141858), (-0.0121153, 0.0104472, -0.0141858), (-0.0117747, 0.0101554, -0.0146787), (-0.0114593, 0.0105123, -0.0146787), (-0.011203, 0.0101042, -0.0151573), (-0.01083, 0.0105055, -0.0151573), (-0.0111331, 0.0108592, -0.0146787), (-0.0107963, 0.011196, -0.0146787), (-0.0114551, 0.0111714, -0.0141858), (-0.0111085, 0.011518, -0.0141858), (-0.0117658, 0.0114727, -0.0136791), (-0.0114098, 0.0118287, -0.0136791), (-0.0120649, 0.0117628, -0.013159), (-0.0116999, 0.0121278, -0.013159), (-0.0123522, 0.0120413, -0.0126261), (-0.0119784, 0.0124151, -0.0126261), (-0.0126272, 0.0123081, -0.0120809), (-0.0122452, 0.0126902, -0.0120809), (-0.0128899, 0.0125628, -0.0115239), (-0.0124998, 0.0129528, -0.0115239), (-0.0131399, 0.0128052, -0.0109557), (-0.0127422, 0.0132028, -0.0109557), (-0.0133769, 0.013035, -0.0103768), (-0.0129721, 0.0134398, -0.0103768), (-0.0136008, 0.0132521, -0.0097879), (-0.0131892, 0.0136637, -0.0097879), (-0.0138113, 0.0134562, -0.0091894), (-0.0133933, 0.0138742, -0.0091894), (-0.0140081, 0.0136471, -0.0085821), (-0.0135842, 0.0140711, -0.0085821), (-0.0141912, 0.0138246, -0.0079664), (-0.0137617, 0.0142541, -0.0079664), (-0.0143603, 0.0139886, -0.007343), (-0.0139257, 0.0144233, -0.007343), (-0.0145153, 0.0141389, -0.0067125), (-0.0140759, 0.0145782, -0.0067125), (-0.014656, 0.0142753, -0.0060756), (-0.0142123, 0.0147189, -0.0060756), (-0.0147822, 0.0143977, -0.0054328), (-0.0143348, 0.0148451, -0.0054328), (-0.0148939, 0.014506, -0.0047848), (-0.0144431, 0.0149568, -0.0047848), (-0.0149909, 0.0146, -0.0041323), (-0.0145371, 0.0150538, -0.0041323), (-0.0150315, 0.0146066, -0.0039513), (-0.0145437, 0.0150944, -0.0039513), (-0.0150315, 0.0147355, -0.0034188), (-0.0146726, 0.0150944, -0.0034188), (-0.0150315, 0.0148449, -0.0028819), (-0.0147819, 0.0150944, -0.0028819), (-0.0150315, 0.0149345, -0.0023413), (-0.0148716, 0.0150944, -0.0023413), (-0.0150315, 0.0150044, -0.0017979), (-0.0149415, 0.0150944, -0.0017979), (-0.0150315, 0.0150544, -0.0012522), (-0.0149914, 0.0150944, -0.0012522), (-0.0150315, 0.0150844, -0.0007051), (-0.0150215, 0.0150944, -0.0007051), (-0.014962, 0.0099877, -0.0115239), (-0.0150315, 0.0101042, -0.0113289), (-0.0146503, 0.0104428, -0.0115239), (-0.0150315, 0.0105055, -0.0109559), (-0.0149345, 0.010644, -0.0109557), (-0.0150315, 0.0108929, -0.0105684), (-0.0146025, 0.0110979, -0.0109557), (-0.014866, 0.0112969, -0.0103768), (-0.0142568, 0.0115414, -0.0109557), (-0.014514, 0.0117484, -0.0103768), (-0.0138975, 0.0119741, -0.0109557), (-0.0141482, 0.0121889, -0.0103768), (-0.0135251, 0.0123955, -0.0109557), (-0.0137691, 0.0126179, -0.0103768), (-0.0150315, 0.011266, -0.0101671), (-0.0150315, 0.0116241, -0.0097524), (-0.0147569, 0.0119439, -0.0097879), (-0.0143851, 0.0123918, -0.0097879), (-0.0139995, 0.012828, -0.0097879), (-0.0150315, 0.0119668, -0.0093249), (-0.0149854, 0.0121277, -0.0091894), (-0.0146077, 0.0125825, -0.0091894), (-0.0142162, 0.0130255, -0.0091894), (-0.0150315, 0.0122937, -0.0088852), (-0.0148159, 0.012761, -0.0085821), (-0.0150315, 0.0126043, -0.0084338), (-0.0150315, 0.0128983, -0.0079714), (-0.0150096, 0.0129269, -0.0079664), (-0.0150315, 0.0131751, -0.0074986), (-0.0146073, 0.013382, -0.0079664), (-0.0147814, 0.0135407, -0.007343), (-0.0150315, 0.0134345, -0.0070159), (-0.0149409, 0.0136862, -0.0067125), (-0.0150315, 0.0136761, -0.0065242), (-0.0150315, 0.0138996, -0.0060239), (-0.0150315, 0.0141046, -0.0055158), (-0.0150315, 0.014291, -0.0050005), (-0.0150315, 0.0144584, -0.0044788), (-0.0143955, 0.0150944, -0.0044788), (-0.0142281, 0.0150944, -0.0050005), (-0.0140417, 0.0150944, -0.0055158), (-0.0138367, 0.0150944, -0.0060239), (-0.0136132, 0.0150944, -0.0065242), (-0.0136232, 0.0150039, -0.0067125), (-0.0134778, 0.0148443, -0.007343), (-0.0133716, 0.0150944, -0.0070159), (-0.0131122, 0.0150944, -0.0074986), (-0.0128354, 0.0150944, -0.0079714), (-0.012864, 0.0150725, -0.0079664), (-0.0133191, 0.0146703, -0.0079664), (-0.0125414, 0.0150944, -0.0084338), (-0.012698, 0.0148789, -0.0085821), (-0.0131473, 0.0144818, -0.0085821), (-0.0122308, 0.0150944, -0.0088852), (-0.0125196, 0.0146706, -0.0091894), (-0.0129626, 0.0142791, -0.0091894), (-0.0120648, 0.0150483, -0.0091894), (-0.0119039, 0.0150944, -0.0093249), (-0.011881, 0.0148199, -0.0097879), (-0.0115612, 0.0150944, -0.0097524), (-0.0116855, 0.0145769, -0.0103768), (-0.011234, 0.0149289, -0.0103768), (-0.011035, 0.0146655, -0.0109557), (-0.01083, 0.0150944, -0.0105684), (-0.0105811, 0.0149974, -0.0109557), (-0.0104426, 0.0150944, -0.0109559), (-0.0103799, 0.0147132, -0.0115239), (-0.0100412, 0.0150944, -0.0113289), (-0.0099248, 0.015025, -0.0115239), (-0.0096266, 0.0150944, -0.011687), (-0.0097227, 0.01472, -0.0120809), (-0.0092677, 0.0150115, -0.0120809), (-0.009066, 0.0146857, -0.0126261), (-0.0087593, 0.0150944, -0.0123566), (-0.0086124, 0.014957, -0.0126261), (-0.008308, 0.0150944, -0.0126673), (-0.0084123, 0.0146105, -0.013159), (-0.0079613, 0.0148617, -0.013159), (-0.0077642, 0.0144946, -0.0136791), (-0.0073171, 0.0147259, -0.0136791), (-0.0071242, 0.0143385, -0.0141858), (-0.0066822, 0.0145501, -0.0141858), (-0.0064947, 0.0141427, -0.0146787), (-0.006059, 0.014335, -0.0146787), (-0.005898, 0.0138996, -0.0151573), (-0.0056176, 0.0145139, -0.0146787), (-0.0053899, 0.0141047, -0.0151573), (-0.0051709, 0.0146791, -0.0146787), (-0.0048747, 0.014291, -0.0151573), (-0.0047193, 0.0148304, -0.0146787), (-0.0043529, 0.0144584, -0.0151573), (-0.0042633, 0.0149678, -0.0146787), (-0.0038255, 0.0146067, -0.0151573), (-0.0038255, 0.0150944, -0.0146696), (-0.0032929, 0.0147356, -0.0151573), (-0.0032929, 0.0150944, -0.0147984), (-0.002756, 0.0148449, -0.0151573), (-0.002756, 0.0150944, -0.0149078), (-0.0022155, 0.0149346, -0.0151573), (-0.0022155, 0.0150944, -0.0149975), (-0.001672, 0.0150044, -0.0151573), (-0.001672, 0.0150944, -0.0150673), (-0.0011264, 0.0150544, -0.0151573), (-0.0011264, 0.0150944, -0.0151173), (-0.0005793, 0.0150877, -0.015154), (-0.011203, 0.0150944, -0.0101671), (-0.0091991, 0.0150944, -0.0120297), (-0.0078456, 0.0150944, -0.0129612), (-0.0073727, 0.0150944, -0.013238), (-0.0068901, 0.0150944, -0.0134974), (-0.006863, 0.0149433, -0.0136791), (-0.0063983, 0.0150944, -0.013739), (-0.0062338, 0.0147481, -0.0141858), (-0.005898, 0.0150944, -0.0139625), (-0.0057796, 0.0149321, -0.0141858), (-0.0053899, 0.0150944, -0.0141675), (-0.0048747, 0.0150944, -0.0143539), (-0.0043529, 0.0150944, -0.0145213), (-0.0063983, 0.0136762, -0.0151573), (-0.0069243, 0.013937, -0.0146787), (-0.0075594, 0.0141133, -0.0141858), (-0.008204, 0.0142496, -0.0136791), (-0.0088554, 0.0143455, -0.013159), (-0.0095111, 0.0144005, -0.0126261), (-0.0101685, 0.0144146, -0.0120809), (-0.0108252, 0.0143876, -0.0115239), (-0.0114785, 0.0143197, -0.0109557), (-0.012126, 0.0142112, -0.0103768), (-0.0123289, 0.014448, -0.0097879), (-0.0127651, 0.0140625, -0.0097879), (-0.0068901, 0.0134346, -0.0151573), (-0.0073473, 0.0137181, -0.0146787), (-0.0079876, 0.0138748, -0.0141858), (-0.008636, 0.0139912, -0.0136791), (-0.00929, 0.014067, -0.013159), (-0.0099471, 0.0141018, -0.0126261), (-0.0106047, 0.0140956, -0.0120809), (-0.0112602, 0.0140484, -0.0115239), (-0.0119112, 0.0139604, -0.0109557), (-0.012555, 0.013832, -0.0103768), (-0.0073727, 0.0131752, -0.0151573), (-0.0077633, 0.0134864, -0.0146787), (-0.0084082, 0.0136233, -0.0141858), (-0.0090599, 0.0137197, -0.0136791), (-0.0097159, 0.0137752, -0.013159), (-0.0103738, 0.0137898, -0.0126261), (-0.0110309, 0.0137634, -0.0120809), (-0.0116846, 0.013696, -0.0115239), (-0.0123325, 0.013588, -0.0109557), (-0.0078456, 0.0128983, -0.0151573), (-0.0081721, 0.0132419, -0.0146787), (-0.0088208, 0.0133589, -0.0141858), (-0.0094752, 0.0134352, -0.0136791), (-0.0101327, 0.0134705, -0.013159), (-0.0107906, 0.0134648, -0.0126261), (-0.0114466, 0.0134182, -0.0120809), (-0.012098, 0.0133307, -0.0115239), (-0.008308, 0.0126044, -0.0151573), (-0.0085731, 0.012985, -0.0146787), (-0.0092251, 0.0130819, -0.0141858), (-0.0098816, 0.013138, -0.0136791), (-0.0105398, 0.0131531, -0.013159), (-0.0111973, 0.0131272, -0.0126261), (-0.0118515, 0.0130603, -0.0120809), (-0.008966, 0.0127159, -0.0146787), (-0.0087593, 0.0122938, -0.0151573), (-0.0093505, 0.0124347, -0.0146787), (-0.0091991, 0.0119669, -0.0151573), (-0.0097261, 0.0121419, -0.0146787), (-0.0096266, 0.0116241, -0.0151573), (-0.0100925, 0.0118376, -0.0146787), (-0.0100412, 0.011266, -0.0151573), (-0.0104493, 0.0115222, -0.0146787), (-0.0104426, 0.010893, -0.0151573), (-0.0115612, 0.0096895, -0.0151573), (-0.012079, 0.009789, -0.0146787), (-0.0127297, 0.0096837, -0.0141858), (-0.0133722, 0.0095381, -0.0136791), (-0.0140041, 0.009353, -0.013159), (-0.0119039, 0.009262, -0.0151573), (-0.0123718, 0.0094134, -0.0146787), (-0.013019, 0.0092881, -0.0141858), (-0.0136567, 0.0091228, -0.0136791), (-0.0122308, 0.0088223, -0.0151573), (-0.0126529, 0.0090289, -0.0146787), (-0.013296, 0.0088838, -0.0141858), (-0.0125414, 0.0083709, -0.0151573), (-0.0129221, 0.008636, -0.0146787), (-0.0138741, 0.0069872, -0.0146787), (-0.0136132, 0.0064613, -0.0151573), (-0.0142755, 0.0071871, -0.0141858), (-0.0143517, 0.0102314, -0.0120809), (-0.0140327, 0.0106676, -0.0120809), (-0.0143247, 0.0108881, -0.0115239), (-0.0137005, 0.0110938, -0.0120809), (-0.0139855, 0.0113232, -0.0115239), (-0.0133552, 0.0115095, -0.0120809), (-0.0136331, 0.0117475, -0.0115239), (-0.0129974, 0.0119144, -0.0120809), (-0.0132678, 0.0121609, -0.0115239), (-0.0137269, 0.0104367, -0.0126261), (-0.0130902, 0.0106027, -0.013159), (-0.012444, 0.0107288, -0.0136791), (-0.0117908, 0.0108144, -0.0141858), (-0.0134019, 0.0108536, -0.0126261), (-0.0130642, 0.0112602, -0.0126261), (-0.0127142, 0.0116562, -0.0126261), (-0.0127604, 0.0109999, -0.013159), (-0.0121106, 0.011106, -0.0136791), (-0.0144189, 0.0132102, -0.0085821), (-0.0124185, 0.0113867, -0.013159), (-0.0115933, 0.0127771, -0.0126261), (-0.0113238, 0.0124814, -0.013159), (-0.0110431, 0.0121735, -0.0136791), (-0.0107515, 0.0118537, -0.0141858), (-0.0109369, 0.0128233, -0.013159), (-0.0106659, 0.0125069, -0.0136791), (-0.0103843, 0.0121782, -0.0141858), (-0.0102786, 0.0128285, -0.0136791), (-0.0100072, 0.0124913, -0.0141858), (-0.0096207, 0.0127926, -0.0141858), (0.0072873, -0.0149056, -0.0042386), (0.0070396, -0.0149056, -0.0042284), (0.0075334, -0.0149056, -0.0042693), (0.0077761, -0.0149056, -0.0043202), (0.0080137, -0.0149056, -0.0043909), (0.0082447, -0.0149056, -0.004481), (0.0084674, -0.0149056, -0.0045899), (0.0086805, -0.0149056, -0.0047169), (0.0088822, -0.0149056, -0.0048609), (0.0090715, -0.0149056, -0.0050212), (0.0092468, -0.0149056, -0.0051965), (0.009407, -0.0149056, -0.0053857), (0.0095511, -0.0149056, -0.0055875), (0.009678, -0.0149056, -0.0058005), (0.0097869, -0.0149056, -0.0060233), (0.0098771, -0.0149056, -0.0062543), (0.0099478, -0.0149056, -0.0064919), (0.0099987, -0.0149056, -0.0067346), (0.0100294, -0.0149056, -0.0069806), (0.0100396, -0.0149056, -0.0072284), (0.0100294, -0.0149056, -0.0074761), (0.0099987, -0.0149056, -0.0077222), (0.0099478, -0.0149056, -0.0079648), (0.0098771, -0.0149056, -0.0082025), (0.0097869, -0.0149056, -0.0084335), (0.009678, -0.0149056, -0.0086562), (0.0095511, -0.0149056, -0.0088692), (0.009407, -0.0149056, -0.009071), (0.0092468, -0.0149056, -0.0092602), (0.0090715, -0.0149056, -0.0094355), (0.0088822, -0.0149056, -0.0095958), (0.0086805, -0.0149056, -0.0097399), (0.0084674, -0.0149056, -0.0098668), (0.0082447, -0.0149056, -0.0099757), (0.0080137, -0.0149056, -0.0100658), (0.0077761, -0.0149056, -0.0101366), (0.0075334, -0.0149056, -0.0101875), (0.0072873, -0.0149056, -0.0102181), (0.0070396, -0.0149056, -0.0102284), (0.0067919, -0.0149056, -0.0102181), (0.0065458, -0.0149056, -0.0101875), (0.0063032, -0.0149056, -0.0101366), (0.0060655, -0.0149056, -0.0100658), (0.0058345, -0.0149056, -0.0099757), (0.0056118, -0.0149056, -0.0098668), (0.0053988, -0.0149056, -0.0097399), (0.005197, -0.0149056, -0.0095958), (0.0050078, -0.0149056, -0.0094355), (0.0048324, -0.0149056, -0.0092602), (0.0046722, -0.0149056, -0.009071), (0.0045281, -0.0149056, -0.0088692), (0.0044012, -0.0149056, -0.0086562), (0.0042923, -0.0149056, -0.0084335), (0.0042022, -0.0149056, -0.0082025), (0.0041314, -0.0149056, -0.0079648), (0.0040805, -0.0149056, -0.0077222), (0.0040499, -0.0149056, -0.0074761), (0.0040396, -0.0149056, -0.0072284), (0.0040499, -0.0149056, -0.0069806), (0.0040805, -0.0149056, -0.0067346), (0.0041314, -0.0149056, -0.0064919), (0.0042022, -0.0149056, -0.0062543), (0.0042923, -0.0149056, -0.0060233), (-0.0066087, -0.0149056, 0.0039547), (-0.0063661, -0.0149056, 0.0040056), (-0.0061284, -0.0149056, 0.0040763), (-0.0058974, -0.0149056, 0.0041664), (0.0044012, -0.0149056, -0.0058005), (-0.0056747, -0.0149056, 0.0042753), (0.0045281, -0.0149056, -0.0055875), (-0.0054617, -0.0149056, 0.0044023), (0.0046722, -0.0149056, -0.0053857), (-0.0052599, -0.0149056, 0.0045463), (0.0048324, -0.0149056, -0.0051965), (-0.0050707, -0.0149056, 0.0047066), (0.0050078, -0.0149056, -0.0050212), (-0.0048954, -0.0149056, 0.0048819), (0.005197, -0.0149056, -0.0048609), (-0.0047351, -0.0149056, 0.0050711), (0.0053988, -0.0149056, -0.0047169), (-0.004591, -0.0149056, 0.0052729), (0.0056118, -0.0149056, -0.0045899), (-0.0044641, -0.0149056, 0.0054859), (0.0058345, -0.0149056, -0.004481), (-0.0043552, -0.0149056, 0.0057087), (0.0060655, -0.0149056, -0.0043909), (-0.0042651, -0.0149056, 0.0059397), (0.0063032, -0.0149056, -0.0043202), (-0.0041943, -0.0149056, 0.0061773), (0.0065458, -0.0149056, -0.0042693), (0.0067919, -0.0149056, -0.0042386), (-0.0068548, -0.0149056, 0.0099035), (-0.0071025, -0.0149056, 0.0099138), (-0.0066087, -0.0149056, 0.0098729), (-0.0063661, -0.0149056, 0.009822), (-0.0061284, -0.0149056, 0.0097512), (-0.0058974, -0.0149056, 0.0096611), (-0.0056747, -0.0149056, 0.0095522), (-0.0054617, -0.0149056, 0.0094253), (-0.0052599, -0.0149056, 0.0092812), (-0.0050707, -0.0149056, 0.0091209), (-0.0048954, -0.0149056, 0.0089456), (-0.0047351, -0.0149056, 0.0087564), (-0.004591, -0.0149056, 0.0085546), (-0.0044641, -0.0149056, 0.0083416), (-0.0043552, -0.0149056, 0.0081189), (-0.0042651, -0.0149056, 0.0078879), (-0.0041943, -0.0149056, 0.0076502), (-0.0041434, -0.0149056, 0.0074076), (-0.0041128, -0.0149056, 0.0071615), (-0.0041025, -0.0149056, 0.0069138), (-0.0041128, -0.0149056, 0.006666), (-0.0041434, -0.0149056, 0.00642), (-0.0068548, -0.0149056, 0.003924), (-0.0071025, -0.0149056, 0.0039138), (-0.0073503, -0.0149056, 0.003924), (-0.0075963, -0.0149056, 0.0039547), (-0.007839, -0.0149056, 0.0040056), (-0.0080766, -0.0149056, 0.0040763), (-0.0083076, -0.0149056, 0.0041664), (-0.0085304, -0.0149056, 0.0042753), (-0.0087434, -0.0149056, 0.0044023), (-0.0089452, -0.0149056, 0.0045463), (-0.0091344, -0.0149056, 0.0047066), (-0.0093097, -0.0149056, 0.0048819), (-0.00947, -0.0149056, 0.0050711), (-0.009614, -0.0149056, 0.0052729), (-0.009741, -0.0149056, 0.0054859), (-0.0098498, -0.0149056, 0.0057087), (-0.00994, -0.0149056, 0.0059397), (-0.0100107, -0.0149056, 0.0061773), (-0.0100616, -0.0149056, 0.00642), (-0.0100923, -0.0149056, 0.006666), (-0.0101025, -0.0149056, 0.0069138), (-0.0100923, -0.0149056, 0.0071615), (-0.0100616, -0.0149056, 0.0074076), (-0.0100107, -0.0149056, 0.0076502), (-0.00994, -0.0149056, 0.0078879), (-0.0098498, -0.0149056, 0.0081189), (-0.009741, -0.0149056, 0.0083416), (-0.009614, -0.0149056, 0.0085546), (-0.00947, -0.0149056, 0.0087564), (-0.0093097, -0.0149056, 0.0089456), (-0.0091344, -0.0149056, 0.0091209), (-0.0089452, -0.0149056, 0.0092812), (-0.0087434, -0.0149056, 0.0094253), (-0.0085304, -0.0149056, 0.0095522), (-0.0083076, -0.0149056, 0.0096611), (-0.0080766, -0.0149056, 0.0097512), (-0.007839, -0.0149056, 0.009822), (-0.0075963, -0.0149056, 0.0098729), (-0.0073503, -0.0149056, 0.0099035), (-3.15e-05, -0.0149056, -0.0151573), (-0.0150315, -0.0072243, -0.0042385), (-0.0150315, -0.0072243, 0.003924), (-0.0150315, -0.0069766, -0.0042282), (-0.0150315, -0.0069766, 0.0039138), (-0.0150315, -0.0067288, -0.0042385), (-0.0150315, -0.0067288, 0.003924), (-0.0150315, -0.0064828, -0.0042691), (-0.0150315, -0.0064828, 0.0039547), (-0.0150315, -0.0062401, -0.00432), (-0.0150315, -0.0062401, 0.0040056), (-0.0150315, -0.0060025, -0.0043908), (-0.0150315, -0.0060025, 0.0040763), (-0.0150315, -0.0057715, -0.0044809), (-0.0150315, -0.0057715, 0.0041664), (-0.0150315, -0.0055487, -0.0045898), (-0.0150315, -0.0055487, 0.0042753), (-0.0150315, -0.0053357, -0.0047167), (-0.0150315, -0.0053357, 0.0044023), (-0.0150315, -0.0051339, -0.0048608), (-0.0150315, -0.0051339, 0.0045463), (-0.0150315, -0.0049447, -0.0050211), (-0.0150315, -0.0049447, 0.0047066), (-0.0150315, 0.0049583, 0.0048819), (-0.0150315, -0.0047694, 0.0048819), (-0.0150315, 0.004798, 0.0050711), (-0.0150315, -0.0046091, 0.0050711), (-0.0150315, 0.004654, 0.0052729), (-0.0150315, -0.0044651, 0.0052729), (-0.0150315, 0.004527, 0.0054859), (-0.0150315, -0.0043381, 0.0054859), (-0.0150315, 0.0044181, 0.0057087), (-0.0150315, -0.0042292, 0.0057087), (-0.0150315, 0.004328, 0.0059397), (-0.0150315, -0.0041391, 0.0059397), (-0.0150315, 0.0042572, 0.0061773), (-0.0150315, -0.0040683, 0.0061773), (-0.0150315, 0.0042064, 0.00642), (-0.0150315, -0.0040175, 0.00642), (-0.0150315, 0.0041757, 0.006666), (-0.0150315, -0.0039868, 0.006666), (-0.0150315, 0.0041654, 0.0069138), (-0.0150315, -0.0039766, 0.0069138), (-0.0150315, 0.0041757, 0.0071615), (-0.0150315, -0.0039868, 0.0071615), (-0.0150315, 0.0042064, 0.0074076), (-0.0150315, -0.0040175, 0.0074076), (-0.0150315, 0.0042572, 0.0076502), (-0.0150315, -0.0040683, 0.0076502), (-0.0150315, 0.004328, 0.0078879), (-0.0150315, -0.0041391, 0.0078879), (-0.0150315, 0.0044181, 0.0081189), (-0.0150315, -0.0042292, 0.0081189), (-0.0150315, -0.0043381, 0.0083416), (-0.0150315, -0.0044651, 0.0085546), (-0.0150315, -0.0046091, 0.0087564), (-0.0150315, -0.0047694, 0.0089456), (-0.0150315, -0.0049447, 0.0091209), (-0.0150315, -0.0051339, 0.0092812), (-0.0150315, -0.0053357, 0.0094253), (-0.0150315, -0.0055487, 0.0095522), (-0.0150315, -0.0057715, 0.0096611), (-0.0150315, -0.0060025, 0.0097512), (-0.0150315, -0.0062401, 0.009822), (-0.0150315, -0.0064828, 0.0098729), (-0.0150315, -0.0067288, 0.0099035), (-0.0150315, -0.0069766, 0.0099138), (-0.0150315, -0.0072243, 0.0099035), (-0.0150315, -0.0074703, 0.0039547), (-0.0150315, -0.0074703, -0.0042691), (-0.0150315, -0.007713, 0.0040056), (-0.0150315, -0.007713, -0.00432), (-0.0150315, -0.0079506, 0.0040763), (-0.0150315, -0.0079506, -0.0043908), (-0.0150315, -0.0081816, 0.0041664), (-0.0150315, -0.0081816, -0.0044809), (-0.0150315, -0.0084044, -0.0045898), (-0.0150315, -0.0086174, -0.0047167), (-0.0150315, -0.0088192, -0.0048608), (-0.0150315, -0.0090084, -0.0050211), (-0.0150315, -0.0091837, -0.0051964), (-0.0150315, -0.009344, -0.0053856), (-0.0150315, -0.009488, -0.0055874), (-0.0150315, -0.009615, -0.0058004), (-0.0150315, -0.0097239, -0.0060231), (-0.0150315, -0.009814, -0.0062541), (-0.0150315, -0.0098848, -0.0064918), (-0.0150315, -0.0099356, -0.0067344), (-0.0150315, -0.0099663, -0.0069805), (-0.0150315, -0.0099766, -0.0072282), (-0.0150315, -0.0099663, -0.007476), (-0.0150315, -0.0099356, -0.007722), (-0.0150315, -0.0098848, -0.0079647), (-0.0150315, -0.009814, -0.0082023), (-0.0150315, -0.0097239, -0.0084333), (-0.0150315, -0.009615, -0.0086561), (-0.0150315, -0.009488, -0.0088691), (-0.0150315, -0.009344, -0.0090709), (-0.0150315, -0.0091837, -0.0092601), (-0.0150315, -0.0090084, -0.0094354), (-0.0150315, -0.0088192, -0.0095957), (-0.0150315, -0.0086174, -0.0097397), (-0.0150315, -0.0084044, -0.0098667), (-0.0150315, -0.0081816, -0.0099756), (-0.0150315, -0.0079506, -0.0100657), (-0.0150315, -0.007713, -0.0101364), (-0.0150315, -0.0074703, -0.0101873), (-0.0150315, -0.0072243, -0.010218), (-0.0150315, -0.0069766, -0.0102282), (-0.0150315, -0.0067288, -0.010218), (-0.0150315, -0.0064828, -0.0101873), (-0.0150315, -0.0062401, -0.0101364), (-0.0150315, -0.0060025, -0.0100657), (-0.0150315, -0.0057715, -0.0099756), (-0.0150315, -0.0055487, -0.0098667), (-0.0150315, -0.0053357, -0.0097397), (-0.0150315, -0.0051339, -0.0095957), (-0.0150315, -0.0049447, -0.0094354), (-0.0150315, -0.0047694, -0.0092601), (-0.0150315, -0.0046091, -0.0090709), (-0.0150315, -0.0044651, -0.0088691), (-0.0150315, -0.0043381, -0.0086561), (-0.0150315, -0.0042292, -0.0084333), (-0.0150315, 0.0044181, -0.0084333), (-0.0150315, 0.004527, -0.0086561), (-0.0150315, 0.004654, -0.0088691), (-0.0150315, 0.004798, -0.0090709), (-0.0150315, 0.0049583, -0.0092601), (-0.0150315, 0.004328, -0.0082023), (-0.0150315, -0.0041391, -0.0082023), (-0.0150315, 0.0042572, -0.0079647), (-0.0150315, -0.0040683, -0.0079647), (-0.0150315, 0.0042064, -0.007722), (-0.0150315, -0.0040175, -0.007722), (-0.0150315, 0.0041757, -0.007476), (-0.0150315, -0.0039868, -0.007476), (-0.0150315, 0.0041654, -0.0072282), (-0.0150315, -0.0039766, -0.0072282), (-0.0150315, 0.0041757, -0.0069805), (-0.0150315, -0.0039868, -0.0069805), (-0.0150315, 0.0042064, -0.0067344), (-0.0150315, -0.0040175, -0.0067344), (-0.0150315, 0.0042572, -0.0064918), (-0.0150315, -0.0040683, -0.0064918), (-0.0150315, 0.004328, -0.0062541), (-0.0150315, -0.0041391, -0.0062541), (-0.0150315, 0.0044181, -0.0060231), (-0.0150315, -0.0042292, -0.0060231), (-0.0150315, 0.004527, -0.0058004), (-0.0150315, -0.0043381, -0.0058004), (-0.0150315, 0.004654, -0.0055874), (-0.0150315, -0.0044651, -0.0055874), (-0.0150315, 0.004798, -0.0053856), (-0.0150315, -0.0046091, -0.0053856), (-0.0150315, 0.0049583, -0.0051964), (-0.0150315, -0.0047694, -0.0051964), (-0.0150315, 0.0051336, -0.0050211), (-0.0150315, 0.0051336, 0.0047066), (-0.0150315, 0.0053228, 0.0045463), (-0.0150315, 0.0074132, -0.0042385), (-0.0150315, 0.0071655, -0.0042282), (-0.0150315, 0.0071655, 0.0039138), (-0.0150315, 0.0069177, -0.0042385), (-0.0150315, 0.0069177, 0.003924), (-0.0150315, 0.0066717, -0.0042691), (-0.0150315, 0.0066717, 0.0039547), (-0.0150315, 0.006429, -0.00432), (-0.0150315, 0.006429, 0.0040056), (-0.0150315, 0.0061914, -0.0043908), (-0.0150315, 0.0061914, 0.0040763), (-0.0150315, 0.0059604, -0.0044809), (-0.0150315, 0.0059604, 0.0041664), (-0.0150315, 0.0057376, -0.0045898), (-0.0150315, 0.0057376, 0.0042753), (-0.0150315, 0.0055246, -0.0047167), (-0.0150315, 0.0055246, 0.0044023), (-0.0150315, 0.0053228, -0.0048608), (-0.0150315, 0.0051336, -0.0094354), (-0.0150315, 0.0053228, -0.0095957), (-0.0150315, 0.0055246, -0.0097397), (-0.0150315, 0.0057376, -0.0098667), (-0.0150315, 0.0059604, -0.0099756), (-0.0150315, 0.0061914, -0.0100657), (-0.0150315, 0.006429, -0.0101364), (-0.0150315, 0.0066717, -0.0101873), (-0.0150315, 0.0069177, -0.010218), (-0.0150315, 0.0071655, -0.0102282), (-0.0150315, 0.0074132, -0.010218), (-0.0150315, 0.0076592, -0.0101873), (-0.0150315, 0.0079019, -0.0101364), (-0.0150315, 0.0081395, -0.0100657), (-0.0150315, 0.0083705, -0.0099756), (-0.0150315, 0.0085933, -0.0098667), (-0.0150315, 0.0088063, -0.0097397), (-0.0150315, 0.0090081, -0.0095957), (-0.0150315, 0.0091973, -0.0094354), (-0.0150315, 0.0093726, -0.0092601), (-0.0150315, 0.0095329, -0.0090709), (-0.0150315, 0.009677, -0.0088691), (-0.0150315, 0.0098039, -0.0086561), (-0.0150315, 0.0099128, -0.0084333), (-0.0150315, 0.0100029, -0.0082023), (-0.0150315, 0.0100737, -0.0079647), (-0.0150315, 0.0101245, -0.007722), (-0.0150315, 0.0101552, -0.007476), (-0.0150315, 0.0101655, -0.0072282), (-0.0150315, 0.0101552, -0.0069805), (-0.0150315, 0.0101245, -0.0067344), (-0.0150315, 0.0100737, -0.0064918), (-0.0150315, 0.0100029, -0.0062541), (-0.0150315, 0.0099128, -0.0060231), (-0.0150315, 0.0098039, -0.0058004), (-0.0150315, 0.009677, -0.0055874), (-0.0150315, 0.0095329, -0.0053856), (-0.0150315, 0.0093726, -0.0051964), (-0.0150315, 0.0091973, -0.0050211), (-0.0150315, 0.0090081, -0.0048608), (-0.0150315, 0.0088063, -0.0047167), (-0.0150315, 0.0085933, -0.0045898), (-0.0150315, 0.0083705, -0.0044809), (-0.0150315, 0.0083705, 0.0041664), (-0.0150315, 0.0085933, 0.0042753), (-0.0150315, 0.0088063, 0.0044023), (-0.0150315, 0.0090081, 0.0045463), (-0.0150315, 0.0091973, 0.0047066), (-0.0150315, 0.0093726, 0.0048819), (-0.0150315, 0.0095329, 0.0050711), (-0.0150315, 0.009677, 0.0052729), (-0.0150315, 0.0098039, 0.0054859), (-0.0150315, 0.0099128, 0.0057087), (-0.0150315, 0.0100029, 0.0059397), (-0.0150315, 0.0100737, 0.0061773), (-0.0150315, 0.0101245, 0.00642), (-0.0150315, 0.0101552, 0.006666), (-0.0150315, 0.0101655, 0.0069138), (-0.0150315, 0.0101552, 0.0071615), (-0.0150315, 0.0081395, 0.0040763), (-0.0150315, 0.0081395, -0.0043908), (-0.0150315, 0.0079019, 0.0040056), (-0.0150315, 0.0079019, -0.00432), (-0.0150315, 0.0076592, 0.0039547), (-0.0150315, 0.0076592, -0.0042691), (-0.0150315, 0.0074132, 0.003924), (-0.0150315, -0.0074703, 0.0098729), (-0.0150315, -0.007713, 0.009822), (-0.0150315, -0.0079506, 0.0097512), (-0.0150315, -0.0081816, 0.0096611), (-0.0150315, -0.0084044, 0.0095522), (-0.0150315, -0.0086174, 0.0094253), (-0.0150315, -0.0088192, 0.0092812), (-0.0150315, -0.0090084, 0.0091209), (-0.0150315, -0.0091837, 0.0089456), (-0.0150315, -0.009344, 0.0087564), (-0.0150315, -0.009488, 0.0085546), (-0.0150315, -0.009615, 0.0083416), (-0.0150315, -0.0097239, 0.0081189), (-0.0150315, -0.009814, 0.0078879), (-0.0150315, -0.0098848, 0.0076502), (-0.0150315, -0.0099356, 0.0074076), (-0.0150315, -0.0099663, 0.0071615), (-0.0150315, -0.0099766, 0.0069138), (-0.0150315, -0.0099663, 0.006666), (-0.0150315, -0.0099356, 0.00642), (-0.0150315, -0.0098848, 0.0061773), (-0.0150315, -0.009814, 0.0059397), (-0.0150315, -0.0097239, 0.0057087), (-0.0150315, -0.009615, 0.0054859), (-0.0150315, -0.009488, 0.0052729), (-0.0150315, -0.009344, 0.0050711), (-0.0150315, -0.0091837, 0.0048819), (-0.0150315, -0.0090084, 0.0047066), (-0.0150315, -0.0088192, 0.0045463), (-0.0150315, -0.0086174, 0.0044023), (-0.0150315, -0.0084044, 0.0042753), (-0.0150315, 0.0074132, 0.0099035), (-0.0150315, 0.0071655, 0.0099138), (-0.0150315, 0.0069177, 0.0099035), (-0.0150315, 0.0066717, 0.0098729), (-0.0150315, 0.006429, 0.009822), (-0.0150315, 0.0061914, 0.0097512), (-0.0150315, 0.0059604, 0.0096611), (-0.0150315, 0.0057376, 0.0095522), (-0.0150315, 0.0055246, 0.0094253), (-0.0150315, 0.0053228, 0.0092812), (-0.0150315, 0.0051336, 0.0091209), (-0.0150315, 0.0049583, 0.0089456), (-0.0150315, 0.004798, 0.0087564), (-0.0150315, 0.004654, 0.0085546), (-0.0150315, 0.004527, 0.0083416), (-0.0150315, 0.0101245, 0.0074076), (-0.0150315, 0.0100737, 0.0076502), (-0.0150315, 0.0100029, 0.0078879), (-0.0150315, 0.0099128, 0.0081189), (-0.0150315, 0.0098039, 0.0083416), (-0.0150315, 0.009677, 0.0085546), (-0.0150315, 0.0095329, 0.0087564), (-0.0150315, 0.0093726, 0.0089456), (-0.0150315, 0.0091973, 0.0091209), (-0.0150315, 0.0090081, 0.0092812), (-0.0150315, 0.0088063, 0.0094253), (-0.0150315, 0.0085933, 0.0095522), (-0.0150315, 0.0083705, 0.0096611), (-0.0150315, 0.0081395, 0.0097512), (-0.0150315, 0.0079019, 0.009822), (-0.0150315, 0.0076592, 0.0098729), (-0.0073501, 0.0150944, -0.0042385), (-0.0071024, 0.0150944, -0.0042282), (-3.15e-05, 0.0150944, -0.0031573), (-0.0068547, 0.0150944, -0.0042385), (-0.0066086, 0.0150944, -0.0042691), (-0.0063659, 0.0150944, -0.00432), (-0.0061283, 0.0150944, -0.0043908), (-0.0058973, 0.0150944, -0.0044809), (-0.0056746, 0.0150944, -0.0045898), (-0.0054615, 0.0150944, -0.0047167), (-0.0052598, 0.0150944, -0.0048608), (-0.0050705, 0.0150944, -0.0050211), (-0.0048952, 0.0150944, -0.0051964), (-0.004735, 0.0150944, -0.0053856), (-0.0045909, 0.0150944, -0.0055874), (-0.004464, 0.0150944, -0.0058004), (-0.0043551, 0.0150944, -0.0060231), (-0.0042649, 0.0150944, -0.0062541), (-0.0041942, 0.0150944, -0.0064918), (-0.0041433, 0.0150944, -0.0067344), (-0.0041126, 0.0150944, -0.0069805), (-0.0041024, 0.0150944, -0.0072282), (0.0040396, 0.0150944, -0.0072282), (-0.0041126, 0.0150944, -0.007476), (0.0040499, 0.0150944, -0.007476), (-0.0041433, 0.0150944, -0.007722), (0.0040805, 0.0150944, -0.007722), (-0.0041942, 0.0150944, -0.0079647), (0.0041314, 0.0150944, -0.0079647), (-0.0042649, 0.0150944, -0.0082023), (0.0042022, 0.0150944, -0.0082023), (-0.0043551, 0.0150944, -0.0084333), (0.0042923, 0.0150944, -0.0084333), (-0.004464, 0.0150944, -0.0086561), (0.0044012, 0.0150944, -0.0086561), (-0.0045909, 0.0150944, -0.0088691), (0.0045281, 0.0150944, -0.0088691), (-0.004735, 0.0150944, -0.0090709), (0.0046722, 0.0150944, -0.0090709), (-0.0048952, 0.0150944, -0.0092601), (0.0048324, 0.0150944, -0.0092601), (-0.0050705, 0.0150944, -0.0094354), (0.0050078, 0.0150944, -0.0094354), (-0.0052598, 0.0150944, -0.0095957), (0.005197, 0.0150944, -0.0095957), (-0.0054615, 0.0150944, -0.0097397), (0.0053988, 0.0150944, -0.0097397), (-0.0056746, 0.0150944, -0.0098667), (0.0056118, 0.0150944, -0.0098667), (-0.0058973, 0.0150944, -0.0099756), (0.0058345, 0.0150944, -0.0099756), (-0.0061283, 0.0150944, -0.0100657), (0.0060655, 0.0150944, -0.0100657), (-0.0063659, 0.0150944, -0.0101364), (0.0063032, 0.0150944, -0.0101364), (-0.0066086, 0.0150944, -0.0101873), (0.0065458, 0.0150944, -0.0101873), (-0.0068547, 0.0150944, -0.010218), (0.0067919, 0.0150944, -0.010218), (-0.0071024, 0.0150944, -0.0102282), (0.0070396, 0.0150944, -0.0102282), (-3.15e-05, 0.0150944, -0.0151573), (0.0072873, 0.0150944, -0.010218), (0.0075334, 0.0150944, -0.0101873), (-0.0075962, 0.0150944, -0.0042691), (-0.0078388, 0.0150944, -0.00432), (-0.0080765, 0.0150944, -0.0043908), (-0.0083075, 0.0150944, -0.0044809), (-0.0085302, 0.0150944, -0.0045898), (-0.0087432, 0.0150944, -0.0047167), (-0.008945, 0.0150944, -0.0048608), (-0.0091342, 0.0150944, -0.0050211), (-0.0093096, 0.0150944, -0.0051964), (-0.0094698, 0.0150944, -0.0053856), (-0.0096139, 0.0150944, -0.0055874), (-0.0097408, 0.0150944, -0.0058004), (-0.0098497, 0.0150944, -0.0060231), (-0.0099398, 0.0150944, -0.0062541), (-0.0100106, 0.0150944, -0.0064918), (-0.0100615, 0.0150944, -0.0067344), (-0.0100921, 0.0150944, -0.0069805), (-0.0101024, 0.0150944, -0.0072282), (-0.0100921, 0.0150944, -0.007476), (-0.0100615, 0.0150944, -0.007722), (-0.0100106, 0.0150944, -0.0079647), (-0.0099398, 0.0150944, -0.0082023), (-0.0098497, 0.0150944, -0.0084333), (-0.0097408, 0.0150944, -0.0086561), (-0.0096139, 0.0150944, -0.0088691), (-0.0094698, 0.0150944, -0.0090709), (-0.0093096, 0.0150944, -0.0092601), (-0.0091342, 0.0150944, -0.0094354), (-0.008945, 0.0150944, -0.0095957), (-0.0087432, 0.0150944, -0.0097397), (-0.0085302, 0.0150944, -0.0098667), (-0.0083075, 0.0150944, -0.0099756), (-0.0080765, 0.0150944, -0.0100657), (-0.0078388, 0.0150944, -0.0101364), (-0.0075962, 0.0150944, -0.0101873), (-0.0073501, 0.0150944, -0.010218), (0.0067919, 0.0150944, -0.0042385), (0.0029685, 0.0150944, -0.0001573), (0.0070396, 0.0150944, -0.0042282), (0.0070396, 0.0150944, 0.0039138), (0.0072873, 0.0150944, -0.0042385), (0.0075334, 0.0150944, -0.0042691), (0.0077761, 0.0150944, -0.00432), (0.0080137, 0.0150944, -0.0043908), (0.0082447, 0.0150944, -0.0044809), (0.0029583, 0.0150944, -0.000405), (0.0065458, 0.0150944, -0.0042691), (0.0029276, 0.0150944, -0.0006511), (0.0063032, 0.0150944, -0.00432), (0.0028767, 0.0150944, -0.0008938), (0.0060655, 0.0150944, -0.0043908), (0.002806, 0.0150944, -0.0011314), (0.0058345, 0.0150944, -0.0044809), (0.0027159, 0.0150944, -0.0013624), (0.0056118, 0.0150944, -0.0045898), (0.002607, 0.0150944, -0.0015851), (0.0053988, 0.0150944, -0.0047167), (0.00248, 0.0150944, -0.0017981), (0.005197, 0.0150944, -0.0048608), (0.002336, 0.0150944, -0.0019999), (0.0050078, 0.0150944, -0.0050211), (0.0021757, 0.0150944, -0.0021891), (0.0048324, 0.0150944, -0.0051964), (0.0020004, 0.0150944, -0.0023645), (0.0046722, 0.0150944, -0.0053856), (0.0018112, 0.0150944, -0.0025247), (0.0045281, 0.0150944, -0.0055874), (0.0016094, 0.0150944, -0.0026688), (0.0044012, 0.0150944, -0.0058004), (0.0013964, 0.0150944, -0.0027957), (0.0042923, 0.0150944, -0.0060231), (0.0011736, 0.0150944, -0.0029046), (0.0042022, 0.0150944, -0.0062541), (0.0009426, 0.0150944, -0.0029948), (0.0041314, 0.0150944, -0.0064918), (0.000705, 0.0150944, -0.0030655), (0.0040805, 0.0150944, -0.0067344), (0.0004623, 0.0150944, -0.0031164), (0.0040499, 0.0150944, -0.0069805), (0.0002163, 0.0150944, -0.0031471), (0.0077761, 0.0150944, -0.0101364), (0.0080137, 0.0150944, -0.0100657), (0.0082447, 0.0150944, -0.0099756), (0.0084674, 0.0150944, -0.0098667), (0.0086805, 0.0150944, -0.0097397), (0.0088822, 0.0150944, -0.0095957), (0.0090715, 0.0150944, -0.0094354), (0.0092468, 0.0150944, -0.0092601), (0.009407, 0.0150944, -0.0090709), (0.0095511, 0.0150944, -0.0088691), (0.009678, 0.0150944, -0.0086561), (0.0097869, 0.0150944, -0.0084333), (0.0098771, 0.0150944, -0.0082023), (0.0099478, 0.0150944, -0.0079647), (0.0099987, 0.0150944, -0.007722), (0.0100294, 0.0150944, -0.007476), (0.0100396, 0.0150944, -0.0072282), (0.0100294, 0.0150944, -0.0069805), (0.0099987, 0.0150944, -0.0067344), (0.0099478, 0.0150944, -0.0064918), (0.0098771, 0.0150944, -0.0062541), (0.0097869, 0.0150944, -0.0060231), (0.009678, 0.0150944, -0.0058004), (0.0095511, 0.0150944, -0.0055874), (0.009407, 0.0150944, -0.0053856), (0.0092468, 0.0150944, -0.0051964), (0.0090715, 0.0150944, -0.0050211), (0.0088822, 0.0150944, -0.0048608), (0.0086805, 0.0150944, -0.0047167), (0.0084674, 0.0150944, -0.0045898), (-0.0068547, 0.0150944, 0.0099035), (-0.0071024, 0.0150944, 0.0099138), (-0.0073501, 0.0150944, 0.0099035), (-0.0075962, 0.0150944, 0.0098729), (-0.0078388, 0.0150944, 0.009822), (-0.0080765, 0.0150944, 0.0097512), (-0.0083075, 0.0150944, 0.0096611), (-0.0085302, 0.0150944, 0.0095522), (-0.0087432, 0.0150944, 0.0094253), (-0.008945, 0.0150944, 0.0092812), (-0.0091342, 0.0150944, 0.0091209), (-0.0093096, 0.0150944, 0.0089456), (-0.0094698, 0.0150944, 0.0087564), (-0.0096139, 0.0150944, 0.0085546), (-0.0097408, 0.0150944, 0.0083416), (-0.0098497, 0.0150944, 0.0081189), (-0.0099398, 0.0150944, 0.0078879), (-0.0100106, 0.0150944, 0.0076502), (-0.0100615, 0.0150944, 0.0074076), (-0.0100921, 0.0150944, 0.0071615), (-0.0101024, 0.0150944, 0.0069138), (-0.0100921, 0.0150944, 0.006666), (-0.0100615, 0.0150944, 0.00642), (-0.0100106, 0.0150944, 0.0061773), (-0.0099398, 0.0150944, 0.0059397), (-0.0098497, 0.0150944, 0.0057087), (-0.0097408, 0.0150944, 0.0054859), (-0.0096139, 0.0150944, 0.0052729), (-0.0094698, 0.0150944, 0.0050711), (-0.0093096, 0.0150944, 0.0048819), (-0.0091342, 0.0150944, 0.0047066), (-0.008945, 0.0150944, 0.0045463), (-0.0087432, 0.0150944, 0.0044023), (-0.0085302, 0.0150944, 0.0042753), (-0.0083075, 0.0150944, 0.0041664), (-0.0080765, 0.0150944, 0.0040763), (-0.0078388, 0.0150944, 0.0040056), (-0.0075962, 0.0150944, 0.0039547), (-0.0029905, 0.0150944, -0.0006511), (-0.0030212, 0.0150944, -0.000405), (-0.0073501, 0.0150944, 0.003924), (-0.0030315, 0.0150944, -0.0001573), (-0.0071024, 0.0150944, 0.0039138), (-0.0030212, 0.0150944, 9.04e-05), (-0.0068547, 0.0150944, 0.003924), (-0.0029905, 0.0150944, 0.0003365), (-0.0066086, 0.0150944, 0.0039547), (-0.0029397, 0.0150944, 0.0005792), (-0.0063659, 0.0150944, 0.0040056), (-0.0028689, 0.0150944, 0.0008168), (-0.0061283, 0.0150944, 0.0040763), (-0.0027788, 0.0150944, 0.0010478), (-0.0058973, 0.0150944, 0.0041664), (-0.0026699, 0.0150944, 0.0012705), (-0.0056746, 0.0150944, 0.0042753), (-0.002543, 0.0150944, 0.0014835), (-0.0054615, 0.0150944, 0.0044023), (-0.0023989, 0.0150944, 0.0016853), (-0.0052598, 0.0150944, 0.0045463), (-0.0022386, 0.0150944, 0.0018745), (-0.0050705, 0.0150944, 0.0047066), (-0.0020633, 0.0150944, 0.0020499), (-0.0048952, 0.0150944, 0.0048819), (-0.0018741, 0.0150944, 0.0022101), (-0.004735, 0.0150944, 0.0050711), (-0.0016723, 0.0150944, 0.0023542), (-0.0045909, 0.0150944, 0.0052729), (-0.0014593, 0.0150944, 0.0024811), (-0.004464, 0.0150944, 0.0054859), (-0.0012365, 0.0150944, 0.00259), (-0.0043551, 0.0150944, 0.0057087), (-0.0010056, 0.0150944, 0.0026802), (-0.0042649, 0.0150944, 0.0059397), (-0.0007679, 0.0150944, 0.0027509), (-0.0041942, 0.0150944, 0.0061773), (-0.0005252, 0.0150944, 0.0028018), (-0.0041433, 0.0150944, 0.00642), (-0.0002792, 0.0150944, 0.0028325), (-0.0041126, 0.0150944, 0.006666), (-3.15e-05, 0.0150944, 0.0028427), (-0.0041024, 0.0150944, 0.0069138), (0.0040396, 0.0150944, 0.0069138), (0.0040499, 0.0150944, 0.0071615), (-0.0041126, 0.0150944, 0.0071615), (0.0040805, 0.0150944, 0.0074076), (-0.0041433, 0.0150944, 0.0074076), (0.0041314, 0.0150944, 0.0076502), (-0.0041942, 0.0150944, 0.0076502), (0.0042022, 0.0150944, 0.0078879), (-0.0042649, 0.0150944, 0.0078879), (0.0042923, 0.0150944, 0.0081189), (-0.0043551, 0.0150944, 0.0081189), (-0.004464, 0.0150944, 0.0083416), (-0.0045909, 0.0150944, 0.0085546), (-0.004735, 0.0150944, 0.0087564), (-0.0048952, 0.0150944, 0.0089456), (-0.0050705, 0.0150944, 0.0091209), (-0.0052598, 0.0150944, 0.0092812), (-0.0054615, 0.0150944, 0.0094253), (-0.0056746, 0.0150944, 0.0095522), (-0.0058973, 0.0150944, 0.0096611), (-0.0061283, 0.0150944, 0.0097512), (-0.0063659, 0.0150944, 0.009822), (-0.0066086, 0.0150944, 0.0098729), (-0.0029397, 0.0150944, -0.0008938), (-0.0028689, 0.0150944, -0.0011314), (-0.0027788, 0.0150944, -0.0013624), (-0.0026699, 0.0150944, -0.0015851), (-0.002543, 0.0150944, -0.0017981), (-0.0023989, 0.0150944, -0.0019999), (-0.0022386, 0.0150944, -0.0021891), (-0.0020633, 0.0150944, -0.0023645), (-0.0018741, 0.0150944, -0.0025247), (-0.0016723, 0.0150944, -0.0026688), (-0.0014593, 0.0150944, -0.0027957), (-0.0012365, 0.0150944, -0.0029046), (-0.0010056, 0.0150944, -0.0029948), (-0.0007679, 0.0150944, -0.0030655), (-0.0005252, 0.0150944, -0.0031164), (-0.0002792, 0.0150944, -0.0031471), (0.0029583, 0.0150944, 9.04e-05), (0.0067919, 0.0150944, 0.003924), (0.0029276, 0.0150944, 0.0003365), (0.0065458, 0.0150944, 0.0039547), (0.0028767, 0.0150944, 0.0005792), (0.0063032, 0.0150944, 0.0040056), (0.002806, 0.0150944, 0.0008168), (0.0060655, 0.0150944, 0.0040763), (0.0027159, 0.0150944, 0.0010478), (0.0058345, 0.0150944, 0.0041664), (0.002607, 0.0150944, 0.0012705), (0.00248, 0.0150944, 0.0014835), (0.002336, 0.0150944, 0.0016853), (0.0021757, 0.0150944, 0.0018745), (0.0020004, 0.0150944, 0.0020499), (0.0018112, 0.0150944, 0.0022101), (0.0016094, 0.0150944, 0.0023542), (0.0013964, 0.0150944, 0.0024811), (0.0011736, 0.0150944, 0.00259), (0.0009426, 0.0150944, 0.0026802), (0.0056118, 0.0150944, 0.0042753), (0.0053988, 0.0150944, 0.0044023), (0.005197, 0.0150944, 0.0045463), (0.0050078, 0.0150944, 0.0047066), (0.0048324, 0.0150944, 0.0048819), (0.0046722, 0.0150944, 0.0050711), (0.0045281, 0.0150944, 0.0052729), (0.0044012, 0.0150944, 0.0054859), (0.0042923, 0.0150944, 0.0057087), (0.0042022, 0.0150944, 0.0059397), (0.000705, 0.0150944, 0.0027509), (0.0041314, 0.0150944, 0.0061773), (0.0004623, 0.0150944, 0.0028018), (0.0040805, 0.0150944, 0.00642), (0.0002163, 0.0150944, 0.0028325), (0.0040499, 0.0150944, 0.006666), (0.0072873, 0.0150944, 0.0099035), (0.0070396, 0.0150944, 0.0099138), (0.0067919, 0.0150944, 0.0099035), (0.0065458, 0.0150944, 0.0098729), (0.0063032, 0.0150944, 0.009822), (0.0060655, 0.0150944, 0.0097512), (0.0058345, 0.0150944, 0.0096611), (0.0056118, 0.0150944, 0.0095522), (0.0053988, 0.0150944, 0.0094253), (0.005197, 0.0150944, 0.0092812), (0.0050078, 0.0150944, 0.0091209), (0.0048324, 0.0150944, 0.0089456), (0.0046722, 0.0150944, 0.0087564), (0.0045281, 0.0150944, 0.0085546), (0.0044012, 0.0150944, 0.0083416), (0.0072873, 0.0150944, 0.003924), (0.0075334, 0.0150944, 0.0039547), (0.0077761, 0.0150944, 0.0040056), (0.0080137, 0.0150944, 0.0040763), (0.0082447, 0.0150944, 0.0041664), (0.0084674, 0.0150944, 0.0042753), (0.0086805, 0.0150944, 0.0044023), (0.0088822, 0.0150944, 0.0045463), (0.0090715, 0.0150944, 0.0047066), (0.0092468, 0.0150944, 0.0048819), (0.009407, 0.0150944, 0.0050711), (0.0095511, 0.0150944, 0.0052729), (0.009678, 0.0150944, 0.0054859), (0.0097869, 0.0150944, 0.0057087), (0.0098771, 0.0150944, 0.0059397), (0.0099478, 0.0150944, 0.0061773), (0.0099987, 0.0150944, 0.00642), (0.0100294, 0.0150944, 0.006666), (0.0100396, 0.0150944, 0.0069138), (0.0100294, 0.0150944, 0.0071615), (0.0099987, 0.0150944, 0.0074076), (0.0099478, 0.0150944, 0.0076502), (0.0098771, 0.0150944, 0.0078879), (0.0097869, 0.0150944, 0.0081189), (0.009678, 0.0150944, 0.0083416), (0.0095511, 0.0150944, 0.0085546), (0.009407, 0.0150944, 0.0087564), (0.0092468, 0.0150944, 0.0089456), (0.0090715, 0.0150944, 0.0091209), (0.0088822, 0.0150944, 0.0092812), (0.0086805, 0.0150944, 0.0094253), (0.0084674, 0.0150944, 0.0095522), (0.0082447, 0.0150944, 0.0096611), (0.0080137, 0.0150944, 0.0097512), (0.0077761, 0.0150944, 0.009822), (0.0075334, 0.0150944, 0.0098729), (0.0149685, -0.0067289, -0.0042386), (0.0149685, -0.0028954, -0.000405), (0.0149685, -0.0069767, -0.0042284), (0.0149685, -0.0029056, -0.0001573), (0.0149685, -0.0028954, 9.04e-05), (0.0149685, -0.0028647, -0.0006511), (0.0149685, -0.0064829, -0.0042693), (0.0149685, -0.0028138, -0.0008938), (0.0149685, -0.0062402, -0.0043202), (0.0149685, -0.0027431, -0.0011314), (0.0149685, -0.0060026, -0.0043909), (0.0149685, -0.0026529, -0.0013624), (0.0149685, -0.0057716, -0.004481), (0.0149685, -0.002544, -0.0015851), (0.0149685, -0.0055488, -0.0045899), (0.0149685, -0.0024171, -0.0017981), (0.0149685, -0.0053358, -0.0047169), (0.0149685, -0.002273, -0.0019999), (0.0149685, -0.005134, -0.0048609), (0.0149685, -0.0021128, -0.0021891), (0.0149685, -0.0049448, -0.0050212), (0.0149685, -0.0019375, -0.0023645), (0.0149685, -0.0047695, -0.0051965), (0.0149685, -0.0017483, -0.0025247), (0.0149685, -0.0046093, -0.0053857), (0.0149685, -0.0015465, -0.0026688), (0.0149685, -0.0044652, -0.0055875), (0.0149685, -0.0013335, -0.0027957), (0.0149685, -0.0011107, -0.0029046), (0.0149685, -0.0008797, -0.0029948), (0.0149685, -0.0006421, -0.0030655), (0.0149685, -0.0003994, -0.0031164), (0.0149685, -0.0001534, -0.0031471), (0.0149685, 9.44e-05, -0.0031573), (0.0149685, -0.0043383, -0.0058005), (0.0149685, -0.0042294, -0.0060233), (0.0149685, -0.0041392, -0.0062543), (0.0149685, -0.0040685, -0.0064919), (0.0149685, -0.0040176, -0.0067346), (0.0149685, -0.0039869, -0.0069806), (0.0149685, -0.0039767, -0.0072284), (0.0149685, -0.0039869, -0.0074761), (0.0149685, -0.0040176, -0.0077222), (0.0149685, -0.0040685, -0.0079648), (0.0149685, -0.0041392, -0.0082025), (0.0149685, -0.0042294, -0.0084335), (0.0149685, -0.0043383, -0.0086562), (0.0149685, -0.0044652, -0.0088692), (0.0149685, -0.0046093, -0.009071), (0.0149685, -0.0047695, -0.0092602), (0.0149685, -0.0049448, -0.0094355), (0.0149685, -0.005134, -0.0095958), (0.0149685, -0.0053358, -0.0097399), (0.0149685, -0.0055488, -0.0098668), (0.0149685, -0.0057716, -0.0099757), (0.0149685, -0.0060026, -0.0100658), (0.0149685, -0.0062402, -0.0101366), (0.0149685, -0.0064829, -0.0101875), (0.0149685, -0.0067289, -0.0102181), (0.0149685, -0.0069767, -0.0102284), (0.0149685, -0.0072244, -0.0102181), (0.0149685, -0.0074705, -0.0101875), (0.0149685, -0.0077131, -0.0101366), (0.0149685, -0.0079508, -0.0100658), (0.0149685, -0.0081818, -0.0099757), (0.0149685, -0.0084045, -0.0098668), (0.0149685, -0.0086175, -0.0097399), (0.0149685, -0.0088193, -0.0095958), (0.0149685, -0.0090085, -0.0094355), (0.0149685, -0.0091839, -0.0092602), (0.0149685, -0.0093441, -0.009071), (0.0149685, -0.0094882, -0.0088692), (0.0149685, -0.0096151, -0.0086562), (0.0149685, -0.009724, -0.0084335), (0.0149685, -0.0098141, -0.0082025), (0.0149685, -0.0098849, -0.0079648), (0.0149685, -0.0099358, -0.0077222), (0.0149685, -0.0099664, -0.0074761), (0.0149685, -0.0099767, -0.0072284), (0.0149685, -0.0099664, -0.0069806), (0.0149685, -0.0099358, -0.0067346), (0.0149685, -0.0098849, -0.0064919), (0.0149685, -0.0098141, -0.0062543), (0.0149685, -0.009724, -0.0060233), (0.0149685, -0.0096151, -0.0058005), (0.0149685, -0.0094882, -0.0055875), (0.0149685, -0.0093441, -0.0053857), (0.0149685, -0.0091839, -0.0051965), (0.0149685, -0.0090085, -0.0050212), (0.0149685, -0.0088193, -0.0048609), (0.0149685, -0.0086175, -0.0047169), (0.0149685, -0.0084045, -0.0045899), (0.0149685, -0.0081818, -0.004481), (0.0149685, -0.0079508, -0.0043909), (0.0149685, -0.0077131, -0.0043202), (0.0149685, -0.0074705, -0.0042693), (0.0149685, -0.0072244, -0.0042386), (0.0149685, 0.0003421, 0.0028325), (0.0149685, 0.0041757, 0.006666), (0.0149685, 9.44e-05, 0.0028427), (0.0149685, 0.0041654, 0.0069138), (0.0149685, 0.0041757, 0.0071615), (0.0149685, 0.0042064, 0.00642), (0.0149685, 0.0005882, 0.0028018), (0.0149685, 0.0042572, 0.0061773), (0.0149685, 0.0008308, 0.0027509), (0.0149685, 0.004328, 0.0059397), (0.0149685, 0.0010685, 0.0026802), (0.0149685, 0.0044181, 0.0057087), (0.0149685, 0.0012995, 0.00259), (0.0149685, 0.004527, 0.0054859), (0.0149685, 0.0015222, 0.0024811), (0.0149685, 0.004654, 0.0052729), (0.0149685, 0.0017352, 0.0023542), (0.0149685, 0.004798, 0.0050711), (0.0149685, 0.001937, 0.0022101), (0.0149685, 0.0049583, 0.0048819), (0.0149685, 0.0021262, 0.0020499), (0.0149685, 0.0051336, 0.0047066), (0.0149685, 0.0023016, 0.0018745), (0.0149685, 0.0053228, 0.0045463), (0.0149685, 0.0024618, 0.0016853), (0.0149685, 0.0055246, 0.0044023), (0.0149685, 0.0026059, 0.0014835), (0.0149685, 0.0057376, 0.0042753), (0.0149685, 0.0027328, 0.0012705), (0.0149685, 0.0059604, 0.0041664), (0.0149685, 0.0028417, 0.0010478), (0.0149685, 0.0061914, 0.0040763), (0.0149685, 0.0029318, 0.0008168), (0.0149685, 0.006429, 0.0040056), (0.0149685, 0.0030026, 0.0005792), (0.0149685, 0.0066717, 0.0039547), (0.0149685, 0.0030535, 0.0003365), (0.0149685, 0.0069177, 0.003924), (0.0149685, 0.0030841, 9.04e-05), (0.0149685, 0.0071655, 0.0039138), (0.0149685, 0.0030944, -0.0001573), (0.0149685, 0.0030841, -0.000405), (0.0149685, 0.0030535, -0.0006511), (0.0149685, 0.0030026, -0.0008938), (0.0149685, 0.0029318, -0.0011314), (0.0149685, 0.0028417, -0.0013624), (0.0149685, 0.0027328, -0.0015851), (0.0149685, 0.0026059, -0.0017981), (0.0149685, 0.0024618, -0.0019999), (0.0149685, 0.0023016, -0.0021891), (0.0149685, 0.0021262, -0.0023645), (0.0149685, 0.001937, -0.0025247), (0.0149685, 0.0017352, -0.0026688), (0.0149685, 0.0015222, -0.0027957), (0.0149685, 0.0012995, -0.0029046), (0.0149685, 0.0010685, -0.0029948), (0.0149685, 0.0008308, -0.0030655), (0.0149685, 0.0005882, -0.0031164), (0.0149685, 0.0003421, -0.0031471), (0.0149685, -0.0028647, 0.0003365), (0.0149685, -0.0028138, 0.0005792), (0.0149685, -0.0027431, 0.0008168), (0.0149685, -0.0026529, 0.0010478), (0.0149685, -0.002544, 0.0012705), (0.0149685, -0.0024171, 0.0014835), (0.0149685, -0.002273, 0.0016853), (0.0149685, -0.0021128, 0.0018745), (0.0149685, -0.0019375, 0.0020499), (0.0149685, -0.0017483, 0.0022101), (0.0149685, -0.0015465, 0.0023542), (0.0149685, -0.0013335, 0.0024811), (0.0149685, -0.0011107, 0.00259), (0.0149685, -0.0008797, 0.0026802), (0.0149685, -0.0006421, 0.0027509), (0.0149685, -0.0003994, 0.0028018), (0.0149685, -0.0001534, 0.0028325), (0.0149685, 0.0074132, 0.0099035), (0.0149685, 0.0071655, 0.0099138), (0.0149685, 0.0076592, 0.0098729), (0.0149685, 0.0079019, 0.009822), (0.0149685, 0.0081395, 0.0097512), (0.0149685, 0.0083705, 0.0096611), (0.0149685, 0.0085933, 0.0095522), (0.0149685, 0.0088063, 0.0094253), (0.0149685, 0.0090081, 0.0092812), (0.0149685, 0.0091973, 0.0091209), (0.0149685, 0.0093726, 0.0089456), (0.0149685, 0.0095329, 0.0087564), (0.0149685, 0.009677, 0.0085546), (0.0149685, 0.0098039, 0.0083416), (0.0149685, 0.0099128, 0.0081189), (0.0149685, 0.0100029, 0.0078879), (0.0149685, 0.0100737, 0.0076502), (0.0149685, 0.0101245, 0.0074076), (0.0149685, 0.0101552, 0.0071615), (0.0149685, 0.0101655, 0.0069138), (0.0149685, 0.0101552, 0.006666), (0.0149685, 0.0101245, 0.00642), (0.0149685, 0.0100737, 0.0061773), (0.0149685, 0.0100029, 0.0059397), (0.0149685, 0.0099128, 0.0057087), (0.0149685, 0.0098039, 0.0054859), (0.0149685, 0.009677, 0.0052729), (0.0149685, 0.0095329, 0.0050711), (0.0149685, 0.0093726, 0.0048819), (0.0149685, 0.0091973, 0.0047066), (0.0149685, 0.0090081, 0.0045463), (0.0149685, 0.0088063, 0.0044023), (0.0149685, 0.0085933, 0.0042753), (0.0149685, 0.0083705, 0.0041664), (0.0149685, 0.0081395, 0.0040763), (0.0149685, 0.0079019, 0.0040056), (0.0149685, 0.0076592, 0.0039547), (0.0149685, 0.0074132, 0.003924), (0.0149685, 0.0042064, 0.0074076), (0.0149685, 0.0042572, 0.0076502), (0.0149685, 0.004328, 0.0078879), (0.0149685, 0.0044181, 0.0081189), (0.0149685, 0.004527, 0.0083416), (0.0149685, 0.004654, 0.0085546), (0.0149685, 0.004798, 0.0087564), (0.0149685, 0.0049583, 0.0089456), (0.0149685, 0.0051336, 0.0091209), (0.0149685, 0.0053228, 0.0092812), (0.0149685, 0.0055246, 0.0094253), (0.0149685, 0.0057376, 0.0095522), (0.0149685, 0.0059604, 0.0096611), (0.0149685, 0.0061914, 0.0097512), (0.0149685, 0.006429, 0.009822), (0.0149685, 0.0066717, 0.0098729), (0.0149685, 0.0069177, 0.0099035), (-0.0030212, 0.0003421, 0.0148427), (-0.0030315, 9.44e-05, 0.0148427), (-0.0029905, 0.0005882, 0.0148427), (-0.0029397, 0.0008308, 0.0148427), (-0.0028689, 0.0010685, 0.0148427), (-0.0027788, 0.0012995, 0.0148427), (-0.0026699, 0.0015222, 0.0148427), (-0.002543, 0.0017352, 0.0148427), (-0.0023989, 0.001937, 0.0148427), (-0.0022386, 0.0021262, 0.0148427), (-0.0020633, 0.0023016, 0.0148427), (-0.0018741, 0.0024618, 0.0148427), (-0.0016723, 0.0026059, 0.0148427), (-0.0014593, 0.0027328, 0.0148427), (-0.0012365, 0.0028417, 0.0148427), (-0.0010056, 0.0029318, 0.0148427), (-0.0007679, 0.0030026, 0.0148427), (-0.0005252, 0.0030535, 0.0148427), (-0.0002792, 0.0030841, 0.0148427), (-3.15e-05, 0.0030944, 0.0148427), (0.0002163, 0.0030841, 0.0148427), (0.0004623, 0.0030535, 0.0148427), (0.000705, 0.0030026, 0.0148427), (0.0009426, 0.0029318, 0.0148427), (0.0011736, 0.0028417, 0.0148427), (0.0013964, 0.0027328, 0.0148427), (0.0016094, 0.0026059, 0.0148427), (0.0018112, 0.0024618, 0.0148427), (0.0020004, 0.0023016, 0.0148427), (0.0021757, 0.0021262, 0.0148427), (0.002336, 0.001937, 0.0148427), (0.00248, 0.0017352, 0.0148427), (0.002607, 0.0015222, 0.0148427), (0.0027159, 0.0012995, 0.0148427), (0.002806, 0.0010685, 0.0148427), (0.0028767, 0.0008308, 0.0148427), (0.0029276, 0.0005882, 0.0148427), (0.0029583, 0.0003421, 0.0148427), (0.0029685, 9.44e-05, 0.0148427), (0.0029583, -0.0001534, 0.0148427), (0.0029276, -0.0003994, 0.0148427), (0.0028767, -0.0006421, 0.0148427), (0.002806, -0.0008797, 0.0148427), (0.0027159, -0.0011107, 0.0148427), (0.002607, -0.0013335, 0.0148427), (0.00248, -0.0015465, 0.0148427), (0.002336, -0.0017483, 0.0148427), (0.0021757, -0.0019375, 0.0148427), (0.0020004, -0.0021128, 0.0148427), (0.0018112, -0.002273, 0.0148427), (0.0016094, -0.0024171, 0.0148427), (0.0013964, -0.002544, 0.0148427), (0.0011736, -0.0026529, 0.0148427), (0.0009426, -0.0027431, 0.0148427), (0.000705, -0.0028138, 0.0148427), (0.0004623, -0.0028647, 0.0148427), (0.0002163, -0.0028954, 0.0148427), (-3.15e-05, -0.0029056, 0.0148427), (-0.0002792, -0.0028954, 0.0148427), (-0.0005252, -0.0028647, 0.0148427), (-0.0007679, -0.0028138, 0.0148427), (-0.0010056, -0.0027431, 0.0148427), (-0.0012365, -0.0026529, 0.0148427), (-0.0014593, -0.002544, 0.0148427), (-0.0016723, -0.0024171, 0.0148427), (-0.0018741, -0.002273, 0.0148427), (-0.0020633, -0.0021128, 0.0148427), (-0.0022386, -0.0019375, 0.0148427), (-0.0023989, -0.0017483, 0.0148427), (-0.002543, -0.0015465, 0.0148427), (-0.0026699, -0.0013335, 0.0148427), (-0.0027788, -0.0011107, 0.0148427), (-0.0028689, -0.0008797, 0.0148427), (-0.0029397, -0.0006421, 0.0148427), (-0.0029905, -0.0003994, 0.0148427), (-0.0030212, -0.0001534, 0.0148427), (0.0072872, 0.0101552, -0.0151573), (0.0070395, 0.0101654, -0.0151573), (0.0067917, 0.0101552, -0.0151573), (0.0065457, 0.0101245, -0.0151573), (0.006303, 0.0100736, -0.0151573), (0.0060654, 0.0100029, -0.0151573), (0.0058344, 0.0099127, -0.0151573), (0.0056116, 0.0098038, -0.0151573), (0.0053986, 0.0096769, -0.0151573), (0.0051968, 0.0095328, -0.0151573), (0.0050076, 0.0093726, -0.0151573), (0.0048323, 0.0091973, -0.0151573), (0.0046721, 0.0090081, -0.0151573), (0.004528, 0.0088063, -0.0151573), (0.0044011, 0.0085933, -0.0151573), (0.0042922, 0.0083705, -0.0151573), (-0.0043552, 0.0083705, -0.0151573), (-0.0044641, 0.0085933, -0.0151573), (-0.004591, 0.0088063, -0.0151573), (-0.0047351, 0.0090081, -0.0151573), (-0.0048954, 0.0091973, -0.0151573), (-0.0050707, 0.0093726, -0.0151573), (-0.0052599, 0.0095328, -0.0151573), (-0.0054617, 0.0096769, -0.0151573), (-0.0056747, 0.0098038, -0.0151573), (-0.0058974, 0.0099127, -0.0151573), (-0.0061284, 0.0100029, -0.0151573), (-0.0063661, 0.0100736, -0.0151573), (-0.0066087, 0.0101245, -0.0151573), (-0.0068548, 0.0101552, -0.0151573), (-0.0071025, 0.0101654, -0.0151573), (-0.0073503, 0.0101552, -0.0151573), (-0.0042651, 0.0081395, -0.0151573), (0.004202, 0.0081395, -0.0151573), (-0.0041943, 0.0079019, -0.0151573), (0.0041313, 0.0079019, -0.0151573), (-0.0041434, 0.0076592, -0.0151573), (0.0040804, 0.0076592, -0.0151573), (-0.0041128, 0.0074132, -0.0151573), (0.0040497, 0.0074132, -0.0151573), (-0.0041025, 0.0071654, -0.0151573), (0.0040395, 0.0071654, -0.0151573), (-0.0041128, 0.0069177, -0.0151573), (0.0040497, 0.0069177, -0.0151573), (-0.0041434, 0.0066716, -0.0151573), (0.0040804, 0.0066716, -0.0151573), (-0.0041943, 0.006429, -0.0151573), (0.0041313, 0.006429, -0.0151573), (-0.0042651, 0.0061913, -0.0151573), (0.004202, 0.0061913, -0.0151573), (-0.0043552, 0.0059603, -0.0151573), (0.0042922, 0.0059603, -0.0151573), (-0.0044641, 0.0057376, -0.0151573), (0.0044011, 0.0057376, -0.0151573), (-0.0044641, 0.0015223, -0.0151573), (0.0044011, 0.0015223, -0.0151573), (-0.0043552, 0.0012995, -0.0151573), (0.0042922, 0.0012995, -0.0151573), (-0.0042651, 0.0010685, -0.0151573), (0.004202, 0.0010685, -0.0151573), (-0.0041943, 0.0008309, -0.0151573), (0.0041313, 0.0008309, -0.0151573), (-0.0041434, 0.0005882, -0.0151573), (0.0040804, 0.0005882, -0.0151573), (-0.0041128, 0.0003422, -0.0151573), (0.0040497, 0.0003422, -0.0151573), (-0.0041025, 9.44e-05, -0.0151573), (0.0040395, 9.44e-05, -0.0151573), (-0.0041128, -0.0001533, -0.0151573), (0.0040497, -0.0001533, -0.0151573), (-0.0041434, -0.0003994, -0.0151573), (0.0040804, -0.0003994, -0.0151573), (-0.0041943, -0.000642, -0.0151573), (0.0041313, -0.000642, -0.0151573), (-0.0042651, -0.0008797, -0.0151573), (0.004202, -0.0008797, -0.0151573), (-0.0043552, -0.0011107, -0.0151573), (0.0042922, -0.0011107, -0.0151573), (-0.0044641, -0.0013334, -0.0151573), (0.0044011, -0.0013334, -0.0151573), (-0.0044641, -0.0055487, -0.0151573), (0.0044011, -0.0055487, -0.0151573), (-0.0043552, -0.0057715, -0.0151573), (0.0042922, -0.0057715, -0.0151573), (-0.0042651, -0.0060025, -0.0151573), (0.004202, -0.0060025, -0.0151573), (-0.0041943, -0.0062401, -0.0151573), (0.0041313, -0.0062401, -0.0151573), (-0.0041434, -0.0064828, -0.0151573), (0.0040804, -0.0064828, -0.0151573), (-0.0041128, -0.0067289, -0.0151573), (0.0040497, -0.0067289, -0.0151573), (-0.0041025, -0.0069766, -0.0151573), (0.0040395, -0.0069766, -0.0151573), (-0.0041128, -0.0072243, -0.0151573), (0.0040497, -0.0072243, -0.0151573), (-0.0041434, -0.0074704, -0.0151573), (0.0040804, -0.0074704, -0.0151573), (-0.0041943, -0.007713, -0.0151573), (0.0041313, -0.007713, -0.0151573), (-0.0042651, -0.0079507, -0.0151573), (0.004202, -0.0079507, -0.0151573), (-0.0043552, -0.0081817, -0.0151573), (0.0042922, -0.0081817, -0.0151573), (0.0044011, -0.0084044, -0.0151573), (0.004528, -0.0086174, -0.0151573), (0.0046721, -0.0088192, -0.0151573), (0.0048323, -0.0090084, -0.0151573), (0.0050076, -0.0091838, -0.0151573), (0.0051968, -0.009344, -0.0151573), (0.0053986, -0.0094881, -0.0151573), (0.0056116, -0.009615, -0.0151573), (0.0058344, -0.0097239, -0.0151573), (0.0060654, -0.009814, -0.0151573), (0.006303, -0.0098848, -0.0151573), (0.0065457, -0.0099357, -0.0151573), (0.0067917, -0.0099663, -0.0151573), (0.0070395, -0.0099766, -0.0151573), (0.0072872, -0.0099663, -0.0151573), (0.004528, 0.0055246, -0.0151573), (0.004528, 0.0017353, -0.0151573), (0.0046721, 0.0053228, -0.0151573), (0.0046721, 0.0019371, -0.0151573), (0.0048323, 0.0051336, -0.0151573), (0.0048323, 0.0021263, -0.0151573), (0.0050076, 0.0049582, -0.0151573), (0.0050076, 0.0023016, -0.0151573), (0.0051968, 0.004798, -0.0151573), (0.0051968, 0.0024618, -0.0151573), (0.0053986, 0.0046539, -0.0151573), (0.0053986, 0.0026059, -0.0151573), (0.0056116, 0.004527, -0.0151573), (0.0056116, 0.0027328, -0.0151573), (0.0058344, 0.0044181, -0.0151573), (0.0058344, 0.0028417, -0.0151573), (0.0060654, 0.004328, -0.0151573), (0.0060654, 0.0029319, -0.0151573), (0.006303, 0.0042572, -0.0151573), (0.006303, 0.0030026, -0.0151573), (0.0065457, 0.0042063, -0.0151573), (0.0065457, 0.0030535, -0.0151573), (0.0067917, 0.0041757, -0.0151573), (0.0067917, 0.0030842, -0.0151573), (0.0070395, 0.0041654, -0.0151573), (0.0070395, 0.0030944, -0.0151573), (0.0072872, 0.0030842, -0.0151573), (0.0072872, 0.0041757, -0.0151573), (0.0075333, 0.0030535, -0.0151573), (0.0075333, 0.0042063, -0.0151573), (0.0077759, 0.0030026, -0.0151573), (0.0077759, 0.0042572, -0.0151573), (0.0080136, 0.0029319, -0.0151573), (0.0080136, 0.004328, -0.0151573), (0.0082446, 0.0028417, -0.0151573), (0.0082446, 0.0044181, -0.0151573), (0.0084673, 0.0027328, -0.0151573), (0.0084673, 0.004527, -0.0151573), (0.0086803, 0.0046539, -0.0151573), (0.0086803, 0.0026059, -0.0151573), (0.0088821, 0.004798, -0.0151573), (0.0088821, 0.0024618, -0.0151573), (0.0090713, 0.0049582, -0.0151573), (0.0090713, 0.0023016, -0.0151573), (0.0092466, 0.0051336, -0.0151573), (0.0092466, 0.0021263, -0.0151573), (0.0094069, 0.0053228, -0.0151573), (0.0094069, 0.0019371, -0.0151573), (0.009551, 0.0017353, -0.0151573), (0.0096779, 0.0015223, -0.0151573), (0.0097868, 0.0012995, -0.0151573), (0.009551, 0.0055246, -0.0151573), (0.0096779, 0.0057376, -0.0151573), (0.0097868, 0.0059603, -0.0151573), (0.0098769, 0.0061913, -0.0151573), (0.0099477, 0.006429, -0.0151573), (0.0099986, 0.0066716, -0.0151573), (0.0100292, 0.0069177, -0.0151573), (0.0100395, 0.0071654, -0.0151573), (0.0100292, 0.0074132, -0.0151573), (0.0099986, 0.0076592, -0.0151573), (0.0099477, 0.0079019, -0.0151573), (0.0098769, 0.0081395, -0.0151573), (0.0097868, 0.0083705, -0.0151573), (0.0096779, 0.0085933, -0.0151573), (0.009551, 0.0088063, -0.0151573), (0.0094069, 0.0090081, -0.0151573), (0.0092466, 0.0091973, -0.0151573), (0.0090713, 0.0093726, -0.0151573), (0.0088821, 0.0095328, -0.0151573), (0.0086803, 0.0096769, -0.0151573), (0.0084673, 0.0098038, -0.0151573), (0.0082446, 0.0099127, -0.0151573), (0.0080136, 0.0100029, -0.0151573), (0.0077759, 0.0100736, -0.0151573), (0.0075333, 0.0101245, -0.0151573), (-0.0075963, 0.0101245, -0.0151573), (-0.007839, 0.0100736, -0.0151573), (-0.0080766, 0.0100029, -0.0151573), (-0.0083076, 0.0099127, -0.0151573), (-0.0085304, 0.0098038, -0.0151573), (-0.0087434, 0.0096769, -0.0151573), (-0.0089452, 0.0095328, -0.0151573), (-0.0091344, 0.0093726, -0.0151573), (-0.0093097, 0.0091973, -0.0151573), (-0.00947, 0.0090081, -0.0151573), (-0.009614, 0.0088063, -0.0151573), (-0.009741, 0.0085933, -0.0151573), (-0.0098499, 0.0083705, -0.0151573), (-0.00994, 0.0081395, -0.0151573), (-0.0100107, 0.0079019, -0.0151573), (-0.0100616, 0.0076592, -0.0151573), (-0.0100923, 0.0074132, -0.0151573), (-0.0101025, 0.0071654, -0.0151573), (-0.0100923, 0.0069177, -0.0151573), (-0.0100616, 0.0066716, -0.0151573), (-0.0100107, 0.006429, -0.0151573), (-0.00994, 0.0061913, -0.0151573), (-0.0098499, 0.0059603, -0.0151573), (-0.009741, 0.0057376, -0.0151573), (-0.009614, 0.0055246, -0.0151573), (-0.00947, 0.0053228, -0.0151573), (-0.00947, 0.0019371, -0.0151573), (-0.0093097, 0.0051336, -0.0151573), (-0.0093097, 0.0021263, -0.0151573), (-0.0091344, 0.0049582, -0.0151573), (-0.0091344, 0.0023016, -0.0151573), (-0.0089452, 0.004798, -0.0151573), (-0.0089452, 0.0024618, -0.0151573), (-0.0087434, 0.0046539, -0.0151573), (-0.0087434, 0.0026059, -0.0151573), (-0.0085304, 0.004527, -0.0151573), (-0.0085304, 0.0027328, -0.0151573), (-0.0083076, 0.0028417, -0.0151573), (-0.0083076, 0.0044181, -0.0151573), (-0.0080766, 0.0029319, -0.0151573), (-0.0080766, 0.004328, -0.0151573), (-0.007839, 0.0030026, -0.0151573), (-0.007839, 0.0042572, -0.0151573), (-0.0075963, 0.0030535, -0.0151573), (-0.0075963, 0.0042063, -0.0151573), (-0.0073503, 0.0030842, -0.0151573), (-0.0073503, 0.0041757, -0.0151573), (-0.0071025, 0.0030944, -0.0151573), (-0.0071025, 0.0041654, -0.0151573), (-0.0068548, 0.0030842, -0.0151573), (-0.0068548, 0.0041757, -0.0151573), (-0.0066087, 0.0030535, -0.0151573), (-0.0066087, 0.0042063, -0.0151573), (-0.0063661, 0.0030026, -0.0151573), (-0.0063661, 0.0042572, -0.0151573), (-0.0061284, 0.0029319, -0.0151573), (-0.0061284, 0.004328, -0.0151573), (-0.0058974, 0.0028417, -0.0151573), (-0.0058974, 0.0044181, -0.0151573), (-0.0056747, 0.0027328, -0.0151573), (-0.0056747, 0.004527, -0.0151573), (-0.0054617, 0.0026059, -0.0151573), (-0.0054617, 0.0046539, -0.0151573), (-0.0052599, 0.004798, -0.0151573), (-0.0052599, 0.0024618, -0.0151573), (-0.0050707, 0.0049582, -0.0151573), (-0.0050707, 0.0023016, -0.0151573), (-0.0048954, 0.0051336, -0.0151573), (-0.0048954, 0.0021263, -0.0151573), (-0.0047351, 0.0053228, -0.0151573), (-0.0047351, 0.0019371, -0.0151573), (-0.004591, 0.0055246, -0.0151573), (-0.004591, 0.0017353, -0.0151573), (0.004528, -0.0015464, -0.0151573), (0.004528, -0.0053357, -0.0151573), (0.0046721, -0.0017482, -0.0151573), (0.0046721, -0.0051339, -0.0151573), (0.0048323, -0.0019374, -0.0151573), (0.0048323, -0.0049447, -0.0151573), (0.0050076, -0.0021128, -0.0151573), (0.0050076, -0.0047694, -0.0151573), (0.0051968, -0.002273, -0.0151573), (0.0051968, -0.0046092, -0.0151573), (0.0053986, -0.0024171, -0.0151573), (0.0053986, -0.0044651, -0.0151573), (0.0056116, -0.002544, -0.0151573), (0.0056116, -0.0043382, -0.0151573), (0.0058344, -0.0026529, -0.0151573), (0.0058344, -0.0042293, -0.0151573), (0.0060654, -0.002743, -0.0151573), (0.0060654, -0.0041391, -0.0151573), (0.006303, -0.0028138, -0.0151573), (0.006303, -0.0040684, -0.0151573), (0.0065457, -0.0028647, -0.0151573), (0.0065457, -0.0040175, -0.0151573), (0.0067917, -0.0028953, -0.0151573), (0.0067917, -0.0039868, -0.0151573), (0.0070395, -0.0029056, -0.0151573), (0.0070395, -0.0039766, -0.0151573), (0.0072872, -0.0039868, -0.0151573), (0.0072872, -0.0028953, -0.0151573), (0.0075333, -0.0040175, -0.0151573), (0.0075333, -0.0028647, -0.0151573), (0.0077759, -0.0040684, -0.0151573), (0.0077759, -0.0028138, -0.0151573), (0.0080136, -0.0041391, -0.0151573), (0.0080136, -0.002743, -0.0151573), (0.0082446, -0.0042293, -0.0151573), (0.0082446, -0.0026529, -0.0151573), (0.0084673, -0.0043382, -0.0151573), (0.0084673, -0.002544, -0.0151573), (0.0086803, -0.0024171, -0.0151573), (0.0086803, -0.0044651, -0.0151573), (0.0088821, -0.002273, -0.0151573), (0.0088821, -0.0046092, -0.0151573), (0.0090713, -0.0021128, -0.0151573), (0.0090713, -0.0047694, -0.0151573), (0.0092466, -0.0019374, -0.0151573), (0.0092466, -0.0049447, -0.0151573), (0.0094069, -0.0017482, -0.0151573), (0.0094069, -0.0051339, -0.0151573), (0.009551, -0.0053357, -0.0151573), (0.0096779, -0.0055487, -0.0151573), (0.0097868, -0.0057715, -0.0151573), (0.0098769, -0.0060025, -0.0151573), (0.0099477, -0.0062401, -0.0151573), (0.0099986, -0.0064828, -0.0151573), (0.0100292, -0.0067288, -0.0151573), (0.0100395, -0.0069766, -0.0151573), (0.0100292, -0.0072243, -0.0151573), (0.0099986, -0.0074704, -0.0151573), (0.0099477, -0.007713, -0.0151573), (0.0098769, -0.0079507, -0.0151573), (0.0097868, -0.0081817, -0.0151573), (0.0096779, -0.0084044, -0.0151573), (0.009551, -0.0086174, -0.0151573), (0.0094069, -0.0088192, -0.0151573), (0.0092466, -0.0090084, -0.0151573), (0.0090713, -0.0091838, -0.0151573), (0.0088821, -0.009344, -0.0151573), (0.0086803, -0.0094881, -0.0151573), (0.0084673, -0.009615, -0.0151573), (0.0082446, -0.0097239, -0.0151573), (0.0080136, -0.009814, -0.0151573), (0.0077759, -0.0098848, -0.0151573), (0.0075333, -0.0099357, -0.0151573), (0.009551, -0.0015464, -0.0151573), (0.0096779, -0.0013334, -0.0151573), (0.0097868, -0.0011107, -0.0151573), (0.0098769, -0.0008797, -0.0151573), (0.0099477, -0.000642, -0.0151573), (0.0099986, -0.0003994, -0.0151573), (0.0100292, -0.0001533, -0.0151573), (0.0100395, 9.44e-05, -0.0151573), (0.0100292, 0.0003422, -0.0151573), (0.0099986, 0.0005882, -0.0151573), (0.0099477, 0.0008309, -0.0151573), (0.0098769, 0.0010685, -0.0151573), (-0.009614, 0.0017353, -0.0151573), (-0.009741, 0.0015223, -0.0151573), (-0.0098499, 0.0012995, -0.0151573), (-0.00994, 0.0010685, -0.0151573), (-0.0100107, 0.0008309, -0.0151573), (-0.0100616, 0.0005882, -0.0151573), (-0.0100923, 0.0003422, -0.0151573), (-0.0101025, 9.44e-05, -0.0151573), (-0.0100923, -0.0001533, -0.0151573), (-0.0100616, -0.0003994, -0.0151573), (-0.0100107, -0.000642, -0.0151573), (-0.00994, -0.0008797, -0.0151573), (-0.0098499, -0.0011107, -0.0151573), (-0.009741, -0.0013334, -0.0151573), (-0.009614, -0.0015464, -0.0151573), (-0.00947, -0.0017482, -0.0151573), (-0.00947, -0.005134, -0.0151573), (-0.0093097, -0.0019374, -0.0151573), (-0.0093097, -0.0049447, -0.0151573), (-0.0091344, -0.0021128, -0.0151573), (-0.0091344, -0.0047694, -0.0151573), (-0.0089452, -0.002273, -0.0151573), (-0.0089452, -0.0046092, -0.0151573), (-0.0087434, -0.0024171, -0.0151573), (-0.0087434, -0.0044651, -0.0151573), (-0.0085304, -0.002544, -0.0151573), (-0.0085304, -0.0043382, -0.0151573), (-0.0083076, -0.0042293, -0.0151573), (-0.0083076, -0.0026529, -0.0151573), (-0.0080766, -0.0041391, -0.0151573), (-0.0080766, -0.002743, -0.0151573), (-0.007839, -0.0040684, -0.0151573), (-0.007839, -0.0028138, -0.0151573), (-0.0075963, -0.0040175, -0.0151573), (-0.0075963, -0.0028647, -0.0151573), (-0.0073503, -0.0039868, -0.0151573), (-0.0073503, -0.0028953, -0.0151573), (-0.0071025, -0.0039766, -0.0151573), (-0.0071025, -0.0029056, -0.0151573), (-0.0068548, -0.0039868, -0.0151573), (-0.0068548, -0.0028953, -0.0151573), (-0.0066087, -0.0040175, -0.0151573), (-0.0066087, -0.0028647, -0.0151573), (-0.0063661, -0.0040684, -0.0151573), (-0.0063661, -0.0028138, -0.0151573), (-0.0061284, -0.0041391, -0.0151573), (-0.0061284, -0.002743, -0.0151573), (-0.0058974, -0.0042293, -0.0151573), (-0.0058974, -0.0026529, -0.0151573), (-0.0056747, -0.0043382, -0.0151573), (-0.0056747, -0.002544, -0.0151573), (-0.0054617, -0.0044651, -0.0151573), (-0.0054617, -0.0024171, -0.0151573), (-0.0052599, -0.002273, -0.0151573), (-0.0052599, -0.0046092, -0.0151573), (-0.0050707, -0.0021128, -0.0151573), (-0.0050707, -0.0047694, -0.0151573), (-0.0048954, -0.0019374, -0.0151573), (-0.0048954, -0.0049447, -0.0151573), (-0.0047351, -0.0017482, -0.0151573), (-0.0047351, -0.0051339, -0.0151573), (-0.004591, -0.0015464, -0.0151573), (-0.004591, -0.0053357, -0.0151573), (-0.009614, -0.0053357, -0.0151573), (-0.009741, -0.0055487, -0.0151573), (-0.0098499, -0.0057715, -0.0151573), (-0.00994, -0.0060025, -0.0151573), (-0.0100107, -0.0062401, -0.0151573), (-0.0100616, -0.0064828, -0.0151573), (-0.0100923, -0.0067289, -0.0151573), (-0.0101025, -0.0069766, -0.0151573), (-0.0100923, -0.0072243, -0.0151573), (-0.0100616, -0.0074704, -0.0151573), (-0.0100107, -0.007713, -0.0151573), (-0.00994, -0.0079507, -0.0151573), (-0.0098499, -0.0081817, -0.0151573), (-0.009741, -0.0084044, -0.0151573), (-0.009614, -0.0086174, -0.0151573), (-0.00947, -0.0088192, -0.0151573), (-0.0093097, -0.0090084, -0.0151573), (-0.0091344, -0.0091838, -0.0151573), (-0.0089452, -0.009344, -0.0151573), (-0.0087434, -0.0094881, -0.0151573), (-0.0085304, -0.009615, -0.0151573), (-0.0083076, -0.0097239, -0.0151573), (-0.0080766, -0.009814, -0.0151573), (-0.007839, -0.0098848, -0.0151573), (-0.0075963, -0.0099357, -0.0151573), (-0.0073503, -0.0099663, -0.0151573), (-0.0071025, -0.0099766, -0.0151573), (-0.0068548, -0.0099663, -0.0151573), (-0.0066087, -0.0099357, -0.0151573), (-0.0063661, -0.0098848, -0.0151573), (-0.0061284, -0.009814, -0.0151573), (-0.0058974, -0.0097239, -0.0151573), (-0.0056747, -0.009615, -0.0151573), (-0.0054617, -0.0094881, -0.0151573), (-0.0052599, -0.009344, -0.0151573), (-0.0050707, -0.0091838, -0.0151573), (-0.0048954, -0.0090084, -0.0151573), (-0.0047351, -0.0088192, -0.0151573), (-0.004591, -0.0086174, -0.0151573), (-0.0044641, -0.0084044, -0.0151573)]
            uniform token subdivisionScheme = "none"
        }
    }
    def Scope "collisions"
    {
        def Mesh "collision_0" (
            prepend apiSchemas = ["PhysicsCollisionAPI", "PhysicsMeshCollisionAPI"]
        )
        {
            uniform token physics:approximation = "convexHull"
            uniform token purpose = "guide"
            int[] faceVertexCounts = [3, 3, 3, 3, 3, 3, 3, 3, 3, 3, 3, 3, 3, 3, 3, 3, 3, 3, 3, 3, 3, 3, 3, 3, 3, 3, 3, 3, 3, 3, 3, 3, 3, 3, 3, 3, 3, 3, 3, 3, 3, 3, 3, 3, 3, 3, 3, 3, 3, 3, 3, 3, 3, 3, 3, 3, 3, 3, 3, 3, 3, 3, 3, 3, 3, 3, 3, 3, 3, 3, 3, 3, 3, 3, 3, 3, 3, 3, 3, 3, 3, 3, 3, 3, 3, 3, 3, 3, 3, 3, 3, 3, 3, 3, 3, 3, 3, 3, 3, 3, 3, 3, 3, 3, 3, 3, 3, 3, 3, 3, 3, 3, 3, 3, 3, 3, 3, 3, 3, 3, 3, 3, 3, 3, 3, 3, 3, 3, 3, 3, 3, 3, 3, 3, 3, 3, 3, 3, 3, 3, 3, 3, 3, 3, 3, 3, 3, 3, 3, 3, 3, 3, 3, 3, 3, 3, 3, 3, 3, 3, 3, 3, 3, 3, 3, 3, 3, 3, 3, 3, 3, 3, 3, 3, 3, 3, 3, 3, 3, 3, 3, 3, 3, 3, 3, 3, 3, 3, 3, 3, 3, 3, 3, 3, 3, 3, 3, 3, 3, 3, 3, 3, 3, 3, 3, 3, 3, 3, 3, 3, 3, 3, 3, 3, 3, 3, 3, 3, 3, 3, 3, 3, 3, 3, 3, 3, 3, 3, 3, 3, 3, 3, 3, 3, 3, 3, 3, 3, 3, 3, 3, 3, 3, 3, 3, 3, 3, 3, 3, 3, 3, 3, 3, 3, 3, 3, 3, 3, 3, 3, 3, 3, 3, 3, 3, 3, 3, 3, 3, 3, 3, 3, 3, 3, 3, 3, 3, 3, 3, 3, 3, 3, 3, 3, 3, 3, 3, 3, 3, 3, 3, 3, 3, 3, 3, 3, 3, 3, 3, 3, 3, 3, 3, 3, 3, 3, 3, 3, 3, 3, 3, 3, 3, 3, 3, 3, 3, 3, 3, 3, 3, 3, 3, 3, 3, 3, 3, 3, 3, 3, 3, 3, 3, 3, 3, 3, 3, 3, 3, 3, 3, 3, 3, 3, 3, 3, 3, 3, 3, 3, 3, 3, 3, 3, 3, 3, 3, 3, 3, 3, 3, 3, 3, 3, 3, 3, 3, 3, 3, 3, 3, 3, 3, 3, 3, 3, 3, 3, 3, 3, 3, 3, 3, 3, 3, 3, 3, 3, 3, 3, 3, 3, 3, 3, 3, 3, 3, 3, 3, 3, 3, 3, 3, 3, 3, 3, 3, 3, 3, 3, 3, 3, 3, 3, 3, 3, 3, 3, 3, 3, 3, 3, 3, 3, 3, 3, 3, 3, 3, 3, 3, 3, 3, 3, 3, 3, 3, 3, 3, 3, 3, 3, 3, 3, 3, 3, 3, 3, 3, 3, 3, 3, 3, 3, 3, 3, 3, 3, 3, 3, 3, 3, 3, 3, 3, 3, 3, 3, 3, 3, 3, 3, 3, 3, 3, 3, 3, 3, 3, 3, 3, 3, 3, 3, 3, 3, 3, 3, 3, 3, 3, 3, 3, 3, 3, 3, 3, 3, 3, 3, 3, 3, 3, 3, 3, 3, 3, 3, 3, 3, 3, 3, 3, 3, 3, 3, 3, 3, 3, 3, 3, 3, 3, 3, 3, 3, 3, 3, 3, 3, 3, 3, 3, 3, 3, 3, 3, 3, 3, 3, 3, 3, 3, 3, 3, 3, 3, 3, 3, 3, 3, 3, 3, 3, 3, 3, 3, 3, 3, 3, 3, 3, 3, 3, 3, 3, 3, 3, 3, 3, 3, 3, 3, 3, 3, 3, 3, 3, 3, 3, 3, 3, 3, 3, 3, 3, 3, 3, 3, 3, 3, 3, 3, 3, 3, 3, 3, 3, 3, 3, 3, 3, 3, 3, 3, 3, 3, 3, 3, 3, 3, 3, 3, 3, 3, 3, 3, 3, 3, 3, 3, 3, 3, 3, 3, 3, 3, 3, 3, 3, 3, 3, 3, 3, 3, 3, 3, 3, 3, 3, 3, 3, 3, 3, 3, 3, 3, 3, 3, 3, 3, 3, 3, 3, 3, 3, 3, 3, 3, 3, 3, 3, 3, 3, 3, 3, 3, 3, 3, 3, 3, 3, 3, 3, 3, 3, 3, 3, 3, 3, 3, 3, 3, 3, 3, 3, 3, 3, 3, 3, 3, 3, 3, 3, 3, 3, 3, 3, 3, 3, 3, 3, 3, 3, 3, 3, 3, 3, 3, 3, 3, 3, 3, 3, 3, 3, 3, 3, 3, 3, 3, 3, 3, 3, 3, 3, 3, 3, 3, 3, 3, 3, 3, 3, 3, 3, 3, 3, 3, 3, 3, 3, 3, 3, 3, 3, 3, 3, 3, 3, 3, 3, 3, 3, 3, 3, 3, 3, 3, 3, 3, 3, 3, 3, 3, 3, 3, 3, 3, 3, 3, 3, 3, 3, 3, 3, 3, 3, 3, 3, 3, 3, 3, 3, 3, 3, 3, 3, 3, 3, 3, 3, 3, 3, 3, 3, 3, 3, 3, 3, 3, 3, 3, 3, 3, 3, 3, 3, 3, 3, 3, 3, 3, 3, 3, 3, 3, 3, 3, 3, 3, 3, 3, 3, 3, 3, 3, 3, 3, 3, 3, 3, 3, 3, 3, 3, 3, 3, 3, 3, 3, 3, 3, 3, 3, 3, 3, 3, 3, 3, 3, 3, 3, 3, 3, 3, 3, 3, 3, 3, 3, 3, 3, 3, 3, 3, 3, 3, 3, 3, 3, 3, 3, 3, 3, 3, 3, 3, 3, 3, 3, 3, 3, 3, 3, 3, 3, 3, 3, 3, 3, 3, 3, 3, 3, 3, 3, 3, 3, 3, 3, 3, 3, 3, 3, 3, 3, 3, 3, 3, 3, 3, 3, 3, 3, 3, 3, 3, 3, 3, 3, 3, 3, 3, 3, 3, 3, 3, 3, 3, 3, 3, 3, 3, 3, 3, 3, 3, 3, 3, 3, 3, 3, 3, 3, 3, 3, 3, 3, 3, 3, 3, 3, 3, 3, 3, 3, 3, 3, 3, 3, 3, 3, 3, 3, 3, 3, 3, 3, 3, 3, 3, 3, 3, 3, 3, 3, 3, 3, 3, 3, 3, 3, 3, 3, 3, 3, 3, 3, 3, 3, 3, 3, 3, 3, 3, 3, 3, 3, 3, 3, 3, 3, 3, 3, 3, 3, 3, 3, 3, 3, 3, 3, 3, 3, 3, 3, 3, 3, 3, 3, 3, 3, 3, 3, 3, 3, 3, 3, 3, 3, 3, 3, 3, 3, 3, 3, 3, 3, 3, 3, 3, 3, 3, 3, 3, 3, 3, 3, 3, 3, 3, 3, 3, 3, 3, 3, 3, 3, 3, 3, 3, 3, 3, 3, 3, 3, 3, 3, 3, 3, 3, 3, 3, 3, 3, 3, 3, 3, 3, 3, 3, 3, 3, 3, 3, 3, 3, 3, 3, 3, 3, 3, 3, 3, 3, 3, 3, 3, 3, 3, 3, 3, 3, 3, 3, 3, 3, 3, 3, 3, 3, 3, 3, 3, 3, 3, 3, 3, 3, 3, 3, 3, 3, 3, 3, 3, 3, 3, 3, 3, 3, 3, 3, 3, 3, 3, 3, 3, 3, 3, 3, 3, 3, 3, 3, 3, 3, 3, 3, 3, 3, 3, 3, 3, 3, 3, 3, 3, 3, 3, 3, 3, 3, 3, 3, 3, 3, 3, 3, 3, 3, 3, 3, 3, 3, 3, 3, 3, 3, 3, 3, 3, 3, 3, 3, 3, 3, 3, 3, 3, 3, 3, 3, 3, 3, 3, 3, 3, 3, 3, 3, 3, 3, 3, 3, 3, 3, 3, 3, 3, 3, 3, 3, 3, 3, 3, 3, 3, 3, 3, 3, 3, 3, 3, 3, 3, 3, 3, 3, 3, 3, 3, 3, 3, 3, 3, 3, 3, 3, 3, 3, 3, 3, 3, 3, 3, 3, 3, 3, 3, 3, 3, 3, 3, 3, 3, 3, 3, 3, 3, 3, 3, 3, 3, 3, 3, 3, 3, 3, 3, 3, 3, 3, 3, 3, 3, 3, 3, 3, 3, 3, 3, 3, 3, 3, 3, 3, 3, 3, 3, 3, 3, 3, 3, 3, 3, 3, 3, 3, 3, 3, 3, 3, 3, 3, 3, 3, 3, 3, 3, 3, 3, 3, 3, 3, 3, 3, 3, 3, 3, 3, 3, 3, 3, 3, 3, 3, 3, 3, 3, 3, 3, 3, 3, 3, 3, 3, 3, 3, 3, 3, 3, 3, 3, 3, 3, 3, 3, 3, 3, 3, 3, 3, 3, 3, 3, 3, 3, 3, 3, 3, 3, 3, 3, 3, 3, 3, 3, 3, 3, 3, 3, 3, 3, 3, 3, 3, 3, 3, 3, 3, 3, 3, 3, 3, 3, 3, 3, 3, 3, 3, 3, 3, 3, 3, 3, 3, 3, 3, 3, 3, 3, 3, 3, 3, 3, 3, 3, 3, 3, 3, 3, 3, 3, 3, 3, 3, 3, 3, 3, 3, 3, 3, 3, 3, 3, 3, 3, 3, 3, 3, 3, 3, 3, 3, 3, 3, 3, 3, 3, 3, 3, 3, 3, 3, 3, 3, 3, 3, 3, 3, 3, 3, 3, 3, 3, 3, 3, 3, 3, 3, 3, 3, 3, 3, 3, 3, 3, 3, 3, 3, 3, 3, 3, 3, 3, 3, 3, 3, 3, 3, 3, 3, 3, 3, 3, 3, 3, 3, 3, 3, 3, 3, 3, 3, 3, 3, 3, 3, 3, 3, 3, 3, 3, 3, 3, 3, 3, 3, 3, 3, 3, 3, 3, 3, 3, 3, 3, 3, 3, 3, 3, 3, 3, 3, 3, 3, 3, 3, 3, 3, 3, 3, 3, 3, 3, 3, 3, 3, 3, 3, 3, 3, 3, 3, 3, 3, 3, 3, 3, 3, 3, 3, 3, 3, 3, 3, 3, 3, 3, 3, 3, 3, 3, 3, 3, 3, 3, 3, 3, 3, 3, 3, 3, 3, 3, 3, 3, 3, 3, 3, 3, 3, 3, 3, 3, 3, 3, 3, 3, 3, 3, 3, 3, 3, 3, 3, 3, 3, 3, 3, 3, 3, 3, 3, 3, 3, 3, 3, 3, 3, 3, 3, 3, 3, 3, 3, 3, 3, 3, 3, 3, 3, 3, 3, 3, 3, 3, 3, 3, 3, 3, 3, 3, 3, 3, 3, 3, 3, 3, 3, 3, 3, 3, 3, 3, 3, 3, 3, 3, 3, 3, 3, 3, 3, 3, 3, 3, 3, 3, 3, 3, 3, 3, 3, 3, 3, 3, 3, 3, 3, 3, 3, 3, 3, 3, 3, 3, 3, 3, 3, 3, 3, 3, 3, 3, 3, 3, 3, 3, 3, 3, 3, 3, 3, 3, 3, 3, 3, 3, 3, 3, 3, 3, 3, 3, 3, 3, 3, 3, 3, 3, 3, 3, 3, 3, 3, 3, 3, 3, 3, 3, 3, 3, 3, 3, 3, 3, 3, 3, 3, 3, 3, 3, 3, 3, 3, 3, 3, 3, 3, 3, 3, 3, 3, 3, 3, 3, 3, 3, 3, 3, 3, 3, 3, 3, 3, 3, 3, 3, 3, 3, 3, 3, 3, 3, 3, 3, 3, 3, 3, 3, 3, 3, 3, 3, 3, 3, 3, 3, 3, 3, 3, 3, 3, 3, 3, 3, 3, 3, 3, 3, 3, 3, 3, 3, 3, 3, 3, 3, 3, 3, 3, 3, 3, 3, 3, 3, 3, 3, 3, 3, 3, 3, 3, 3, 3, 3, 3, 3, 3, 3, 3, 3, 3, 3, 3, 3, 3, 3, 3, 3, 3, 3, 3, 3, 3, 3, 3, 3, 3, 3, 3, 3, 3, 3, 3, 3, 3, 3, 3, 3, 3, 3, 3, 3, 3, 3, 3, 3, 3, 3, 3, 3, 3, 3, 3, 3, 3, 3, 3, 3, 3, 3, 3, 3, 3, 3, 3, 3, 3, 3, 3, 3, 3, 3, 3, 3, 3, 3, 3, 3, 3, 3, 3, 3, 3, 3, 3, 3, 3, 3, 3, 3, 3, 3, 3, 3, 3, 3, 3, 3, 3, 3, 3, 3, 3, 3, 3, 3, 3, 3, 3, 3, 3, 3, 3, 3, 3, 3, 3, 3, 3, 3, 3, 3, 3, 3, 3, 3, 3, 3, 3, 3, 3, 3, 3, 3, 3, 3, 3, 3, 3, 3, 3, 3, 3, 3, 3, 3, 3, 3, 3, 3, 3, 3, 3, 3, 3, 3, 3, 3, 3, 3, 3, 3, 3, 3, 3, 3, 3, 3, 3, 3, 3, 3, 3, 3, 3, 3, 3, 3, 3, 3, 3, 3, 3, 3, 3, 3, 3, 3, 3, 3, 3, 3, 3, 3, 3, 3, 3, 3, 3, 3, 3, 3, 3, 3, 3, 3, 3, 3, 3, 3, 3, 3, 3, 3, 3, 3, 3, 3, 3, 3, 3, 3, 3, 3, 3, 3, 3, 3, 3, 3, 3, 3, 3, 3, 3, 3, 3, 3, 3, 3, 3, 3, 3, 3, 3, 3, 3, 3, 3, 3, 3, 3, 3, 3, 3, 3, 3, 3, 3, 3, 3, 3, 3, 3, 3, 3, 3, 3, 3, 3, 3, 3, 3, 3, 3, 3, 3, 3, 3, 3, 3, 3, 3, 3, 3, 3, 3, 3, 3, 3, 3, 3, 3, 3, 3, 3, 3, 3, 3, 3, 3, 3, 3, 3, 3, 3, 3, 3, 3, 3, 3, 3, 3, 3, 3, 3, 3, 3, 3, 3, 3, 3, 3, 3, 3, 3, 3, 3, 3, 3, 3, 3, 3, 3, 3, 3, 3, 3, 3, 3, 3, 3, 3, 3, 3, 3, 3, 3, 3, 3, 3, 3, 3, 3, 3, 3, 3, 3, 3, 3, 3, 3, 3, 3, 3, 3, 3, 3, 3, 3, 3, 3, 3, 3, 3, 3, 3, 3, 3, 3, 3, 3, 3, 3, 3, 3, 3, 3, 3, 3, 3, 3, 3, 3, 3, 3, 3, 3, 3, 3, 3, 3, 3, 3, 3, 3, 3, 3, 3, 3, 3, 3, 3, 3, 3, 3, 3, 3, 3, 3, 3, 3, 3, 3, 3, 3, 3, 3, 3, 3, 3, 3, 3, 3, 3, 3, 3, 3, 3, 3, 3, 3, 3, 3, 3, 3, 3, 3, 3, 3, 3, 3, 3, 3, 3, 3, 3, 3, 3, 3, 3, 3, 3, 3, 3, 3, 3, 3, 3, 3, 3, 3, 3, 3, 3, 3, 3, 3, 3, 3, 3, 3, 3, 3, 3, 3, 3, 3, 3, 3, 3, 3, 3, 3, 3, 3, 3, 3, 3, 3, 3, 3, 3, 3, 3, 3, 3, 3, 3, 3, 3, 3, 3, 3, 3, 3, 3, 3, 3, 3, 3, 3, 3, 3, 3, 3, 3, 3, 3, 3, 3, 3, 3, 3, 3, 3, 3, 3, 3, 3, 3, 3, 3, 3, 3, 3, 3, 3, 3, 3, 3, 3, 3, 3, 3, 3, 3, 3, 3, 3, 3, 3, 3, 3, 3, 3, 3, 3, 3, 3, 3, 3, 3, 3, 3, 3, 3, 3, 3, 3, 3, 3, 3, 3, 3, 3, 3, 3, 3, 3, 3, 3, 3, 3, 3, 3, 3, 3, 3, 3, 3, 3, 3, 3, 3, 3, 3, 3, 3, 3, 3, 3, 3, 3, 3, 3, 3, 3, 3, 3, 3, 3, 3, 3, 3, 3, 3, 3, 3, 3, 3, 3, 3, 3, 3, 3, 3, 3, 3, 3, 3, 3, 3, 3, 3, 3, 3, 3, 3, 3, 3, 3, 3, 3, 3, 3, 3, 3, 3, 3, 3, 3, 3, 3, 3, 3, 3, 3, 3, 3, 3, 3, 3, 3, 3, 3, 3, 3, 3, 3, 3, 3, 3, 3, 3, 3, 3, 3, 3, 3, 3, 3, 3, 3, 3, 3, 3, 3, 3, 3, 3, 3, 3, 3, 3, 3, 3, 3, 3, 3, 3, 3, 3, 3, 3, 3, 3, 3, 3, 3, 3, 3, 3, 3, 3, 3, 3, 3, 3, 3, 3, 3, 3, 3, 3, 3, 3, 3, 3, 3, 3, 3, 3, 3, 3, 3, 3, 3, 3, 3, 3, 3, 3, 3, 3, 3, 3, 3, 3, 3, 3, 3, 3, 3, 3, 3, 3, 3, 3, 3, 3, 3, 3, 3, 3, 3, 3, 3, 3, 3, 3, 3, 3, 3, 3, 3, 3, 3, 3, 3, 3, 3, 3, 3, 3, 3, 3, 3, 3, 3, 3, 3, 3, 3, 3, 3, 3, 3, 3, 3, 3, 3, 3, 3, 3, 3, 3, 3, 3, 3, 3, 3, 3, 3, 3, 3, 3, 3, 3, 3, 3, 3, 3, 3, 3, 3, 3, 3, 3, 3, 3, 3, 3, 3, 3, 3, 3, 3, 3, 3, 3, 3, 3, 3, 3, 3, 3, 3, 3, 3, 3, 3, 3, 3, 3, 3, 3, 3, 3, 3, 3, 3, 3, 3, 3, 3, 3, 3, 3, 3, 3, 3, 3, 3, 3, 3, 3, 3, 3, 3, 3, 3, 3, 3, 3, 3, 3, 3, 3, 3, 3, 3, 3, 3, 3, 3, 3, 3, 3, 3, 3, 3, 3, 3, 3, 3, 3, 3, 3, 3, 3, 3, 3, 3, 3, 3, 3, 3, 3, 3, 3, 3, 3, 3, 3, 3, 3, 3, 3, 3, 3, 3, 3, 3, 3, 3, 3, 3, 3, 3, 3, 3, 3, 3, 3, 3, 3, 3, 3, 3, 3, 3, 3, 3, 3, 3, 3, 3, 3, 3, 3, 3, 3, 3, 3, 3, 3, 3, 3, 3, 3, 3, 3, 3, 3, 3, 3, 3, 3, 3, 3, 3, 3, 3, 3, 3, 3, 3, 3, 3, 3, 3, 3, 3, 3, 3, 3, 3, 3, 3, 3, 3, 3, 3, 3, 3, 3, 3, 3, 3, 3, 3, 3, 3, 3, 3, 3, 3, 3, 3, 3, 3, 3, 3, 3, 3, 3, 3, 3, 3, 3, 3, 3, 3, 3, 3, 3, 3, 3, 3, 3, 3, 3, 3, 3, 3, 3, 3, 3, 3, 3, 3, 3, 3, 3, 3, 3, 3, 3, 3, 3, 3, 3, 3, 3, 3, 3, 3, 3, 3, 3, 3, 3, 3, 3, 3, 3, 3, 3, 3, 3, 3, 3, 3, 3, 3, 3, 3, 3, 3, 3, 3, 3, 3, 3, 3, 3, 3, 3, 3, 3, 3, 3, 3, 3, 3, 3, 3, 3, 3, 3, 3, 3, 3, 3, 3, 3, 3, 3, 3, 3, 3, 3, 3, 3, 3, 3, 3, 3, 3, 3, 3, 3, 3, 3, 3, 3, 3, 3, 3, 3, 3, 3, 3, 3, 3, 3, 3, 3, 3, 3, 3, 3, 3, 3, 3, 3, 3, 3, 3, 3, 3, 3, 3, 3, 3, 3, 3, 3, 3, 3, 3, 3, 3, 3, 3, 3, 3, 3, 3, 3, 3, 3, 3, 3, 3, 3, 3, 3, 3, 3, 3, 3, 3, 3, 3, 3, 3, 3, 3, 3, 3, 3, 3, 3, 3, 3, 3, 3, 3, 3, 3, 3, 3, 3, 3, 3, 3, 3, 3, 3, 3, 3, 3, 3, 3, 3, 3, 3, 3, 3, 3, 3, 3, 3, 3, 3, 3, 3, 3, 3, 3, 3, 3, 3, 3, 3, 3, 3, 3, 3, 3, 3, 3, 3, 3, 3, 3, 3, 3, 3, 3, 3, 3, 3, 3, 3, 3, 3, 3, 3, 3, 3, 3, 3, 3, 3, 3, 3, 3, 3, 3, 3, 3, 3, 3, 3, 3, 3, 3, 3, 3, 3, 3, 3, 3, 3, 3, 3, 3, 3, 3, 3, 3, 3, 3, 3, 3, 3, 3, 3, 3, 3, 3, 3, 3, 3, 3, 3, 3, 3, 3, 3, 3, 3, 3, 3, 3, 3, 3, 3, 3, 3, 3, 3, 3, 3, 3, 3, 3, 3, 3, 3, 3, 3, 3, 3, 3, 3, 3, 3, 3, 3, 3, 3, 3, 3, 3, 3, 3, 3, 3, 3, 3, 3, 3, 3, 3, 3, 3, 3, 3, 3, 3, 3, 3, 3, 3, 3, 3, 3, 3, 3, 3, 3, 3, 3, 3, 3, 3, 3, 3, 3, 3, 3, 3, 3, 3, 3, 3, 3, 3, 3, 3, 3, 3, 3, 3, 3, 3, 3, 3, 3, 3, 3, 3, 3, 3, 3, 3, 3, 3, 3, 3, 3, 3, 3, 3, 3, 3, 3, 3, 3, 3, 3, 3, 3, 3, 3, 3, 3, 3, 3, 3, 3, 3, 3, 3, 3, 3, 3, 3, 3, 3, 3, 3, 3, 3, 3, 3, 3, 3, 3, 3, 3, 3, 3, 3, 3, 3, 3, 3, 3, 3, 3, 3, 3, 3, 3, 3, 3, 3, 3, 3, 3, 3, 3, 3, 3, 3, 3, 3, 3, 3, 3, 3, 3, 3, 3, 3, 3, 3, 3, 3, 3, 3, 3, 3, 3, 3, 3, 3, 3, 3, 3, 3, 3, 3, 3, 3, 3, 3, 3, 3, 3, 3, 3, 3, 3, 3, 3, 3, 3, 3, 3, 3, 3, 3, 3, 3, 3, 3, 3, 3, 3, 3, 3, 3, 3, 3, 3, 3, 3, 3, 3, 3, 3, 3, 3, 3, 3, 3, 3, 3, 3, 3, 3, 3, 3, 3, 3, 3, 3, 3, 3, 3, 3, 3, 3, 3, 3, 3, 3, 3, 3, 3, 3, 3, 3, 3, 3, 3, 3, 3, 3, 3, 3, 3, 3, 3, 3, 3, 3, 3, 3, 3, 3, 3, 3, 3, 3, 3, 3, 3, 3, 3, 3, 3, 3, 3, 3, 3, 3, 3, 3, 3, 3, 3, 3, 3, 3, 3, 3, 3, 3, 3, 3, 3, 3, 3, 3, 3, 3, 3, 3, 3, 3, 3, 3, 3, 3, 3, 3, 3, 3, 3, 3, 3, 3, 3, 3, 3, 3, 3, 3, 3, 3, 3, 3, 3, 3, 3, 3, 3, 3, 3, 3, 3, 3, 3, 3, 3, 3, 3, 3, 3, 3, 3, 3, 3, 3, 3, 3, 3, 3, 3, 3, 3, 3, 3, 3, 3, 3, 3, 3, 3, 3, 3, 3, 3, 3, 3, 3, 3, 3, 3, 3, 3, 3, 3, 3, 3, 3, 3, 3, 3, 3, 3, 3, 3, 3, 3, 3, 3, 3, 3, 3, 3, 3, 3, 3, 3, 3, 3, 3, 3, 3, 3, 3, 3, 3, 3, 3, 3, 3, 3, 3, 3, 3, 3, 3, 3, 3, 3, 3, 3, 3, 3, 3, 3, 3, 3, 3, 3, 3, 3, 3, 3, 3, 3, 3, 3, 3, 3, 3, 3, 3, 3, 3, 3, 3, 3, 3, 3, 3, 3, 3, 3, 3, 3, 3, 3, 3, 3, 3, 3, 3, 3, 3, 3, 3, 3, 3, 3, 3, 3, 3, 3, 3, 3, 3, 3, 3, 3, 3, 3, 3, 3, 3, 3, 3, 3, 3, 3, 3, 3, 3, 3, 3, 3, 3, 3, 3, 3, 3, 3, 3, 3, 3, 3, 3, 3, 3, 3, 3, 3, 3, 3, 3, 3, 3, 3, 3, 3, 3, 3, 3, 3, 3, 3, 3, 3, 3, 3, 3, 3, 3, 3, 3, 3, 3, 3, 3, 3, 3, 3, 3, 3, 3, 3, 3, 3, 3, 3, 3, 3, 3, 3, 3, 3, 3, 3, 3, 3, 3, 3, 3, 3, 3, 3, 3, 3, 3, 3, 3, 3, 3, 3, 3, 3, 3, 3, 3, 3, 3, 3, 3, 3, 3, 3, 3, 3, 3, 3, 3, 3, 3, 3, 3, 3, 3, 3, 3, 3, 3, 3, 3, 3, 3, 3, 3, 3, 3, 3, 3, 3, 3, 3, 3, 3, 3, 3, 3, 3, 3, 3, 3, 3, 3, 3, 3, 3, 3, 3, 3, 3, 3, 3, 3, 3, 3, 3, 3, 3, 3, 3, 3, 3, 3, 3, 3, 3, 3, 3, 3, 3, 3, 3, 3, 3, 3, 3, 3, 3, 3, 3, 3, 3, 3, 3, 3, 3, 3, 3, 3, 3, 3, 3, 3, 3, 3, 3, 3, 3, 3, 3, 3, 3, 3, 3, 3, 3, 3, 3, 3, 3, 3, 3, 3, 3, 3, 3, 3, 3, 3, 3, 3, 3, 3, 3, 3, 3, 3, 3, 3, 3, 3, 3, 3, 3, 3, 3, 3, 3, 3, 3, 3, 3, 3, 3, 3, 3, 3, 3, 3, 3, 3, 3, 3, 3, 3, 3, 3, 3, 3, 3, 3, 3, 3, 3, 3, 3, 3, 3, 3, 3, 3, 3, 3, 3, 3, 3, 3, 3, 3, 3, 3, 3, 3, 3, 3, 3, 3, 3, 3, 3, 3, 3, 3, 3, 3, 3, 3, 3, 3, 3, 3, 3, 3, 3, 3, 3, 3, 3, 3, 3, 3, 3, 3, 3, 3, 3, 3, 3, 3, 3, 3, 3, 3, 3, 3, 3, 3, 3, 3, 3, 3, 3, 3, 3, 3, 3, 3, 3, 3, 3, 3, 3, 3, 3, 3, 3, 3, 3, 3, 3, 3, 3, 3, 3, 3, 3, 3, 3, 3, 3, 3, 3, 3, 3, 3, 3, 3, 3, 3, 3, 3, 3, 3, 3, 3, 3, 3, 3, 3, 3, 3, 3, 3, 3, 3, 3, 3, 3, 3, 3, 3, 3, 3, 3, 3, 3, 3, 3, 3, 3, 3, 3, 3, 3, 3, 3, 3, 3, 3, 3, 3, 3, 3, 3, 3, 3, 3, 3, 3, 3, 3, 3, 3, 3, 3, 3, 3, 3, 3, 3, 3, 3, 3, 3, 3, 3, 3, 3, 3, 3, 3, 3, 3, 3, 3, 3, 3, 3, 3, 3, 3, 3, 3, 3, 3, 3, 3, 3, 3, 3, 3, 3, 3, 3, 3, 3, 3, 3, 3, 3, 3, 3, 3, 3, 3, 3, 3, 3, 3, 3, 3, 3, 3, 3, 3, 3, 3, 3, 3, 3, 3, 3, 3, 3, 3, 3, 3, 3, 3, 3, 3, 3, 3, 3, 3, 3, 3, 3, 3, 3, 3, 3, 3, 3, 3, 3, 3, 3, 3, 3, 3, 3, 3, 3, 3, 3, 3, 3, 3, 3, 3, 3, 3, 3, 3, 3, 3, 3, 3, 3, 3, 3, 3, 3, 3, 3, 3, 3, 3, 3, 3, 3, 3, 3, 3, 3, 3, 3, 3, 3, 3, 3, 3, 3, 3, 3, 3, 3, 3, 3, 3, 3, 3, 3, 3, 3, 3, 3, 3, 3, 3, 3, 3, 3, 3, 3, 3, 3, 3, 3, 3, 3, 3, 3, 3, 3, 3, 3, 3, 3, 3, 3, 3, 3, 3, 3, 3, 3, 3, 3, 3, 3, 3, 3, 3, 3, 3, 3, 3, 3, 3, 3, 3, 3, 3, 3, 3, 3, 3, 3, 3, 3, 3, 3, 3, 3, 3, 3, 3, 3, 3, 3, 3, 3, 3, 3, 3, 3, 3, 3, 3, 3, 3, 3, 3, 3, 3, 3, 3, 3, 3, 3, 3, 3, 3, 3, 3, 3, 3, 3, 3, 3, 3, 3, 3, 3, 3, 3, 3, 3, 3, 3, 3, 3, 3, 3, 3, 3, 3, 3, 3, 3, 3, 3, 3, 3, 3, 3, 3, 3, 3, 3, 3, 3, 3, 3, 3, 3, 3, 3, 3, 3, 3, 3, 3, 3, 3, 3, 3, 3, 3, 3, 3, 3, 3, 3, 3, 3, 3, 3, 3, 3, 3, 3, 3, 3, 3, 3, 3, 3, 3, 3, 3, 3, 3, 3, 3, 3, 3, 3, 3, 3, 3, 3, 3, 3, 3, 3, 3, 3, 3, 3, 3, 3, 3, 3, 3, 3, 3, 3, 3, 3, 3, 3, 3, 3, 3, 3, 3, 3, 3, 3, 3, 3, 3, 3, 3, 3, 3, 3, 3, 3, 3, 3, 3, 3, 3, 3, 3, 3, 3, 3, 3, 3, 3, 3, 3, 3, 3, 3, 3, 3, 3, 3, 3, 3, 3, 3, 3, 3, 3, 3, 3, 3, 3, 3, 3, 3, 3, 3, 3, 3, 3, 3, 3, 3, 3, 3, 3, 3, 3, 3, 3, 3, 3, 3, 3, 3, 3, 3, 3, 3, 3, 3, 3, 3, 3, 3, 3, 3, 3, 3, 3, 3, 3, 3, 3, 3, 3, 3, 3, 3, 3, 3, 3, 3, 3, 3, 3, 3, 3, 3, 3, 3, 3, 3, 3, 3, 3, 3, 3, 3, 3, 3, 3, 3, 3, 3, 3, 3, 3, 3, 3, 3, 3, 3, 3, 3, 3, 3, 3, 3, 3, 3, 3, 3, 3, 3, 3, 3, 3, 3, 3, 3, 3, 3, 3, 3, 3, 3, 3, 3, 3, 3, 3, 3, 3, 3, 3, 3, 3, 3, 3, 3, 3, 3, 3, 3, 3, 3, 3, 3, 3, 3, 3, 3, 3, 3, 3, 3, 3, 3, 3, 3, 3, 3, 3, 3, 3, 3, 3, 3, 3, 3, 3, 3, 3, 3, 3, 3, 3, 3, 3, 3, 3, 3, 3, 3, 3, 3, 3, 3, 3, 3, 3, 3, 3, 3, 3, 3, 3, 3, 3, 3, 3, 3, 3, 3, 3, 3, 3, 3, 3, 3, 3, 3, 3, 3, 3, 3, 3, 3, 3, 3, 3, 3, 3, 3, 3, 3, 3, 3, 3, 3, 3, 3, 3, 3, 3, 3, 3, 3, 3, 3, 3, 3, 3, 3, 3, 3, 3, 3, 3, 3, 3, 3, 3, 3, 3, 3, 3, 3, 3, 3, 3, 3, 3, 3, 3, 3, 3, 3, 3, 3, 3, 3, 3, 3, 3, 3, 3, 3, 3, 3, 3, 3, 3, 3, 3, 3, 3, 3, 3, 3, 3, 3, 3, 3, 3, 3, 3, 3, 3, 3, 3, 3, 3, 3, 3, 3, 3, 3, 3, 3, 3, 3, 3, 3, 3, 3, 3, 3, 3, 3, 3, 3, 3, 3, 3, 3, 3, 3, 3, 3, 3, 3, 3, 3, 3, 3, 3, 3, 3, 3, 3, 3, 3, 3, 3, 3, 3, 3, 3, 3, 3, 3, 3, 3, 3, 3, 3, 3, 3, 3, 3, 3, 3, 3, 3, 3, 3, 3, 3, 3, 3, 3, 3, 3, 3, 3, 3, 3, 3, 3, 3, 3, 3, 3, 3, 3, 3, 3, 3, 3, 3, 3, 3, 3, 3, 3, 3, 3, 3, 3, 3, 3, 3, 3, 3, 3, 3, 3, 3, 3, 3, 3, 3, 3, 3, 3, 3, 3, 3, 3, 3, 3, 3, 3, 3, 3, 3, 3, 3, 3, 3, 3, 3, 3, 3, 3, 3, 3, 3, 3, 3, 3, 3, 3, 3, 3, 3, 3, 3, 3, 3, 3, 3, 3, 3, 3, 3, 3, 3, 3, 3, 3, 3, 3, 3, 3, 3, 3, 3, 3, 3, 3, 3, 3, 3, 3, 3, 3, 3, 3, 3, 3, 3, 3, 3, 3, 3, 3, 3, 3, 3, 3, 3, 3, 3, 3, 3, 3, 3, 3, 3, 3, 3, 3, 3, 3, 3, 3, 3, 3, 3, 3, 3, 3, 3, 3, 3, 3, 3, 3, 3, 3, 3, 3, 3, 3, 3, 3, 3, 3, 3, 3, 3, 3, 3, 3, 3, 3, 3, 3, 3, 3, 3, 3, 3, 3, 3, 3, 3, 3, 3, 3, 3, 3, 3, 3, 3, 3, 3, 3, 3, 3, 3, 3, 3, 3, 3, 3, 3, 3, 3, 3, 3, 3, 3, 3, 3, 3, 3, 3, 3, 3, 3, 3, 3, 3, 3, 3, 3, 3, 3, 3, 3, 3, 3, 3, 3, 3, 3, 3, 3, 3, 3, 3, 3, 3, 3, 3, 3, 3, 3, 3, 3, 3, 3, 3, 3, 3, 3, 3, 3, 3, 3, 3, 3, 3, 3, 3, 3, 3, 3, 3, 3, 3, 3, 3, 3, 3, 3, 3, 3, 3, 3, 3, 3, 3, 3, 3, 3, 3, 3, 3, 3, 3, 3, 3, 3, 3, 3, 3, 3, 3, 3, 3, 3, 3, 3, 3, 3, 3, 3, 3, 3, 3, 3, 3, 3, 3, 3, 3, 3, 3, 3, 3, 3, 3, 3, 3, 3, 3, 3, 3, 3, 3, 3, 3, 3, 3, 3, 3, 3, 3, 3, 3, 3, 3, 3, 3, 3, 3, 3, 3, 3, 3, 3, 3, 3, 3, 3, 3, 3, 3, 3, 3, 3, 3, 3, 3, 3, 3, 3, 3, 3, 3, 3, 3, 3, 3, 3, 3, 3, 3, 3, 3, 3, 3, 3, 3, 3, 3, 3, 3, 3, 3, 3, 3, 3, 3, 3, 3, 3, 3, 3, 3, 3, 3, 3, 3, 3, 3, 3, 3, 3, 3, 3, 3, 3, 3, 3, 3, 3, 3, 3, 3, 3, 3, 3, 3, 3, 3, 3, 3, 3, 3, 3, 3, 3, 3, 3, 3, 3, 3, 3, 3, 3, 3, 3, 3, 3, 3, 3, 3, 3, 3, 3, 3, 3, 3, 3, 3, 3, 3, 3, 3, 3, 3, 3, 3, 3, 3, 3, 3, 3, 3, 3, 3, 3, 3, 3, 3, 3, 3, 3, 3, 3, 3, 3, 3, 3, 3, 3, 3, 3, 3, 3, 3, 3, 3, 3, 3, 3, 3, 3, 3, 3, 3, 3, 3, 3, 3, 3, 3, 3, 3, 3, 3, 3, 3, 3, 3, 3, 3, 3, 3, 3, 3, 3, 3, 3, 3, 3, 3, 3, 3, 3, 3, 3, 3, 3, 3, 3, 3, 3, 3, 3, 3, 3, 3, 3, 3, 3, 3, 3, 3, 3, 3, 3, 3, 3, 3, 3, 3, 3, 3, 3, 3, 3, 3, 3, 3, 3, 3, 3, 3, 3, 3, 3, 3, 3, 3, 3, 3, 3, 3, 3, 3, 3, 3, 3, 3, 3, 3, 3, 3, 3, 3, 3, 3, 3, 3, 3, 3, 3, 3, 3, 3, 3, 3, 3, 3, 3, 3, 3, 3, 3, 3, 3, 3, 3, 3, 3, 3, 3, 3, 3, 3, 3, 3, 3, 3, 3, 3, 3, 3, 3, 3, 3, 3, 3, 3, 3, 3, 3, 3, 3, 3, 3, 3, 3, 3, 3, 3, 3, 3, 3, 3, 3, 3, 3, 3, 3, 3, 3, 3, 3, 3, 3, 3, 3, 3, 3, 3, 3, 3, 3, 3, 3, 3, 3, 3, 3, 3, 3, 3, 3, 3, 3, 3, 3, 3, 3, 3, 3, 3, 3, 3, 3, 3, 3, 3, 3, 3, 3, 3, 3, 3, 3, 3, 3, 3, 3, 3, 3, 3, 3, 3, 3, 3, 3, 3, 3, 3, 3, 3, 3, 3, 3, 3, 3, 3, 3, 3, 3, 3, 3, 3, 3, 3, 3, 3, 3, 3, 3, 3, 3, 3, 3, 3, 3, 3, 3, 3, 3, 3, 3, 3, 3, 3, 3, 3, 3, 3, 3, 3, 3, 3, 3, 3, 3, 3, 3, 3, 3, 3, 3, 3, 3, 3, 3, 3, 3, 3, 3, 3, 3, 3, 3, 3, 3, 3, 3, 3, 3, 3, 3, 3, 3, 3, 3, 3, 3, 3, 3, 3, 3, 3, 3, 3, 3, 3, 3, 3, 3, 3, 3, 3, 3, 3, 3, 3, 3, 3, 3, 3, 3, 3, 3, 3, 3, 3, 3, 3, 3, 3, 3, 3, 3, 3, 3, 3, 3, 3, 3, 3, 3, 3, 3, 3, 3, 3, 3, 3, 3, 3, 3, 3, 3, 3, 3, 3, 3, 3, 3, 3, 3, 3, 3, 3, 3, 3, 3, 3, 3, 3, 3, 3, 3, 3, 3, 3, 3, 3, 3, 3, 3, 3, 3, 3, 3, 3, 3, 3, 3, 3, 3, 3, 3, 3, 3, 3, 3, 3, 3, 3, 3, 3, 3, 3, 3, 3, 3, 3, 3, 3, 3, 3, 3, 3, 3, 3, 3, 3, 3, 3, 3, 3, 3, 3, 3, 3, 3, 3, 3, 3, 3, 3, 3, 3, 3, 3, 3, 3, 3, 3, 3, 3, 3, 3, 3, 3, 3, 3, 3, 3, 3, 3, 3, 3, 3, 3, 3, 3, 3, 3, 3, 3, 3, 3, 3, 3, 3, 3, 3, 3, 3, 3, 3, 3, 3, 3, 3, 3, 3, 3, 3, 3, 3, 3, 3, 3, 3, 3, 3, 3, 3, 3, 3, 3, 3, 3, 3, 3, 3, 3, 3, 3, 3, 3, 3, 3, 3, 3, 3, 3, 3, 3, 3, 3, 3, 3, 3, 3, 3, 3, 3, 3, 3, 3, 3, 3, 3, 3, 3, 3, 3, 3, 3, 3, 3, 3, 3, 3, 3, 3, 3, 3, 3, 3, 3, 3, 3, 3, 3, 3, 3, 3, 3, 3, 3, 3, 3, 3, 3, 3, 3, 3, 3, 3, 3, 3, 3, 3, 3, 3, 3, 3, 3, 3, 3, 3, 3, 3, 3, 3, 3, 3, 3, 3, 3, 3, 3, 3, 3, 3, 3, 3, 3, 3, 3, 3, 3, 3, 3, 3, 3, 3, 3, 3, 3, 3, 3, 3, 3, 3, 3, 3, 3, 3, 3, 3, 3, 3, 3, 3, 3, 3, 3, 3, 3, 3, 3, 3, 3, 3, 3, 3, 3, 3, 3, 3, 3, 3, 3, 3, 3, 3, 3, 3, 3, 3, 3, 3, 3, 3, 3, 3, 3, 3, 3, 3, 3, 3, 3, 3, 3, 3, 3, 3, 3, 3, 3, 3, 3, 3, 3, 3, 3, 3, 3, 3, 3, 3, 3, 3, 3, 3, 3, 3, 3, 3, 3, 3, 3, 3, 3, 3, 3, 3, 3, 3, 3, 3, 3, 3, 3, 3, 3, 3, 3, 3, 3, 3, 3, 3, 3, 3, 3, 3, 3, 3, 3, 3, 3, 3, 3, 3, 3, 3, 3, 3, 3, 3, 3, 3, 3, 3, 3, 3, 3, 3, 3, 3, 3, 3, 3, 3, 3, 3, 3, 3, 3, 3, 3, 3, 3, 3, 3, 3, 3, 3, 3, 3, 3, 3, 3, 3, 3, 3, 3, 3, 3, 3, 3, 3, 3, 3, 3, 3, 3, 3, 3, 3, 3, 3, 3, 3, 3, 3, 3, 3, 3, 3, 3, 3, 3, 3, 3, 3, 3, 3, 3, 3, 3, 3, 3, 3, 3, 3, 3, 3, 3, 3, 3, 3, 3, 3, 3, 3, 3, 3, 3, 3, 3, 3, 3, 3, 3, 3, 3, 3, 3, 3, 3, 3, 3, 3, 3, 3, 3, 3, 3, 3, 3, 3, 3, 3, 3, 3, 3, 3, 3, 3, 3, 3, 3, 3, 3, 3, 3, 3, 3, 3, 3, 3, 3, 3, 3, 3, 3, 3, 3, 3, 3, 3, 3, 3, 3, 3, 3, 3, 3, 3, 3, 3, 3, 3, 3, 3, 3, 3, 3, 3, 3, 3, 3, 3, 3, 3, 3, 3, 3, 3, 3, 3, 3, 3, 3, 3, 3, 3, 3, 3, 3, 3, 3, 3, 3, 3, 3, 3, 3, 3, 3, 3, 3, 3, 3, 3, 3, 3, 3, 3, 3, 3, 3, 3, 3, 3, 3, 3, 3, 3, 3, 3, 3, 3, 3, 3, 3, 3, 3, 3, 3, 3, 3, 3, 3, 3, 3, 3, 3, 3, 3, 3, 3, 3, 3, 3, 3, 3, 3, 3, 3, 3, 3, 3, 3, 3, 3, 3, 3, 3, 3, 3, 3, 3, 3, 3, 3, 3, 3, 3, 3, 3, 3, 3, 3, 3, 3, 3, 3, 3, 3, 3, 3, 3, 3, 3, 3, 3, 3, 3, 3, 3, 3, 3, 3, 3, 3, 3, 3, 3, 3, 3, 3, 3, 3, 3, 3, 3, 3, 3, 3, 3, 3, 3, 3, 3, 3, 3, 3, 3, 3, 3, 3, 3, 3, 3, 3, 3, 3, 3, 3, 3, 3, 3, 3, 3, 3, 3, 3, 3, 3, 3, 3, 3, 3, 3, 3, 3, 3, 3, 3, 3, 3, 3, 3, 3, 3, 3, 3, 3, 3, 3, 3, 3, 3, 3, 3, 3, 3, 3, 3, 3, 3, 3, 3, 3, 3, 3, 3, 3, 3, 3, 3, 3, 3, 3, 3, 3, 3, 3, 3, 3, 3, 3, 3, 3, 3, 3, 3, 3, 3, 3, 3, 3, 3, 3, 3, 3, 3, 3, 3, 3, 3, 3, 3, 3, 3, 3, 3, 3, 3, 3, 3, 3, 3, 3, 3, 3, 3, 3, 3, 3, 3, 3, 3, 3, 3, 3, 3, 3, 3, 3, 3, 3, 3, 3, 3, 3, 3, 3, 3, 3, 3, 3, 3, 3, 3, 3, 3, 3, 3, 3, 3, 3, 3, 3, 3, 3, 3, 3, 3, 3, 3, 3, 3, 3, 3, 3, 3, 3, 3, 3, 3, 3, 3, 3, 3, 3, 3, 3, 3, 3, 3, 3, 3, 3, 3, 3, 3, 3, 3, 3, 3, 3, 3, 3, 3, 3, 3, 3, 3, 3, 3, 3, 3, 3, 3, 3, 3, 3, 3, 3, 3, 3, 3, 3, 3, 3, 3, 3, 3, 3, 3, 3, 3, 3, 3, 3, 3, 3, 3, 3, 3, 3, 3, 3, 3, 3, 3, 3, 3, 3, 3, 3, 3, 3, 3, 3, 3, 3, 3, 3, 3, 3, 3, 3, 3, 3, 3, 3, 3, 3, 3, 3, 3, 3, 3, 3, 3, 3, 3, 3, 3, 3, 3, 3, 3, 3, 3, 3, 3, 3, 3, 3, 3, 3, 3, 3, 3, 3, 3, 3, 3, 3, 3, 3, 3, 3, 3, 3, 3, 3, 3, 3, 3, 3, 3, 3, 3, 3, 3, 3, 3, 3, 3, 3, 3, 3, 3, 3, 3, 3, 3, 3, 3, 3, 3, 3, 3, 3, 3, 3, 3, 3, 3, 3, 3, 3, 3, 3, 3, 3, 3, 3, 3, 3, 3, 3, 3, 3, 3, 3, 3, 3, 3, 3, 3, 3, 3, 3, 3, 3, 3, 3, 3, 3, 3, 3, 3, 3, 3, 3, 3, 3, 3, 3, 3, 3, 3, 3, 3, 3, 3, 3, 3, 3, 3, 3, 3, 3, 3, 3, 3, 3, 3, 3, 3, 3, 3, 3, 3, 3, 3, 3, 3, 3, 3, 3, 3, 3, 3, 3, 3, 3, 3, 3, 3, 3, 3, 3, 3, 3, 3, 3, 3, 3, 3, 3, 3, 3, 3, 3, 3, 3, 3, 3, 3, 3, 3, 3, 3, 3, 3, 3, 3, 3, 3, 3, 3, 3, 3, 3, 3, 3, 3, 3, 3, 3, 3, 3, 3, 3, 3, 3, 3, 3, 3, 3, 3, 3, 3, 3, 3, 3, 3, 3, 3, 3, 3, 3, 3, 3, 3, 3, 3, 3, 3, 3, 3, 3, 3, 3, 3, 3, 3, 3, 3, 3, 3, 3, 3, 3, 3, 3, 3, 3, 3, 3, 3, 3, 3, 3, 3, 3, 3, 3, 3, 3, 3, 3, 3, 3, 3, 3, 3, 3, 3, 3, 3, 3, 3, 3, 3, 3, 3, 3, 3, 3, 3, 3, 3, 3, 3, 3, 3, 3, 3, 3, 3, 3, 3, 3, 3, 3, 3, 3, 3, 3, 3, 3, 3, 3, 3, 3, 3, 3, 3, 3, 3, 3, 3, 3, 3, 3, 3, 3, 3, 3, 3, 3, 3, 3, 3, 3, 3, 3, 3, 3, 3, 3, 3, 3, 3, 3, 3, 3, 3, 3, 3, 3, 3, 3, 3, 3, 3, 3, 3, 3, 3, 3, 3, 3, 3, 3, 3, 3, 3, 3, 3, 3, 3, 3, 3, 3, 3, 3, 3, 3, 3, 3, 3, 3, 3, 3, 3, 3, 3, 3, 3, 3, 3, 3, 3, 3, 3, 3, 3, 3, 3, 3, 3, 3, 3, 3, 3, 3, 3, 3, 3, 3, 3, 3, 3, 3, 3, 3, 3, 3, 3, 3, 3, 3, 3, 3, 3, 3, 3, 3, 3, 3, 3, 3, 3, 3, 3, 3, 3, 3, 3, 3, 3, 3, 3, 3, 3, 3, 3, 3, 3, 3, 3, 3, 3, 3, 3, 3, 3, 3, 3, 3, 3, 3, 3, 3, 3, 3, 3, 3, 3, 3, 3, 3, 3, 3, 3, 3, 3, 3, 3, 3, 3, 3, 3, 3, 3, 3, 3, 3, 3, 3, 3, 3, 3, 3, 3, 3, 3, 3, 3, 3, 3, 3, 3, 3, 3, 3, 3, 3, 3, 3, 3, 3, 3, 3, 3, 3, 3, 3, 3, 3, 3, 3, 3, 3, 3, 3, 3, 3, 3, 3, 3, 3, 3, 3, 3, 3, 3, 3, 3, 3, 3, 3, 3, 3, 3, 3, 3, 3, 3, 3, 3, 3, 3, 3, 3, 3, 3, 3, 3, 3, 3, 3, 3, 3, 3, 3, 3, 3, 3, 3, 3, 3, 3, 3, 3, 3, 3, 3, 3, 3, 3, 3, 3, 3, 3, 3, 3, 3, 3, 3, 3, 3, 3, 3, 3, 3, 3, 3, 3, 3, 3, 3, 3, 3, 3, 3, 3, 3, 3, 3, 3, 3, 3, 3, 3, 3, 3, 3, 3, 3, 3, 3, 3, 3, 3, 3, 3, 3, 3, 3, 3, 3, 3, 3, 3, 3, 3, 3, 3, 3, 3, 3, 3, 3, 3, 3, 3, 3, 3, 3, 3, 3, 3, 3, 3, 3, 3, 3, 3, 3, 3, 3, 3, 3, 3, 3, 3, 3, 3, 3, 3, 3, 3, 3, 3, 3, 3, 3, 3, 3, 3, 3, 3, 3, 3, 3, 3, 3, 3, 3, 3, 3, 3, 3, 3, 3, 3, 3, 3, 3, 3, 3, 3, 3, 3, 3, 3, 3, 3, 3, 3, 3, 3, 3, 3, 3, 3, 3, 3, 3, 3, 3, 3, 3, 3, 3, 3, 3, 3, 3, 3, 3, 3, 3, 3, 3, 3, 3, 3, 3, 3, 3, 3, 3, 3, 3, 3, 3, 3, 3, 3, 3, 3, 3, 3, 3, 3, 3, 3, 3, 3, 3, 3, 3, 3, 3, 3, 3, 3, 3, 3, 3, 3, 3, 3, 3, 3, 3, 3, 3, 3, 3, 3, 3, 3, 3, 3, 3, 3, 3, 3, 3, 3, 3, 3, 3, 3, 3, 3, 3, 3, 3, 3, 3, 3, 3, 3, 3, 3, 3, 3, 3, 3, 3, 3, 3, 3, 3, 3, 3, 3, 3, 3, 3, 3, 3, 3, 3, 3, 3, 3, 3, 3, 3, 3, 3, 3, 3, 3, 3, 3, 3, 3, 3, 3, 3, 3, 3, 3, 3, 3, 3, 3, 3, 3, 3, 3, 3, 3, 3, 3, 3, 3, 3, 3, 3, 3, 3, 3, 3, 3, 3, 3, 3, 3, 3, 3, 3, 3, 3, 3, 3, 3, 3, 3, 3, 3, 3, 3, 3, 3, 3, 3, 3, 3, 3, 3, 3, 3, 3, 3, 3, 3, 3, 3, 3, 3, 3, 3, 3, 3, 3, 3, 3, 3, 3, 3, 3, 3, 3, 3, 3, 3, 3, 3, 3, 3, 3, 3, 3, 3, 3, 3, 3, 3, 3, 3, 3, 3, 3, 3, 3, 3, 3, 3, 3, 3, 3, 3, 3, 3, 3, 3, 3, 3, 3, 3, 3, 3, 3, 3, 3, 3, 3, 3, 3, 3, 3, 3, 3, 3, 3, 3, 3, 3, 3, 3, 3, 3, 3, 3, 3, 3, 3, 3, 3, 3, 3, 3, 3, 3, 3, 3, 3, 3, 3, 3, 3, 3, 3, 3, 3, 3, 3, 3, 3, 3, 3, 3, 3, 3, 3, 3, 3, 3, 3, 3, 3, 3, 3, 3, 3, 3, 3, 3, 3, 3, 3, 3, 3, 3, 3, 3, 3, 3, 3, 3, 3, 3, 3, 3, 3, 3, 3, 3, 3, 3, 3, 3, 3, 3, 3, 3, 3, 3, 3, 3, 3, 3, 3, 3, 3, 3, 3, 3, 3, 3, 3, 3, 3, 3, 3, 3, 3, 3, 3, 3, 3, 3, 3, 3, 3, 3, 3, 3, 3, 3, 3, 3, 3, 3, 3, 3, 3, 3, 3, 3, 3, 3, 3, 3, 3, 3, 3, 3, 3, 3, 3, 3, 3, 3, 3, 3, 3, 3, 3, 3, 3, 3, 3, 3, 3, 3, 3, 3, 3, 3, 3, 3, 3, 3, 3, 3, 3, 3, 3, 3, 3, 3, 3, 3, 3, 3, 3, 3, 3, 3, 3, 3, 3, 3, 3, 3, 3, 3, 3, 3, 3, 3, 3, 3, 3, 3, 3, 3, 3, 3, 3, 3, 3, 3, 3, 3, 3, 3, 3, 3, 3, 3, 3, 3, 3, 3, 3, 3, 3, 3, 3, 3, 3, 3, 3, 3, 3, 3, 3, 3, 3, 3, 3, 3, 3, 3, 3, 3, 3, 3, 3, 3, 3, 3, 3, 3, 3, 3, 3, 3, 3, 3, 3, 3, 3, 3, 3, 3, 3, 3, 3, 3, 3, 3, 3, 3, 3, 3, 3, 3, 3, 3, 3, 3, 3, 3, 3, 3, 3, 3, 3, 3, 3, 3, 3, 3, 3, 3, 3, 3, 3, 3, 3, 3, 3, 3, 3, 3, 3, 3, 3, 3, 3, 3, 3, 3, 3, 3, 3, 3, 3, 3, 3, 3, 3, 3, 3, 3, 3, 3, 3, 3, 3, 3, 3, 3, 3, 3, 3, 3, 3, 3, 3, 3, 3, 3, 3, 3, 3, 3, 3, 3, 3, 3, 3, 3, 3, 3, 3, 3, 3, 3, 3, 3, 3, 3, 3, 3, 3, 3, 3, 3, 3, 3, 3, 3, 3, 3, 3, 3, 3, 3, 3, 3, 3, 3, 3, 3, 3, 3, 3, 3, 3, 3, 3, 3, 3, 3, 3, 3, 3, 3, 3, 3, 3, 3, 3, 3, 3, 3, 3, 3, 3, 3, 3, 3, 3, 3, 3, 3, 3, 3, 3, 3, 3, 3, 3, 3, 3, 3, 3, 3, 3, 3, 3, 3, 3, 3, 3, 3, 3, 3, 3, 3, 3, 3, 3, 3, 3, 3, 3, 3, 3, 3, 3, 3, 3, 3, 3, 3, 3, 3, 3, 3, 3, 3, 3, 3, 3, 3, 3, 3, 3, 3, 3, 3, 3, 3, 3, 3, 3, 3, 3, 3, 3, 3, 3, 3, 3, 3, 3, 3, 3, 3, 3, 3, 3, 3, 3, 3, 3, 3, 3, 3, 3, 3, 3, 3, 3, 3, 3, 3, 3, 3, 3, 3, 3, 3, 3, 3, 3, 3, 3, 3, 3, 3, 3, 3, 3, 3, 3, 3, 3, 3, 3, 3, 3, 3, 3, 3, 3, 3, 3, 3, 3, 3, 3, 3, 3, 3, 3, 3, 3, 3, 3, 3, 3, 3, 3, 3, 3, 3, 3, 3, 3, 3, 3, 3, 3, 3, 3, 3, 3, 3, 3, 3, 3, 3, 3, 3, 3, 3, 3, 3, 3, 3, 3, 3, 3, 3, 3, 3, 3, 3, 3, 3, 3, 3, 3, 3, 3, 3, 3, 3, 3, 3, 3, 3, 3, 3, 3, 3, 3, 3, 3, 3, 3, 3, 3, 3, 3, 3, 3, 3, 3, 3, 3, 3, 3, 3, 3, 3, 3, 3, 3, 3, 3, 3, 3, 3, 3, 3, 3, 3, 3, 3, 3, 3, 3, 3, 3, 3, 3, 3, 3, 3, 3, 3, 3, 3, 3, 3, 3, 3, 3, 3, 3, 3, 3, 3, 3, 3, 3, 3, 3, 3, 3, 3, 3, 3, 3, 3, 3, 3, 3, 3, 3, 3, 3, 3, 3, 3, 3, 3, 3, 3, 3, 3, 3, 3, 3, 3, 3, 3, 3, 3, 3, 3, 3, 3, 3, 3, 3, 3, 3, 3, 3, 3, 3, 3, 3, 3, 3, 3, 3, 3, 3, 3, 3, 3, 3, 3, 3, 3, 3, 3, 3, 3, 3, 3, 3, 3, 3, 3, 3, 3, 3, 3, 3, 3, 3, 3, 3, 3, 3, 3, 3, 3, 3, 3, 3, 3, 3, 3, 3, 3, 3, 3, 3, 3, 3, 3, 3, 3, 3, 3, 3, 3, 3, 3, 3, 3, 3, 3, 3, 3, 3, 3, 3, 3, 3, 3, 3, 3, 3, 3, 3, 3, 3, 3, 3, 3, 3, 3, 3, 3, 3, 3, 3, 3, 3, 3, 3, 3, 3, 3, 3, 3, 3, 3, 3, 3, 3, 3, 3, 3, 3, 3, 3, 3, 3, 3, 3, 3, 3, 3, 3, 3, 3, 3, 3, 3, 3, 3, 3, 3, 3, 3, 3, 3, 3, 3, 3, 3, 3, 3, 3, 3, 3, 3, 3, 3, 3, 3, 3, 3, 3, 3, 3, 3, 3, 3, 3, 3, 3, 3, 3, 3, 3, 3, 3, 3, 3, 3, 3, 3, 3, 3, 3, 3, 3, 3, 3, 3, 3, 3, 3, 3, 3, 3, 3, 3, 3, 3, 3, 3, 3, 3, 3, 3, 3, 3, 3, 3, 3, 3, 3, 3, 3, 3, 3, 3, 3, 3, 3, 3, 3, 3, 3, 3, 3, 3, 3, 3, 3, 3, 3, 3, 3, 3, 3, 3, 3, 3, 3, 3, 3, 3, 3, 3, 3, 3, 3, 3, 3, 3, 3, 3, 3, 3, 3, 3, 3, 3, 3, 3, 3, 3, 3, 3, 3, 3, 3, 3, 3, 3, 3, 3, 3, 3, 3, 3, 3, 3, 3, 3, 3, 3, 3, 3, 3, 3, 3, 3, 3, 3, 3, 3, 3, 3, 3, 3, 3, 3, 3, 3, 3, 3, 3, 3, 3, 3, 3, 3, 3, 3, 3, 3, 3, 3, 3, 3, 3, 3, 3, 3, 3, 3, 3, 3, 3, 3, 3, 3, 3, 3, 3, 3, 3, 3, 3, 3, 3, 3, 3, 3, 3, 3, 3, 3, 3, 3, 3, 3, 3, 3, 3, 3, 3, 3, 3, 3, 3, 3, 3, 3, 3, 3, 3, 3, 3, 3, 3, 3, 3, 3, 3, 3, 3, 3, 3, 3, 3, 3, 3, 3, 3, 3, 3, 3, 3, 3, 3, 3, 3, 3, 3, 3, 3, 3, 3, 3, 3, 3, 3, 3, 3, 3, 3, 3, 3, 3, 3, 3, 3, 3, 3, 3, 3, 3, 3, 3, 3, 3, 3, 3, 3, 3, 3, 3, 3, 3, 3, 3, 3, 3, 3, 3, 3, 3, 3, 3, 3, 3, 3, 3, 3, 3, 3, 3, 3, 3, 3, 3, 3, 3, 3, 3, 3, 3, 3, 3, 3, 3, 3, 3, 3, 3, 3, 3, 3, 3, 3, 3, 3, 3, 3, 3, 3, 3, 3, 3, 3, 3, 3, 3]
            int[] faceVertexIndices = [0, 1, 2, 2, 1, 3, 2, 3, 4, 4, 3, 5, 4, 5, 6, 6, 5, 7, 6, 7, 8, 8, 7, 9, 8, 9, 10, 10, 9, 11, 11, 9, 12, 11, 12, 13, 14, 15, 13, 13, 15, 16, 13, 16, 17, 17, 16, 18, 18, 16, 19, 18, 19, 20, 20, 19, 21, 20, 21, 22, 22, 21, 23, 22, 23, 24, 24, 23, 25, 24, 25, 26, 26, 25, 27, 26, 27, 28, 28, 27, 29, 28, 29, 30, 30, 29, 31, 30, 31, 32, 32, 31, 33, 32, 33, 34, 34, 33, 35, 34, 35, 36, 36, 35, 37, 36, 37, 38, 38, 37, 39, 38, 39, 40, 40, 39, 41, 40, 41, 42, 42, 41, 43, 42, 43, 44, 44, 43, 45, 44, 45, 46, 46, 45, 47, 46, 47, 48, 48, 47, 49, 48, 49, 50, 50, 49, 51, 50, 51, 52, 52, 51, 53, 52, 53, 54, 54, 53, 55, 54, 55, 56, 56, 55, 57, 56, 57, 58, 15, 14, 59, 59, 14, 60, 59, 60, 61, 61, 60, 62, 61, 62, 63, 63, 62, 64, 63, 64, 65, 66, 67, 65, 65, 67, 68, 65, 68, 63, 63, 68, 23, 63, 23, 21, 67, 66, 69, 69, 66, 70, 69, 70, 71, 71, 70, 72, 71, 72, 73, 73, 72, 74, 73, 74, 75, 70, 74, 72, 75, 76, 73, 73, 76, 77, 73, 77, 78, 78, 77, 79, 78, 79, 80, 80, 79, 81, 80, 81, 82, 82, 81, 83, 82, 83, 33, 33, 83, 35, 77, 76, 84, 84, 76, 85, 84, 85, 86, 86, 85, 87, 86, 87, 88, 88, 87, 89, 88, 89, 90, 90, 89, 91, 90, 91, 92, 92, 91, 93, 92, 93, 94, 94, 93, 95, 94, 95, 96, 96, 95, 97, 96, 97, 98, 98, 97, 99, 98, 99, 100, 100, 99, 101, 100, 101, 102, 102, 101, 103, 102, 103, 104, 104, 103, 105, 104, 105, 106, 106, 105, 107, 106, 107, 108, 108, 107, 109, 108, 109, 110, 110, 109, 111, 110, 111, 112, 112, 111, 113, 112, 113, 114, 114, 113, 115, 114, 115, 116, 116, 115, 117, 116, 117, 118, 118, 117, 119, 118, 119, 120, 120, 119, 121, 120, 121, 122, 122, 121, 123, 122, 123, 124, 124, 123, 125, 124, 125, 126, 126, 125, 127, 126, 127, 128, 128, 127, 129, 128, 129, 130, 130, 129, 131, 130, 131, 132, 132, 131, 133, 132, 133, 134, 87, 135, 89, 89, 135, 91, 97, 136, 99, 99, 136, 101, 103, 137, 105, 105, 137, 138, 105, 138, 107, 107, 138, 139, 107, 139, 140, 140, 139, 141, 140, 141, 109, 109, 141, 142, 109, 142, 111, 111, 142, 113, 141, 143, 142, 142, 143, 144, 142, 144, 113, 113, 144, 145, 113, 145, 115, 115, 145, 146, 115, 146, 117, 117, 146, 147, 117, 147, 119, 119, 147, 121, 143, 145, 144, 112, 148, 110, 110, 148, 149, 110, 149, 108, 108, 149, 150, 108, 150, 106, 106, 150, 151, 106, 151, 104, 104, 151, 152, 104, 152, 100, 100, 152, 153, 100, 153, 98, 98, 153, 154, 98, 154, 94, 94, 154, 155, 94, 155, 90, 90, 155, 156, 90, 156, 88, 88, 156, 157, 88, 157, 158, 158, 157, 159, 158, 159, 79, 79, 159, 81, 148, 160, 149, 149, 160, 161, 149, 161, 150, 150, 161, 162, 150, 162, 151, 151, 162, 163, 151, 163, 152, 152, 163, 164, 152, 164, 153, 153, 164, 165, 153, 165, 154, 154, 165, 166, 154, 166, 155, 155, 166, 167, 155, 167, 156, 156, 167, 168, 156, 168, 157, 157, 168, 169, 157, 169, 159, 159, 169, 170, 159, 170, 81, 81, 170, 83, 160, 171, 161, 161, 171, 172, 161, 172, 162, 162, 172, 173, 162, 173, 163, 163, 173, 174, 163, 174, 164, 164, 174, 175, 164, 175, 165, 165, 175, 176, 165, 176, 166, 166, 176, 177, 166, 177, 167, 167, 177, 178, 167, 178, 168, 168, 178, 179, 168, 179, 169, 169, 179, 180, 169, 180, 170, 170, 180, 181, 170, 181, 83, 83, 181, 35, 171, 182, 172, 172, 182, 183, 172, 183, 173, 173, 183, 184, 173, 184, 174, 174, 184, 185, 174, 185, 175, 175, 185, 186, 175, 186, 176, 176, 186, 187, 176, 187, 177, 177, 187, 188, 177, 188, 178, 178, 188, 189, 178, 189, 179, 179, 189, 190, 179, 190, 180, 180, 190, 191, 180, 191, 181, 181, 191, 37, 181, 37, 35, 182, 192, 183, 183, 192, 193, 183, 193, 184, 184, 193, 194, 184, 194, 185, 185, 194, 195, 185, 195, 186, 186, 195, 196, 186, 196, 187, 187, 196, 197, 187, 197, 188, 188, 197, 198, 188, 198, 189, 189, 198, 199, 189, 199, 190, 190, 199, 200, 190, 200, 191, 191, 200, 39, 191, 39, 37, 193, 192, 201, 201, 192, 202, 201, 202, 203, 203, 202, 204, 203, 204, 205, 205, 204, 206, 205, 206, 207, 207, 206, 208, 207, 208, 209, 209, 208, 210, 209, 210, 211, 211, 210, 212, 211, 212, 213, 213, 212, 55, 213, 55, 53, 212, 57, 55, 56, 58, 214, 214, 58, 215, 214, 215, 216, 216, 215, 217, 216, 217, 218, 218, 217, 219, 218, 219, 220, 220, 219, 221, 220, 221, 222, 222, 221, 223, 222, 223, 224, 224, 223, 225, 224, 225, 226, 226, 225, 227, 226, 227, 228, 228, 227, 229, 229, 227, 230, 229, 230, 231, 231, 230, 232, 231, 232, 233, 233, 232, 234, 233, 234, 235, 235, 234, 236, 235, 236, 237, 237, 236, 238, 237, 238, 239, 239, 238, 240, 239, 240, 241, 241, 240, 242, 241, 242, 243, 243, 242, 244, 243, 244, 245, 245, 244, 246, 245, 246, 247, 247, 246, 248, 247, 248, 249, 249, 248, 250, 249, 250, 251, 251, 250, 252, 251, 252, 253, 253, 252, 254, 253, 254, 255, 255, 254, 256, 255, 256, 257, 257, 256, 258, 219, 259, 221, 221, 259, 260, 221, 260, 223, 223, 260, 261, 223, 261, 225, 225, 261, 227, 259, 262, 260, 260, 262, 263, 260, 263, 261, 261, 263, 264, 261, 264, 227, 227, 264, 230, 262, 265, 263, 263, 265, 266, 263, 266, 264, 264, 266, 232, 264, 232, 230, 265, 267, 266, 266, 267, 234, 266, 234, 232, 267, 236, 234, 245, 268, 243, 243, 268, 241, 268, 269, 241, 241, 269, 239, 269, 270, 239, 239, 270, 237, 237, 270, 271, 271, 270, 272, 271, 272, 233, 233, 272, 231, 228, 273, 226, 226, 273, 274, 226, 274, 275, 275, 274, 276, 275, 276, 277, 277, 276, 278, 277, 278, 279, 279, 278, 280, 279, 280, 281, 281, 280, 282, 281, 282, 283, 283, 282, 284, 283, 284, 285, 285, 284, 286, 285, 286, 50, 50, 286, 48, 274, 287, 276, 276, 287, 278, 278, 287, 288, 288, 287, 289, 288, 289, 290, 291, 292, 290, 290, 292, 293, 290, 293, 288, 288, 293, 280, 288, 280, 278, 292, 291, 294, 294, 291, 295, 294, 295, 296, 296, 295, 297, 296, 297, 298, 298, 297, 299, 298, 299, 300, 300, 299, 301, 300, 301, 42, 42, 301, 40, 297, 302, 299, 299, 302, 303, 299, 303, 301, 301, 303, 304, 301, 304, 40, 40, 304, 38, 303, 305, 304, 304, 305, 306, 304, 306, 38, 38, 306, 36, 305, 307, 306, 306, 307, 36, 36, 307, 34, 34, 307, 308, 34, 308, 309, 34, 309, 32, 32, 309, 30, 17, 11, 13, 213, 310, 211, 211, 310, 311, 211, 311, 209, 209, 311, 312, 209, 312, 207, 207, 312, 313, 207, 313, 205, 205, 313, 314, 205, 314, 203, 203, 314, 315, 203, 315, 201, 201, 315, 194, 201, 194, 193, 310, 316, 311, 311, 316, 317, 311, 317, 312, 312, 317, 318, 312, 318, 313, 313, 318, 319, 313, 319, 314, 314, 319, 320, 314, 320, 315, 315, 320, 195, 315, 195, 194, 213, 53, 310, 310, 53, 51, 310, 51, 316, 316, 51, 49, 316, 49, 321, 321, 49, 47, 321, 47, 322, 322, 47, 45, 322, 45, 323, 323, 45, 43, 323, 43, 324, 324, 43, 41, 324, 41, 200, 200, 41, 39, 316, 321, 317, 317, 321, 325, 317, 325, 318, 318, 325, 326, 318, 326, 319, 319, 326, 327, 319, 327, 320, 320, 327, 196, 320, 196, 195, 321, 322, 325, 325, 322, 328, 325, 328, 326, 326, 328, 329, 326, 329, 327, 327, 329, 197, 327, 197, 196, 322, 323, 328, 328, 323, 330, 328, 330, 329, 329, 330, 198, 329, 198, 197, 323, 324, 330, 330, 324, 199, 330, 199, 198, 324, 200, 199, 82, 331, 80, 80, 331, 332, 80, 332, 78, 78, 332, 71, 78, 71, 73, 331, 333, 332, 332, 333, 334, 332, 334, 71, 71, 334, 69, 33, 31, 82, 82, 31, 331, 333, 25, 334, 334, 25, 68, 334, 68, 69, 69, 68, 67, 31, 29, 331, 331, 29, 333, 25, 23, 68, 29, 27, 333, 333, 27, 25, 61, 63, 21, 59, 61, 19, 19, 61, 21, 15, 59, 16, 16, 59, 19, 158, 79, 77, 84, 86, 77, 77, 86, 158, 86, 88, 158, 92, 94, 90, 96, 98, 94, 102, 104, 100, 140, 109, 107, 54, 56, 335, 335, 56, 214, 335, 214, 336, 336, 214, 216, 336, 216, 337, 337, 216, 218, 337, 218, 338, 338, 218, 220, 338, 220, 222, 285, 50, 52, 52, 54, 339, 339, 54, 335, 339, 335, 340, 340, 335, 336, 340, 336, 341, 341, 336, 337, 341, 337, 342, 342, 337, 338, 342, 338, 343, 343, 338, 222, 343, 222, 224, 46, 48, 344, 344, 48, 286, 344, 286, 345, 345, 286, 284, 345, 284, 346, 346, 284, 282, 346, 282, 293, 293, 282, 280, 300, 42, 44, 44, 46, 347, 347, 46, 344, 347, 344, 348, 348, 344, 345, 348, 345, 294, 294, 345, 346, 294, 346, 292, 292, 346, 293, 283, 285, 339, 339, 285, 52, 283, 339, 340, 298, 300, 347, 347, 300, 44, 298, 347, 348, 281, 283, 340, 281, 340, 341, 296, 298, 348, 296, 348, 294, 279, 281, 341, 279, 341, 342, 279, 342, 277, 277, 342, 343, 277, 343, 275, 275, 343, 224, 275, 224, 226, 271, 233, 235, 237, 271, 235, 349, 350, 351, 351, 350, 352, 351, 352, 353, 353, 352, 354, 353, 354, 355, 355, 354, 356, 355, 356, 357, 357, 356, 358, 357, 358, 359, 359, 358, 360, 359, 360, 361, 361, 360, 362, 361, 362, 363, 363, 362, 364, 363, 364, 365, 365, 364, 366, 365, 366, 367, 367, 366, 368, 367, 368, 369, 369, 368, 370, 369, 370, 371, 371, 370, 372, 371, 372, 373, 373, 372, 374, 373, 374, 375, 375, 374, 376, 375, 376, 377, 377, 376, 378, 377, 378, 379, 379, 378, 380, 379, 380, 381, 360, 382, 362, 362, 382, 364, 382, 383, 364, 364, 383, 366, 383, 384, 366, 366, 384, 368, 368, 384, 385, 385, 384, 386, 385, 386, 372, 372, 386, 374, 387, 388, 381, 381, 388, 389, 381, 389, 379, 379, 389, 390, 379, 390, 391, 391, 390, 392, 391, 392, 393, 393, 392, 394, 393, 394, 395, 395, 394, 396, 395, 396, 397, 398, 399, 387, 387, 399, 400, 387, 400, 388, 388, 400, 401, 388, 401, 389, 389, 401, 402, 389, 402, 390, 390, 402, 403, 390, 403, 392, 392, 403, 404, 392, 404, 394, 394, 404, 405, 394, 405, 396, 398, 406, 399, 399, 406, 407, 399, 407, 408, 408, 407, 409, 408, 409, 410, 410, 409, 411, 410, 411, 412, 412, 411, 413, 412, 413, 414, 414, 413, 415, 414, 415, 416, 416, 415, 417, 416, 417, 418, 418, 417, 419, 419, 417, 420, 419, 420, 421, 421, 420, 422, 421, 422, 423, 423, 422, 424, 423, 424, 425, 425, 424, 426, 425, 426, 427, 427, 426, 428, 427, 428, 429, 429, 428, 430, 429, 430, 431, 431, 430, 432, 431, 432, 433, 433, 432, 434, 433, 434, 435, 435, 434, 436, 435, 436, 437, 437, 436, 438, 437, 438, 439, 439, 438, 440, 439, 440, 441, 441, 440, 442, 441, 442, 443, 443, 442, 444, 443, 444, 445, 445, 444, 446, 445, 446, 447, 447, 446, 448, 447, 448, 449, 449, 448, 450, 449, 450, 451, 451, 450, 452, 451, 452, 453, 453, 452, 454, 453, 454, 455, 455, 454, 456, 455, 456, 457, 457, 456, 458, 457, 458, 459, 459, 458, 460, 459, 460, 461, 461, 460, 462, 461, 462, 463, 463, 462, 464, 463, 464, 465, 465, 464, 466, 465, 466, 467, 467, 466, 468, 467, 468, 469, 469, 468, 470, 469, 470, 471, 471, 470, 472, 407, 406, 473, 473, 406, 474, 473, 474, 475, 475, 474, 476, 475, 476, 477, 477, 476, 478, 477, 478, 479, 479, 478, 480, 479, 480, 481, 481, 480, 482, 481, 482, 483, 483, 482, 484, 483, 484, 485, 485, 484, 486, 485, 486, 434, 434, 486, 436, 478, 487, 480, 480, 487, 488, 480, 488, 482, 482, 488, 489, 482, 489, 484, 484, 489, 490, 484, 490, 486, 486, 490, 491, 486, 491, 436, 436, 491, 438, 488, 492, 489, 489, 492, 493, 489, 493, 490, 490, 493, 494, 490, 494, 491, 491, 494, 495, 491, 495, 438, 438, 495, 440, 492, 496, 493, 493, 496, 494, 494, 496, 497, 497, 496, 498, 497, 498, 499, 497, 499, 500, 500, 499, 501, 500, 501, 502, 502, 501, 503, 502, 503, 444, 444, 503, 446, 501, 504, 503, 503, 504, 505, 503, 505, 446, 446, 505, 448, 504, 506, 505, 505, 506, 448, 506, 507, 448, 448, 507, 450, 507, 508, 450, 450, 508, 452, 508, 509, 452, 452, 509, 454, 509, 510, 454, 454, 510, 456, 510, 458, 456, 459, 511, 457, 457, 511, 455, 511, 512, 455, 455, 512, 453, 512, 513, 453, 453, 513, 451, 513, 514, 451, 451, 514, 515, 451, 515, 449, 449, 515, 516, 449, 516, 517, 517, 516, 518, 517, 518, 519, 515, 518, 516, 520, 521, 519, 519, 521, 522, 519, 522, 517, 517, 522, 447, 517, 447, 449, 520, 523, 521, 521, 523, 524, 521, 524, 522, 522, 524, 525, 522, 525, 445, 445, 525, 443, 523, 526, 524, 524, 526, 527, 524, 527, 525, 525, 527, 528, 525, 528, 443, 443, 528, 441, 527, 526, 529, 529, 526, 530, 529, 530, 531, 531, 530, 532, 531, 532, 533, 533, 532, 534, 533, 534, 535, 535, 534, 536, 535, 536, 537, 537, 536, 538, 537, 538, 539, 539, 538, 540, 539, 540, 541, 541, 540, 542, 541, 542, 543, 543, 542, 544, 543, 544, 545, 545, 544, 546, 545, 546, 547, 547, 546, 548, 547, 548, 549, 549, 548, 550, 549, 550, 551, 551, 550, 552, 551, 552, 553, 553, 552, 554, 553, 554, 555, 555, 554, 556, 555, 556, 557, 557, 556, 558, 557, 558, 559, 559, 558, 560, 559, 560, 561, 561, 560, 562, 561, 562, 563, 563, 562, 564, 563, 564, 565, 565, 564, 566, 565, 566, 567, 567, 566, 568, 567, 568, 569, 569, 568, 570, 569, 570, 571, 571, 570, 572, 571, 572, 573, 573, 572, 574, 573, 574, 575, 575, 574, 576, 575, 576, 577, 577, 576, 578, 577, 578, 579, 532, 580, 534, 534, 580, 536, 542, 581, 544, 544, 581, 546, 548, 582, 550, 550, 582, 583, 550, 583, 552, 552, 583, 584, 552, 584, 585, 585, 584, 586, 585, 586, 554, 554, 586, 587, 554, 587, 556, 556, 587, 558, 586, 588, 587, 587, 588, 589, 587, 589, 558, 558, 589, 590, 558, 590, 560, 560, 590, 591, 560, 591, 562, 562, 591, 592, 562, 592, 564, 564, 592, 566, 588, 590, 589, 557, 593, 555, 555, 593, 594, 555, 594, 553, 553, 594, 595, 553, 595, 551, 551, 595, 596, 551, 596, 549, 549, 596, 597, 549, 597, 545, 545, 597, 598, 545, 598, 543, 543, 598, 599, 543, 599, 539, 539, 599, 600, 539, 600, 535, 535, 600, 601, 535, 601, 533, 533, 601, 602, 533, 602, 603, 603, 602, 604, 603, 604, 528, 528, 604, 441, 593, 605, 594, 594, 605, 606, 594, 606, 595, 595, 606, 607, 595, 607, 596, 596, 607, 608, 596, 608, 597, 597, 608, 609, 597, 609, 598, 598, 609, 610, 598, 610, 599, 599, 610, 611, 599, 611, 600, 600, 611, 612, 600, 612, 601, 601, 612, 613, 601, 613, 602, 602, 613, 614, 602, 614, 604, 604, 614, 439, 604, 439, 441, 605, 615, 606, 606, 615, 616, 606, 616, 607, 607, 616, 617, 607, 617, 608, 608, 617, 618, 608, 618, 609, 609, 618, 619, 609, 619, 610, 610, 619, 620, 610, 620, 611, 611, 620, 621, 611, 621, 612, 612, 621, 622, 612, 622, 613, 613, 622, 623, 613, 623, 614, 614, 623, 437, 614, 437, 439, 615, 624, 616, 616, 624, 625, 616, 625, 617, 617, 625, 626, 617, 626, 618, 618, 626, 627, 618, 627, 619, 619, 627, 628, 619, 628, 620, 620, 628, 629, 620, 629, 621, 621, 629, 630, 621, 630, 622, 622, 630, 631, 622, 631, 623, 623, 631, 435, 623, 435, 437, 624, 632, 625, 625, 632, 633, 625, 633, 626, 626, 633, 634, 626, 634, 627, 627, 634, 635, 627, 635, 628, 628, 635, 636, 628, 636, 629, 629, 636, 637, 629, 637, 630, 630, 637, 638, 630, 638, 631, 631, 638, 433, 631, 433, 435, 633, 632, 639, 639, 632, 640, 639, 640, 641, 641, 640, 642, 641, 642, 643, 643, 642, 644, 643, 644, 645, 645, 644, 646, 645, 646, 647, 647, 646, 648, 647, 648, 421, 421, 648, 419, 418, 649, 416, 416, 649, 650, 416, 650, 414, 414, 650, 651, 414, 651, 412, 412, 651, 652, 412, 652, 410, 410, 652, 653, 410, 653, 408, 408, 653, 400, 408, 400, 399, 649, 654, 650, 650, 654, 655, 650, 655, 651, 651, 655, 656, 651, 656, 652, 652, 656, 657, 652, 657, 653, 653, 657, 401, 653, 401, 400, 654, 658, 655, 655, 658, 659, 655, 659, 656, 656, 659, 660, 656, 660, 657, 657, 660, 402, 657, 402, 401, 658, 661, 659, 659, 661, 662, 659, 662, 660, 660, 662, 403, 660, 403, 402, 662, 661, 404, 404, 661, 405, 395, 397, 663, 663, 397, 664, 663, 664, 371, 371, 664, 369, 370, 368, 385, 372, 370, 385, 663, 371, 373, 373, 375, 665, 665, 375, 377, 665, 377, 393, 393, 377, 391, 395, 663, 665, 665, 663, 373, 395, 665, 393, 379, 391, 377, 662, 404, 403, 407, 473, 666, 666, 473, 475, 666, 475, 667, 667, 475, 668, 667, 668, 669, 669, 668, 670, 669, 670, 671, 671, 670, 672, 671, 672, 673, 673, 672, 674, 673, 674, 430, 430, 674, 432, 668, 475, 477, 407, 666, 409, 409, 666, 675, 409, 675, 411, 411, 675, 676, 411, 676, 413, 413, 676, 677, 413, 677, 415, 415, 677, 678, 415, 678, 417, 417, 678, 420, 675, 666, 667, 670, 668, 479, 479, 668, 477, 670, 479, 481, 675, 667, 679, 679, 667, 669, 679, 669, 680, 680, 669, 671, 680, 671, 681, 681, 671, 673, 681, 673, 428, 428, 673, 430, 672, 670, 481, 672, 481, 483, 675, 679, 676, 676, 679, 682, 676, 682, 677, 677, 682, 683, 677, 683, 678, 678, 683, 422, 678, 422, 420, 682, 679, 680, 495, 494, 497, 497, 500, 684, 684, 500, 502, 684, 502, 442, 442, 502, 444, 674, 672, 483, 674, 483, 485, 682, 680, 685, 685, 680, 681, 685, 681, 426, 426, 681, 428, 440, 495, 684, 684, 495, 497, 440, 684, 442, 432, 674, 485, 432, 485, 434, 682, 685, 683, 683, 685, 424, 683, 424, 422, 424, 685, 426, 522, 445, 447, 433, 638, 431, 431, 638, 686, 431, 686, 429, 429, 686, 687, 429, 687, 427, 427, 687, 688, 427, 688, 425, 425, 688, 689, 425, 689, 423, 423, 689, 647, 423, 647, 421, 603, 528, 527, 638, 637, 686, 686, 637, 690, 686, 690, 687, 687, 690, 691, 687, 691, 688, 688, 691, 692, 688, 692, 689, 689, 692, 645, 689, 645, 647, 529, 531, 527, 527, 531, 603, 531, 533, 603, 637, 636, 690, 690, 636, 693, 690, 693, 691, 691, 693, 694, 691, 694, 692, 692, 694, 643, 692, 643, 645, 636, 635, 693, 693, 635, 695, 693, 695, 694, 694, 695, 641, 694, 641, 643, 537, 539, 535, 639, 641, 695, 639, 695, 634, 634, 695, 635, 541, 543, 539, 633, 639, 634, 547, 549, 545, 585, 554, 552, 696, 697, 698, 698, 697, 699, 699, 697, 700, 699, 700, 701, 701, 700, 702, 701, 702, 703, 703, 702, 704, 703, 704, 705, 705, 704, 706, 705, 706, 707, 707, 706, 708, 707, 708, 709, 709, 708, 710, 709, 710, 711, 711, 710, 712, 711, 712, 713, 713, 712, 714, 713, 714, 715, 715, 714, 716, 715, 716, 717, 717, 716, 718, 717, 718, 719, 719, 718, 720, 719, 720, 721, 721, 720, 722, 721, 722, 723, 723, 722, 724, 723, 724, 725, 725, 724, 726, 725, 726, 727, 727, 726, 728, 727, 728, 729, 729, 728, 730, 729, 730, 731, 731, 730, 732, 731, 732, 733, 733, 732, 734, 733, 734, 735, 735, 734, 736, 735, 736, 737, 737, 736, 738, 737, 738, 739, 739, 738, 740, 739, 740, 741, 741, 740, 742, 741, 742, 743, 743, 742, 744, 743, 744, 745, 745, 744, 746, 745, 746, 747, 747, 746, 748, 747, 748, 749, 749, 748, 750, 749, 750, 751, 751, 750, 752, 751, 752, 753, 753, 752, 754, 753, 754, 755, 755, 754, 756, 755, 756, 757, 757, 756, 758, 758, 756, 759, 758, 759, 760, 760, 759, 761, 760, 761, 762, 762, 761, 763, 762, 763, 764, 764, 763, 765, 764, 765, 766, 766, 765, 767, 766, 767, 768, 768, 767, 769, 768, 769, 770, 770, 769, 771, 770, 771, 772, 772, 771, 773, 772, 773, 774, 774, 773, 775, 774, 775, 776, 776, 775, 777, 776, 777, 778, 778, 777, 779, 778, 779, 780, 780, 779, 781, 780, 781, 782, 782, 781, 783, 782, 783, 784, 784, 783, 785, 784, 785, 786, 786, 785, 787, 786, 787, 788, 718, 789, 720, 720, 789, 790, 720, 790, 722, 722, 790, 791, 722, 791, 724, 724, 791, 792, 724, 792, 726, 726, 792, 793, 726, 793, 730, 730, 793, 794, 730, 794, 732, 732, 794, 795, 732, 795, 736, 736, 795, 796, 736, 796, 740, 740, 796, 797, 740, 797, 742, 742, 797, 798, 742, 798, 799, 799, 798, 800, 799, 800, 801, 801, 800, 802, 801, 802, 803, 803, 802, 804, 803, 804, 805, 805, 804, 761, 805, 761, 759, 789, 806, 790, 790, 806, 807, 790, 807, 791, 791, 807, 808, 791, 808, 792, 792, 808, 809, 792, 809, 793, 793, 809, 810, 793, 810, 794, 794, 810, 811, 794, 811, 795, 795, 811, 812, 795, 812, 796, 796, 812, 813, 796, 813, 797, 797, 813, 814, 797, 814, 798, 798, 814, 815, 798, 815, 800, 800, 815, 816, 800, 816, 802, 802, 816, 817, 802, 817, 804, 804, 817, 763, 804, 763, 761, 806, 818, 807, 807, 818, 819, 807, 819, 808, 808, 819, 820, 808, 820, 809, 809, 820, 821, 809, 821, 810, 810, 821, 822, 810, 822, 811, 811, 822, 823, 811, 823, 812, 812, 823, 824, 812, 824, 813, 813, 824, 825, 813, 825, 814, 814, 825, 826, 814, 826, 815, 815, 826, 827, 815, 827, 816, 816, 827, 828, 816, 828, 817, 817, 828, 765, 817, 765, 763, 818, 829, 819, 819, 829, 830, 819, 830, 820, 820, 830, 831, 820, 831, 821, 821, 831, 832, 821, 832, 822, 822, 832, 833, 822, 833, 823, 823, 833, 834, 823, 834, 824, 824, 834, 835, 824, 835, 825, 825, 835, 836, 825, 836, 826, 826, 836, 837, 826, 837, 827, 827, 837, 838, 827, 838, 828, 828, 838, 767, 828, 767, 765, 829, 839, 830, 830, 839, 840, 830, 840, 831, 831, 840, 841, 831, 841, 832, 832, 841, 842, 832, 842, 833, 833, 842, 843, 833, 843, 834, 834, 843, 844, 834, 844, 835, 835, 844, 845, 835, 845, 836, 836, 845, 846, 836, 846, 837, 837, 846, 847, 837, 847, 838, 838, 847, 769, 838, 769, 767, 840, 839, 848, 848, 839, 849, 848, 849, 850, 850, 849, 851, 850, 851, 852, 852, 851, 853, 852, 853, 854, 854, 853, 855, 854, 855, 856, 856, 855, 857, 856, 857, 858, 858, 857, 859, 858, 859, 860, 860, 859, 785, 860, 785, 783, 859, 787, 785, 786, 788, 861, 861, 788, 862, 861, 862, 863, 863, 862, 864, 863, 864, 865, 865, 864, 866, 865, 866, 867, 867, 866, 868, 867, 868, 869, 869, 868, 870, 869, 870, 871, 871, 870, 872, 871, 872, 873, 873, 872, 874, 873, 874, 875, 875, 874, 876, 876, 874, 877, 876, 877, 878, 878, 877, 879, 878, 879, 880, 880, 879, 881, 880, 881, 882, 882, 881, 883, 882, 883, 884, 884, 883, 885, 884, 885, 886, 886, 885, 887, 886, 887, 888, 888, 887, 889, 888, 889, 890, 890, 889, 891, 890, 891, 892, 892, 891, 893, 892, 893, 894, 894, 893, 895, 894, 895, 896, 896, 895, 897, 896, 897, 898, 898, 897, 899, 898, 899, 900, 900, 899, 901, 900, 901, 902, 902, 901, 903, 866, 904, 868, 868, 904, 905, 868, 905, 870, 870, 905, 906, 870, 906, 872, 872, 906, 874, 904, 907, 905, 905, 907, 908, 905, 908, 906, 906, 908, 909, 906, 909, 874, 874, 909, 877, 907, 910, 908, 908, 910, 911, 908, 911, 909, 909, 911, 879, 909, 879, 877, 910, 912, 911, 911, 912, 881, 911, 881, 879, 912, 883, 881, 892, 913, 890, 890, 913, 888, 913, 914, 888, 888, 914, 886, 914, 915, 886, 886, 915, 884, 884, 915, 916, 916, 915, 917, 916, 917, 880, 880, 917, 878, 875, 918, 873, 873, 918, 919, 873, 919, 920, 920, 919, 921, 920, 921, 922, 922, 921, 923, 922, 923, 924, 924, 923, 925, 924, 925, 926, 926, 925, 927, 926, 927, 928, 928, 927, 929, 928, 929, 930, 930, 929, 931, 930, 931, 780, 780, 931, 778, 919, 932, 921, 921, 932, 923, 923, 932, 933, 933, 932, 934, 933, 934, 935, 936, 937, 935, 935, 937, 938, 935, 938, 933, 933, 938, 925, 933, 925, 923, 937, 936, 939, 939, 936, 940, 939, 940, 941, 941, 940, 942, 941, 942, 943, 943, 942, 944, 943, 944, 945, 945, 944, 946, 945, 946, 772, 772, 946, 770, 942, 947, 944, 944, 947, 948, 944, 948, 946, 946, 948, 949, 946, 949, 770, 770, 949, 768, 948, 950, 949, 949, 950, 951, 949, 951, 768, 768, 951, 766, 950, 952, 951, 951, 952, 766, 766, 952, 764, 764, 952, 953, 764, 953, 954, 764, 954, 762, 762, 954, 760, 757, 955, 755, 755, 955, 956, 755, 956, 957, 957, 956, 958, 957, 958, 959, 959, 958, 960, 960, 958, 961, 961, 958, 962, 961, 962, 963, 963, 962, 964, 963, 964, 965, 965, 964, 966, 965, 966, 967, 967, 966, 968, 967, 968, 969, 955, 970, 956, 956, 970, 971, 956, 971, 958, 958, 971, 962, 970, 972, 971, 971, 972, 973, 971, 973, 962, 962, 973, 964, 972, 974, 973, 973, 974, 975, 973, 975, 964, 964, 975, 966, 974, 968, 975, 975, 968, 966, 967, 969, 976, 976, 969, 977, 976, 977, 978, 978, 977, 979, 978, 979, 980, 980, 979, 981, 980, 981, 982, 982, 981, 983, 982, 983, 984, 984, 983, 985, 984, 985, 986, 986, 985, 987, 957, 959, 988, 988, 959, 989, 988, 989, 990, 990, 989, 991, 990, 991, 751, 751, 991, 992, 751, 992, 749, 749, 992, 993, 749, 993, 747, 991, 994, 992, 992, 994, 993, 743, 995, 741, 741, 995, 739, 733, 996, 731, 731, 996, 729, 727, 997, 725, 725, 997, 998, 725, 998, 723, 723, 998, 999, 723, 999, 1000, 1000, 999, 1001, 1000, 1001, 721, 721, 1001, 1002, 721, 1002, 719, 719, 1002, 717, 1001, 1003, 1002, 1002, 1003, 1004, 1002, 1004, 717, 717, 1004, 1005, 717, 1005, 715, 715, 1005, 1006, 715, 1006, 713, 713, 1006, 1007, 713, 1007, 711, 711, 1007, 709, 1003, 1005, 1004, 723, 1000, 721, 730, 728, 726, 736, 734, 732, 850, 1008, 848, 848, 1008, 841, 848, 841, 840, 841, 1008, 842, 842, 1008, 1009, 842, 1009, 843, 843, 1009, 1010, 843, 1010, 844, 844, 1010, 1011, 844, 1011, 845, 845, 1011, 1012, 845, 1012, 846, 846, 1012, 1013, 846, 1013, 847, 847, 1013, 771, 847, 771, 769, 1008, 850, 1014, 1014, 850, 852, 1014, 852, 1015, 1015, 852, 854, 1015, 854, 1016, 1016, 854, 856, 1016, 856, 1017, 1017, 856, 858, 1017, 858, 1018, 1018, 858, 860, 1018, 860, 783, 738, 736, 740, 1008, 1014, 1009, 1009, 1014, 1019, 1009, 1019, 1010, 1010, 1019, 1020, 1010, 1020, 1011, 1011, 1020, 1021, 1011, 1021, 1012, 1012, 1021, 1022, 1012, 1022, 1013, 1013, 1022, 773, 1013, 773, 771, 1019, 1014, 1015, 748, 746, 744, 748, 744, 799, 799, 744, 742, 1019, 1015, 1023, 1023, 1015, 1016, 1023, 1016, 1024, 1024, 1016, 1017, 1024, 1017, 1025, 1025, 1017, 1018, 1025, 1018, 781, 781, 1018, 783, 750, 748, 801, 801, 748, 799, 1019, 1023, 1020, 1020, 1023, 1026, 1020, 1026, 1021, 1021, 1026, 1027, 1021, 1027, 1022, 1022, 1027, 775, 1022, 775, 773, 1026, 1023, 1024, 752, 750, 803, 803, 750, 801, 957, 988, 990, 957, 990, 753, 753, 990, 751, 1026, 1024, 1028, 1028, 1024, 1025, 1028, 1025, 779, 779, 1025, 781, 754, 752, 805, 805, 752, 803, 755, 957, 753, 779, 777, 1028, 1028, 777, 1027, 1028, 1027, 1026, 777, 775, 1027, 754, 805, 759, 759, 756, 754, 784, 786, 1029, 1029, 786, 861, 1029, 861, 1030, 1030, 861, 863, 1030, 863, 1031, 1031, 863, 865, 1031, 865, 1032, 1032, 865, 867, 1032, 867, 869, 930, 780, 782, 782, 784, 1033, 1033, 784, 1029, 1033, 1029, 1034, 1034, 1029, 1030, 1034, 1030, 1035, 1035, 1030, 1031, 1035, 1031, 1036, 1036, 1031, 1032, 1036, 1032, 1037, 1037, 1032, 869, 1037, 869, 871, 776, 778, 1038, 1038, 778, 931, 1038, 931, 1039, 1039, 931, 929, 1039, 929, 1040, 1040, 929, 927, 1040, 927, 938, 938, 927, 925, 945, 772, 774, 774, 776, 1041, 1041, 776, 1038, 1041, 1038, 1042, 1042, 1038, 1039, 1042, 1039, 939, 939, 1039, 1040, 939, 1040, 937, 937, 1040, 938, 928, 930, 1033, 1033, 930, 782, 928, 1033, 1034, 943, 945, 1041, 1041, 945, 774, 943, 1041, 1042, 926, 928, 1034, 926, 1034, 1035, 941, 943, 1042, 941, 1042, 939, 924, 926, 1035, 924, 1035, 1036, 924, 1036, 922, 922, 1036, 1037, 922, 1037, 920, 920, 1037, 871, 920, 871, 873, 916, 880, 882, 884, 916, 882, 987, 1043, 1044, 1044, 1043, 1045, 1044, 1045, 1046, 1046, 1045, 1047, 1046, 1047, 1048, 1048, 1047, 1049, 1048, 1049, 1050, 1050, 1049, 1051, 1050, 1051, 1052, 1052, 1051, 1053, 1053, 1051, 1054, 1053, 1054, 1055, 1056, 1057, 1055, 1055, 1057, 1058, 1055, 1058, 1059, 1059, 1058, 1060, 1060, 1058, 1061, 1060, 1061, 1062, 1062, 1061, 1063, 1062, 1063, 1064, 1064, 1063, 1065, 1064, 1065, 1066, 1066, 1065, 1067, 1066, 1067, 1068, 1068, 1067, 1069, 1068, 1069, 1070, 1070, 1069, 1071, 1070, 1071, 1072, 1072, 1071, 1073, 1072, 1073, 1074, 1074, 1073, 1075, 1074, 1075, 1076, 1076, 1075, 1077, 1076, 1077, 1078, 1078, 1077, 1079, 1078, 1079, 1080, 1080, 1079, 1081, 1080, 1081, 1082, 1082, 1081, 1083, 1082, 1083, 1084, 1084, 1083, 1085, 1084, 1085, 1086, 1086, 1085, 1087, 1086, 1087, 1088, 1088, 1087, 1089, 1088, 1089, 1090, 1090, 1089, 1091, 1090, 1091, 1092, 1092, 1091, 1093, 1092, 1093, 1094, 1094, 1093, 1095, 1094, 1095, 1096, 1096, 1095, 1097, 1096, 1097, 1098, 1098, 1097, 1099, 1098, 1099, 1100, 1057, 1056, 1101, 1101, 1056, 1102, 1101, 1102, 1103, 1103, 1102, 1104, 1103, 1104, 1105, 1105, 1104, 1106, 1105, 1106, 1107, 1108, 1109, 1107, 1107, 1109, 1110, 1107, 1110, 1105, 1105, 1110, 1065, 1105, 1065, 1063, 1109, 1108, 1111, 1111, 1108, 1112, 1111, 1112, 1113, 1113, 1112, 1114, 1113, 1114, 1115, 1115, 1114, 1116, 1115, 1116, 1117, 1112, 1116, 1114, 1117, 1118, 1115, 1115, 1118, 1119, 1115, 1119, 1120, 1120, 1119, 1121, 1120, 1121, 1122, 1122, 1121, 1123, 1122, 1123, 1124, 1124, 1123, 1125, 1124, 1125, 1075, 1075, 1125, 1077, 1119, 1118, 1126, 1126, 1118, 1127, 1126, 1127, 1128, 1128, 1127, 1129, 1128, 1129, 1130, 1130, 1129, 1131, 1130, 1131, 1132, 1132, 1131, 1133, 1132, 1133, 1134, 1134, 1133, 1135, 1134, 1135, 1136, 1136, 1135, 1137, 1136, 1137, 1138, 1138, 1137, 1139, 1138, 1139, 1140, 1140, 1139, 1141, 1140, 1141, 1142, 1142, 1141, 1143, 1142, 1143, 1144, 1144, 1143, 1145, 1144, 1145, 1146, 1146, 1145, 1147, 1146, 1147, 1148, 1148, 1147, 1149, 1148, 1149, 1150, 1150, 1149, 1151, 1150, 1151, 1152, 1152, 1151, 1153, 1152, 1153, 1154, 1154, 1153, 1155, 1154, 1155, 1156, 1156, 1155, 1157, 1156, 1157, 1158, 1158, 1157, 1159, 1158, 1159, 1160, 1160, 1159, 1161, 1160, 1161, 1162, 1162, 1161, 1163, 1162, 1163, 1164, 1164, 1163, 1165, 1164, 1165, 1166, 1166, 1165, 1167, 1166, 1167, 1168, 1168, 1167, 1169, 1168, 1169, 1170, 1170, 1169, 1171, 1170, 1171, 1172, 1172, 1171, 1173, 1172, 1173, 1174, 1174, 1173, 1175, 1174, 1175, 1176, 1129, 1177, 1131, 1131, 1177, 1133, 1139, 1178, 1141, 1141, 1178, 1143, 1145, 1179, 1147, 1147, 1179, 1180, 1147, 1180, 1149, 1149, 1180, 1181, 1149, 1181, 1182, 1182, 1181, 1183, 1182, 1183, 1151, 1151, 1183, 1184, 1151, 1184, 1153, 1153, 1184, 1155, 1183, 1185, 1184, 1184, 1185, 1186, 1184, 1186, 1155, 1155, 1186, 1187, 1155, 1187, 1157, 1157, 1187, 1188, 1157, 1188, 1159, 1159, 1188, 1189, 1159, 1189, 1161, 1161, 1189, 1163, 1185, 1187, 1186, 1154, 1190, 1152, 1152, 1190, 1191, 1152, 1191, 1150, 1150, 1191, 1192, 1150, 1192, 1148, 1148, 1192, 1193, 1148, 1193, 1146, 1146, 1193, 1194, 1146, 1194, 1142, 1142, 1194, 1195, 1142, 1195, 1140, 1140, 1195, 1196, 1140, 1196, 1136, 1136, 1196, 1197, 1136, 1197, 1132, 1132, 1197, 1198, 1132, 1198, 1130, 1130, 1198, 1199, 1130, 1199, 1200, 1200, 1199, 1201, 1200, 1201, 1121, 1121, 1201, 1123, 1190, 1202, 1191, 1191, 1202, 1203, 1191, 1203, 1192, 1192, 1203, 1204, 1192, 1204, 1193, 1193, 1204, 1205, 1193, 1205, 1194, 1194, 1205, 1206, 1194, 1206, 1195, 1195, 1206, 1207, 1195, 1207, 1196, 1196, 1207, 1208, 1196, 1208, 1197, 1197, 1208, 1209, 1197, 1209, 1198, 1198, 1209, 1210, 1198, 1210, 1199, 1199, 1210, 1211, 1199, 1211, 1201, 1201, 1211, 1212, 1201, 1212, 1123, 1123, 1212, 1125, 1202, 1213, 1203, 1203, 1213, 1214, 1203, 1214, 1204, 1204, 1214, 1215, 1204, 1215, 1205, 1205, 1215, 1216, 1205, 1216, 1206, 1206, 1216, 1217, 1206, 1217, 1207, 1207, 1217, 1218, 1207, 1218, 1208, 1208, 1218, 1219, 1208, 1219, 1209, 1209, 1219, 1220, 1209, 1220, 1210, 1210, 1220, 1221, 1210, 1221, 1211, 1211, 1221, 1222, 1211, 1222, 1212, 1212, 1222, 1223, 1212, 1223, 1125, 1125, 1223, 1077, 1213, 1224, 1214, 1214, 1224, 1225, 1214, 1225, 1215, 1215, 1225, 1226, 1215, 1226, 1216, 1216, 1226, 1227, 1216, 1227, 1217, 1217, 1227, 1228, 1217, 1228, 1218, 1218, 1228, 1229, 1218, 1229, 1219, 1219, 1229, 1230, 1219, 1230, 1220, 1220, 1230, 1231, 1220, 1231, 1221, 1221, 1231, 1232, 1221, 1232, 1222, 1222, 1232, 1233, 1222, 1233, 1223, 1223, 1233, 1079, 1223, 1079, 1077, 1224, 1234, 1225, 1225, 1234, 1235, 1225, 1235, 1226, 1226, 1235, 1236, 1226, 1236, 1227, 1227, 1236, 1237, 1227, 1237, 1228, 1228, 1237, 1238, 1228, 1238, 1229, 1229, 1238, 1239, 1229, 1239, 1230, 1230, 1239, 1240, 1230, 1240, 1231, 1231, 1240, 1241, 1231, 1241, 1232, 1232, 1241, 1242, 1232, 1242, 1233, 1233, 1242, 1081, 1233, 1081, 1079, 1235, 1234, 1243, 1243, 1234, 1244, 1243, 1244, 1245, 1245, 1244, 1246, 1245, 1246, 1247, 1247, 1246, 1248, 1247, 1248, 1249, 1249, 1248, 1250, 1249, 1250, 1251, 1251, 1250, 1252, 1251, 1252, 1253, 1253, 1252, 1254, 1253, 1254, 1255, 1255, 1254, 1097, 1255, 1097, 1095, 1254, 1099, 1097, 1098, 1100, 1256, 1256, 1100, 1257, 1256, 1257, 1258, 1258, 1257, 1259, 1258, 1259, 1260, 1260, 1259, 1261, 1260, 1261, 1262, 1262, 1261, 1263, 1262, 1263, 1264, 1264, 1263, 1265, 1264, 1265, 1266, 1266, 1265, 1267, 1266, 1267, 1268, 1268, 1267, 1269, 1268, 1269, 1270, 1270, 1269, 1271, 1271, 1269, 1272, 1271, 1272, 1273, 1273, 1272, 1274, 1273, 1274, 1275, 1275, 1274, 1276, 1275, 1276, 1277, 1277, 1276, 1278, 1277, 1278, 1279, 1279, 1278, 1280, 1279, 1280, 1281, 1281, 1280, 1282, 1281, 1282, 1283, 1283, 1282, 1284, 1283, 1284, 1285, 1285, 1284, 1286, 1285, 1286, 1287, 1287, 1286, 1288, 1287, 1288, 1289, 1289, 1288, 1290, 1289, 1290, 1291, 1291, 1290, 1292, 1291, 1292, 1293, 1293, 1292, 1294, 1293, 1294, 1295, 1295, 1294, 1296, 1295, 1296, 1297, 1297, 1296, 1298, 1297, 1298, 1299, 1299, 1298, 134, 1261, 1300, 1263, 1263, 1300, 1301, 1263, 1301, 1265, 1265, 1301, 1302, 1265, 1302, 1267, 1267, 1302, 1269, 1300, 1303, 1301, 1301, 1303, 1304, 1301, 1304, 1302, 1302, 1304, 1305, 1302, 1305, 1269, 1269, 1305, 1272, 1303, 1306, 1304, 1304, 1306, 1307, 1304, 1307, 1305, 1305, 1307, 1274, 1305, 1274, 1272, 1306, 1308, 1307, 1307, 1308, 1276, 1307, 1276, 1274, 1308, 1278, 1276, 1287, 1309, 1285, 1285, 1309, 1283, 1309, 1310, 1283, 1283, 1310, 1281, 1310, 1311, 1281, 1281, 1311, 1279, 1279, 1311, 1312, 1312, 1311, 1313, 1312, 1313, 1275, 1275, 1313, 1273, 1270, 1314, 1268, 1268, 1314, 1315, 1268, 1315, 1316, 1316, 1315, 1317, 1316, 1317, 1318, 1318, 1317, 1319, 1318, 1319, 1320, 1320, 1319, 1321, 1320, 1321, 1322, 1322, 1321, 1323, 1322, 1323, 1324, 1324, 1323, 1325, 1324, 1325, 1326, 1326, 1325, 1327, 1326, 1327, 1092, 1092, 1327, 1090, 1315, 1328, 1317, 1317, 1328, 1319, 1319, 1328, 1329, 1329, 1328, 1330, 1329, 1330, 1331, 1332, 1333, 1331, 1331, 1333, 1334, 1331, 1334, 1329, 1329, 1334, 1321, 1329, 1321, 1319, 1333, 1332, 1335, 1335, 1332, 1336, 1335, 1336, 1337, 1337, 1336, 1338, 1337, 1338, 1339, 1339, 1338, 1340, 1339, 1340, 1341, 1341, 1340, 1342, 1341, 1342, 1084, 1084, 1342, 1082, 1338, 1343, 1340, 1340, 1343, 1344, 1340, 1344, 1342, 1342, 1344, 1345, 1342, 1345, 1082, 1082, 1345, 1080, 1344, 1346, 1345, 1345, 1346, 1347, 1345, 1347, 1080, 1080, 1347, 1078, 1346, 1348, 1347, 1347, 1348, 1078, 1078, 1348, 1076, 1076, 1348, 1349, 1076, 1349, 1350, 1076, 1350, 1074, 1074, 1350, 1072, 1059, 1053, 1055, 1255, 1351, 1253, 1253, 1351, 1352, 1253, 1352, 1251, 1251, 1352, 1353, 1251, 1353, 1249, 1249, 1353, 1354, 1249, 1354, 1247, 1247, 1354, 1355, 1247, 1355, 1245, 1245, 1355, 1356, 1245, 1356, 1243, 1243, 1356, 1236, 1243, 1236, 1235, 1351, 1357, 1352, 1352, 1357, 1358, 1352, 1358, 1353, 1353, 1358, 1359, 1353, 1359, 1354, 1354, 1359, 1360, 1354, 1360, 1355, 1355, 1360, 1361, 1355, 1361, 1356, 1356, 1361, 1237, 1356, 1237, 1236, 1255, 1095, 1351, 1351, 1095, 1093, 1351, 1093, 1357, 1357, 1093, 1091, 1357, 1091, 1362, 1362, 1091, 1089, 1362, 1089, 1363, 1363, 1089, 1087, 1363, 1087, 1364, 1364, 1087, 1085, 1364, 1085, 1365, 1365, 1085, 1083, 1365, 1083, 1242, 1242, 1083, 1081, 1357, 1362, 1358, 1358, 1362, 1366, 1358, 1366, 1359, 1359, 1366, 1367, 1359, 1367, 1360, 1360, 1367, 1368, 1360, 1368, 1361, 1361, 1368, 1238, 1361, 1238, 1237, 1362, 1363, 1366, 1366, 1363, 1369, 1366, 1369, 1367, 1367, 1369, 1370, 1367, 1370, 1368, 1368, 1370, 1239, 1368, 1239, 1238, 1363, 1364, 1369, 1369, 1364, 1371, 1369, 1371, 1370, 1370, 1371, 1240, 1370, 1240, 1239, 1364, 1365, 1371, 1371, 1365, 1241, 1371, 1241, 1240, 1365, 1242, 1241, 1124, 1372, 1122, 1122, 1372, 1373, 1122, 1373, 1120, 1120, 1373, 1113, 1120, 1113, 1115, 1372, 1374, 1373, 1373, 1374, 1375, 1373, 1375, 1113, 1113, 1375, 1111, 1075, 1073, 1124, 1124, 1073, 1372, 1374, 1067, 1375, 1375, 1067, 1110, 1375, 1110, 1111, 1111, 1110, 1109, 1073, 1071, 1372, 1372, 1071, 1374, 1067, 1065, 1110, 1071, 1069, 1374, 1374, 1069, 1067, 1103, 1105, 1063, 1101, 1103, 1061, 1061, 1103, 1063, 1057, 1101, 1058, 1058, 1101, 1061, 1200, 1121, 1119, 1126, 1128, 1119, 1119, 1128, 1200, 1128, 1130, 1200, 1134, 1136, 1132, 1138, 1140, 1136, 1144, 1146, 1142, 1182, 1151, 1149, 1096, 1098, 1376, 1376, 1098, 1256, 1376, 1256, 1377, 1377, 1256, 1258, 1377, 1258, 1378, 1378, 1258, 1260, 1378, 1260, 1379, 1379, 1260, 1262, 1379, 1262, 1264, 1326, 1092, 1094, 1094, 1096, 1380, 1380, 1096, 1376, 1380, 1376, 1381, 1381, 1376, 1377, 1381, 1377, 1382, 1382, 1377, 1378, 1382, 1378, 1383, 1383, 1378, 1379, 1383, 1379, 1384, 1384, 1379, 1264, 1384, 1264, 1266, 1088, 1090, 1385, 1385, 1090, 1327, 1385, 1327, 1386, 1386, 1327, 1325, 1386, 1325, 1387, 1387, 1325, 1323, 1387, 1323, 1334, 1334, 1323, 1321, 1341, 1084, 1086, 1086, 1088, 1388, 1388, 1088, 1385, 1388, 1385, 1389, 1389, 1385, 1386, 1389, 1386, 1335, 1335, 1386, 1387, 1335, 1387, 1333, 1333, 1387, 1334, 1324, 1326, 1380, 1380, 1326, 1094, 1324, 1380, 1381, 1339, 1341, 1388, 1388, 1341, 1086, 1339, 1388, 1389, 1322, 1324, 1381, 1322, 1381, 1382, 1337, 1339, 1389, 1337, 1389, 1335, 1320, 1322, 1382, 1320, 1382, 1383, 1320, 1383, 1318, 1318, 1383, 1384, 1318, 1384, 1316, 1316, 1384, 1266, 1316, 1266, 1268, 1312, 1275, 1277, 1279, 1312, 1277, 258, 1390, 1391, 1391, 1390, 1392, 1392, 1390, 1393, 1392, 1393, 1394, 1394, 1393, 1395, 1394, 1395, 1396, 1396, 1395, 1397, 1396, 1397, 1398, 1398, 1397, 1399, 1398, 1399, 1400, 1400, 1399, 1401, 1400, 1401, 1402, 1402, 1401, 1403, 1402, 1403, 1404, 1404, 1403, 1405, 1404, 1405, 1406, 1406, 1405, 1407, 1406, 1407, 1408, 1408, 1407, 1409, 1408, 1409, 1410, 1410, 1409, 1411, 1410, 1411, 1412, 1412, 1411, 1413, 1412, 1413, 1414, 1414, 1413, 1415, 1414, 1415, 1416, 1416, 1415, 1417, 1416, 1417, 1418, 1418, 1417, 1419, 1418, 1419, 1420, 1420, 1419, 1421, 1420, 1421, 1422, 1422, 1421, 1423, 1422, 1423, 1424, 1424, 1423, 1425, 1424, 1425, 1426, 1426, 1425, 1427, 1426, 1427, 1428, 1428, 1427, 1429, 1428, 1429, 1430, 1430, 1429, 1431, 1430, 1431, 1432, 1432, 1431, 1433, 1432, 1433, 1434, 1434, 1433, 1435, 1434, 1435, 1436, 1436, 1435, 1437, 1436, 1437, 1438, 1438, 1437, 1439, 1438, 1439, 1440, 1440, 1439, 1441, 1440, 1441, 1442, 1442, 1441, 1443, 1442, 1443, 1444, 1444, 1443, 1445, 1444, 1445, 1446, 1446, 1445, 1447, 1446, 1447, 1448, 1448, 1447, 1449, 1448, 1449, 1450, 1450, 1449, 1451, 1451, 1449, 1452, 1451, 1452, 1453, 1453, 1452, 1454, 1453, 1454, 1455, 1455, 1454, 1456, 1455, 1456, 1457, 1457, 1456, 1458, 1457, 1458, 1459, 1459, 1458, 1460, 1459, 1460, 1461, 1461, 1460, 1462, 1461, 1462, 1463, 1463, 1462, 1464, 1463, 1464, 1465, 1465, 1464, 1466, 1465, 1466, 1467, 1467, 1466, 1468, 1467, 1468, 1469, 1469, 1468, 1470, 1469, 1470, 1471, 1471, 1470, 1472, 1471, 1472, 1473, 1473, 1472, 1474, 1473, 1474, 1475, 1475, 1474, 1476, 1475, 1476, 1477, 1477, 1476, 1478, 1477, 1478, 1479, 1479, 1478, 1480, 1479, 1480, 1481, 1411, 1482, 1413, 1413, 1482, 1483, 1413, 1483, 1415, 1415, 1483, 1484, 1415, 1484, 1417, 1417, 1484, 1485, 1417, 1485, 1419, 1419, 1485, 1486, 1419, 1486, 1423, 1423, 1486, 1487, 1423, 1487, 1425, 1425, 1487, 1488, 1425, 1488, 1429, 1429, 1488, 1489, 1429, 1489, 1433, 1433, 1489, 1490, 1433, 1490, 1435, 1435, 1490, 1491, 1435, 1491, 1492, 1492, 1491, 1493, 1492, 1493, 1494, 1494, 1493, 1495, 1494, 1495, 1496, 1496, 1495, 1497, 1496, 1497, 1498, 1498, 1497, 1454, 1498, 1454, 1452, 1482, 1499, 1483, 1483, 1499, 1500, 1483, 1500, 1484, 1484, 1500, 1501, 1484, 1501, 1485, 1485, 1501, 1502, 1485, 1502, 1486, 1486, 1502, 1503, 1486, 1503, 1487, 1487, 1503, 1504, 1487, 1504, 1488, 1488, 1504, 1505, 1488, 1505, 1489, 1489, 1505, 1506, 1489, 1506, 1490, 1490, 1506, 1507, 1490, 1507, 1491, 1491, 1507, 1508, 1491, 1508, 1493, 1493, 1508, 1509, 1493, 1509, 1495, 1495, 1509, 1510, 1495, 1510, 1497, 1497, 1510, 1456, 1497, 1456, 1454, 1499, 1511, 1500, 1500, 1511, 1512, 1500, 1512, 1501, 1501, 1512, 1513, 1501, 1513, 1502, 1502, 1513, 1514, 1502, 1514, 1503, 1503, 1514, 1515, 1503, 1515, 1504, 1504, 1515, 1516, 1504, 1516, 1505, 1505, 1516, 1517, 1505, 1517, 1506, 1506, 1517, 1518, 1506, 1518, 1507, 1507, 1518, 1519, 1507, 1519, 1508, 1508, 1519, 1520, 1508, 1520, 1509, 1509, 1520, 1521, 1509, 1521, 1510, 1510, 1521, 1458, 1510, 1458, 1456, 1511, 1522, 1512, 1512, 1522, 1523, 1512, 1523, 1513, 1513, 1523, 1524, 1513, 1524, 1514, 1514, 1524, 1525, 1514, 1525, 1515, 1515, 1525, 1526, 1515, 1526, 1516, 1516, 1526, 1527, 1516, 1527, 1517, 1517, 1527, 1528, 1517, 1528, 1518, 1518, 1528, 1529, 1518, 1529, 1519, 1519, 1529, 1530, 1519, 1530, 1520, 1520, 1530, 1531, 1520, 1531, 1521, 1521, 1531, 1460, 1521, 1460, 1458, 1522, 1532, 1523, 1523, 1532, 1533, 1523, 1533, 1524, 1524, 1533, 1534, 1524, 1534, 1525, 1525, 1534, 1535, 1525, 1535, 1526, 1526, 1535, 1536, 1526, 1536, 1527, 1527, 1536, 1537, 1527, 1537, 1528, 1528, 1537, 1538, 1528, 1538, 1529, 1529, 1538, 1539, 1529, 1539, 1530, 1530, 1539, 1540, 1530, 1540, 1531, 1531, 1540, 1462, 1531, 1462, 1460, 1533, 1532, 1541, 1541, 1532, 1542, 1541, 1542, 1543, 1543, 1542, 1544, 1543, 1544, 1545, 1545, 1544, 1546, 1545, 1546, 1547, 1547, 1546, 1548, 1547, 1548, 1549, 1549, 1548, 1550, 1549, 1550, 1551, 1551, 1550, 1552, 1551, 1552, 1553, 1553, 1552, 1478, 1553, 1478, 1476, 1552, 1480, 1478, 1479, 1481, 1554, 1554, 1481, 1555, 1554, 1555, 1556, 1556, 1555, 1557, 1556, 1557, 1558, 1558, 1557, 1559, 1558, 1559, 1560, 1560, 1559, 1561, 1560, 1561, 1562, 1562, 1561, 1563, 1562, 1563, 1564, 1564, 1563, 1565, 1564, 1565, 1566, 1566, 1565, 1567, 1566, 1567, 1568, 1568, 1567, 1569, 1569, 1567, 1570, 1569, 1570, 1571, 1571, 1570, 1572, 1571, 1572, 1573, 1573, 1572, 1574, 1573, 1574, 1575, 1575, 1574, 1576, 1575, 1576, 1577, 1577, 1576, 1578, 1577, 1578, 1579, 1579, 1578, 1580, 1579, 1580, 1581, 1581, 1580, 1582, 1581, 1582, 1583, 1583, 1582, 1584, 1583, 1584, 1585, 1585, 1584, 1586, 1585, 1586, 1587, 1587, 1586, 1588, 1587, 1588, 1589, 1589, 1588, 1590, 1589, 1590, 1591, 1591, 1590, 1592, 1591, 1592, 1593, 1593, 1592, 1594, 1593, 1594, 1595, 1595, 1594, 1596, 1595, 1596, 1597, 1597, 1596, 1598, 1559, 1599, 1561, 1561, 1599, 1600, 1561, 1600, 1563, 1563, 1600, 1601, 1563, 1601, 1565, 1565, 1601, 1567, 1599, 1602, 1600, 1600, 1602, 1603, 1600, 1603, 1601, 1601, 1603, 1604, 1601, 1604, 1567, 1567, 1604, 1570, 1602, 1605, 1603, 1603, 1605, 1606, 1603, 1606, 1604, 1604, 1606, 1572, 1604, 1572, 1570, 1605, 1607, 1606, 1606, 1607, 1574, 1606, 1574, 1572, 1607, 1576, 1574, 1585, 1608, 1583, 1583, 1608, 1581, 1608, 1609, 1581, 1581, 1609, 1579, 1609, 1610, 1579, 1579, 1610, 1577, 1577, 1610, 1611, 1611, 1610, 1612, 1611, 1612, 1573, 1573, 1612, 1571, 1568, 1613, 1566, 1566, 1613, 1614, 1566, 1614, 1615, 1615, 1614, 1616, 1615, 1616, 1617, 1617, 1616, 1618, 1617, 1618, 1619, 1619, 1618, 1620, 1619, 1620, 1621, 1621, 1620, 1622, 1621, 1622, 1623, 1623, 1622, 1624, 1623, 1624, 1625, 1625, 1624, 1626, 1625, 1626, 1473, 1473, 1626, 1471, 1614, 1627, 1616, 1616, 1627, 1618, 1618, 1627, 1628, 1628, 1627, 1629, 1628, 1629, 1630, 1631, 1632, 1630, 1630, 1632, 1633, 1630, 1633, 1628, 1628, 1633, 1620, 1628, 1620, 1618, 1632, 1631, 1634, 1634, 1631, 1635, 1634, 1635, 1636, 1636, 1635, 1637, 1636, 1637, 1638, 1638, 1637, 1639, 1638, 1639, 1640, 1640, 1639, 1641, 1640, 1641, 1465, 1465, 1641, 1463, 1637, 1642, 1639, 1639, 1642, 1643, 1639, 1643, 1641, 1641, 1643, 1644, 1641, 1644, 1463, 1463, 1644, 1461, 1643, 1645, 1644, 1644, 1645, 1646, 1644, 1646, 1461, 1461, 1646, 1459, 1645, 1647, 1646, 1646, 1647, 1459, 1459, 1647, 1457, 1457, 1647, 1648, 1457, 1648, 1649, 1457, 1649, 1455, 1455, 1649, 1453, 1450, 1650, 1448, 1448, 1650, 1651, 1448, 1651, 1652, 1652, 1651, 1653, 1652, 1653, 1654, 1654, 1653, 1655, 1655, 1653, 1656, 1656, 1653, 1657, 1656, 1657, 1658, 1658, 1657, 1659, 1658, 1659, 1660, 1660, 1659, 1661, 1660, 1661, 1662, 1662, 1661, 1663, 1662, 1663, 1664, 1664, 1663, 1665, 1665, 1663, 1666, 1665, 1666, 1667, 1667, 1666, 1668, 1667, 1668, 1669, 1669, 1668, 1651, 1669, 1651, 1650, 1664, 1670, 1662, 1662, 1670, 1671, 1671, 1670, 1672, 1672, 1670, 1673, 1672, 1673, 1674, 1672, 1674, 1675, 1675, 1674, 1676, 1675, 1676, 1677, 1677, 1676, 1678, 1677, 1678, 1679, 1679, 1678, 1680, 1679, 1680, 1681, 1681, 1680, 472, 1652, 1654, 1682, 1682, 1654, 1683, 1682, 1683, 1684, 1684, 1683, 1685, 1684, 1685, 1444, 1444, 1685, 1686, 1444, 1686, 1442, 1442, 1686, 1687, 1442, 1687, 1688, 1685, 1687, 1686, 1688, 1440, 1442, 1436, 1689, 1434, 1434, 1689, 1432, 1426, 1690, 1424, 1424, 1690, 1422, 1420, 1691, 1418, 1418, 1691, 1692, 1418, 1692, 1416, 1416, 1692, 1693, 1416, 1693, 1694, 1694, 1693, 1695, 1694, 1695, 1414, 1414, 1695, 1696, 1414, 1696, 1412, 1412, 1696, 1410, 1695, 1697, 1696, 1696, 1697, 1698, 1696, 1698, 1410, 1410, 1698, 1699, 1410, 1699, 1408, 1408, 1699, 1700, 1408, 1700, 1406, 1406, 1700, 1701, 1406, 1701, 1404, 1404, 1701, 1402, 1697, 1699, 1698, 1416, 1694, 1414, 1423, 1421, 1419, 1429, 1427, 1425, 1543, 1702, 1541, 1541, 1702, 1534, 1541, 1534, 1533, 1534, 1702, 1535, 1535, 1702, 1703, 1535, 1703, 1536, 1536, 1703, 1704, 1536, 1704, 1537, 1537, 1704, 1705, 1537, 1705, 1538, 1538, 1705, 1706, 1538, 1706, 1539, 1539, 1706, 1707, 1539, 1707, 1540, 1540, 1707, 1464, 1540, 1464, 1462, 1702, 1543, 1708, 1708, 1543, 1545, 1708, 1545, 1709, 1709, 1545, 1547, 1709, 1547, 1710, 1710, 1547, 1549, 1710, 1549, 1711, 1711, 1549, 1551, 1711, 1551, 1712, 1712, 1551, 1553, 1712, 1553, 1476, 1431, 1429, 1433, 1702, 1708, 1703, 1703, 1708, 1713, 1703, 1713, 1704, 1704, 1713, 1714, 1704, 1714, 1705, 1705, 1714, 1715, 1705, 1715, 1706, 1706, 1715, 1716, 1706, 1716, 1707, 1707, 1716, 1466, 1707, 1466, 1464, 1713, 1708, 1709, 1441, 1439, 1437, 1441, 1437, 1492, 1492, 1437, 1435, 1713, 1709, 1717, 1717, 1709, 1710, 1717, 1710, 1718, 1718, 1710, 1711, 1718, 1711, 1719, 1719, 1711, 1712, 1719, 1712, 1474, 1474, 1712, 1476, 1443, 1441, 1494, 1494, 1441, 1492, 1713, 1717, 1714, 1714, 1717, 1720, 1714, 1720, 1715, 1715, 1720, 1721, 1715, 1721, 1716, 1716, 1721, 1468, 1716, 1468, 1466, 1720, 1717, 1718, 1445, 1443, 1496, 1496, 1443, 1494, 1652, 1682, 1684, 1652, 1684, 1446, 1446, 1684, 1444, 1720, 1718, 1722, 1722, 1718, 1719, 1722, 1719, 1472, 1472, 1719, 1474, 1447, 1445, 1498, 1498, 1445, 1496, 1448, 1652, 1446, 1651, 1668, 1653, 1653, 1668, 1657, 1663, 1661, 1659, 1668, 1666, 1657, 1657, 1666, 1659, 1666, 1663, 1659, 1472, 1470, 1722, 1722, 1470, 1721, 1722, 1721, 1720, 1470, 1468, 1721, 1447, 1498, 1452, 1452, 1449, 1447, 1477, 1479, 1723, 1723, 1479, 1554, 1723, 1554, 1724, 1724, 1554, 1556, 1724, 1556, 1725, 1725, 1556, 1558, 1725, 1558, 1726, 1726, 1558, 1560, 1726, 1560, 1562, 1625, 1473, 1475, 1475, 1477, 1727, 1727, 1477, 1723, 1727, 1723, 1728, 1728, 1723, 1724, 1728, 1724, 1729, 1729, 1724, 1725, 1729, 1725, 1730, 1730, 1725, 1726, 1730, 1726, 1731, 1731, 1726, 1562, 1731, 1562, 1564, 1469, 1471, 1732, 1732, 1471, 1626, 1732, 1626, 1733, 1733, 1626, 1624, 1733, 1624, 1734, 1734, 1624, 1622, 1734, 1622, 1633, 1633, 1622, 1620, 1640, 1465, 1467, 1467, 1469, 1735, 1735, 1469, 1732, 1735, 1732, 1736, 1736, 1732, 1733, 1736, 1733, 1634, 1634, 1733, 1734, 1634, 1734, 1632, 1632, 1734, 1633, 1623, 1625, 1727, 1727, 1625, 1475, 1623, 1727, 1728, 1638, 1640, 1735, 1735, 1640, 1467, 1638, 1735, 1736, 1621, 1623, 1728, 1621, 1728, 1729, 1636, 1638, 1736, 1636, 1736, 1634, 1619, 1621, 1729, 1619, 1729, 1730, 1619, 1730, 1617, 1617, 1730, 1731, 1617, 1731, 1615, 1615, 1731, 1564, 1615, 1564, 1566, 1611, 1573, 1575, 1577, 1611, 1575, 579, 1737, 1738, 1738, 1737, 1739, 1738, 1739, 1740, 1740, 1739, 1741, 1740, 1741, 1742, 1742, 1741, 1743, 1742, 1743, 1744, 1744, 1743, 1745, 1744, 1745, 1746, 1746, 1745, 1747, 1746, 1747, 1748, 1748, 1747, 1749, 1748, 1749, 1750, 1750, 1749, 1751, 1750, 1751, 1752, 1752, 1751, 1753, 1752, 1753, 1754, 1754, 1753, 1755, 1754, 1755, 1756, 1756, 1755, 1757, 1756, 1757, 1758, 1758, 1757, 1759, 1758, 1759, 1760, 1760, 1759, 1761, 1760, 1761, 1762, 1762, 1761, 1763, 1762, 1763, 1764, 1764, 1763, 1765, 1764, 1765, 1766, 1766, 1765, 1767, 1766, 1767, 1768, 1768, 1767, 1769, 1768, 1769, 1770, 1749, 1771, 1751, 1751, 1771, 1753, 1771, 1772, 1753, 1753, 1772, 1755, 1772, 1773, 1755, 1755, 1773, 1757, 1757, 1773, 1774, 1774, 1773, 1775, 1774, 1775, 1761, 1761, 1775, 1763, 1776, 1777, 1770, 1770, 1777, 1778, 1770, 1778, 1768, 1768, 1778, 1779, 1768, 1779, 1780, 1780, 1779, 1781, 1780, 1781, 1782, 1782, 1781, 1783, 1782, 1783, 1784, 1784, 1783, 1785, 1784, 1785, 1786, 1787, 1788, 1776, 1776, 1788, 1789, 1776, 1789, 1777, 1777, 1789, 1790, 1777, 1790, 1778, 1778, 1790, 1791, 1778, 1791, 1779, 1779, 1791, 1792, 1779, 1792, 1781, 1781, 1792, 1793, 1781, 1793, 1783, 1783, 1793, 1794, 1783, 1794, 1785, 1787, 1795, 1788, 1788, 1795, 1796, 1788, 1796, 1797, 1797, 1796, 1798, 1797, 1798, 1799, 1799, 1798, 1800, 1799, 1800, 1801, 1801, 1800, 1802, 1801, 1802, 1803, 1803, 1802, 1804, 1803, 1804, 1805, 1805, 1804, 1806, 1805, 1806, 1807, 1807, 1806, 1808, 1808, 1806, 1809, 1808, 1809, 1810, 1810, 1809, 1811, 1810, 1811, 1812, 1812, 1811, 1813, 1812, 1813, 1814, 1814, 1813, 1815, 1814, 1815, 1816, 1816, 1815, 1817, 1816, 1817, 1818, 1818, 1817, 1819, 1818, 1819, 1820, 1820, 1819, 1821, 1820, 1821, 1822, 1822, 1821, 1823, 1822, 1823, 1824, 1824, 1823, 1825, 1824, 1825, 1826, 1826, 1825, 1827, 1826, 1827, 1828, 1828, 1827, 1829, 1828, 1829, 1830, 1830, 1829, 1831, 1830, 1831, 1832, 1832, 1831, 1833, 1832, 1833, 1834, 1834, 1833, 1835, 1834, 1835, 1836, 1836, 1835, 1837, 1836, 1837, 1838, 1838, 1837, 1839, 1838, 1839, 1840, 1840, 1839, 1841, 1840, 1841, 1842, 1842, 1841, 1843, 1842, 1843, 1844, 1844, 1843, 1845, 1844, 1845, 1846, 1846, 1845, 1847, 1846, 1847, 1848, 1848, 1847, 1849, 1848, 1849, 1850, 1850, 1849, 1851, 1850, 1851, 1852, 1852, 1851, 1853, 1852, 1853, 1854, 1854, 1853, 1855, 1854, 1855, 1856, 1856, 1855, 1857, 1856, 1857, 1858, 1858, 1857, 1859, 1858, 1859, 1860, 1860, 1859, 1861, 1796, 1795, 1862, 1862, 1795, 1863, 1862, 1863, 1864, 1864, 1863, 1865, 1864, 1865, 1866, 1866, 1865, 1867, 1866, 1867, 1868, 1868, 1867, 1869, 1868, 1869, 1870, 1870, 1869, 1871, 1870, 1871, 1872, 1872, 1871, 1873, 1872, 1873, 1874, 1874, 1873, 1875, 1874, 1875, 1823, 1823, 1875, 1825, 1867, 1876, 1869, 1869, 1876, 1877, 1869, 1877, 1871, 1871, 1877, 1878, 1871, 1878, 1873, 1873, 1878, 1879, 1873, 1879, 1875, 1875, 1879, 1880, 1875, 1880, 1825, 1825, 1880, 1827, 1877, 1881, 1878, 1878, 1881, 1882, 1878, 1882, 1879, 1879, 1882, 1883, 1879, 1883, 1880, 1880, 1883, 1884, 1880, 1884, 1827, 1827, 1884, 1829, 1881, 1885, 1882, 1882, 1885, 1883, 1883, 1885, 1886, 1886, 1885, 1887, 1886, 1887, 1888, 1886, 1888, 1889, 1889, 1888, 1890, 1889, 1890, 1891, 1891, 1890, 1892, 1891, 1892, 1833, 1833, 1892, 1835, 1890, 1893, 1892, 1892, 1893, 1894, 1892, 1894, 1835, 1835, 1894, 1837, 1893, 1895, 1894, 1894, 1895, 1837, 1895, 1896, 1837, 1837, 1896, 1839, 1896, 1897, 1839, 1839, 1897, 1841, 1897, 1898, 1841, 1841, 1898, 1843, 1898, 1899, 1843, 1843, 1899, 1845, 1899, 1847, 1845, 1848, 1900, 1846, 1846, 1900, 1844, 1900, 1901, 1844, 1844, 1901, 1842, 1901, 1902, 1842, 1842, 1902, 1840, 1902, 1903, 1840, 1840, 1903, 1904, 1840, 1904, 1838, 1838, 1904, 1905, 1838, 1905, 1906, 1906, 1905, 1907, 1906, 1907, 1908, 1904, 1907, 1905, 1909, 1910, 1908, 1908, 1910, 1911, 1908, 1911, 1906, 1906, 1911, 1836, 1906, 1836, 1838, 1909, 1912, 1910, 1910, 1912, 1913, 1910, 1913, 1911, 1911, 1913, 1914, 1911, 1914, 1834, 1834, 1914, 1832, 1912, 1915, 1913, 1913, 1915, 1916, 1913, 1916, 1914, 1914, 1916, 1917, 1914, 1917, 1832, 1832, 1917, 1830, 1916, 1915, 1918, 1918, 1915, 1919, 1918, 1919, 1920, 1920, 1919, 1921, 1920, 1921, 1922, 1922, 1921, 1923, 1922, 1923, 1924, 1924, 1923, 1925, 1924, 1925, 1926, 1926, 1925, 1927, 1926, 1927, 1928, 1928, 1927, 1929, 1928, 1929, 1930, 1930, 1929, 1931, 1930, 1931, 1932, 1932, 1931, 1933, 1932, 1933, 1934, 1934, 1933, 1935, 1934, 1935, 1936, 1936, 1935, 1937, 1936, 1937, 1938, 1938, 1937, 1939, 1938, 1939, 1940, 1940, 1939, 1941, 1940, 1941, 1942, 1942, 1941, 1943, 1942, 1943, 1944, 1944, 1943, 1945, 1944, 1945, 1946, 1946, 1945, 1947, 1946, 1947, 1948, 1948, 1947, 1949, 1948, 1949, 1950, 1950, 1949, 1951, 1950, 1951, 1952, 1952, 1951, 1953, 1952, 1953, 1954, 1954, 1953, 1955, 1954, 1955, 1956, 1956, 1955, 1957, 1956, 1957, 1958, 1958, 1957, 1959, 1958, 1959, 1960, 1960, 1959, 1961, 1960, 1961, 1962, 1962, 1961, 1963, 1962, 1963, 1964, 1964, 1963, 1965, 1964, 1965, 1966, 1921, 1967, 1923, 1923, 1967, 1925, 1931, 1968, 1933, 1933, 1968, 1935, 1937, 1969, 1939, 1939, 1969, 1970, 1939, 1970, 1941, 1941, 1970, 1971, 1941, 1971, 1972, 1972, 1971, 1973, 1972, 1973, 1943, 1943, 1973, 1974, 1943, 1974, 1945, 1945, 1974, 1947, 1973, 1975, 1974, 1974, 1975, 1976, 1974, 1976, 1947, 1947, 1976, 1977, 1947, 1977, 1949, 1949, 1977, 1978, 1949, 1978, 1951, 1951, 1978, 1979, 1951, 1979, 1953, 1953, 1979, 1955, 1975, 1977, 1976, 1946, 1980, 1944, 1944, 1980, 1981, 1944, 1981, 1942, 1942, 1981, 1982, 1942, 1982, 1940, 1940, 1982, 1983, 1940, 1983, 1938, 1938, 1983, 1984, 1938, 1984, 1934, 1934, 1984, 1985, 1934, 1985, 1932, 1932, 1985, 1986, 1932, 1986, 1928, 1928, 1986, 1987, 1928, 1987, 1924, 1924, 1987, 1988, 1924, 1988, 1922, 1922, 1988, 1989, 1922, 1989, 1990, 1990, 1989, 1991, 1990, 1991, 1917, 1917, 1991, 1830, 1980, 1992, 1981, 1981, 1992, 1993, 1981, 1993, 1982, 1982, 1993, 1994, 1982, 1994, 1983, 1983, 1994, 1995, 1983, 1995, 1984, 1984, 1995, 1996, 1984, 1996, 1985, 1985, 1996, 1997, 1985, 1997, 1986, 1986, 1997, 1998, 1986, 1998, 1987, 1987, 1998, 1999, 1987, 1999, 1988, 1988, 1999, 2000, 1988, 2000, 1989, 1989, 2000, 2001, 1989, 2001, 1991, 1991, 2001, 1828, 1991, 1828, 1830, 1992, 2002, 1993, 1993, 2002, 2003, 1993, 2003, 1994, 1994, 2003, 2004, 1994, 2004, 1995, 1995, 2004, 2005, 1995, 2005, 1996, 1996, 2005, 2006, 1996, 2006, 1997, 1997, 2006, 2007, 1997, 2007, 1998, 1998, 2007, 2008, 1998, 2008, 1999, 1999, 2008, 2009, 1999, 2009, 2000, 2000, 2009, 2010, 2000, 2010, 2001, 2001, 2010, 1826, 2001, 1826, 1828, 2002, 2011, 2003, 2003, 2011, 2012, 2003, 2012, 2004, 2004, 2012, 2013, 2004, 2013, 2005, 2005, 2013, 2014, 2005, 2014, 2006, 2006, 2014, 2015, 2006, 2015, 2007, 2007, 2015, 2016, 2007, 2016, 2008, 2008, 2016, 2017, 2008, 2017, 2009, 2009, 2017, 2018, 2009, 2018, 2010, 2010, 2018, 1824, 2010, 1824, 1826, 2011, 2019, 2012, 2012, 2019, 2020, 2012, 2020, 2013, 2013, 2020, 2021, 2013, 2021, 2014, 2014, 2021, 2022, 2014, 2022, 2015, 2015, 2022, 2023, 2015, 2023, 2016, 2016, 2023, 2024, 2016, 2024, 2017, 2017, 2024, 2025, 2017, 2025, 2018, 2018, 2025, 1822, 2018, 1822, 1824, 2020, 2019, 2026, 2026, 2019, 2027, 2026, 2027, 2028, 2028, 2027, 2029, 2028, 2029, 2030, 2030, 2029, 2031, 2030, 2031, 2032, 2032, 2031, 2033, 2032, 2033, 2034, 2034, 2033, 2035, 2034, 2035, 1810, 1810, 2035, 1808, 1807, 2036, 1805, 1805, 2036, 2037, 1805, 2037, 1803, 1803, 2037, 2038, 1803, 2038, 1801, 1801, 2038, 2039, 1801, 2039, 1799, 1799, 2039, 2040, 1799, 2040, 1797, 1797, 2040, 1789, 1797, 1789, 1788, 2036, 2041, 2037, 2037, 2041, 2042, 2037, 2042, 2038, 2038, 2042, 2043, 2038, 2043, 2039, 2039, 2043, 2044, 2039, 2044, 2040, 2040, 2044, 1790, 2040, 1790, 1789, 2041, 2045, 2042, 2042, 2045, 2046, 2042, 2046, 2043, 2043, 2046, 2047, 2043, 2047, 2044, 2044, 2047, 1791, 2044, 1791, 1790, 2045, 2048, 2046, 2046, 2048, 2049, 2046, 2049, 2047, 2047, 2049, 1792, 2047, 1792, 1791, 2049, 2048, 1793, 1793, 2048, 1794, 1784, 1786, 2050, 2050, 1786, 2051, 2050, 2051, 1760, 1760, 2051, 1758, 1759, 1757, 1774, 1761, 1759, 1774, 2050, 1760, 1762, 1762, 1764, 2052, 2052, 1764, 1766, 2052, 1766, 1782, 1782, 1766, 1780, 1784, 2050, 2052, 2052, 2050, 1762, 1784, 2052, 1782, 1768, 1780, 1766, 2049, 1793, 1792, 1796, 1862, 2053, 2053, 1862, 1864, 2053, 1864, 2054, 2054, 1864, 2055, 2054, 2055, 2056, 2056, 2055, 2057, 2056, 2057, 2058, 2058, 2057, 2059, 2058, 2059, 2060, 2060, 2059, 2061, 2060, 2061, 1819, 1819, 2061, 1821, 2055, 1864, 1866, 1796, 2053, 1798, 1798, 2053, 2062, 1798, 2062, 1800, 1800, 2062, 2063, 1800, 2063, 1802, 1802, 2063, 2064, 1802, 2064, 1804, 1804, 2064, 2065, 1804, 2065, 1806, 1806, 2065, 1809, 2062, 2053, 2054, 2057, 2055, 1868, 1868, 2055, 1866, 2057, 1868, 1870, 2062, 2054, 2066, 2066, 2054, 2056, 2066, 2056, 2067, 2067, 2056, 2058, 2067, 2058, 2068, 2068, 2058, 2060, 2068, 2060, 1817, 1817, 2060, 1819, 2059, 2057, 1870, 2059, 1870, 1872, 2062, 2066, 2063, 2063, 2066, 2069, 2063, 2069, 2064, 2064, 2069, 2070, 2064, 2070, 2065, 2065, 2070, 1811, 2065, 1811, 1809, 2069, 2066, 2067, 1884, 1883, 1886, 1886, 1889, 2071, 2071, 1889, 1891, 2071, 1891, 1831, 1831, 1891, 1833, 2061, 2059, 1872, 2061, 1872, 1874, 2069, 2067, 2072, 2072, 2067, 2068, 2072, 2068, 1815, 1815, 2068, 1817, 1829, 1884, 2071, 2071, 1884, 1886, 1829, 2071, 1831, 1821, 2061, 1874, 1821, 1874, 1823, 2069, 2072, 2070, 2070, 2072, 1813, 2070, 1813, 1811, 1813, 2072, 1815, 1911, 1834, 1836, 1822, 2025, 1820, 1820, 2025, 2073, 1820, 2073, 1818, 1818, 2073, 2074, 1818, 2074, 1816, 1816, 2074, 2075, 1816, 2075, 1814, 1814, 2075, 2076, 1814, 2076, 1812, 1812, 2076, 2034, 1812, 2034, 1810, 1990, 1917, 1916, 2025, 2024, 2073, 2073, 2024, 2077, 2073, 2077, 2074, 2074, 2077, 2078, 2074, 2078, 2075, 2075, 2078, 2079, 2075, 2079, 2076, 2076, 2079, 2032, 2076, 2032, 2034, 1918, 1920, 1916, 1916, 1920, 1990, 1920, 1922, 1990, 2024, 2023, 2077, 2077, 2023, 2080, 2077, 2080, 2078, 2078, 2080, 2081, 2078, 2081, 2079, 2079, 2081, 2030, 2079, 2030, 2032, 2023, 2022, 2080, 2080, 2022, 2082, 2080, 2082, 2081, 2081, 2082, 2028, 2081, 2028, 2030, 1926, 1928, 1924, 2026, 2028, 2082, 2026, 2082, 2021, 2021, 2082, 2022, 1930, 1932, 1928, 2020, 2026, 2021, 1936, 1938, 1934, 1972, 1943, 1941, 1176, 2083, 2084, 2084, 2083, 2085, 2084, 2085, 2086, 2086, 2085, 2087, 2086, 2087, 2088, 2088, 2087, 2089, 2088, 2089, 2090, 2090, 2089, 2091, 2090, 2091, 2092, 2092, 2091, 2093, 2092, 2093, 2094, 2094, 2093, 2095, 2094, 2095, 2096, 2096, 2095, 2097, 2096, 2097, 2098, 2098, 2097, 2099, 2098, 2099, 2100, 2100, 2099, 2101, 2100, 2101, 2102, 2102, 2101, 2103, 2102, 2103, 2104, 2104, 2103, 2105, 2104, 2105, 2106, 2106, 2105, 2107, 2106, 2107, 2108, 2108, 2107, 2109, 2108, 2109, 2110, 2110, 2109, 2111, 2110, 2111, 2112, 2112, 2111, 2113, 2112, 2113, 2114, 2114, 2113, 2115, 2114, 2115, 2116, 2095, 2117, 2097, 2097, 2117, 2099, 2117, 2118, 2099, 2099, 2118, 2101, 2118, 2119, 2101, 2101, 2119, 2103, 2103, 2119, 2120, 2120, 2119, 2121, 2120, 2121, 2107, 2107, 2121, 2109, 2122, 2123, 2116, 2116, 2123, 2124, 2116, 2124, 2114, 2114, 2124, 2125, 2114, 2125, 2126, 2126, 2125, 2127, 2126, 2127, 2128, 2128, 2127, 2129, 2128, 2129, 2130, 2130, 2129, 2131, 2130, 2131, 2132, 2133, 2134, 2122, 2122, 2134, 2135, 2122, 2135, 2123, 2123, 2135, 2136, 2123, 2136, 2124, 2124, 2136, 2137, 2124, 2137, 2125, 2125, 2137, 2138, 2125, 2138, 2127, 2127, 2138, 2139, 2127, 2139, 2129, 2129, 2139, 2140, 2129, 2140, 2131, 2133, 2141, 2134, 2134, 2141, 2142, 2134, 2142, 2143, 2143, 2142, 2144, 2143, 2144, 2145, 2145, 2144, 2146, 2145, 2146, 2147, 2147, 2146, 2148, 2147, 2148, 2149, 2149, 2148, 2150, 2149, 2150, 2151, 2151, 2150, 2152, 2151, 2152, 2153, 2153, 2152, 2154, 2154, 2152, 2155, 2154, 2155, 2156, 2156, 2155, 2157, 2156, 2157, 2158, 2158, 2157, 2159, 2158, 2159, 2160, 2160, 2159, 2161, 2160, 2161, 2162, 2162, 2161, 2163, 2162, 2163, 2164, 2164, 2163, 2165, 2164, 2165, 2166, 2166, 2165, 2167, 2166, 2167, 2168, 2168, 2167, 2169, 2168, 2169, 2170, 2170, 2169, 2171, 2170, 2171, 2172, 2172, 2171, 2173, 2172, 2173, 2174, 2174, 2173, 2175, 2174, 2175, 2176, 2176, 2175, 2177, 2176, 2177, 2178, 2178, 2177, 2179, 2178, 2179, 2180, 2180, 2179, 2181, 2180, 2181, 2182, 2182, 2181, 2183, 2182, 2183, 2184, 2184, 2183, 2185, 2184, 2185, 2186, 2186, 2185, 2187, 2186, 2187, 2188, 2188, 2187, 2189, 2188, 2189, 2190, 2190, 2189, 2191, 2190, 2191, 2192, 2192, 2191, 2193, 2192, 2193, 2194, 2142, 2141, 2195, 2195, 2141, 2196, 2195, 2196, 2197, 2197, 2196, 2198, 2197, 2198, 2199, 2199, 2198, 2200, 2199, 2200, 2201, 2201, 2200, 2202, 2201, 2202, 2203, 2203, 2202, 2204, 2203, 2204, 2205, 2205, 2204, 2206, 2205, 2206, 2207, 2207, 2206, 2208, 2207, 2208, 2169, 2169, 2208, 2171, 2200, 2209, 2202, 2202, 2209, 2210, 2202, 2210, 2204, 2204, 2210, 2211, 2204, 2211, 2206, 2206, 2211, 2212, 2206, 2212, 2208, 2208, 2212, 2213, 2208, 2213, 2171, 2171, 2213, 2173, 2210, 2214, 2211, 2211, 2214, 2215, 2211, 2215, 2212, 2212, 2215, 2216, 2212, 2216, 2213, 2213, 2216, 2217, 2213, 2217, 2173, 2173, 2217, 2175, 2214, 2218, 2215, 2215, 2218, 2216, 2216, 2218, 2219, 2219, 2218, 2220, 2219, 2220, 2221, 2219, 2221, 2222, 2222, 2221, 2223, 2222, 2223, 2224, 2224, 2223, 2225, 2224, 2225, 2179, 2179, 2225, 2181, 2223, 2226, 2225, 2225, 2226, 2227, 2225, 2227, 2181, 2181, 2227, 2183, 2226, 2228, 2227, 2227, 2228, 2183, 2228, 2229, 2183, 2183, 2229, 2185, 2229, 2230, 2185, 2185, 2230, 2187, 2230, 2231, 2187, 2187, 2231, 2189, 2231, 2232, 2189, 2189, 2232, 2191, 2232, 2233, 2191, 2191, 2233, 2193, 2233, 2234, 2193, 2193, 2234, 2235, 2235, 2234, 2236, 2236, 2234, 2237, 2236, 2237, 2238, 2236, 2238, 2239, 2239, 2238, 2240, 2239, 2240, 2241, 2241, 2240, 2242, 2241, 2242, 2243, 2243, 2242, 2244, 2243, 2244, 2245, 2245, 2244, 1861, 2192, 2194, 2190, 2190, 2194, 2246, 2190, 2246, 2188, 2188, 2246, 2247, 2188, 2247, 2186, 2186, 2247, 2248, 2186, 2248, 2249, 2250, 2251, 2249, 2249, 2251, 2184, 2249, 2184, 2186, 2251, 2250, 2252, 2252, 2250, 2253, 2252, 2253, 2254, 2254, 2253, 2255, 2254, 2255, 2256, 2256, 2255, 2257, 2256, 2257, 2258, 2253, 2257, 2255, 2258, 2259, 2256, 2256, 2259, 2260, 2256, 2260, 2261, 2261, 2260, 2262, 2261, 2262, 2178, 2178, 2262, 2176, 2260, 2259, 2263, 2263, 2259, 2264, 2263, 2264, 2265, 2265, 2264, 2266, 2265, 2266, 2267, 2267, 2266, 2268, 2267, 2268, 2269, 2269, 2268, 2270, 2269, 2270, 2271, 2271, 2270, 2272, 2271, 2272, 2273, 2273, 2272, 2274, 2273, 2274, 2275, 2275, 2274, 2276, 2275, 2276, 2277, 2277, 2276, 2278, 2277, 2278, 2279, 2279, 2278, 2280, 2279, 2280, 2281, 2281, 2280, 2282, 2281, 2282, 2283, 2283, 2282, 2284, 2283, 2284, 2285, 2285, 2284, 2286, 2285, 2286, 2287, 2287, 2286, 2288, 2287, 2288, 2289, 2289, 2288, 2290, 2289, 2290, 2291, 2291, 2290, 2292, 2291, 2292, 2293, 2293, 2292, 2294, 2293, 2294, 2295, 2295, 2294, 2296, 2295, 2296, 2297, 2297, 2296, 2298, 2297, 2298, 2299, 2299, 2298, 2300, 2299, 2300, 2301, 2301, 2300, 2302, 2301, 2302, 2303, 2303, 2302, 2304, 2303, 2304, 2305, 2305, 2304, 2306, 2305, 2306, 2307, 2307, 2306, 2308, 2307, 2308, 2309, 2309, 2308, 2310, 2309, 2310, 2311, 2311, 2310, 2312, 2311, 2312, 1598, 2266, 2313, 2268, 2268, 2313, 2270, 2276, 2314, 2278, 2278, 2314, 2280, 2282, 2315, 2284, 2284, 2315, 2316, 2284, 2316, 2286, 2286, 2316, 2317, 2286, 2317, 2318, 2318, 2317, 2319, 2318, 2319, 2288, 2288, 2319, 2320, 2288, 2320, 2290, 2290, 2320, 2292, 2319, 2321, 2320, 2320, 2321, 2322, 2320, 2322, 2292, 2292, 2322, 2323, 2292, 2323, 2294, 2294, 2323, 2324, 2294, 2324, 2296, 2296, 2324, 2325, 2296, 2325, 2298, 2298, 2325, 2300, 2321, 2323, 2322, 2291, 2326, 2289, 2289, 2326, 2327, 2289, 2327, 2287, 2287, 2327, 2328, 2287, 2328, 2285, 2285, 2328, 2329, 2285, 2329, 2283, 2283, 2329, 2330, 2283, 2330, 2279, 2279, 2330, 2331, 2279, 2331, 2277, 2277, 2331, 2332, 2277, 2332, 2273, 2273, 2332, 2333, 2273, 2333, 2269, 2269, 2333, 2334, 2269, 2334, 2267, 2267, 2334, 2335, 2267, 2335, 2336, 2336, 2335, 2337, 2336, 2337, 2262, 2262, 2337, 2176, 2326, 2338, 2327, 2327, 2338, 2339, 2327, 2339, 2328, 2328, 2339, 2340, 2328, 2340, 2329, 2329, 2340, 2341, 2329, 2341, 2330, 2330, 2341, 2342, 2330, 2342, 2331, 2331, 2342, 2343, 2331, 2343, 2332, 2332, 2343, 2344, 2332, 2344, 2333, 2333, 2344, 2345, 2333, 2345, 2334, 2334, 2345, 2346, 2334, 2346, 2335, 2335, 2346, 2347, 2335, 2347, 2337, 2337, 2347, 2174, 2337, 2174, 2176, 2338, 2348, 2339, 2339, 2348, 2349, 2339, 2349, 2340, 2340, 2349, 2350, 2340, 2350, 2341, 2341, 2350, 2351, 2341, 2351, 2342, 2342, 2351, 2352, 2342, 2352, 2343, 2343, 2352, 2353, 2343, 2353, 2344, 2344, 2353, 2354, 2344, 2354, 2345, 2345, 2354, 2355, 2345, 2355, 2346, 2346, 2355, 2356, 2346, 2356, 2347, 2347, 2356, 2172, 2347, 2172, 2174, 2348, 2357, 2349, 2349, 2357, 2358, 2349, 2358, 2350, 2350, 2358, 2359, 2350, 2359, 2351, 2351, 2359, 2360, 2351, 2360, 2352, 2352, 2360, 2361, 2352, 2361, 2353, 2353, 2361, 2362, 2353, 2362, 2354, 2354, 2362, 2363, 2354, 2363, 2355, 2355, 2363, 2364, 2355, 2364, 2356, 2356, 2364, 2170, 2356, 2170, 2172, 2357, 2365, 2358, 2358, 2365, 2366, 2358, 2366, 2359, 2359, 2366, 2367, 2359, 2367, 2360, 2360, 2367, 2368, 2360, 2368, 2361, 2361, 2368, 2369, 2361, 2369, 2362, 2362, 2369, 2370, 2362, 2370, 2363, 2363, 2370, 2371, 2363, 2371, 2364, 2364, 2371, 2168, 2364, 2168, 2170, 2366, 2365, 2372, 2372, 2365, 2373, 2372, 2373, 2374, 2374, 2373, 2375, 2374, 2375, 2376, 2376, 2375, 2377, 2376, 2377, 2378, 2378, 2377, 2379, 2378, 2379, 2380, 2380, 2379, 2381, 2380, 2381, 2156, 2156, 2381, 2154, 2153, 2382, 2151, 2151, 2382, 2383, 2151, 2383, 2149, 2149, 2383, 2384, 2149, 2384, 2147, 2147, 2384, 2385, 2147, 2385, 2145, 2145, 2385, 2386, 2145, 2386, 2143, 2143, 2386, 2135, 2143, 2135, 2134, 2382, 2387, 2383, 2383, 2387, 2388, 2383, 2388, 2384, 2384, 2388, 2389, 2384, 2389, 2385, 2385, 2389, 2390, 2385, 2390, 2386, 2386, 2390, 2136, 2386, 2136, 2135, 2387, 2391, 2388, 2388, 2391, 2392, 2388, 2392, 2389, 2389, 2392, 2393, 2389, 2393, 2390, 2390, 2393, 2137, 2390, 2137, 2136, 2391, 2394, 2392, 2392, 2394, 2395, 2392, 2395, 2393, 2393, 2395, 2138, 2393, 2138, 2137, 2395, 2394, 2139, 2139, 2394, 2140, 2130, 2132, 2396, 2396, 2132, 2397, 2396, 2397, 2106, 2106, 2397, 2104, 2105, 2103, 2120, 2107, 2105, 2120, 2396, 2106, 2108, 2108, 2110, 2398, 2398, 2110, 2112, 2398, 2112, 2128, 2128, 2112, 2126, 2130, 2396, 2398, 2398, 2396, 2108, 2130, 2398, 2128, 2114, 2126, 2112, 2395, 2139, 2138, 2142, 2195, 2399, 2399, 2195, 2197, 2399, 2197, 2400, 2400, 2197, 2401, 2400, 2401, 2402, 2402, 2401, 2403, 2402, 2403, 2404, 2404, 2403, 2405, 2404, 2405, 2406, 2406, 2405, 2407, 2406, 2407, 2165, 2165, 2407, 2167, 2401, 2197, 2199, 2142, 2399, 2144, 2144, 2399, 2408, 2144, 2408, 2146, 2146, 2408, 2409, 2146, 2409, 2148, 2148, 2409, 2410, 2148, 2410, 2150, 2150, 2410, 2411, 2150, 2411, 2152, 2152, 2411, 2155, 2408, 2399, 2400, 2403, 2401, 2201, 2201, 2401, 2199, 2403, 2201, 2203, 2408, 2400, 2412, 2412, 2400, 2402, 2412, 2402, 2413, 2413, 2402, 2404, 2413, 2404, 2414, 2414, 2404, 2406, 2414, 2406, 2163, 2163, 2406, 2165, 2405, 2403, 2203, 2405, 2203, 2205, 2408, 2412, 2409, 2409, 2412, 2415, 2409, 2415, 2410, 2410, 2415, 2416, 2410, 2416, 2411, 2411, 2416, 2157, 2411, 2157, 2155, 2415, 2412, 2413, 2217, 2216, 2219, 2219, 2222, 2417, 2417, 2222, 2224, 2417, 2224, 2177, 2177, 2224, 2179, 2407, 2405, 2205, 2407, 2205, 2207, 2415, 2413, 2418, 2418, 2413, 2414, 2418, 2414, 2161, 2161, 2414, 2163, 2175, 2217, 2417, 2417, 2217, 2219, 2175, 2417, 2177, 2167, 2407, 2207, 2167, 2207, 2169, 2415, 2418, 2416, 2416, 2418, 2159, 2416, 2159, 2157, 2159, 2418, 2161, 2251, 2252, 2184, 2184, 2252, 2182, 2261, 2178, 2180, 2252, 2254, 2182, 2182, 2254, 2180, 2168, 2371, 2166, 2166, 2371, 2419, 2166, 2419, 2164, 2164, 2419, 2420, 2164, 2420, 2162, 2162, 2420, 2421, 2162, 2421, 2160, 2160, 2421, 2422, 2160, 2422, 2158, 2158, 2422, 2380, 2158, 2380, 2156, 2256, 2261, 2254, 2254, 2261, 2180, 2336, 2262, 2260, 2371, 2370, 2419, 2419, 2370, 2423, 2419, 2423, 2420, 2420, 2423, 2424, 2420, 2424, 2421, 2421, 2424, 2425, 2421, 2425, 2422, 2422, 2425, 2378, 2422, 2378, 2380, 2263, 2265, 2260, 2260, 2265, 2336, 2265, 2267, 2336, 2370, 2369, 2423, 2423, 2369, 2426, 2423, 2426, 2424, 2424, 2426, 2427, 2424, 2427, 2425, 2425, 2427, 2376, 2425, 2376, 2378, 2369, 2368, 2426, 2426, 2368, 2428, 2426, 2428, 2427, 2427, 2428, 2374, 2427, 2374, 2376, 2271, 2273, 2269, 2372, 2374, 2428, 2372, 2428, 2367, 2367, 2428, 2368, 2275, 2277, 2273, 2366, 2372, 2367, 2281, 2283, 2279, 2318, 2288, 2286, 696, 2429, 2430, 2430, 2429, 2431, 2430, 2431, 2432, 2432, 2431, 2433, 2432, 2433, 2434, 2434, 2433, 2435, 2434, 2435, 2436, 2436, 2435, 2437, 2436, 2437, 2438, 2438, 2437, 2439, 2438, 2439, 2440, 2440, 2439, 2441, 2440, 2441, 2442, 2442, 2441, 2443, 2442, 2443, 2444, 2444, 2443, 2445, 2444, 2445, 2446, 2446, 2445, 2447, 2446, 2447, 2448, 2448, 2447, 2449, 2448, 2449, 2450, 2450, 2449, 2451, 2450, 2451, 2452, 2452, 2451, 2453, 2452, 2453, 2454, 2454, 2453, 2455, 2454, 2455, 2456, 2456, 2455, 2457, 2456, 2457, 2458, 2458, 2457, 2459, 2458, 2459, 2460, 2460, 2459, 2461, 2460, 2461, 2462, 2441, 2463, 2443, 2443, 2463, 2445, 2463, 2464, 2445, 2445, 2464, 2447, 2464, 2465, 2447, 2447, 2465, 2449, 2449, 2465, 2466, 2466, 2465, 2467, 2466, 2467, 2453, 2453, 2467, 2455, 2468, 2469, 2462, 2462, 2469, 2470, 2462, 2470, 2460, 2460, 2470, 2471, 2460, 2471, 2472, 2472, 2471, 2473, 2472, 2473, 2474, 2474, 2473, 2475, 2474, 2475, 2476, 2476, 2475, 2477, 2476, 2477, 2478, 2479, 2480, 2468, 2468, 2480, 2481, 2468, 2481, 2469, 2469, 2481, 2482, 2469, 2482, 2470, 2470, 2482, 2483, 2470, 2483, 2471, 2471, 2483, 2484, 2471, 2484, 2473, 2473, 2484, 2485, 2473, 2485, 2475, 2475, 2485, 2486, 2475, 2486, 2477, 2479, 2487, 2480, 2480, 2487, 2488, 2480, 2488, 2489, 2489, 2488, 2490, 2489, 2490, 2491, 2491, 2490, 2492, 2491, 2492, 2493, 2493, 2492, 2494, 2493, 2494, 2495, 2495, 2494, 2496, 2495, 2496, 2497, 2497, 2496, 2498, 2497, 2498, 2499, 2499, 2498, 2500, 2500, 2498, 2501, 2500, 2501, 2502, 2502, 2501, 2503, 2502, 2503, 2504, 2504, 2503, 2505, 2504, 2505, 2506, 2506, 2505, 2507, 2506, 2507, 2508, 2508, 2507, 2509, 2508, 2509, 2510, 2510, 2509, 2511, 2510, 2511, 2512, 2512, 2511, 2513, 2512, 2513, 2514, 2514, 2513, 2515, 2514, 2515, 2516, 2516, 2515, 2517, 2516, 2517, 2518, 2518, 2517, 2519, 2518, 2519, 2520, 2520, 2519, 2521, 2520, 2521, 2522, 2522, 2521, 2523, 2522, 2523, 2524, 2524, 2523, 2525, 2524, 2525, 2526, 2526, 2525, 2527, 2526, 2527, 2528, 2528, 2527, 2529, 2528, 2529, 2530, 2530, 2529, 2531, 2530, 2531, 2532, 2532, 2531, 2533, 2532, 2533, 2534, 2534, 2533, 2535, 2534, 2535, 2536, 2536, 2535, 2537, 2536, 2537, 2538, 2538, 2537, 2539, 2538, 2539, 2540, 2540, 2539, 2541, 2540, 2541, 2542, 2542, 2541, 2543, 2542, 2543, 2544, 2544, 2543, 2545, 2544, 2545, 2546, 2546, 2545, 2547, 2546, 2547, 2548, 2548, 2547, 2549, 2548, 2549, 2550, 2550, 2549, 2551, 2550, 2551, 2552, 2552, 2551, 0, 2488, 2487, 2553, 2553, 2487, 2554, 2553, 2554, 2555, 2555, 2554, 2556, 2555, 2556, 2557, 2557, 2556, 2558, 2557, 2558, 2559, 2559, 2558, 2560, 2559, 2560, 2561, 2561, 2560, 2562, 2561, 2562, 2563, 2563, 2562, 2564, 2563, 2564, 2565, 2565, 2564, 2566, 2565, 2566, 2515, 2515, 2566, 2517, 2558, 2567, 2560, 2560, 2567, 2568, 2560, 2568, 2562, 2562, 2568, 2569, 2562, 2569, 2564, 2564, 2569, 2570, 2564, 2570, 2566, 2566, 2570, 2571, 2566, 2571, 2517, 2517, 2571, 2519, 2568, 2572, 2569, 2569, 2572, 2573, 2569, 2573, 2570, 2570, 2573, 2574, 2570, 2574, 2571, 2571, 2574, 2575, 2571, 2575, 2519, 2519, 2575, 2521, 2572, 2576, 2573, 2573, 2576, 2574, 2574, 2576, 2577, 2577, 2576, 2578, 2577, 2578, 2579, 2577, 2579, 2580, 2580, 2579, 2581, 2580, 2581, 2582, 2582, 2581, 2583, 2582, 2583, 2525, 2525, 2583, 2527, 2581, 2584, 2583, 2583, 2584, 2585, 2583, 2585, 2527, 2527, 2585, 2529, 2584, 2586, 2585, 2585, 2586, 2529, 2586, 2587, 2529, 2529, 2587, 2531, 2587, 2588, 2531, 2531, 2588, 2533, 2588, 2589, 2533, 2533, 2589, 2535, 2589, 2590, 2535, 2535, 2590, 2537, 2590, 2539, 2537, 2540, 2591, 2538, 2538, 2591, 2536, 2591, 2592, 2536, 2536, 2592, 2534, 2592, 2593, 2534, 2534, 2593, 2532, 2593, 2594, 2532, 2532, 2594, 2595, 2532, 2595, 2530, 2530, 2595, 2596, 2530, 2596, 2597, 2597, 2596, 2598, 2597, 2598, 2599, 2595, 2598, 2596, 2600, 2601, 2599, 2599, 2601, 2602, 2599, 2602, 2597, 2597, 2602, 2528, 2597, 2528, 2530, 2600, 2603, 2601, 2601, 2603, 2604, 2601, 2604, 2602, 2602, 2604, 2605, 2602, 2605, 2526, 2526, 2605, 2524, 2603, 2606, 2604, 2604, 2606, 2607, 2604, 2607, 2605, 2605, 2607, 2608, 2605, 2608, 2524, 2524, 2608, 2522, 2607, 2606, 2609, 2609, 2606, 2610, 2609, 2610, 2611, 2611, 2610, 2612, 2611, 2612, 2613, 2613, 2612, 2614, 2613, 2614, 2615, 2615, 2614, 2616, 2615, 2616, 2617, 2617, 2616, 2618, 2617, 2618, 2619, 2619, 2618, 2620, 2619, 2620, 2621, 2621, 2620, 2622, 2621, 2622, 2623, 2623, 2622, 2624, 2623, 2624, 2625, 2625, 2624, 2626, 2625, 2626, 2627, 2627, 2626, 2628, 2627, 2628, 2629, 2629, 2628, 2630, 2629, 2630, 2631, 2631, 2630, 2632, 2631, 2632, 2633, 2633, 2632, 2634, 2633, 2634, 2635, 2635, 2634, 2636, 2635, 2636, 2637, 2637, 2636, 2638, 2637, 2638, 2639, 2639, 2638, 2640, 2639, 2640, 2641, 2641, 2640, 2642, 2641, 2642, 2643, 2643, 2642, 2644, 2643, 2644, 2645, 2645, 2644, 2646, 2645, 2646, 2647, 2647, 2646, 2648, 2647, 2648, 2649, 2649, 2648, 2650, 2649, 2650, 2651, 2651, 2650, 2652, 2651, 2652, 2653, 2653, 2652, 2654, 2653, 2654, 2655, 2655, 2654, 2656, 2655, 2656, 2657, 2612, 2658, 2614, 2614, 2658, 2616, 2622, 2659, 2624, 2624, 2659, 2626, 2628, 2660, 2630, 2630, 2660, 2661, 2630, 2661, 2632, 2632, 2661, 2662, 2632, 2662, 2663, 2663, 2662, 2664, 2663, 2664, 2634, 2634, 2664, 2665, 2634, 2665, 2636, 2636, 2665, 2638, 2664, 2666, 2665, 2665, 2666, 2667, 2665, 2667, 2638, 2638, 2667, 2668, 2638, 2668, 2640, 2640, 2668, 2669, 2640, 2669, 2642, 2642, 2669, 2670, 2642, 2670, 2644, 2644, 2670, 2646, 2666, 2668, 2667, 2637, 2671, 2635, 2635, 2671, 2672, 2635, 2672, 2633, 2633, 2672, 2673, 2633, 2673, 2631, 2631, 2673, 2674, 2631, 2674, 2629, 2629, 2674, 2675, 2629, 2675, 2625, 2625, 2675, 2676, 2625, 2676, 2623, 2623, 2676, 2677, 2623, 2677, 2619, 2619, 2677, 2678, 2619, 2678, 2615, 2615, 2678, 2679, 2615, 2679, 2613, 2613, 2679, 2680, 2613, 2680, 2681, 2681, 2680, 2682, 2681, 2682, 2608, 2608, 2682, 2522, 2671, 2683, 2672, 2672, 2683, 2684, 2672, 2684, 2673, 2673, 2684, 2685, 2673, 2685, 2674, 2674, 2685, 2686, 2674, 2686, 2675, 2675, 2686, 2687, 2675, 2687, 2676, 2676, 2687, 2688, 2676, 2688, 2677, 2677, 2688, 2689, 2677, 2689, 2678, 2678, 2689, 2690, 2678, 2690, 2679, 2679, 2690, 2691, 2679, 2691, 2680, 2680, 2691, 2692, 2680, 2692, 2682, 2682, 2692, 2520, 2682, 2520, 2522, 2683, 2693, 2684, 2684, 2693, 2694, 2684, 2694, 2685, 2685, 2694, 2695, 2685, 2695, 2686, 2686, 2695, 2696, 2686, 2696, 2687, 2687, 2696, 2697, 2687, 2697, 2688, 2688, 2697, 2698, 2688, 2698, 2689, 2689, 2698, 2699, 2689, 2699, 2690, 2690, 2699, 2700, 2690, 2700, 2691, 2691, 2700, 2701, 2691, 2701, 2692, 2692, 2701, 2518, 2692, 2518, 2520, 2693, 2702, 2694, 2694, 2702, 2703, 2694, 2703, 2695, 2695, 2703, 2704, 2695, 2704, 2696, 2696, 2704, 2705, 2696, 2705, 2697, 2697, 2705, 2706, 2697, 2706, 2698, 2698, 2706, 2707, 2698, 2707, 2699, 2699, 2707, 2708, 2699, 2708, 2700, 2700, 2708, 2709, 2700, 2709, 2701, 2701, 2709, 2516, 2701, 2516, 2518, 2702, 2710, 2703, 2703, 2710, 2711, 2703, 2711, 2704, 2704, 2711, 2712, 2704, 2712, 2705, 2705, 2712, 2713, 2705, 2713, 2706, 2706, 2713, 2714, 2706, 2714, 2707, 2707, 2714, 2715, 2707, 2715, 2708, 2708, 2715, 2716, 2708, 2716, 2709, 2709, 2716, 2514, 2709, 2514, 2516, 2711, 2710, 2717, 2717, 2710, 2718, 2717, 2718, 2719, 2719, 2718, 2720, 2719, 2720, 2721, 2721, 2720, 2722, 2721, 2722, 2723, 2723, 2722, 2724, 2723, 2724, 2725, 2725, 2724, 2726, 2725, 2726, 2502, 2502, 2726, 2500, 2499, 2727, 2497, 2497, 2727, 2728, 2497, 2728, 2495, 2495, 2728, 2729, 2495, 2729, 2493, 2493, 2729, 2730, 2493, 2730, 2491, 2491, 2730, 2731, 2491, 2731, 2489, 2489, 2731, 2481, 2489, 2481, 2480, 2727, 2732, 2728, 2728, 2732, 2733, 2728, 2733, 2729, 2729, 2733, 2734, 2729, 2734, 2730, 2730, 2734, 2735, 2730, 2735, 2731, 2731, 2735, 2482, 2731, 2482, 2481, 2732, 2736, 2733, 2733, 2736, 2737, 2733, 2737, 2734, 2734, 2737, 2738, 2734, 2738, 2735, 2735, 2738, 2483, 2735, 2483, 2482, 2736, 2739, 2737, 2737, 2739, 2740, 2737, 2740, 2738, 2738, 2740, 2484, 2738, 2484, 2483, 2740, 2739, 2485, 2485, 2739, 2486, 2476, 2478, 2741, 2741, 2478, 2742, 2741, 2742, 2452, 2452, 2742, 2450, 2451, 2449, 2466, 2453, 2451, 2466, 2741, 2452, 2454, 2454, 2456, 2743, 2743, 2456, 2458, 2743, 2458, 2474, 2474, 2458, 2472, 2476, 2741, 2743, 2743, 2741, 2454, 2476, 2743, 2474, 2460, 2472, 2458, 2740, 2485, 2484, 2488, 2553, 2744, 2744, 2553, 2555, 2744, 2555, 2745, 2745, 2555, 2746, 2745, 2746, 2747, 2747, 2746, 2748, 2747, 2748, 2749, 2749, 2748, 2750, 2749, 2750, 2751, 2751, 2750, 2752, 2751, 2752, 2511, 2511, 2752, 2513, 2746, 2555, 2557, 2488, 2744, 2490, 2490, 2744, 2753, 2490, 2753, 2492, 2492, 2753, 2754, 2492, 2754, 2494, 2494, 2754, 2755, 2494, 2755, 2496, 2496, 2755, 2756, 2496, 2756, 2498, 2498, 2756, 2501, 2753, 2744, 2745, 2748, 2746, 2559, 2559, 2746, 2557, 2748, 2559, 2561, 2753, 2745, 2757, 2757, 2745, 2747, 2757, 2747, 2758, 2758, 2747, 2749, 2758, 2749, 2759, 2759, 2749, 2751, 2759, 2751, 2509, 2509, 2751, 2511, 2750, 2748, 2561, 2750, 2561, 2563, 2753, 2757, 2754, 2754, 2757, 2760, 2754, 2760, 2755, 2755, 2760, 2761, 2755, 2761, 2756, 2756, 2761, 2503, 2756, 2503, 2501, 2760, 2757, 2758, 2575, 2574, 2577, 2577, 2580, 2762, 2762, 2580, 2582, 2762, 2582, 2523, 2523, 2582, 2525, 2752, 2750, 2563, 2752, 2563, 2565, 2760, 2758, 2763, 2763, 2758, 2759, 2763, 2759, 2507, 2507, 2759, 2509, 2521, 2575, 2762, 2762, 2575, 2577, 2521, 2762, 2523, 2513, 2752, 2565, 2513, 2565, 2515, 2760, 2763, 2761, 2761, 2763, 2505, 2761, 2505, 2503, 2505, 2763, 2507, 2602, 2526, 2528, 2514, 2716, 2512, 2512, 2716, 2764, 2512, 2764, 2510, 2510, 2764, 2765, 2510, 2765, 2508, 2508, 2765, 2766, 2508, 2766, 2506, 2506, 2766, 2767, 2506, 2767, 2504, 2504, 2767, 2725, 2504, 2725, 2502, 2681, 2608, 2607, 2716, 2715, 2764, 2764, 2715, 2768, 2764, 2768, 2765, 2765, 2768, 2769, 2765, 2769, 2766, 2766, 2769, 2770, 2766, 2770, 2767, 2767, 2770, 2723, 2767, 2723, 2725, 2609, 2611, 2607, 2607, 2611, 2681, 2611, 2613, 2681, 2715, 2714, 2768, 2768, 2714, 2771, 2768, 2771, 2769, 2769, 2771, 2772, 2769, 2772, 2770, 2770, 2772, 2721, 2770, 2721, 2723, 2714, 2713, 2771, 2771, 2713, 2773, 2771, 2773, 2772, 2772, 2773, 2719, 2772, 2719, 2721, 2617, 2619, 2615, 2717, 2719, 2773, 2717, 2773, 2712, 2712, 2773, 2713, 2621, 2623, 2619, 2711, 2717, 2712, 2627, 2629, 2625, 2663, 2634, 2632, 2774, 1900, 2775, 2775, 1900, 1848, 2775, 1848, 1850, 2774, 2776, 1900, 1900, 2776, 2777, 1900, 2777, 2778, 2778, 2779, 1900, 1900, 2779, 1901, 1901, 2779, 2780, 1901, 2780, 2781, 2781, 2782, 1901, 1901, 2782, 2783, 1901, 2783, 1902, 1902, 2783, 2784, 1902, 2784, 2785, 2785, 2786, 1902, 1902, 2786, 1903, 1903, 2786, 2787, 1903, 2787, 2788, 2788, 2789, 1903, 1903, 2789, 1904, 1904, 2789, 2790, 1904, 2790, 2791, 1904, 2791, 1907, 1907, 2791, 2792, 1907, 2792, 2793, 1907, 2793, 1908, 1908, 2793, 2794, 1908, 2794, 2795, 1908, 2795, 1909, 1909, 2795, 2796, 1909, 2796, 2797, 1909, 2797, 1912, 1912, 2797, 2798, 1912, 2798, 2799, 1912, 2799, 1915, 1915, 2799, 2800, 1915, 2800, 2801, 1915, 2801, 1919, 1919, 2801, 2802, 1919, 2802, 2803, 1919, 2803, 1921, 1921, 2803, 2804, 1921, 2804, 2805, 2805, 2806, 1921, 1921, 2806, 1967, 1967, 2806, 2807, 1967, 2807, 2808, 2808, 2809, 1967, 1967, 2809, 2810, 1967, 2810, 1925, 1925, 2810, 2811, 1925, 2811, 2812, 1925, 2812, 942, 942, 2812, 2813, 942, 2813, 2814, 942, 2814, 947, 947, 2814, 2815, 947, 2815, 2816, 2816, 2817, 947, 947, 2817, 2818, 947, 2818, 948, 948, 2818, 2819, 948, 2819, 2820, 2820, 2821, 948, 948, 2821, 950, 950, 2821, 2822, 950, 2822, 2823, 950, 2823, 952, 952, 2823, 2824, 952, 2824, 2825, 952, 2825, 953, 953, 2825, 2826, 953, 2826, 2827, 953, 2827, 954, 954, 2827, 2828, 954, 2828, 2829, 954, 2829, 760, 760, 2829, 2830, 760, 2830, 2831, 760, 2831, 758, 758, 2831, 2832, 758, 2832, 2833, 758, 2833, 757, 757, 2833, 2834, 757, 2834, 2835, 757, 2835, 955, 955, 2835, 2836, 955, 2836, 2837, 2837, 2836, 2838, 2838, 2836, 2839, 2839, 2836, 2840, 2840, 2836, 2841, 2840, 2841, 2842, 2842, 2841, 2843, 2842, 2843, 2844, 2844, 2843, 2845, 2844, 2845, 2846, 2846, 2845, 2847, 2846, 2847, 2848, 2848, 2847, 2849, 2848, 2849, 2850, 2850, 2849, 2851, 2850, 2851, 2852, 2852, 2851, 2853, 2852, 2853, 2854, 2854, 2853, 2855, 2854, 2855, 2856, 2856, 2855, 2857, 2856, 2857, 2858, 2858, 2857, 2859, 2858, 2859, 2860, 2860, 2859, 2861, 2860, 2861, 2862, 2862, 2861, 2200, 2862, 2200, 2198, 2200, 2861, 2209, 2209, 2861, 2863, 2209, 2863, 2210, 2210, 2863, 2214, 2214, 2863, 2218, 2218, 2863, 2864, 2218, 2864, 2220, 2220, 2864, 2221, 2221, 2864, 2223, 2223, 2864, 2226, 2226, 2864, 2775, 2226, 2775, 2228, 2228, 2775, 2229, 2229, 2775, 2230, 2230, 2775, 2231, 2231, 2775, 2232, 2232, 2775, 2233, 2233, 2775, 2234, 2234, 2775, 2237, 2237, 2775, 2238, 2238, 2775, 2240, 2240, 2775, 2242, 2242, 2775, 2244, 2244, 2775, 1861, 1861, 2775, 1860, 1860, 2775, 1858, 1858, 2775, 1856, 1856, 2775, 1854, 1854, 2775, 1852, 1852, 2775, 1850, 2865, 1179, 2866, 2866, 1179, 1145, 2866, 1145, 1143, 1179, 2865, 1180, 1180, 2865, 2867, 1180, 2867, 1181, 1181, 2867, 2868, 1181, 2868, 1183, 1183, 2868, 2869, 1183, 2869, 1185, 1185, 2869, 2870, 1185, 2870, 1187, 1187, 2870, 2871, 1187, 2871, 1188, 1188, 2871, 2872, 1188, 2872, 1189, 1189, 2872, 2873, 1189, 2873, 1163, 1163, 2873, 2874, 1163, 2874, 1165, 1165, 2874, 2875, 1165, 2875, 1167, 1167, 2875, 2876, 1167, 2876, 1169, 1169, 2876, 2877, 1169, 2877, 1171, 1171, 2877, 1173, 1173, 2877, 2878, 1173, 2878, 1175, 1175, 2878, 2879, 1175, 2879, 1176, 1176, 2879, 2083, 2083, 2879, 2880, 2083, 2880, 2085, 2085, 2880, 2087, 2087, 2880, 2881, 2087, 2881, 2089, 2089, 2881, 2091, 2091, 2881, 2882, 2091, 2882, 2093, 2093, 2882, 2095, 2095, 2882, 2883, 2095, 2883, 2117, 2117, 2883, 2118, 2118, 2883, 2119, 2119, 2883, 2884, 2119, 2884, 2121, 2121, 2884, 2109, 2109, 2884, 2111, 2111, 2884, 2885, 2111, 2885, 2113, 2113, 2885, 2115, 2115, 2885, 2116, 2116, 2885, 2122, 2122, 2885, 2886, 2122, 2886, 2133, 2133, 2886, 2141, 2141, 2886, 2196, 2196, 2886, 2862, 2196, 2862, 2198, 2837, 2887, 955, 955, 2887, 2888, 955, 2888, 970, 970, 2888, 972, 972, 2888, 974, 974, 2888, 968, 968, 2888, 969, 969, 2888, 977, 977, 2888, 979, 979, 2888, 981, 981, 2888, 983, 983, 2888, 985, 985, 2888, 987, 987, 2888, 1043, 1043, 2888, 1045, 1045, 2888, 1047, 1047, 2888, 1049, 1049, 2888, 1051, 1051, 2888, 1054, 1054, 2888, 1055, 1055, 2888, 2889, 1055, 2889, 2890, 2890, 2891, 1055, 1055, 2891, 2892, 1055, 2892, 2893, 2893, 2894, 1055, 1055, 2894, 2895, 1055, 2895, 2896, 2896, 2897, 1055, 1055, 2897, 2898, 1055, 2898, 2899, 1055, 2899, 1056, 1056, 2899, 2900, 1056, 2900, 1102, 1102, 2900, 2901, 1102, 2901, 1104, 1104, 2901, 2902, 1104, 2902, 1106, 1106, 2902, 2903, 1106, 2903, 1107, 1107, 2903, 2904, 1107, 2904, 1108, 1108, 2904, 2905, 1108, 2905, 1112, 1112, 2905, 2906, 1112, 2906, 1116, 1116, 2906, 2907, 1116, 2907, 2908, 1116, 2908, 1117, 1117, 2908, 2909, 1117, 2909, 1118, 1118, 2909, 2910, 1118, 2910, 1127, 1127, 2910, 2911, 1127, 2911, 2912, 1127, 2912, 1129, 1129, 2912, 2913, 1129, 2913, 1177, 1177, 2913, 2914, 1177, 2914, 2915, 1177, 2915, 1133, 1133, 2915, 2916, 1133, 2916, 2917, 2917, 2918, 1133, 1133, 2918, 2919, 1133, 2919, 2920, 2920, 2921, 1133, 1133, 2921, 2922, 1133, 2922, 2923, 2923, 2924, 1133, 1133, 2924, 2925, 1133, 2925, 2866, 1925, 942, 1927, 1927, 942, 940, 1927, 940, 1929, 1929, 940, 936, 1929, 936, 1931, 1931, 936, 935, 1931, 935, 1968, 1968, 935, 934, 1968, 934, 1935, 1935, 934, 932, 1935, 932, 1937, 1937, 932, 919, 1937, 919, 1969, 1969, 919, 918, 1969, 918, 1970, 1970, 918, 875, 1970, 875, 1971, 1971, 875, 876, 1971, 876, 1973, 1973, 876, 878, 1973, 878, 1975, 1975, 878, 917, 1975, 917, 1977, 1977, 917, 915, 1977, 915, 1978, 1978, 915, 914, 1978, 914, 1979, 1979, 914, 913, 1979, 913, 1955, 1955, 913, 892, 1955, 892, 1957, 1957, 892, 894, 1957, 894, 1959, 1959, 894, 896, 1959, 896, 1961, 1961, 896, 898, 1961, 898, 1963, 1963, 898, 900, 1963, 900, 1965, 1965, 900, 902, 1965, 902, 1966, 1966, 902, 903, 1966, 903, 2926, 1143, 1178, 2866, 2866, 1178, 1139, 2866, 1139, 1137, 1137, 1135, 2866, 2866, 1135, 1133, 2927, 2928, 2929, 2929, 2928, 2930, 2929, 2930, 2931, 2931, 2930, 2932, 2931, 2932, 2933, 2933, 2932, 2934, 2933, 2934, 2935, 2935, 2934, 2936, 2935, 2936, 2937, 2937, 2936, 2938, 2937, 2938, 2939, 2939, 2938, 2940, 2939, 2940, 2941, 2941, 2940, 2942, 2941, 2942, 2943, 2943, 2942, 2944, 2943, 2944, 2945, 2945, 2944, 2946, 2945, 2946, 2947, 2947, 2946, 2948, 2947, 2948, 2949, 2949, 2948, 2950, 2949, 2950, 2951, 2951, 2950, 2952, 2951, 2952, 2953, 2953, 2952, 2954, 2953, 2954, 2955, 2955, 2954, 2956, 2955, 2956, 2957, 2957, 2956, 2958, 2957, 2958, 2959, 2959, 2958, 2960, 2959, 2960, 2961, 2961, 2960, 2962, 2961, 2962, 2963, 2963, 2962, 2964, 2963, 2964, 2965, 2965, 2964, 2966, 2965, 2966, 2967, 2967, 2966, 2968, 2967, 2968, 2969, 2969, 2968, 2970, 2969, 2970, 2971, 2971, 2970, 2972, 2971, 2972, 2973, 2973, 2972, 2974, 2973, 2974, 2975, 2975, 2974, 2976, 2975, 2976, 2977, 2977, 2976, 2978, 2977, 2978, 134, 134, 2978, 1299, 1299, 2978, 2979, 1299, 2979, 1297, 1297, 2979, 2980, 1297, 2980, 1295, 1295, 2980, 1293, 1293, 2980, 2981, 1293, 2981, 1291, 1291, 2981, 2982, 1291, 2982, 1289, 1289, 2982, 2983, 1289, 2983, 1287, 1287, 2983, 2984, 1287, 2984, 1309, 1309, 2984, 2985, 1309, 2985, 1310, 1310, 2985, 2986, 1310, 2986, 1311, 1311, 2986, 2987, 1311, 2987, 1313, 1313, 2987, 2988, 1313, 2988, 1273, 1273, 2988, 2989, 1273, 2989, 1271, 1271, 2989, 2990, 1271, 2990, 1270, 1270, 2990, 2991, 1270, 2991, 1314, 1314, 2991, 2992, 1314, 2992, 2993, 2928, 2927, 2994, 2994, 2927, 2995, 2994, 2995, 2996, 2996, 2995, 2997, 2996, 2997, 2998, 2998, 2997, 2999, 2998, 2999, 3000, 3000, 2999, 3001, 3000, 3001, 987, 987, 3001, 986, 986, 3001, 3002, 986, 3002, 984, 984, 3002, 3003, 984, 3003, 982, 982, 3003, 980, 980, 3003, 3004, 980, 3004, 978, 978, 3004, 3005, 978, 3005, 976, 976, 3005, 3006, 976, 3006, 967, 967, 3006, 3007, 967, 3007, 965, 965, 3007, 3008, 965, 3008, 963, 963, 3008, 3009, 963, 3009, 961, 961, 3009, 3010, 961, 3010, 960, 960, 3010, 3011, 960, 3011, 959, 959, 3011, 3012, 959, 3012, 989, 989, 3012, 3013, 989, 3013, 991, 991, 3013, 3014, 991, 3014, 994, 994, 3014, 3015, 994, 3015, 3016, 994, 3016, 993, 993, 3016, 3017, 993, 3017, 747, 747, 3017, 3018, 747, 3018, 745, 745, 3018, 3019, 745, 3019, 3020, 745, 3020, 743, 743, 3020, 3021, 743, 3021, 995, 995, 3021, 3022, 995, 3022, 3023, 995, 3023, 739, 739, 3023, 3024, 739, 3024, 3025, 739, 3025, 737, 737, 3025, 3026, 737, 3026, 735, 735, 3026, 3027, 735, 3027, 3028, 735, 3028, 733, 733, 3028, 3029, 733, 3029, 996, 996, 3029, 3030, 996, 3030, 3031, 996, 3031, 729, 729, 3031, 3032, 729, 3032, 727, 727, 3032, 3033, 727, 3033, 997, 997, 3033, 3034, 997, 3034, 3035, 997, 3035, 998, 998, 3035, 3036, 998, 3036, 999, 999, 3036, 3037, 999, 3037, 1001, 1001, 3037, 3038, 1001, 3038, 1003, 1003, 3038, 3039, 1003, 3039, 1005, 1005, 3039, 3040, 1005, 3040, 1006, 1006, 3040, 3041, 1006, 3041, 1007, 1007, 3041, 3042, 1007, 3042, 709, 709, 3042, 3043, 709, 3043, 707, 707, 3043, 3044, 707, 3044, 705, 705, 3044, 3045, 705, 3045, 703, 703, 3045, 3046, 703, 3046, 701, 701, 3046, 699, 699, 3046, 3047, 699, 3047, 698, 698, 3047, 3048, 698, 3048, 696, 696, 3048, 3049, 696, 3049, 2429, 2429, 3049, 3050, 2429, 3050, 2431, 2431, 3050, 3051, 2431, 3051, 2433, 2433, 3051, 3052, 2433, 3052, 3053, 3049, 3048, 3054, 3054, 3048, 3055, 3054, 3055, 3056, 3056, 3055, 3057, 3056, 3057, 3058, 3058, 3057, 3059, 3058, 3059, 3060, 3060, 3059, 3061, 3060, 3061, 3062, 3062, 3061, 3063, 3062, 3063, 3064, 3064, 3063, 3065, 3064, 3065, 3066, 3066, 3065, 3067, 3066, 3067, 3068, 3068, 3067, 3069, 3068, 3069, 3070, 3070, 3069, 3071, 3070, 3071, 3072, 3072, 3071, 3073, 3072, 3073, 3074, 3074, 3073, 3075, 3074, 3075, 3076, 3076, 3075, 3077, 3076, 3077, 3078, 3078, 3077, 3079, 3078, 3079, 3080, 3080, 3079, 3081, 3080, 3081, 3082, 3082, 3081, 3083, 3082, 3083, 3084, 3081, 2947, 3083, 3083, 2947, 2949, 3085, 3086, 3087, 3087, 3086, 3088, 3087, 3088, 3089, 3089, 3088, 3090, 3089, 3090, 3091, 3091, 3090, 3092, 3091, 3092, 3093, 3093, 3092, 3094, 3093, 3094, 3095, 3095, 3094, 3096, 3095, 3096, 3097, 3097, 3096, 3098, 3097, 3098, 3099, 3099, 3098, 3100, 3099, 3100, 3101, 3101, 3100, 3102, 3101, 3102, 3084, 3084, 3102, 3082, 3053, 3103, 2433, 2433, 3103, 3104, 2433, 3104, 3105, 3105, 3106, 2433, 2433, 3106, 3107, 2433, 3107, 3108, 3109, 2437, 3108, 3108, 2437, 2435, 3108, 2435, 2433, 3110, 2457, 3109, 3109, 2457, 2455, 3109, 2455, 2467, 2457, 3110, 2459, 2459, 3110, 3111, 2459, 3111, 2461, 2461, 3111, 3112, 2461, 3112, 2462, 2462, 3112, 2468, 2468, 3112, 2479, 2479, 3112, 2487, 2487, 3112, 2554, 2554, 3112, 2556, 2556, 3112, 2558, 2558, 3112, 3113, 2558, 3113, 3114, 3114, 3115, 2558, 2558, 3115, 3116, 2558, 3116, 3117, 3117, 3118, 2558, 2558, 3118, 3119, 2558, 3119, 3120, 3120, 3121, 2558, 2558, 3121, 3122, 2558, 3122, 3123, 2558, 3123, 2567, 2567, 3123, 3124, 2567, 3124, 3125, 2567, 3125, 2568, 2568, 3125, 3126, 2568, 3126, 2572, 2572, 3126, 3127, 2572, 3127, 3128, 2572, 3128, 2576, 2576, 3128, 3129, 2576, 3129, 2578, 2578, 3129, 3130, 2578, 3130, 2579, 2579, 3130, 3131, 2579, 3131, 3132, 2579, 3132, 2581, 2581, 3132, 3133, 2581, 3133, 2584, 2584, 3133, 3134, 2584, 3134, 2586, 2586, 3134, 3135, 2586, 3135, 2587, 2587, 3135, 3136, 2587, 3136, 2588, 2588, 3136, 3137, 2588, 3137, 2589, 2589, 3137, 3138, 2589, 3138, 2590, 2590, 3138, 3139, 2590, 3139, 2539, 2539, 3139, 3140, 2539, 3140, 2541, 2541, 3140, 3141, 2541, 3141, 2543, 2543, 3141, 3142, 2543, 3142, 2545, 2545, 3142, 3143, 2545, 3143, 2547, 2547, 3143, 2549, 2549, 3143, 3144, 2549, 3144, 2551, 2551, 3144, 3145, 2551, 3145, 0, 0, 3145, 3146, 0, 3146, 1, 1, 3146, 3147, 1, 3147, 3, 3, 3147, 3148, 3, 3148, 5, 5, 3148, 7, 7, 3148, 3149, 7, 3149, 9, 9, 3149, 3150, 9, 3150, 12, 12, 3150, 3151, 12, 3151, 13, 13, 3151, 3152, 13, 3152, 14, 14, 3152, 3153, 14, 3153, 60, 60, 3153, 3154, 60, 3154, 62, 62, 3154, 3155, 62, 3155, 64, 64, 3155, 3156, 64, 3156, 65, 65, 3156, 3157, 65, 3157, 66, 66, 3157, 3158, 66, 3158, 70, 70, 3158, 3159, 70, 3159, 74, 74, 3159, 3160, 74, 3160, 3161, 3146, 3145, 3162, 3162, 3145, 3163, 3162, 3163, 3164, 3164, 3163, 3165, 3164, 3165, 3166, 3166, 3165, 3167, 3166, 3167, 3168, 3168, 3167, 3085, 3168, 3085, 3087, 1314, 2993, 1315, 1315, 2993, 3169, 1315, 3169, 1328, 1328, 3169, 3170, 1328, 3170, 1330, 1330, 3170, 3171, 1330, 3171, 3172, 1330, 3172, 1331, 1331, 3172, 3173, 1331, 3173, 1332, 1332, 3173, 3174, 1332, 3174, 3175, 1332, 3175, 1336, 1336, 3175, 3176, 1336, 3176, 3177, 1336, 3177, 1338, 1338, 3177, 3178, 1338, 3178, 1343, 1343, 3178, 3179, 1343, 3179, 3180, 1343, 3180, 1344, 1344, 3180, 3181, 1344, 3181, 1346, 1346, 3181, 3182, 1346, 3182, 3183, 1346, 3183, 1348, 1348, 3183, 3184, 1348, 3184, 1349, 1349, 3184, 3185, 1349, 3185, 1350, 1350, 3185, 3186, 1350, 3186, 3187, 1350, 3187, 1072, 1072, 3187, 3188, 1072, 3188, 1070, 1070, 3188, 3189, 1070, 3189, 1068, 1068, 3189, 3190, 1068, 3190, 1066, 1066, 3190, 3191, 1066, 3191, 1064, 1064, 3191, 3192, 1064, 3192, 1062, 1062, 3192, 3193, 1062, 3193, 1060, 1060, 3193, 3194, 1060, 3194, 1059, 1059, 3194, 3195, 1059, 3195, 1053, 1053, 3195, 3196, 1053, 3196, 1052, 1052, 3196, 3197, 1052, 3197, 1050, 1050, 3197, 3198, 1050, 3198, 1048, 1048, 3198, 1046, 1046, 3198, 3199, 1046, 3199, 1044, 1044, 3199, 3000, 1044, 3000, 987, 3200, 3201, 137, 137, 3201, 3202, 137, 3202, 138, 138, 3202, 3203, 138, 3203, 139, 139, 3203, 3204, 139, 3204, 141, 141, 3204, 3205, 141, 3205, 143, 143, 3205, 3206, 143, 3206, 145, 145, 3206, 3207, 145, 3207, 146, 146, 3207, 3208, 146, 3208, 147, 147, 3208, 3209, 147, 3209, 121, 121, 3209, 3210, 121, 3210, 123, 123, 3210, 3211, 123, 3211, 125, 125, 3211, 3212, 125, 3212, 127, 127, 3212, 3213, 127, 3213, 129, 129, 3213, 131, 131, 3213, 3214, 131, 3214, 133, 133, 3214, 2977, 133, 2977, 134, 74, 3161, 75, 75, 3161, 3215, 75, 3215, 76, 76, 3215, 3216, 76, 3216, 85, 85, 3216, 3217, 85, 3217, 3218, 85, 3218, 87, 87, 3218, 3219, 87, 3219, 135, 135, 3219, 3220, 135, 3220, 3221, 135, 3221, 91, 91, 3221, 3222, 91, 3222, 3223, 91, 3223, 93, 93, 3223, 3224, 93, 3224, 95, 95, 3224, 3225, 95, 3225, 3226, 95, 3226, 97, 97, 3226, 3227, 97, 3227, 136, 136, 3227, 3228, 136, 3228, 3229, 136, 3229, 101, 101, 3229, 3230, 101, 3230, 103, 103, 3230, 3200, 103, 3200, 137, 2467, 2465, 3109, 3109, 2465, 2464, 3109, 2464, 2463, 2463, 2441, 3109, 3109, 2441, 2439, 3109, 2439, 2437, 3231, 2542, 3232, 3232, 2542, 3233, 3232, 3233, 3234, 3234, 3233, 3235, 3235, 3233, 3236, 3236, 3233, 3237, 3237, 3233, 3238, 3238, 3233, 3239, 3239, 3233, 3240, 3240, 3233, 3241, 3241, 3233, 3242, 3242, 3233, 3243, 3243, 3233, 3244, 3244, 3233, 3245, 3245, 3233, 3246, 3246, 3233, 3247, 3247, 3233, 3248, 3248, 3233, 3249, 3249, 3233, 3250, 3250, 3233, 3251, 3251, 3233, 3252, 3252, 3233, 3253, 3252, 3253, 3254, 3254, 3253, 3255, 3254, 3255, 3256, 3256, 3255, 3257, 3256, 3257, 3258, 3258, 3257, 3259, 3258, 3259, 3260, 3260, 3259, 3261, 3260, 3261, 3262, 3262, 3261, 3263, 3262, 3263, 3264, 3264, 3263, 3265, 3264, 3265, 3266, 3266, 3265, 3267, 3266, 3267, 3268, 3268, 3267, 3269, 3268, 3269, 3270, 3270, 3269, 3271, 3270, 3271, 3272, 3272, 3271, 3273, 3272, 3273, 3274, 3274, 3273, 3275, 3274, 3275, 3276, 3276, 3275, 3277, 3276, 3277, 3278, 3278, 3277, 3279, 3278, 3279, 3280, 3280, 3279, 3281, 3280, 3281, 3282, 3282, 3281, 3283, 3282, 3283, 3284, 3284, 3283, 3285, 3284, 3285, 3286, 3286, 3285, 3287, 3286, 3287, 3288, 3288, 3287, 3289, 3288, 3289, 3290, 3290, 3289, 3291, 3290, 3291, 3292, 3292, 3291, 349, 349, 3291, 350, 350, 3291, 352, 352, 3291, 354, 354, 3291, 356, 356, 3291, 358, 358, 3291, 360, 360, 3291, 382, 382, 3291, 383, 383, 3291, 384, 384, 3291, 386, 386, 3291, 374, 374, 3291, 376, 376, 3291, 378, 378, 3291, 380, 380, 3291, 381, 381, 3291, 387, 387, 3291, 398, 398, 3291, 406, 406, 3291, 474, 474, 3291, 476, 476, 3291, 478, 478, 3291, 3293, 478, 3293, 3294, 3231, 3295, 2542, 2542, 3295, 3296, 2542, 3296, 3297, 3297, 3298, 2542, 2542, 3298, 3299, 2542, 3299, 3300, 3300, 3301, 2542, 2542, 3301, 3302, 2542, 3302, 3303, 2542, 3303, 2540, 2540, 3303, 3304, 2540, 3304, 2591, 2591, 3304, 3305, 2591, 3305, 2592, 2592, 3305, 3306, 2592, 3306, 2593, 2593, 3306, 3307, 2593, 3307, 2594, 2594, 3307, 3308, 2594, 3308, 2595, 2595, 3308, 3309, 2595, 3309, 2598, 2598, 3309, 3310, 2598, 3310, 2599, 2599, 3310, 3311, 2599, 3311, 2600, 2600, 3311, 3312, 2600, 3312, 3313, 2600, 3313, 2603, 2603, 3313, 3314, 2603, 3314, 2606, 2606, 3314, 3315, 2606, 3315, 2610, 2610, 3315, 3316, 2610, 3316, 3317, 2610, 3317, 2612, 2612, 3317, 3318, 2612, 3318, 2658, 2658, 3318, 3319, 2658, 3319, 3320, 2658, 3320, 2616, 2616, 3320, 3321, 2616, 3321, 3322, 2616, 3322, 2618, 2618, 3322, 3323, 2618, 3323, 2620, 2620, 3323, 3324, 2620, 3324, 3325, 2620, 3325, 2622, 2622, 3325, 3326, 2622, 3326, 2659, 2659, 3326, 3327, 2659, 3327, 3328, 2659, 3328, 2626, 2626, 3328, 3329, 2626, 3329, 2628, 2628, 3329, 3330, 2628, 3330, 2660, 2660, 3330, 3290, 2660, 3290, 2661, 2661, 3290, 2662, 2662, 3290, 2664, 2664, 3290, 2666, 2666, 3290, 2668, 2668, 3290, 2669, 2669, 3290, 2670, 2670, 3290, 2646, 2646, 3290, 2648, 2648, 3290, 2650, 2650, 3290, 2652, 2652, 3290, 2654, 2654, 3290, 2656, 2656, 3290, 2657, 2657, 3290, 3292, 3331, 3332, 3333, 3333, 3332, 3334, 3333, 3334, 3335, 3335, 3334, 3336, 3336, 3334, 3337, 3337, 3334, 3338, 3338, 3334, 3339, 3339, 3334, 1681, 3339, 1681, 472, 3332, 3331, 3340, 3340, 3331, 3341, 3340, 3341, 3342, 3342, 3341, 3343, 3342, 3343, 3344, 3344, 3343, 3345, 3344, 3345, 3346, 3346, 3345, 3347, 3346, 3347, 3348, 3348, 3347, 3349, 3348, 3349, 3350, 3350, 3349, 3351, 3350, 3351, 3352, 3352, 3351, 3353, 3352, 3353, 3354, 3354, 3353, 3355, 3354, 3355, 3356, 3356, 3355, 3357, 3356, 3357, 3358, 3358, 3357, 3359, 3358, 3359, 3360, 3360, 3359, 3361, 3360, 3361, 3362, 3362, 3361, 3363, 3362, 3363, 3364, 3364, 3363, 3365, 3364, 3365, 3366, 3366, 3365, 3367, 3366, 3367, 3368, 3368, 3367, 3369, 3368, 3369, 3370, 3370, 3369, 3371, 3370, 3371, 3372, 3372, 3371, 3373, 3372, 3373, 3374, 3374, 3373, 3253, 3374, 3253, 3233, 3294, 3375, 478, 478, 3375, 3376, 478, 3376, 3377, 3377, 3378, 478, 478, 3378, 3379, 478, 3379, 3380, 3380, 3381, 478, 478, 3381, 3382, 478, 3382, 3383, 478, 3383, 487, 487, 3383, 3384, 487, 3384, 3385, 487, 3385, 488, 488, 3385, 3386, 488, 3386, 492, 492, 3386, 3387, 492, 3387, 3388, 492, 3388, 496, 496, 3388, 3389, 496, 3389, 498, 498, 3389, 3390, 498, 3390, 499, 499, 3390, 3391, 499, 3391, 3392, 499, 3392, 501, 501, 3392, 3393, 501, 3393, 504, 504, 3393, 3394, 504, 3394, 506, 506, 3394, 3395, 506, 3395, 507, 507, 3395, 3396, 507, 3396, 508, 508, 3396, 3397, 508, 3397, 509, 509, 3397, 3398, 509, 3398, 510, 510, 3398, 3399, 510, 3399, 458, 458, 3399, 3400, 458, 3400, 460, 460, 3400, 3401, 460, 3401, 462, 462, 3401, 3402, 462, 3402, 464, 464, 3402, 3403, 464, 3403, 466, 466, 3403, 468, 468, 3403, 3404, 468, 3404, 470, 470, 3404, 3339, 470, 3339, 472, 3405, 3406, 273, 273, 3406, 3407, 273, 3407, 274, 274, 3407, 3408, 274, 3408, 287, 287, 3408, 3409, 287, 3409, 289, 289, 3409, 3410, 289, 3410, 3411, 289, 3411, 290, 290, 3411, 3412, 290, 3412, 291, 291, 3412, 3413, 291, 3413, 3414, 291, 3414, 295, 295, 3414, 3415, 295, 3415, 3416, 295, 3416, 297, 297, 3416, 3417, 297, 3417, 302, 302, 3417, 3418, 302, 3418, 3419, 302, 3419, 303, 303, 3419, 3420, 303, 3420, 305, 305, 3420, 3421, 305, 3421, 3422, 305, 3422, 307, 307, 3422, 3423, 307, 3423, 308, 308, 3423, 3424, 308, 3424, 309, 309, 3424, 3425, 309, 3425, 3426, 309, 3426, 30, 30, 3426, 3427, 30, 3427, 28, 28, 3427, 3428, 28, 3428, 26, 26, 3428, 3429, 26, 3429, 24, 24, 3429, 3430, 24, 3430, 22, 22, 3430, 3431, 22, 3431, 20, 20, 3431, 3432, 20, 3432, 18, 18, 3432, 3433, 18, 3433, 17, 17, 3433, 3434, 17, 3434, 11, 11, 3434, 3435, 11, 3435, 10, 10, 3435, 3436, 10, 3436, 8, 8, 3436, 3437, 8, 3437, 6, 6, 3437, 4, 4, 3437, 3438, 4, 3438, 2, 2, 3438, 3439, 2, 3439, 0, 0, 3439, 2552, 2552, 3439, 3440, 2552, 3440, 2550, 2550, 3440, 2548, 2548, 3440, 3441, 2548, 3441, 2546, 2546, 3441, 2544, 2544, 3441, 3442, 2544, 3442, 3443, 3443, 3442, 3444, 3444, 3442, 3445, 3444, 3445, 3446, 3446, 3445, 3447, 3446, 3447, 3448, 3448, 3447, 3449, 3448, 3449, 3450, 3450, 3449, 3451, 3450, 3451, 3452, 3452, 3451, 3453, 3452, 3453, 3454, 3454, 3453, 3455, 3454, 3455, 3456, 3456, 3455, 3457, 3456, 3457, 3458, 3458, 3457, 3459, 3458, 3459, 3460, 3460, 3459, 3461, 3460, 3461, 3462, 3462, 3461, 3463, 3462, 3463, 3464, 3464, 3463, 3465, 3464, 3465, 3466, 3466, 3465, 3467, 3466, 3467, 3468, 3468, 3467, 3469, 3468, 3469, 3470, 3470, 3469, 3471, 3470, 3471, 3472, 3472, 3471, 3473, 3472, 3473, 3474, 3474, 3473, 3475, 3474, 3475, 3476, 3476, 3475, 3477, 3476, 3477, 3478, 3478, 3477, 3479, 3478, 3479, 3480, 3480, 3479, 3481, 3480, 3481, 3482, 3482, 3481, 3483, 3482, 3483, 3484, 3484, 3483, 3485, 3484, 3485, 3486, 3486, 3485, 3487, 3487, 3485, 3488, 3487, 3488, 3489, 3489, 3488, 3490, 3489, 3490, 3491, 3491, 3490, 3492, 3491, 3492, 3493, 3493, 3492, 3494, 3493, 3494, 3495, 3495, 3494, 3496, 3495, 3496, 258, 258, 3496, 257, 257, 3496, 3497, 257, 3497, 255, 255, 3497, 3498, 255, 3498, 253, 253, 3498, 251, 251, 3498, 3499, 251, 3499, 249, 249, 3499, 3500, 249, 3500, 247, 247, 3500, 3501, 247, 3501, 245, 245, 3501, 3502, 245, 3502, 268, 268, 3502, 3503, 268, 3503, 269, 269, 3503, 3504, 269, 3504, 270, 270, 3504, 3505, 270, 3505, 272, 272, 3505, 3506, 272, 3506, 231, 231, 3506, 3507, 231, 3507, 229, 229, 3507, 3508, 229, 3508, 228, 228, 3508, 3405, 228, 3405, 273, 2544, 3443, 2542, 2542, 3443, 3509, 2542, 3509, 3510, 3510, 3511, 2542, 2542, 3511, 3512, 2542, 3512, 3513, 3513, 3514, 2542, 2542, 3514, 3515, 2542, 3515, 3516, 3516, 3517, 2542, 2542, 3517, 3518, 2542, 3518, 3519, 3519, 3520, 2542, 2542, 3520, 3521, 2542, 3521, 3522, 3522, 3523, 2542, 2542, 3523, 3524, 2542, 3524, 3233, 3332, 3525, 3334, 3334, 3525, 3526, 3526, 3525, 3527, 3526, 3527, 3528, 3528, 3527, 3529, 3528, 3529, 3530, 3530, 3529, 3531, 3530, 3531, 3532, 3532, 3531, 3533, 3532, 3533, 3534, 3534, 3533, 3535, 3534, 3535, 3536, 3536, 3537, 3534, 3534, 3537, 3538, 3534, 3538, 3539, 3539, 3540, 3534, 3534, 3540, 3541, 3534, 3541, 3542, 3542, 3543, 3534, 3534, 3543, 3544, 3534, 3544, 3545, 3545, 3544, 3546, 3546, 3544, 3547, 3547, 3544, 3548, 3548, 3544, 3549, 3549, 3544, 3550, 3550, 3544, 3551, 3551, 3544, 3552, 3552, 3544, 3553, 3553, 3544, 3554, 3554, 3544, 3555, 3554, 3555, 3556, 3556, 3555, 3557, 3556, 3557, 3558, 3558, 3557, 3559, 3558, 3559, 3560, 3560, 3559, 3484, 3560, 3484, 3486, 3561, 3562, 1691, 1691, 3562, 3563, 1691, 3563, 1692, 1692, 3563, 3564, 1692, 3564, 1693, 1693, 3564, 3565, 1693, 3565, 1695, 1695, 3565, 3566, 1695, 3566, 1697, 1697, 3566, 3567, 1697, 3567, 1699, 1699, 3567, 3568, 1699, 3568, 1700, 1700, 3568, 3569, 1700, 3569, 1701, 1701, 3569, 3570, 1701, 3570, 1402, 1402, 3570, 3571, 1402, 3571, 1400, 1400, 3571, 3572, 1400, 3572, 1398, 1398, 3572, 3573, 1398, 3573, 1396, 1396, 3573, 3574, 1396, 3574, 1394, 1394, 3574, 1392, 1392, 3574, 3575, 1392, 3575, 1391, 1391, 3575, 3495, 1391, 3495, 258, 3576, 1662, 3334, 3334, 1662, 1671, 3334, 1671, 1672, 3576, 3577, 1662, 1662, 3577, 3578, 1662, 3578, 3579, 3579, 3580, 1662, 1662, 3580, 3581, 1662, 3581, 3582, 3582, 3583, 1662, 1662, 3583, 3584, 1662, 3584, 3585, 3585, 3586, 1662, 1662, 3586, 1660, 1660, 3586, 3587, 1660, 3587, 1658, 1658, 3587, 3588, 1658, 3588, 1656, 1656, 3588, 3589, 1656, 3589, 1655, 1655, 3589, 3590, 1655, 3590, 1654, 1654, 3590, 3591, 1654, 3591, 1683, 1683, 3591, 3592, 1683, 3592, 1685, 1685, 3592, 3593, 1685, 3593, 1687, 1687, 3593, 3594, 1687, 3594, 3595, 1687, 3595, 1688, 1688, 3595, 3596, 1688, 3596, 1440, 1440, 3596, 3597, 1440, 3597, 1438, 1438, 3597, 3598, 1438, 3598, 3599, 1438, 3599, 1436, 1436, 3599, 3600, 1436, 3600, 1689, 1689, 3600, 3601, 1689, 3601, 3602, 1689, 3602, 1432, 1432, 3602, 3603, 1432, 3603, 3604, 1432, 3604, 1430, 1430, 3604, 3605, 1430, 3605, 1428, 1428, 3605, 3606, 1428, 3606, 3607, 1428, 3607, 1426, 1426, 3607, 3608, 1426, 3608, 1690, 1690, 3608, 3609, 1690, 3609, 3610, 1690, 3610, 1422, 1422, 3610, 3611, 1422, 3611, 1420, 1420, 3611, 3561, 1420, 3561, 1691, 1672, 1675, 3334, 3334, 1675, 1677, 3334, 1677, 1679, 1679, 1681, 3334, 3612, 3613, 3614, 3614, 3613, 3615, 3614, 3615, 3616, 3613, 3612, 3617, 3617, 3612, 3618, 3617, 3618, 3619, 3619, 3618, 3620, 3619, 3620, 3621, 3621, 3620, 3622, 3621, 3622, 3623, 3623, 3622, 3624, 3623, 3624, 3625, 3625, 3624, 3626, 3625, 3626, 3627, 3627, 3626, 3628, 3627, 3628, 3629, 3629, 3628, 3630, 3629, 3630, 3631, 3631, 3630, 3632, 3631, 3632, 3633, 3633, 3632, 3634, 3633, 3634, 3635, 3635, 3634, 3636, 3635, 3636, 3637, 3637, 3636, 3638, 3637, 3638, 3639, 3639, 3638, 3640, 3640, 3638, 3641, 3641, 3638, 3642, 3642, 3638, 3643, 3643, 3638, 3644, 3644, 3638, 3645, 3645, 3638, 514, 3645, 514, 513, 3638, 3646, 514, 514, 3646, 3647, 514, 3647, 3648, 514, 3648, 515, 515, 3648, 3649, 515, 3649, 3650, 515, 3650, 518, 518, 3650, 3651, 518, 3651, 3652, 518, 3652, 519, 519, 3652, 3653, 519, 3653, 3654, 519, 3654, 520, 520, 3654, 3655, 520, 3655, 3656, 520, 3656, 523, 523, 3656, 3657, 523, 3657, 3658, 523, 3658, 526, 526, 3658, 3659, 526, 3659, 3660, 526, 3660, 530, 530, 3660, 3661, 530, 3661, 3662, 530, 3662, 532, 532, 3662, 3663, 532, 3663, 3664, 3664, 3665, 532, 532, 3665, 580, 580, 3665, 3666, 580, 3666, 3667, 3667, 3668, 580, 580, 3668, 3669, 580, 3669, 536, 536, 3669, 3670, 536, 3670, 3671, 536, 3671, 1867, 1867, 3671, 3672, 1867, 3672, 3673, 3673, 3674, 1867, 1867, 3674, 3675, 1867, 3675, 3676, 3676, 3677, 1867, 1867, 3677, 3678, 1867, 3678, 3679, 3679, 3680, 1867, 1867, 3680, 3681, 1867, 3681, 3682, 1867, 3682, 1876, 1876, 3682, 3683, 1876, 3683, 3684, 1876, 3684, 1877, 1877, 3684, 3685, 1877, 3685, 1881, 1881, 3685, 3686, 1881, 3686, 3687, 1881, 3687, 1885, 1885, 3687, 3688, 1885, 3688, 1887, 1887, 3688, 3689, 1887, 3689, 1888, 1888, 3689, 3690, 1888, 3690, 3691, 1888, 3691, 1890, 1890, 3691, 3692, 1890, 3692, 1893, 1893, 3692, 3693, 1893, 3693, 1895, 1895, 3693, 3694, 1895, 3694, 1896, 1896, 3694, 3695, 1896, 3695, 1897, 1897, 3695, 3696, 1897, 3696, 1898, 1898, 3696, 3697, 1898, 3697, 1899, 1899, 3697, 3698, 1899, 3698, 1847, 1847, 3698, 3699, 1847, 3699, 3700, 3700, 3701, 1847, 1847, 3701, 3702, 1847, 3702, 3703, 3703, 3704, 1847, 1847, 3704, 3705, 1847, 3705, 3706, 3706, 3707, 1847, 1847, 3707, 3708, 1847, 3708, 3614, 3709, 3710, 3711, 3711, 3710, 3712, 3711, 3712, 3713, 3710, 3709, 3714, 3714, 3709, 3715, 3714, 3715, 3716, 3716, 3715, 3717, 3716, 3717, 3718, 3718, 3717, 3719, 3718, 3719, 3720, 3720, 3719, 3721, 3720, 3721, 3722, 3722, 3721, 3723, 3722, 3723, 3724, 3724, 3723, 3725, 3724, 3725, 3726, 3726, 3725, 3727, 3726, 3727, 3728, 3728, 3727, 3729, 3728, 3729, 3730, 3730, 3729, 3731, 3730, 3731, 3732, 3732, 3731, 3733, 3732, 3733, 3734, 3734, 3733, 3735, 3734, 3735, 3736, 3736, 3735, 3737, 3736, 3737, 3738, 3738, 3737, 3739, 3738, 3739, 3740, 3740, 3739, 3741, 3740, 3741, 3742, 3742, 3741, 3743, 3742, 3743, 3744, 3744, 3743, 3745, 3744, 3745, 3746, 3746, 3745, 3747, 3746, 3747, 3748, 3748, 3747, 3749, 3748, 3749, 3750, 3750, 3751, 3748, 3748, 3751, 463, 3748, 463, 465, 463, 3751, 461, 461, 3751, 3752, 461, 3752, 3753, 3753, 3754, 461, 461, 3754, 3755, 461, 3755, 3756, 3756, 3757, 461, 461, 3757, 3758, 461, 3758, 3759, 3759, 3760, 461, 461, 3760, 3761, 461, 3761, 3762, 3762, 3763, 461, 461, 3763, 3764, 461, 3764, 3765, 3765, 3766, 461, 461, 3766, 3767, 461, 3767, 3645, 3616, 3768, 3614, 3614, 3768, 2236, 3614, 2236, 2239, 2236, 3768, 2235, 2235, 3768, 3769, 2235, 3769, 3770, 3770, 3771, 2235, 2235, 3771, 3772, 2235, 3772, 3773, 3773, 3774, 2235, 2235, 3774, 3775, 2235, 3775, 3776, 3776, 3777, 2235, 2235, 3777, 3778, 2235, 3778, 3779, 3779, 3780, 2235, 2235, 3780, 3781, 2235, 3781, 3782, 3782, 3783, 2235, 2235, 3783, 3784, 2235, 3784, 3711, 3785, 1637, 3786, 3786, 1637, 1635, 3786, 1635, 1631, 3785, 3787, 1637, 1637, 3787, 3788, 1637, 3788, 3789, 3789, 3790, 1637, 1637, 3790, 3791, 1637, 3791, 3792, 3792, 3793, 1637, 1637, 3793, 3794, 1637, 3794, 3795, 3795, 3796, 1637, 1637, 3796, 1642, 1642, 3796, 3797, 1642, 3797, 3798, 1642, 3798, 1643, 1643, 3798, 3799, 1643, 3799, 1645, 1645, 3799, 3800, 1645, 3800, 3801, 1645, 3801, 1647, 1647, 3801, 3802, 1647, 3802, 1648, 1648, 3802, 3803, 1648, 3803, 1649, 1649, 3803, 3804, 1649, 3804, 3805, 1649, 3805, 1453, 1453, 3805, 3806, 1453, 3806, 1451, 1451, 3806, 3807, 1451, 3807, 1450, 1450, 3807, 3808, 1450, 3808, 1650, 1650, 3808, 3809, 1650, 3809, 1669, 1669, 3809, 3810, 1669, 3810, 1667, 1667, 3810, 3811, 1667, 3811, 1665, 1665, 3811, 3812, 1665, 3812, 1664, 1664, 3812, 3813, 1664, 3813, 3814, 3814, 3815, 1664, 1664, 3815, 3816, 1664, 3816, 3817, 3817, 3818, 1664, 1664, 3818, 3819, 1664, 3819, 3820, 3820, 3821, 1664, 1664, 3821, 3822, 1664, 3822, 3748, 3713, 3823, 3711, 3711, 3823, 2302, 3711, 2302, 2300, 2302, 3823, 2304, 2304, 3823, 3824, 2304, 3824, 2306, 2306, 3824, 2308, 2308, 3824, 3825, 2308, 3825, 2310, 2310, 3825, 2312, 2312, 3825, 3826, 2312, 3826, 1598, 1598, 3826, 1597, 1597, 3826, 3827, 1597, 3827, 1595, 1595, 3827, 3828, 1595, 3828, 1593, 1593, 3828, 1591, 1591, 3828, 3829, 1591, 3829, 1589, 1589, 3829, 3830, 1589, 3830, 1587, 1587, 3830, 3831, 1587, 3831, 1585, 1585, 3831, 3832, 1585, 3832, 1608, 1608, 3832, 3833, 1608, 3833, 1609, 1609, 3833, 3834, 1609, 3834, 1610, 1610, 3834, 3835, 1610, 3835, 1612, 1612, 3835, 3836, 1612, 3836, 1571, 1571, 3836, 3837, 1571, 3837, 1569, 1569, 3837, 3838, 1569, 3838, 1568, 1568, 3838, 3839, 1568, 3839, 1613, 1613, 3839, 3786, 1613, 3786, 1614, 1614, 3786, 1627, 1627, 3786, 1629, 1629, 3786, 1630, 1630, 3786, 1631, 471, 472, 3748, 3748, 472, 1680, 3748, 1680, 1678, 1678, 1676, 3748, 3748, 1676, 1674, 3748, 1674, 1673, 1673, 1670, 3748, 3748, 1670, 1664, 2300, 2325, 3711, 3711, 2325, 2324, 3711, 2324, 2323, 2323, 2321, 3711, 3711, 2321, 2319, 3711, 2319, 2317, 2317, 2316, 3711, 3711, 2316, 2315, 3711, 2315, 2282, 2282, 2280, 3711, 3711, 2280, 2314, 3711, 2314, 2276, 2276, 2274, 3711, 3711, 2274, 2272, 3711, 2272, 2270, 2270, 2313, 3711, 3711, 2313, 2266, 3711, 2266, 2264, 2264, 2259, 3711, 3711, 2259, 2258, 3711, 2258, 2257, 2257, 2253, 3711, 3711, 2253, 2250, 3711, 2250, 2249, 2249, 2248, 3711, 3711, 2248, 2247, 3711, 2247, 2246, 2246, 2194, 3711, 3711, 2194, 2193, 3711, 2193, 2235, 2239, 2241, 3614, 3614, 2241, 2243, 3614, 2243, 2245, 2245, 1861, 3614, 3614, 1861, 1859, 3614, 1859, 1857, 1857, 1855, 3614, 3614, 1855, 1853, 3614, 1853, 1851, 1851, 1849, 3614, 3614, 1849, 1847, 536, 1867, 538, 538, 1867, 1865, 538, 1865, 540, 540, 1865, 1863, 540, 1863, 542, 542, 1863, 1795, 542, 1795, 581, 581, 1795, 1787, 581, 1787, 546, 546, 1787, 1776, 546, 1776, 548, 548, 1776, 1770, 548, 1770, 582, 582, 1770, 1769, 582, 1769, 583, 583, 1769, 1767, 583, 1767, 584, 584, 1767, 1765, 584, 1765, 586, 586, 1765, 1763, 586, 1763, 588, 588, 1763, 1775, 588, 1775, 590, 590, 1775, 1773, 590, 1773, 591, 591, 1773, 1772, 591, 1772, 592, 592, 1772, 1771, 592, 1771, 566, 566, 1771, 1749, 566, 1749, 568, 568, 1749, 1747, 568, 1747, 570, 570, 1747, 1745, 570, 1745, 572, 572, 1745, 1743, 572, 1743, 574, 574, 1743, 1741, 574, 1741, 576, 576, 1741, 1739, 576, 1739, 578, 578, 1739, 1737, 578, 1737, 579, 513, 512, 3645, 3645, 512, 511, 3645, 511, 459, 459, 461, 3645, 465, 467, 3748, 3748, 467, 469, 3748, 469, 471, 3840, 160, 3841, 3841, 160, 1306, 3841, 1306, 1303, 3840, 3842, 160, 160, 3842, 3843, 160, 3843, 3844, 3844, 3845, 160, 160, 3845, 3846, 160, 3846, 171, 171, 3846, 182, 182, 3846, 3847, 182, 3847, 192, 192, 3847, 202, 202, 3847, 3848, 202, 3848, 204, 204, 3848, 206, 206, 3848, 3849, 206, 3849, 208, 208, 3849, 210, 210, 3849, 212, 212, 3849, 3850, 212, 3850, 57, 57, 3850, 58, 58, 3850, 3851, 58, 3851, 215, 215, 3851, 217, 217, 3851, 3852, 217, 3852, 219, 219, 3852, 259, 259, 3852, 3853, 259, 3853, 262, 262, 3853, 265, 265, 3853, 267, 267, 3853, 3854, 267, 3854, 236, 236, 3854, 238, 238, 3854, 3855, 238, 3855, 240, 240, 3855, 242, 242, 3855, 3856, 242, 3856, 244, 244, 3856, 246, 246, 3856, 3857, 246, 3857, 248, 248, 3857, 250, 250, 3857, 252, 252, 3857, 3858, 252, 3858, 254, 254, 3858, 256, 256, 3858, 3859, 256, 3859, 258, 258, 3859, 1390, 1390, 3859, 3860, 1390, 3860, 1393, 1393, 3860, 1395, 1395, 3860, 3861, 1395, 3861, 1397, 1397, 3861, 1399, 1399, 3861, 1401, 1401, 3861, 3862, 1401, 3862, 3863, 3863, 3864, 1401, 1401, 3864, 3865, 1401, 3865, 3866, 3866, 3867, 1401, 1401, 3867, 3868, 1401, 3868, 3869, 3869, 3870, 1401, 1401, 3870, 3871, 1401, 3871, 3872, 3872, 3873, 1401, 1401, 3873, 3874, 1401, 3874, 3875, 3875, 3876, 1401, 1401, 3876, 3877, 1401, 3877, 3878, 3879, 2311, 3878, 3878, 2311, 1598, 3878, 1598, 1596, 3880, 2307, 3879, 3879, 2307, 2309, 3879, 2309, 2311, 3881, 2301, 3880, 3880, 2301, 2303, 3880, 2303, 2305, 3882, 2297, 3881, 3881, 2297, 2299, 3881, 2299, 2301, 3883, 2293, 3882, 3882, 2293, 2295, 3882, 2295, 2297, 3884, 2326, 3883, 3883, 2326, 2291, 3883, 2291, 2293, 3885, 2357, 3884, 3884, 2357, 2348, 3884, 2348, 2338, 3886, 2373, 3885, 3885, 2373, 2365, 3885, 2365, 2357, 3887, 2377, 3886, 3886, 2377, 2375, 3886, 2375, 2373, 3888, 2154, 3887, 3887, 2154, 2381, 3887, 2381, 2379, 3889, 2382, 3888, 3888, 2382, 2153, 3888, 2153, 2154, 3890, 2391, 3889, 3889, 2391, 2387, 3889, 2387, 2382, 3891, 2140, 3890, 3890, 2140, 2394, 3890, 2394, 2391, 3892, 2397, 3891, 3891, 2397, 2132, 3891, 2132, 2131, 3893, 2102, 3892, 3892, 2102, 2104, 3892, 2104, 2397, 3894, 2098, 3893, 3893, 2098, 2100, 3893, 2100, 2102, 3895, 2094, 3894, 3894, 2094, 2096, 3894, 2096, 2098, 3896, 2088, 3895, 3895, 2088, 2090, 3895, 2090, 2092, 3897, 2084, 3896, 3896, 2084, 2086, 3896, 2086, 2088, 3898, 1174, 3897, 3897, 1174, 1176, 3897, 1176, 2084, 3899, 1170, 3898, 3898, 1170, 1172, 3898, 1172, 1174, 3900, 1164, 3899, 3899, 1164, 1166, 3899, 1166, 1168, 3900, 3901, 1164, 1164, 3901, 3902, 1164, 3902, 3903, 3903, 3904, 1164, 1164, 3904, 3905, 1164, 3905, 3906, 3906, 3907, 1164, 1164, 3907, 3908, 1164, 3908, 3909, 3909, 3910, 1164, 1164, 3910, 3911, 1164, 3911, 3912, 3912, 3913, 1164, 1164, 3913, 3914, 1164, 3914, 3915, 3915, 3841, 1164, 1164, 3841, 1162, 1162, 3841, 1160, 1160, 3841, 1158, 1158, 3841, 1156, 1156, 3841, 1154, 1154, 3841, 1190, 1190, 3841, 1202, 1202, 3841, 1213, 1213, 3841, 1224, 1224, 3841, 1234, 1234, 3841, 1244, 1244, 3841, 1246, 1246, 3841, 1248, 1248, 3841, 1250, 1250, 3841, 1252, 1252, 3841, 1254, 1254, 3841, 1099, 1099, 3841, 1100, 1100, 3841, 1257, 1257, 3841, 1259, 1259, 3841, 1261, 1261, 3841, 1300, 1300, 3841, 1303, 134, 1298, 132, 132, 1298, 130, 130, 1298, 1296, 130, 1296, 128, 128, 1296, 1294, 128, 1294, 126, 126, 1294, 1292, 126, 1292, 124, 124, 1292, 1290, 124, 1290, 122, 122, 1290, 1288, 122, 1288, 120, 120, 1288, 1286, 120, 1286, 118, 118, 1286, 1284, 118, 1284, 116, 116, 1284, 1282, 116, 1282, 114, 114, 1282, 1280, 114, 1280, 112, 112, 1280, 1278, 112, 1278, 148, 148, 1278, 1308, 148, 1308, 160, 160, 1308, 1306, 1168, 1170, 3899, 2092, 2094, 3895, 2131, 2140, 3891, 2379, 2377, 3887, 2338, 2326, 3884, 2305, 2307, 3880, 1596, 1594, 3878, 3878, 1594, 1592, 3878, 1592, 1590, 1590, 1588, 3878, 3878, 1588, 1586, 3878, 1586, 1584, 1584, 1582, 3878, 3878, 1582, 1580, 3878, 1580, 1578, 1578, 1576, 3878, 3878, 1576, 1607, 3878, 1607, 1605, 1605, 1602, 3878, 3878, 1602, 1599, 3878, 1599, 1559, 1559, 1557, 3878, 3878, 1557, 1555, 3878, 1555, 1481, 1481, 1480, 3878, 3878, 1480, 1552, 3878, 1552, 1550, 1550, 1548, 3878, 3878, 1548, 1546, 3878, 1546, 1544, 1544, 1542, 3878, 3878, 1542, 1532, 3878, 1532, 1522, 1522, 1511, 3878, 3878, 1511, 1499, 3878, 1499, 1482, 1482, 1411, 3878, 3878, 1411, 1409, 3878, 1409, 1407, 1407, 1405, 3878, 3878, 1405, 1403, 3878, 1403, 1401, 2980, 2979, 2978, 2978, 2976, 2974, 2974, 2972, 2970, 2970, 2968, 2966, 2966, 2964, 2962, 2962, 2960, 2958, 2958, 2956, 2954, 2954, 2952, 2950, 2950, 2948, 2946, 2946, 2944, 2942, 2942, 2940, 2938, 2938, 2936, 2934, 2934, 2932, 2930, 2930, 2928, 2994, 2994, 2996, 2998, 2998, 3000, 3199, 3199, 3198, 3197, 3197, 3196, 3195, 3195, 3194, 3193, 3193, 3192, 3191, 3191, 3190, 3189, 3189, 3188, 3187, 3187, 3186, 3185, 3185, 3184, 3183, 3183, 3182, 3181, 3181, 3180, 3179, 3179, 3178, 3177, 3177, 3176, 3175, 3175, 3174, 3173, 3173, 3172, 3171, 3171, 3170, 3169, 3169, 2993, 2992, 2992, 2991, 2990, 2990, 2989, 2988, 2988, 2987, 2986, 2986, 2985, 2984, 2984, 2983, 2982, 2982, 2981, 2980, 2980, 2978, 2974, 2974, 2970, 2966, 2966, 2962, 2958, 2958, 2954, 2950, 2950, 2946, 2942, 2942, 2938, 2934, 2934, 2930, 2994, 2994, 2998, 3199, 3199, 3197, 3195, 3195, 3193, 3191, 3191, 3189, 3187, 3187, 3185, 3183, 3183, 3181, 3179, 3179, 3177, 3175, 3175, 3173, 3171, 3171, 3169, 2992, 2992, 2990, 2988, 2988, 2986, 2984, 2984, 2982, 2980, 2980, 2974, 2966, 2966, 2958, 2950, 2950, 2942, 2934, 2934, 2994, 3199, 3199, 3195, 3191, 3191, 3187, 3183, 3183, 3179, 3175, 3175, 3171, 2992, 2992, 2988, 2984, 2984, 2980, 2966, 2966, 2950, 2934, 2934, 3199, 3191, 3191, 3183, 3175, 3175, 2992, 2984, 2984, 2966, 2934, 2934, 3191, 3175, 2934, 3175, 2984, 2955, 2957, 2959, 2959, 2961, 2963, 2963, 2965, 2967, 2967, 2969, 2971, 2971, 2973, 2975, 2975, 2977, 3214, 3214, 3213, 3212, 3212, 3211, 3210, 3210, 3209, 3208, 3208, 3207, 3206, 3206, 3205, 3204, 3204, 3203, 3202, 3202, 3201, 3200, 3200, 3230, 3229, 3229, 3228, 3227, 3227, 3226, 3225, 3225, 3224, 3223, 3223, 3222, 3221, 3221, 3220, 3219, 3219, 3218, 3217, 3217, 3216, 3215, 3215, 3161, 3160, 3160, 3159, 3158, 3158, 3157, 3156, 3156, 3155, 3154, 3154, 3153, 3152, 3152, 3151, 3150, 3150, 3149, 3148, 3148, 3147, 3146, 3146, 3162, 3164, 3164, 3166, 3168, 3168, 3087, 3089, 3089, 3091, 3093, 3093, 3095, 3097, 3097, 3099, 3101, 3101, 3084, 3083, 3083, 2949, 2951, 2951, 2953, 2955, 2955, 2959, 2963, 2963, 2967, 2971, 2971, 2975, 3214, 3214, 3212, 3210, 3210, 3208, 3206, 3206, 3204, 3202, 3202, 3200, 3229, 3229, 3227, 3225, 3225, 3223, 3221, 3221, 3219, 3217, 3217, 3215, 3160, 3160, 3158, 3156, 3156, 3154, 3152, 3152, 3150, 3148, 3148, 3146, 3164, 3164, 3168, 3089, 3089, 3093, 3097, 3097, 3101, 3083, 3083, 2951, 2955, 2955, 2963, 2971, 2971, 3214, 3210, 3210, 3206, 3202, 3202, 3229, 3225, 3225, 3221, 3217, 3217, 3160, 3156, 3156, 3152, 3148, 3148, 3164, 3089, 3089, 3097, 3083, 3083, 2955, 2971, 2971, 3210, 3202, 3202, 3225, 3217, 3217, 3156, 3148, 3148, 3089, 3083, 3083, 2971, 3202, 3202, 3217, 3148, 3202, 3148, 3083, 3052, 3051, 3050, 3050, 3049, 3054, 3054, 3056, 3058, 3058, 3060, 3062, 3062, 3064, 3066, 3066, 3068, 3070, 3070, 3072, 3074, 3074, 3076, 3078, 3078, 3080, 3082, 3082, 3102, 3100, 3100, 3098, 3096, 3096, 3094, 3092, 3092, 3090, 3088, 3088, 3086, 3085, 3085, 3167, 3165, 3165, 3163, 3145, 3145, 3144, 3143, 3143, 3142, 3141, 3141, 3140, 3139, 3139, 3138, 3137, 3137, 3136, 3135, 3135, 3134, 3133, 3133, 3132, 3131, 3131, 3130, 3129, 3129, 3128, 3127, 3127, 3126, 3125, 3125, 3124, 3123, 3123, 3122, 3121, 3121, 3120, 3119, 3119, 3118, 3117, 3117, 3116, 3115, 3115, 3114, 3113, 3113, 3112, 3111, 3111, 3110, 3109, 3109, 3108, 3107, 3107, 3106, 3105, 3105, 3104, 3103, 3103, 3053, 3052, 3052, 3050, 3054, 3054, 3058, 3062, 3062, 3066, 3070, 3070, 3074, 3078, 3078, 3082, 3100, 3100, 3096, 3092, 3092, 3088, 3085, 3085, 3165, 3145, 3145, 3143, 3141, 3141, 3139, 3137, 3137, 3135, 3133, 3133, 3131, 3129, 3129, 3127, 3125, 3125, 3123, 3121, 3121, 3119, 3117, 3117, 3115, 3113, 3113, 3111, 3109, 3109, 3107, 3105, 3105, 3103, 3052, 3052, 3054, 3062, 3062, 3070, 3078, 3078, 3100, 3092, 3092, 3085, 3145, 3145, 3141, 3137, 3137, 3133, 3129, 3129, 3125, 3121, 3121, 3117, 3113, 3113, 3109, 3105, 3105, 3052, 3062, 3062, 3078, 3092, 3092, 3145, 3137, 3137, 3129, 3121, 3121, 3113, 3105, 3105, 3062, 3092, 3092, 3137, 3121, 3092, 3121, 3105, 2931, 2933, 2935, 2935, 2937, 2939, 2939, 2941, 2943, 2943, 2945, 2947, 2947, 3081, 3079, 3079, 3077, 3075, 3075, 3073, 3071, 3071, 3069, 3067, 3067, 3065, 3063, 3063, 3061, 3059, 3059, 3057, 3055, 3055, 3048, 3047, 3047, 3046, 3045, 3045, 3044, 3043, 3043, 3042, 3041, 3041, 3040, 3039, 3039, 3038, 3037, 3037, 3036, 3035, 3035, 3034, 3033, 3033, 3032, 3031, 3031, 3030, 3029, 3029, 3028, 3027, 3027, 3026, 3025, 3025, 3024, 3023, 3023, 3022, 3021, 3021, 3020, 3019, 3019, 3018, 3017, 3017, 3016, 3015, 3015, 3014, 3013, 3013, 3012, 3011, 3011, 3010, 3009, 3009, 3008, 3007, 3007, 3006, 3005, 3005, 3004, 3003, 3003, 3002, 3001, 3001, 2999, 2997, 2997, 2995, 2927, 2927, 2929, 2931, 2931, 2935, 2939, 2939, 2943, 2947, 2947, 3079, 3075, 3075, 3071, 3067, 3067, 3063, 3059, 3059, 3055, 3047, 3047, 3045, 3043, 3043, 3041, 3039, 3039, 3037, 3035, 3035, 3033, 3031, 3031, 3029, 3027, 3027, 3025, 3023, 3023, 3021, 3019, 3019, 3017, 3015, 3015, 3013, 3011, 3011, 3009, 3007, 3007, 3005, 3003, 3003, 3001, 2997, 2997, 2927, 2931, 2931, 2939, 2947, 2947, 3075, 3067, 3067, 3059, 3047, 3047, 3043, 3039, 3039, 3035, 3031, 3031, 3027, 3023, 3023, 3019, 3015, 3015, 3011, 3007, 3007, 3003, 2997, 2997, 2931, 2947, 2947, 3067, 3047, 3047, 3039, 3031, 3031, 3023, 3015, 3015, 3007, 2997, 2997, 2947, 3047, 3047, 3031, 3015, 3047, 3015, 2997, 3413, 3412, 3411, 3411, 3410, 3409, 3409, 3408, 3407, 3407, 3406, 3405, 3405, 3508, 3507, 3507, 3506, 3505, 3505, 3504, 3503, 3503, 3502, 3501, 3501, 3500, 3499, 3499, 3498, 3497, 3497, 3496, 3494, 3494, 3492, 3490, 3490, 3488, 3485, 3485, 3483, 3481, 3481, 3479, 3477, 3477, 3475, 3473, 3473, 3471, 3469, 3469, 3467, 3465, 3465, 3463, 3461, 3461, 3459, 3457, 3457, 3455, 3453, 3453, 3451, 3449, 3449, 3447, 3445, 3445, 3442, 3441, 3441, 3440, 3439, 3439, 3438, 3437, 3437, 3436, 3435, 3435, 3434, 3433, 3433, 3432, 3431, 3431, 3430, 3429, 3429, 3428, 3427, 3427, 3426, 3425, 3425, 3424, 3423, 3423, 3422, 3421, 3421, 3420, 3419, 3419, 3418, 3417, 3417, 3416, 3415, 3415, 3414, 3413, 3413, 3411, 3409, 3409, 3407, 3405, 3405, 3507, 3505, 3505, 3503, 3501, 3501, 3499, 3497, 3497, 3494, 3490, 3490, 3485, 3481, 3481, 3477, 3473, 3473, 3469, 3465, 3465, 3461, 3457, 3457, 3453, 3449, 3449, 3445, 3441, 3441, 3439, 3437, 3437, 3435, 3433, 3433, 3431, 3429, 3429, 3427, 3425, 3425, 3423, 3421, 3421, 3419, 3417, 3417, 3415, 3413, 3413, 3409, 3405, 3405, 3505, 3501, 3501, 3497, 3490, 3490, 3481, 3473, 3473, 3465, 3457, 3457, 3449, 3441, 3441, 3437, 3433, 3433, 3429, 3425, 3425, 3421, 3417, 3417, 3413, 3405, 3405, 3501, 3490, 3490, 3473, 3457, 3457, 3441, 3433, 3433, 3425, 3417, 3417, 3405, 3490, 3490, 3457, 3433, 3490, 3433, 3417, 3532, 3534, 3545, 3545, 3546, 3547, 3547, 3548, 3549, 3549, 3550, 3551, 3551, 3552, 3553, 3553, 3554, 3556, 3556, 3558, 3560, 3560, 3486, 3487, 3487, 3489, 3491, 3491, 3493, 3495, 3495, 3575, 3574, 3574, 3573, 3572, 3572, 3571, 3570, 3570, 3569, 3568, 3568, 3567, 3566, 3566, 3565, 3564, 3564, 3563, 3562, 3562, 3561, 3611, 3611, 3610, 3609, 3609, 3608, 3607, 3607, 3606, 3605, 3605, 3604, 3603, 3603, 3602, 3601, 3601, 3600, 3599, 3599, 3598, 3597, 3597, 3596, 3595, 3595, 3594, 3593, 3593, 3592, 3591, 3591, 3590, 3589, 3589, 3588, 3587, 3587, 3586, 3585, 3585, 3584, 3583, 3583, 3582, 3581, 3581, 3580, 3579, 3579, 3578, 3577, 3577, 3576, 3334, 3334, 3526, 3528, 3528, 3530, 3532, 3532, 3545, 3547, 3547, 3549, 3551, 3551, 3553, 3556, 3556, 3560, 3487, 3487, 3491, 3495, 3495, 3574, 3572, 3572, 3570, 3568, 3568, 3566, 3564, 3564, 3562, 3611, 3611, 3609, 3607, 3607, 3605, 3603, 3603, 3601, 3599, 3599, 3597, 3595, 3595, 3593, 3591, 3591, 3589, 3587, 3587, 3585, 3583, 3583, 3581, 3579, 3579, 3577, 3334, 3334, 3528, 3532, 3532, 3547, 3551, 3551, 3556, 3487, 3487, 3495, 3572, 3572, 3568, 3564, 3564, 3611, 3607, 3607, 3603, 3599, 3599, 3595, 3591, 3591, 3587, 3583, 3583, 3579, 3334, 3334, 3532, 3551, 3551, 3487, 3572, 3572, 3564, 3607, 3607, 3599, 3591, 3591, 3583, 3334, 3334, 3551, 3572, 3572, 3607, 3591, 3572, 3591, 3334, 3261, 3259, 3257, 3257, 3255, 3253, 3253, 3373, 3371, 3371, 3369, 3367, 3367, 3365, 3363, 3363, 3361, 3359, 3359, 3357, 3355, 3355, 3353, 3351, 3351, 3349, 3347, 3347, 3345, 3343, 3343, 3341, 3331, 3331, 3333, 3335, 3335, 3336, 3337, 3337, 3338, 3339, 3339, 3404, 3403, 3403, 3402, 3401, 3401, 3400, 3399, 3399, 3398, 3397, 3397, 3396, 3395, 3395, 3394, 3393, 3393, 3392, 3391, 3391, 3390, 3389, 3389, 3388, 3387, 3387, 3386, 3385, 3385, 3384, 3383, 3383, 3382, 3381, 3381, 3380, 3379, 3379, 3378, 3377, 3377, 3376, 3375, 3375, 3294, 3293, 3293, 3291, 3289, 3289, 3287, 3285, 3285, 3283, 3281, 3281, 3279, 3277, 3277, 3275, 3273, 3273, 3271, 3269, 3269, 3267, 3265, 3265, 3263, 3261, 3261, 3257, 3253, 3253, 3371, 3367, 3367, 3363, 3359, 3359, 3355, 3351, 3351, 3347, 3343, 3343, 3331, 3335, 3335, 3337, 3339, 3339, 3403, 3401, 3401, 3399, 3397, 3397, 3395, 3393, 3393, 3391, 3389, 3389, 3387, 3385, 3385, 3383, 3381, 3381, 3379, 3377, 3377, 3375, 3293, 3293, 3289, 3285, 3285, 3281, 3277, 3277, 3273, 3269, 3269, 3265, 3261, 3261, 3253, 3367, 3367, 3359, 3351, 3351, 3343, 3335, 3335, 3339, 3401, 3401, 3397, 3393, 3393, 3389, 3385, 3385, 3381, 3377, 3377, 3293, 3285, 3285, 3277, 3269, 3269, 3261, 3367, 3367, 3351, 3335, 3335, 3401, 3393, 3393, 3385, 3377, 3377, 3285, 3269, 3269, 3367, 3335, 3335, 3393, 3377, 3335, 3377, 3269, 3525, 3332, 3340, 3340, 3342, 3344, 3344, 3346, 3348, 3348, 3350, 3352, 3352, 3354, 3356, 3356, 3358, 3360, 3360, 3362, 3364, 3364, 3366, 3368, 3368, 3370, 3372, 3372, 3374, 3233, 3233, 3524, 3523, 3523, 3522, 3521, 3521, 3520, 3519, 3519, 3518, 3517, 3517, 3516, 3515, 3515, 3514, 3513, 3513, 3512, 3511, 3511, 3510, 3509, 3509, 3443, 3444, 3444, 3446, 3448, 3448, 3450, 3452, 3452, 3454, 3456, 3456, 3458, 3460, 3460, 3462, 3464, 3464, 3466, 3468, 3468, 3470, 3472, 3472, 3474, 3476, 3476, 3478, 3480, 3480, 3482, 3484, 3484, 3559, 3557, 3557, 3555, 3544, 3544, 3543, 3542, 3542, 3541, 3540, 3540, 3539, 3538, 3538, 3537, 3536, 3536, 3535, 3533, 3533, 3531, 3529, 3529, 3527, 3525, 3525, 3340, 3344, 3344, 3348, 3352, 3352, 3356, 3360, 3360, 3364, 3368, 3368, 3372, 3233, 3233, 3523, 3521, 3521, 3519, 3517, 3517, 3515, 3513, 3513, 3511, 3509, 3509, 3444, 3448, 3448, 3452, 3456, 3456, 3460, 3464, 3464, 3468, 3472, 3472, 3476, 3480, 3480, 3484, 3557, 3557, 3544, 3542, 3542, 3540, 3538, 3538, 3536, 3533, 3533, 3529, 3525, 3525, 3344, 3352, 3352, 3360, 3368, 3368, 3233, 3521, 3521, 3517, 3513, 3513, 3509, 3448, 3448, 3456, 3464, 3464, 3472, 3480, 3480, 3557, 3542, 3542, 3538, 3533, 3533, 3525, 3352, 3352, 3368, 3521, 3521, 3513, 3448, 3448, 3464, 3480, 3480, 3542, 3533, 3533, 3352, 3521, 3521, 3448, 3480, 3521, 3480, 3533, 3235, 3236, 3237, 3237, 3238, 3239, 3239, 3240, 3241, 3241, 3242, 3243, 3243, 3244, 3245, 3245, 3246, 3247, 3247, 3248, 3249, 3249, 3250, 3251, 3251, 3252, 3254, 3254, 3256, 3258, 3258, 3260, 3262, 3262, 3264, 3266, 3266, 3268, 3270, 3270, 3272, 3274, 3274, 3276, 3278, 3278, 3280, 3282, 3282, 3284, 3286, 3286, 3288, 3290, 3290, 3330, 3329, 3329, 3328, 3327, 3327, 3326, 3325, 3325, 3324, 3323, 3323, 3322, 3321, 3321, 3320, 3319, 3319, 3318, 3317, 3317, 3316, 3315, 3315, 3314, 3313, 3313, 3312, 3311, 3311, 3310, 3309, 3309, 3308, 3307, 3307, 3306, 3305, 3305, 3304, 3303, 3303, 3302, 3301, 3301, 3300, 3299, 3299, 3298, 3297, 3297, 3296, 3295, 3295, 3231, 3232, 3232, 3234, 3235, 3235, 3237, 3239, 3239, 3241, 3243, 3243, 3245, 3247, 3247, 3249, 3251, 3251, 3254, 3258, 3258, 3262, 3266, 3266, 3270, 3274, 3274, 3278, 3282, 3282, 3286, 3290, 3290, 3329, 3327, 3327, 3325, 3323, 3323, 3321, 3319, 3319, 3317, 3315, 3315, 3313, 3311, 3311, 3309, 3307, 3307, 3305, 3303, 3303, 3301, 3299, 3299, 3297, 3295, 3295, 3232, 3235, 3235, 3239, 3243, 3243, 3247, 3251, 3251, 3258, 3266, 3266, 3274, 3282, 3282, 3290, 3327, 3327, 3323, 3319, 3319, 3315, 3311, 3311, 3307, 3303, 3303, 3299, 3295, 3295, 3235, 3243, 3243, 3251, 3266, 3266, 3282, 3327, 3327, 3319, 3311, 3311, 3303, 3295, 3295, 3243, 3266, 3266, 3327, 3311, 3266, 3311, 3295, 3716, 3718, 3720, 3720, 3722, 3724, 3724, 3726, 3728, 3728, 3730, 3732, 3732, 3734, 3736, 3736, 3738, 3740, 3740, 3742, 3744, 3744, 3746, 3748, 3748, 3822, 3821, 3821, 3820, 3819, 3819, 3818, 3817, 3817, 3816, 3815, 3815, 3814, 3813, 3813, 3812, 3811, 3811, 3810, 3809, 3809, 3808, 3807, 3807, 3806, 3805, 3805, 3804, 3803, 3803, 3802, 3801, 3801, 3800, 3799, 3799, 3798, 3797, 3797, 3796, 3795, 3795, 3794, 3793, 3793, 3792, 3791, 3791, 3790, 3789, 3789, 3788, 3787, 3787, 3785, 3786, 3786, 3839, 3838, 3838, 3837, 3836, 3836, 3835, 3834, 3834, 3833, 3832, 3832, 3831, 3830, 3830, 3829, 3828, 3828, 3827, 3826, 3826, 3825, 3824, 3824, 3823, 3713, 3713, 3712, 3710, 3710, 3714, 3716, 3716, 3720, 3724, 3724, 3728, 3732, 3732, 3736, 3740, 3740, 3744, 3748, 3748, 3821, 3819, 3819, 3817, 3815, 3815, 3813, 3811, 3811, 3809, 3807, 3807, 3805, 3803, 3803, 3801, 3799, 3799, 3797, 3795, 3795, 3793, 3791, 3791, 3789, 3787, 3787, 3786, 3838, 3838, 3836, 3834, 3834, 3832, 3830, 3830, 3828, 3826, 3826, 3824, 3713, 3713, 3710, 3716, 3716, 3724, 3732, 3732, 3740, 3748, 3748, 3819, 3815, 3815, 3811, 3807, 3807, 3803, 3799, 3799, 3795, 3791, 3791, 3787, 3838, 3838, 3834, 3830, 3830, 3826, 3713, 3713, 3716, 3732, 3732, 3748, 3815, 3815, 3807, 3799, 3799, 3791, 3838, 3838, 3830, 3713, 3713, 3732, 3815, 3815, 3799, 3838, 3815, 3838, 3713, 3643, 3644, 3645, 3645, 3767, 3766, 3766, 3765, 3764, 3764, 3763, 3762, 3762, 3761, 3760, 3760, 3759, 3758, 3758, 3757, 3756, 3756, 3755, 3754, 3754, 3753, 3752, 3752, 3751, 3750, 3750, 3749, 3747, 3747, 3745, 3743, 3743, 3741, 3739, 3739, 3737, 3735, 3735, 3733, 3731, 3731, 3729, 3727, 3727, 3725, 3723, 3723, 3721, 3719, 3719, 3717, 3715, 3715, 3709, 3711, 3711, 3784, 3783, 3783, 3782, 3781, 3781, 3780, 3779, 3779, 3778, 3777, 3777, 3776, 3775, 3775, 3774, 3773, 3773, 3772, 3771, 3771, 3770, 3769, 3769, 3768, 3616, 3616, 3615, 3613, 3613, 3617, 3619, 3619, 3621, 3623, 3623, 3625, 3627, 3627, 3629, 3631, 3631, 3633, 3635, 3635, 3637, 3639, 3639, 3640, 3641, 3641, 3642, 3643, 3643, 3645, 3766, 3766, 3764, 3762, 3762, 3760, 3758, 3758, 3756, 3754, 3754, 3752, 3750, 3750, 3747, 3743, 3743, 3739, 3735, 3735, 3731, 3727, 3727, 3723, 3719, 3719, 3715, 3711, 3711, 3783, 3781, 3781, 3779, 3777, 3777, 3775, 3773, 3773, 3771, 3769, 3769, 3616, 3613, 3613, 3619, 3623, 3623, 3627, 3631, 3631, 3635, 3639, 3639, 3641, 3643, 3643, 3766, 3762, 3762, 3758, 3754, 3754, 3750, 3743, 3743, 3735, 3727, 3727, 3719, 3711, 3711, 3781, 3777, 3777, 3773, 3769, 3769, 3613, 3623, 3623, 3631, 3639, 3639, 3643, 3762, 3762, 3754, 3743, 3743, 3727, 3711, 3711, 3777, 3769, 3769, 3623, 3639, 3639, 3762, 3743, 3743, 3711, 3769, 3743, 3769, 3639, 3612, 3614, 3708, 3708, 3707, 3706, 3706, 3705, 3704, 3704, 3703, 3702, 3702, 3701, 3700, 3700, 3699, 3698, 3698, 3697, 3696, 3696, 3695, 3694, 3694, 3693, 3692, 3692, 3691, 3690, 3690, 3689, 3688, 3688, 3687, 3686, 3686, 3685, 3684, 3684, 3683, 3682, 3682, 3681, 3680, 3680, 3679, 3678, 3678, 3677, 3676, 3676, 3675, 3674, 3674, 3673, 3672, 3672, 3671, 3670, 3670, 3669, 3668, 3668, 3667, 3666, 3666, 3665, 3664, 3664, 3663, 3662, 3662, 3661, 3660, 3660, 3659, 3658, 3658, 3657, 3656, 3656, 3655, 3654, 3654, 3653, 3652, 3652, 3651, 3650, 3650, 3649, 3648, 3648, 3647, 3646, 3646, 3638, 3636, 3636, 3634, 3632, 3632, 3630, 3628, 3628, 3626, 3624, 3624, 3622, 3620, 3620, 3618, 3612, 3612, 3708, 3706, 3706, 3704, 3702, 3702, 3700, 3698, 3698, 3696, 3694, 3694, 3692, 3690, 3690, 3688, 3686, 3686, 3684, 3682, 3682, 3680, 3678, 3678, 3676, 3674, 3674, 3672, 3670, 3670, 3668, 3666, 3666, 3664, 3662, 3662, 3660, 3658, 3658, 3656, 3654, 3654, 3652, 3650, 3650, 3648, 3646, 3646, 3636, 3632, 3632, 3628, 3624, 3624, 3620, 3612, 3612, 3706, 3702, 3702, 3698, 3694, 3694, 3690, 3686, 3686, 3682, 3678, 3678, 3674, 3670, 3670, 3666, 3662, 3662, 3658, 3654, 3654, 3650, 3646, 3646, 3632, 3624, 3624, 3612, 3702, 3702, 3694, 3686, 3686, 3678, 3670, 3670, 3662, 3654, 3654, 3646, 3624, 3624, 3702, 3686, 3686, 3670, 3654, 3686, 3654, 3624, 2842, 2844, 2846, 2846, 2848, 2850, 2850, 2852, 2854, 2854, 2856, 2858, 2858, 2860, 2862, 2862, 2886, 2885, 2885, 2884, 2883, 2883, 2882, 2881, 2881, 2880, 2879, 2879, 2878, 2877, 2877, 2876, 2875, 2875, 2874, 2873, 2873, 2872, 2871, 2871, 2870, 2869, 2869, 2868, 2867, 2867, 2865, 2866, 2866, 2925, 2924, 2924, 2923, 2922, 2922, 2921, 2920, 2920, 2919, 2918, 2918, 2917, 2916, 2916, 2915, 2914, 2914, 2913, 2912, 2912, 2911, 2910, 2910, 2909, 2908, 2908, 2907, 2906, 2906, 2905, 2904, 2904, 2903, 2902, 2902, 2901, 2900, 2900, 2899, 2898, 2898, 2897, 2896, 2896, 2895, 2894, 2894, 2893, 2892, 2892, 2891, 2890, 2890, 2889, 2888, 2888, 2887, 2837, 2837, 2838, 2839, 2839, 2840, 2842, 2842, 2846, 2850, 2850, 2854, 2858, 2858, 2862, 2885, 2885, 2883, 2881, 2881, 2879, 2877, 2877, 2875, 2873, 2873, 2871, 2869, 2869, 2867, 2866, 2866, 2924, 2922, 2922, 2920, 2918, 2918, 2916, 2914, 2914, 2912, 2910, 2910, 2908, 2906, 2906, 2904, 2902, 2902, 2900, 2898, 2898, 2896, 2894, 2894, 2892, 2890, 2890, 2888, 2837, 2837, 2839, 2842, 2842, 2850, 2858, 2858, 2885, 2881, 2881, 2877, 2873, 2873, 2869, 2866, 2866, 2922, 2918, 2918, 2914, 2910, 2910, 2906, 2902, 2902, 2898, 2894, 2894, 2890, 2837, 2837, 2842, 2858, 2858, 2881, 2873, 2873, 2866, 2918, 2918, 2910, 2902, 2902, 2894, 2837, 2837, 2858, 2873, 2873, 2918, 2902, 2873, 2902, 2837, 2779, 2778, 2777, 2777, 2776, 2774, 2774, 2775, 2864, 2864, 2863, 2861, 2861, 2859, 2857, 2857, 2855, 2853, 2853, 2851, 2849, 2849, 2847, 2845, 2845, 2843, 2841, 2841, 2836, 2835, 2835, 2834, 2833, 2833, 2832, 2831, 2831, 2830, 2829, 2829, 2828, 2827, 2827, 2826, 2825, 2825, 2824, 2823, 2823, 2822, 2821, 2821, 2820, 2819, 2819, 2818, 2817, 2817, 2816, 2815, 2815, 2814, 2813, 2813, 2812, 2811, 2811, 2810, 2809, 2809, 2808, 2807, 2807, 2806, 2805, 2805, 2804, 2803, 2803, 2802, 2801, 2801, 2800, 2799, 2799, 2798, 2797, 2797, 2796, 2795, 2795, 2794, 2793, 2793, 2792, 2791, 2791, 2790, 2789, 2789, 2788, 2787, 2787, 2786, 2785, 2785, 2784, 2783, 2783, 2782, 2781, 2781, 2780, 2779, 2779, 2777, 2774, 2774, 2864, 2861, 2861, 2857, 2853, 2853, 2849, 2845, 2845, 2841, 2835, 2835, 2833, 2831, 2831, 2829, 2827, 2827, 2825, 2823, 2823, 2821, 2819, 2819, 2817, 2815, 2815, 2813, 2811, 2811, 2809, 2807, 2807, 2805, 2803, 2803, 2801, 2799, 2799, 2797, 2795, 2795, 2793, 2791, 2791, 2789, 2787, 2787, 2785, 2783, 2783, 2781, 2779, 2779, 2774, 2861, 2861, 2853, 2845, 2845, 2835, 2831, 2831, 2827, 2823, 2823, 2819, 2815, 2815, 2811, 2807, 2807, 2803, 2799, 2799, 2795, 2791, 2791, 2787, 2783, 2783, 2779, 2861, 2861, 2845, 2831, 2831, 2823, 2815, 2815, 2807, 2799, 2799, 2791, 2783, 2783, 2861, 2831, 2831, 2815, 2799, 2831, 2799, 2783, 3845, 3844, 3843, 3843, 3842, 3840, 3840, 3841, 3915, 3915, 3914, 3913, 3913, 3912, 3911, 3911, 3910, 3909, 3909, 3908, 3907, 3907, 3906, 3905, 3905, 3904, 3903, 3903, 3902, 3901, 3901, 3900, 3899, 3899, 3898, 3897, 3897, 3896, 3895, 3895, 3894, 3893, 3893, 3892, 3891, 3891, 3890, 3889, 3889, 3888, 3887, 3887, 3886, 3885, 3885, 3884, 3883, 3883, 3882, 3881, 3881, 3880, 3879, 3879, 3878, 3877, 3877, 3876, 3875, 3875, 3874, 3873, 3873, 3872, 3871, 3871, 3870, 3869, 3869, 3868, 3867, 3867, 3866, 3865, 3865, 3864, 3863, 3863, 3862, 3861, 3861, 3860, 3859, 3859, 3858, 3857, 3857, 3856, 3855, 3855, 3854, 3853, 3853, 3852, 3851, 3851, 3850, 3849, 3849, 3848, 3847, 3847, 3846, 3845, 3845, 3843, 3840, 3840, 3915, 3913, 3913, 3911, 3909, 3909, 3907, 3905, 3905, 3903, 3901, 3901, 3899, 3897, 3897, 3895, 3893, 3893, 3891, 3889, 3889, 3887, 3885, 3885, 3883, 3881, 3881, 3879, 3877, 3877, 3875, 3873, 3873, 3871, 3869, 3869, 3867, 3865, 3865, 3863, 3861, 3861, 3859, 3857, 3857, 3855, 3853, 3853, 3851, 3849, 3849, 3847, 3845, 3845, 3840, 3913, 3913, 3909, 3905, 3905, 3901, 3897, 3897, 3893, 3889, 3889, 3885, 3881, 3881, 3877, 3873, 3873, 3869, 3865, 3865, 3861, 3857, 3857, 3853, 3849, 3849, 3845, 3913, 3913, 3905, 3897, 3897, 3889, 3881, 3881, 3873, 3865, 3865, 3857, 3849, 3849, 3913, 3897, 3897, 3881, 3865, 3897, 3865, 3849, 3916, 3917, 405, 405, 3917, 3918, 405, 3918, 396, 396, 3918, 3919, 396, 3919, 397, 397, 3919, 3920, 397, 3920, 664, 664, 3920, 3921, 664, 3921, 369, 369, 3921, 3922, 369, 3922, 367, 367, 3922, 3923, 367, 3923, 365, 365, 3923, 3924, 365, 3924, 363, 363, 3924, 3925, 363, 3925, 361, 361, 3925, 3926, 361, 3926, 359, 359, 3926, 3927, 359, 3927, 357, 357, 3927, 3928, 357, 3928, 355, 355, 3928, 3929, 355, 3929, 353, 353, 3929, 351, 351, 3929, 3930, 351, 3930, 349, 349, 3930, 3931, 349, 3931, 3292, 3292, 3931, 3932, 3292, 3932, 2657, 2657, 3932, 3933, 2657, 3933, 2655, 2655, 3933, 3934, 2655, 3934, 2653, 2653, 3934, 2651, 2651, 3934, 3935, 2651, 3935, 2649, 2649, 3935, 3936, 2649, 3936, 2647, 2647, 3936, 3937, 2647, 3937, 2645, 2645, 3937, 3938, 2645, 3938, 2643, 2643, 3938, 3939, 2643, 3939, 2641, 2641, 3939, 3940, 2641, 3940, 2639, 2639, 3940, 3941, 2639, 3941, 2637, 2637, 3941, 3942, 2637, 3942, 2671, 2671, 3942, 3943, 2671, 3943, 2683, 2683, 3943, 3944, 2683, 3944, 2693, 2693, 3944, 3945, 2693, 3945, 2702, 2702, 3945, 3946, 2702, 3946, 3947, 3932, 3931, 3948, 3948, 3931, 3949, 3948, 3949, 3950, 3950, 3949, 3951, 3950, 3951, 3952, 3952, 3951, 3953, 3952, 3953, 3954, 3954, 3953, 3955, 3954, 3955, 3956, 3956, 3955, 3957, 3956, 3957, 3958, 3958, 3957, 3959, 3958, 3959, 3960, 3960, 3959, 3961, 3960, 3961, 3962, 3962, 3961, 3963, 3962, 3963, 3964, 3964, 3963, 3965, 3964, 3965, 3966, 3966, 3965, 3967, 3966, 3967, 3968, 3968, 3967, 3969, 3968, 3969, 3970, 3970, 3969, 3971, 3970, 3971, 3972, 3972, 3971, 3973, 3972, 3973, 3974, 3974, 3973, 3975, 3974, 3975, 3976, 3976, 3975, 3977, 3976, 3977, 3978, 3978, 3977, 3979, 3978, 3979, 3980, 3980, 3979, 3981, 3980, 3981, 3982, 3982, 3981, 3983, 3982, 3983, 3984, 3984, 3983, 3985, 3984, 3985, 3986, 3986, 3985, 3987, 3986, 3987, 3988, 3988, 3987, 3989, 3988, 3989, 3990, 3990, 3989, 3991, 3990, 3991, 3992, 3992, 3991, 3993, 3992, 3993, 3994, 3994, 3993, 3995, 3994, 3995, 3996, 3996, 3995, 3997, 3996, 3997, 3998, 3998, 3997, 3999, 3998, 3999, 4000, 4000, 3999, 4001, 4000, 4001, 4002, 4002, 4001, 4003, 4002, 4003, 4004, 4004, 4003, 4005, 4004, 4005, 4006, 4006, 4005, 4007, 4006, 4007, 4008, 4008, 4007, 4009, 4008, 4009, 4010, 4010, 4009, 4011, 4010, 4011, 4012, 4012, 4011, 4013, 4012, 4013, 4014, 4014, 4013, 4015, 4014, 4015, 4016, 4016, 4015, 4017, 4016, 4017, 4018, 4018, 4017, 4019, 4018, 4019, 2926, 2926, 4019, 1966, 1966, 4019, 4020, 1966, 4020, 1964, 1964, 4020, 4021, 1964, 4021, 1962, 1962, 4021, 1960, 1960, 4021, 4022, 1960, 4022, 1958, 1958, 4022, 4023, 1958, 4023, 1956, 1956, 4023, 4024, 1956, 4024, 1954, 1954, 4024, 4025, 1954, 4025, 1952, 1952, 4025, 4026, 1952, 4026, 1950, 1950, 4026, 4027, 1950, 4027, 1948, 1948, 4027, 4028, 1948, 4028, 1946, 1946, 4028, 4029, 1946, 4029, 1980, 1980, 4029, 4030, 1980, 4030, 1992, 1992, 4030, 4031, 1992, 4031, 2002, 2002, 4031, 4032, 2002, 4032, 2011, 2011, 4032, 4033, 2011, 4033, 4034, 3969, 4035, 3971, 3971, 4035, 4036, 4036, 4035, 4037, 4036, 4037, 4038, 4038, 4037, 4039, 4038, 4039, 4040, 4040, 4039, 4041, 4040, 4041, 4042, 4042, 4041, 4043, 4042, 4043, 4044, 4044, 4043, 4045, 4044, 4045, 4046, 4046, 4045, 4047, 4046, 4047, 4048, 4048, 4047, 4049, 4048, 4049, 4050, 4050, 4049, 4051, 4050, 4051, 4052, 4052, 4051, 4053, 4052, 4053, 4054, 4054, 4053, 4055, 4054, 4055, 4056, 4056, 4055, 4057, 4056, 4057, 4058, 4058, 4057, 4059, 4058, 4059, 4060, 4060, 4059, 4061, 4061, 4059, 4062, 4061, 4062, 4063, 4063, 4062, 4064, 4063, 4064, 4065, 4065, 4064, 4066, 4065, 4066, 4067, 4067, 4066, 4068, 4067, 4068, 4069, 4069, 4068, 4070, 4069, 4070, 4071, 4071, 4070, 4072, 4071, 4072, 4073, 4071, 4073, 4074, 4074, 4073, 4075, 4074, 4075, 4076, 4076, 4075, 4077, 4076, 4077, 4078, 4078, 4077, 4079, 4078, 4079, 4080, 4080, 4079, 4081, 4080, 4081, 4082, 4082, 4081, 563, 4082, 563, 4083, 4083, 563, 565, 4083, 565, 4084, 4084, 565, 567, 4084, 567, 4085, 4085, 567, 569, 4085, 569, 571, 4081, 4086, 563, 563, 4086, 561, 561, 4086, 4087, 561, 4087, 559, 559, 4087, 4088, 559, 4088, 557, 557, 4088, 4089, 557, 4089, 593, 593, 4089, 4090, 593, 4090, 605, 605, 4090, 4091, 605, 4091, 615, 615, 4091, 4092, 615, 4092, 624, 624, 4092, 4093, 624, 4093, 4094, 624, 4094, 632, 632, 4094, 4095, 632, 4095, 640, 640, 4095, 4096, 640, 4096, 642, 642, 4096, 4097, 642, 4097, 4098, 642, 4098, 644, 644, 4098, 4099, 644, 4099, 646, 646, 4099, 4100, 646, 4100, 4101, 646, 4101, 648, 648, 4101, 4102, 648, 4102, 4103, 648, 4103, 419, 419, 4103, 4104, 419, 4104, 418, 418, 4104, 4105, 418, 4105, 4106, 418, 4106, 649, 649, 4106, 4107, 649, 4107, 654, 654, 4107, 4108, 654, 4108, 4109, 654, 4109, 658, 658, 4109, 4110, 658, 4110, 661, 661, 4110, 3916, 661, 3916, 405, 2702, 3947, 2710, 2710, 3947, 4111, 2710, 4111, 2718, 2718, 4111, 4112, 2718, 4112, 2720, 2720, 4112, 4113, 2720, 4113, 4114, 2720, 4114, 2722, 2722, 4114, 4115, 2722, 4115, 2724, 2724, 4115, 4116, 2724, 4116, 4117, 2724, 4117, 2726, 2726, 4117, 4118, 2726, 4118, 2500, 2500, 4118, 4119, 2500, 4119, 4120, 2500, 4120, 2499, 2499, 4120, 4121, 2499, 4121, 4122, 2499, 4122, 2727, 2727, 4122, 4123, 2727, 4123, 2732, 2732, 4123, 4124, 2732, 4124, 4125, 2732, 4125, 2736, 2736, 4125, 4126, 2736, 4126, 2739, 2739, 4126, 4127, 2739, 4127, 2486, 2486, 4127, 4128, 2486, 4128, 4129, 2486, 4129, 2477, 2477, 4129, 4130, 2477, 4130, 2478, 2478, 4130, 4131, 2478, 4131, 2742, 2742, 4131, 4132, 2742, 4132, 2450, 2450, 4132, 4133, 2450, 4133, 2448, 2448, 4133, 4134, 2448, 4134, 2446, 2446, 4134, 4135, 2446, 4135, 2444, 2444, 4135, 4136, 2444, 4136, 4137, 4137, 4136, 4138, 4137, 4138, 4139, 4139, 4138, 4140, 4139, 4140, 4141, 4141, 4140, 4142, 4141, 4142, 4143, 4143, 4142, 4144, 4143, 4144, 4145, 4145, 4144, 4146, 4145, 4146, 4147, 4147, 4146, 4148, 4148, 4146, 4149, 4148, 4149, 4150, 4150, 4149, 4151, 4150, 4151, 4152, 4152, 4151, 4153, 4152, 4153, 4154, 4154, 4153, 4155, 4154, 4155, 4156, 4156, 4155, 4157, 4156, 4157, 4158, 4158, 4157, 4159, 4158, 4159, 4160, 4160, 4159, 4161, 4160, 4161, 4162, 4162, 4161, 4163, 4162, 4163, 4164, 4164, 4163, 4165, 4164, 4165, 4166, 4166, 4165, 4167, 4166, 4167, 4168, 4168, 4167, 4169, 4168, 4169, 4170, 4170, 4169, 4171, 4170, 4171, 4172, 4172, 4171, 4173, 4172, 4173, 4174, 4172, 4174, 4175, 4175, 4174, 4176, 4175, 4176, 4177, 4177, 4176, 4178, 4177, 4178, 4179, 4179, 4178, 4180, 4179, 4180, 4181, 4181, 4180, 4182, 4181, 4182, 4183, 4183, 4182, 3968, 4183, 3968, 3970, 3995, 4184, 3997, 3997, 4184, 4185, 4185, 4184, 4186, 4185, 4186, 4187, 4187, 4186, 4188, 4187, 4188, 4189, 4189, 4188, 4190, 4189, 4190, 4191, 4191, 4190, 4192, 4191, 4192, 4193, 4193, 4192, 4194, 4193, 4194, 4195, 4195, 4194, 4196, 4195, 4196, 4197, 4197, 4196, 4198, 4197, 4198, 4199, 4199, 4198, 4200, 4199, 4200, 4201, 4201, 4200, 4202, 4201, 4202, 4203, 4203, 4202, 4204, 4203, 4204, 4205, 4205, 4204, 4206, 4205, 4206, 4207, 4207, 4206, 4208, 4207, 4208, 4209, 4209, 4208, 4210, 4210, 4208, 4211, 4210, 4211, 4212, 4212, 4211, 4213, 4212, 4213, 4214, 4214, 4213, 4215, 4214, 4215, 4216, 4216, 4215, 4217, 4216, 4217, 4218, 4218, 4217, 4219, 4218, 4219, 4220, 4220, 4219, 4221, 4220, 4221, 4222, 4220, 4222, 4223, 4223, 4222, 4224, 4223, 4224, 4225, 4225, 4224, 4226, 4225, 4226, 4227, 4227, 4226, 4228, 4227, 4228, 4229, 4229, 4228, 4230, 4229, 4230, 4231, 4231, 4230, 1752, 4231, 1752, 4232, 4232, 1752, 1754, 4232, 1754, 4233, 4233, 1754, 1756, 4233, 1756, 4234, 4234, 1756, 1758, 4234, 1758, 4235, 4235, 1758, 2051, 4235, 2051, 4236, 4236, 2051, 1786, 4236, 1786, 4237, 4237, 1786, 1785, 4237, 1785, 4238, 4238, 1785, 1794, 4238, 1794, 4239, 4239, 1794, 4240, 4240, 1794, 2048, 4240, 2048, 4241, 4241, 2048, 2045, 4241, 2045, 4242, 4242, 2045, 2041, 4242, 2041, 4243, 4243, 2041, 4244, 4244, 2041, 2036, 4244, 2036, 4245, 4245, 2036, 1807, 4245, 1807, 4246, 4246, 1807, 4247, 4247, 1807, 1808, 4247, 1808, 4248, 4248, 1808, 2035, 4248, 2035, 4249, 4249, 2035, 4250, 4250, 2035, 2033, 4250, 2033, 4251, 4251, 2033, 4252, 4252, 2033, 2031, 4252, 2031, 4253, 4253, 2031, 2029, 4253, 2029, 4254, 4254, 2029, 4255, 4255, 2029, 2027, 4255, 2027, 4256, 4256, 2027, 2019, 4256, 2019, 4034, 4034, 2019, 2011, 4230, 4257, 1752, 1752, 4257, 1750, 1750, 4257, 4258, 1750, 4258, 1748, 1748, 4258, 4259, 1748, 4259, 1746, 1746, 4259, 1744, 1744, 4259, 4260, 1744, 4260, 1742, 1742, 4260, 4261, 1742, 4261, 1740, 1740, 4261, 4262, 1740, 4262, 1738, 1738, 4262, 4263, 1738, 4263, 579, 579, 4263, 4264, 579, 4264, 4265, 579, 4265, 577, 577, 4265, 4266, 577, 4266, 575, 575, 4266, 4267, 575, 4267, 573, 573, 4267, 4268, 573, 4268, 571, 571, 4268, 4085, 4137, 4269, 2444, 2444, 4269, 2442, 2442, 4269, 4270, 2442, 4270, 2440, 2440, 4270, 4271, 2440, 4271, 2438, 2438, 4271, 2436, 2436, 4271, 4272, 2436, 4272, 2434, 2434, 4272, 4273, 2434, 4273, 2432, 2432, 4273, 4274, 2432, 4274, 2430, 2430, 4274, 4275, 2430, 4275, 696, 696, 4275, 4276, 696, 4276, 4277, 696, 4277, 697, 697, 4277, 4278, 697, 4278, 700, 700, 4278, 4279, 700, 4279, 702, 702, 4279, 4280, 702, 4280, 704, 704, 4280, 4281, 704, 4281, 706, 706, 4281, 708, 708, 4281, 4282, 708, 4282, 710, 710, 4282, 4283, 710, 4283, 712, 712, 4283, 4284, 712, 4284, 4285, 4285, 4284, 4286, 4285, 4286, 4287, 4287, 4286, 4288, 4287, 4288, 4289, 4289, 4288, 4290, 4289, 4290, 4291, 4291, 4290, 4292, 4291, 4292, 4293, 4293, 4292, 4294, 4293, 4294, 4295, 4295, 4294, 4296, 4296, 4294, 4297, 4296, 4297, 4298, 4298, 4297, 4299, 4298, 4299, 4300, 4300, 4299, 4301, 4300, 4301, 4302, 4302, 4301, 4303, 4302, 4303, 4304, 4304, 4303, 4305, 4304, 4305, 4306, 4306, 4305, 4307, 4306, 4307, 4308, 4308, 4307, 4309, 4308, 4309, 4310, 4310, 4309, 4311, 4310, 4311, 4312, 4312, 4311, 4313, 4312, 4313, 4314, 4314, 4313, 4315, 4314, 4315, 4316, 4316, 4315, 4317, 4316, 4317, 4318, 4318, 4317, 4319, 4318, 4319, 4320, 4320, 4319, 4321, 4320, 4321, 4322, 4320, 4322, 4323, 4323, 4322, 4324, 4323, 4324, 4325, 4325, 4324, 4326, 4325, 4326, 4327, 4327, 4326, 4328, 4327, 4328, 4329, 4329, 4328, 4330, 4329, 4330, 4331, 4331, 4330, 3994, 4331, 3994, 3996, 4285, 4332, 712, 712, 4332, 714, 714, 4332, 4333, 714, 4333, 716, 716, 4333, 4334, 716, 4334, 718, 718, 4334, 4335, 718, 4335, 789, 789, 4335, 4336, 789, 4336, 806, 806, 4336, 4337, 806, 4337, 818, 818, 4337, 4338, 818, 4338, 829, 829, 4338, 4339, 829, 4339, 4340, 829, 4340, 839, 839, 4340, 4341, 839, 4341, 849, 849, 4341, 4342, 849, 4342, 851, 851, 4342, 4343, 851, 4343, 4344, 851, 4344, 853, 853, 4344, 4345, 853, 4345, 855, 855, 4345, 4346, 855, 4346, 4347, 855, 4347, 857, 857, 4347, 4348, 857, 4348, 4349, 857, 4349, 859, 859, 4349, 4350, 859, 4350, 787, 787, 4350, 4351, 787, 4351, 4352, 787, 4352, 788, 788, 4352, 4353, 788, 4353, 862, 862, 4353, 4354, 862, 4354, 4355, 862, 4355, 864, 864, 4355, 4356, 864, 4356, 866, 866, 4356, 4357, 866, 4357, 904, 904, 4357, 4358, 904, 4358, 4359, 904, 4359, 907, 907, 4359, 4360, 907, 4360, 910, 910, 4360, 4361, 910, 4361, 912, 912, 4361, 4362, 912, 4362, 883, 883, 4362, 4363, 883, 4363, 885, 885, 4363, 4364, 885, 4364, 887, 887, 4364, 4365, 887, 4365, 889, 889, 4365, 4366, 889, 4366, 891, 891, 4366, 4367, 891, 4367, 893, 893, 4367, 4368, 893, 4368, 895, 895, 4368, 4369, 895, 4369, 897, 897, 4369, 4370, 897, 4370, 899, 899, 4370, 901, 901, 4370, 4371, 901, 4371, 903, 903, 4371, 4018, 903, 4018, 2926, 3996, 3998, 4000, 4000, 4002, 4004, 4004, 4006, 4008, 4008, 4010, 4012, 4012, 4014, 4016, 4016, 4018, 4371, 4371, 4370, 4369, 4369, 4368, 4367, 4367, 4366, 4365, 4365, 4364, 4363, 4363, 4362, 4361, 4361, 4360, 4359, 4359, 4358, 4357, 4357, 4356, 4355, 4355, 4354, 4353, 4353, 4352, 4351, 4351, 4350, 4349, 4349, 4348, 4347, 4347, 4346, 4345, 4345, 4344, 4343, 4343, 4342, 4341, 4341, 4340, 4339, 4339, 4338, 4337, 4337, 4336, 4335, 4335, 4334, 4333, 4333, 4332, 4285, 4285, 4287, 4289, 4289, 4291, 4293, 4293, 4295, 4296, 4296, 4298, 4300, 4300, 4302, 4304, 4304, 4306, 4308, 4308, 4310, 4312, 4312, 4314, 4316, 4316, 4318, 4320, 4320, 4323, 4325, 4325, 4327, 4329, 4329, 4331, 3996, 3996, 4000, 4004, 4004, 4008, 4012, 4012, 4016, 4371, 4371, 4369, 4367, 4367, 4365, 4363, 4363, 4361, 4359, 4359, 4357, 4355, 4355, 4353, 4351, 4351, 4349, 4347, 4347, 4345, 4343, 4343, 4341, 4339, 4339, 4337, 4335, 4335, 4333, 4285, 4285, 4289, 4293, 4293, 4296, 4300, 4300, 4304, 4308, 4308, 4312, 4316, 4316, 4320, 4325, 4325, 4329, 3996, 3996, 4004, 4012, 4012, 4371, 4367, 4367, 4363, 4359, 4359, 4355, 4351, 4351, 4347, 4343, 4343, 4339, 4335, 4335, 4285, 4293, 4293, 4300, 4308, 4308, 4316, 4325, 4325, 3996, 4012, 4012, 4367, 4359, 4359, 4351, 4343, 4343, 4335, 4293, 4293, 4308, 4325, 4325, 4012, 4359, 4359, 4343, 4293, 4359, 4293, 4325, 3972, 3974, 3976, 3976, 3978, 3980, 3980, 3982, 3984, 3984, 3986, 3988, 3988, 3990, 3992, 3992, 3994, 4330, 4330, 4328, 4326, 4326, 4324, 4322, 4322, 4321, 4319, 4319, 4317, 4315, 4315, 4313, 4311, 4311, 4309, 4307, 4307, 4305, 4303, 4303, 4301, 4299, 4299, 4297, 4294, 4294, 4292, 4290, 4290, 4288, 4286, 4286, 4284, 4283, 4283, 4282, 4281, 4281, 4280, 4279, 4279, 4278, 4277, 4277, 4276, 4275, 4275, 4274, 4273, 4273, 4272, 4271, 4271, 4270, 4269, 4269, 4137, 4139, 4139, 4141, 4143, 4143, 4145, 4147, 4147, 4148, 4150, 4150, 4152, 4154, 4154, 4156, 4158, 4158, 4160, 4162, 4162, 4164, 4166, 4166, 4168, 4170, 4170, 4172, 4175, 4175, 4177, 4179, 4179, 4181, 4183, 4183, 3970, 3972, 3972, 3976, 3980, 3980, 3984, 3988, 3988, 3992, 4330, 4330, 4326, 4322, 4322, 4319, 4315, 4315, 4311, 4307, 4307, 4303, 4299, 4299, 4294, 4290, 4290, 4286, 4283, 4283, 4281, 4279, 4279, 4277, 4275, 4275, 4273, 4271, 4271, 4269, 4139, 4139, 4143, 4147, 4147, 4150, 4154, 4154, 4158, 4162, 4162, 4166, 4170, 4170, 4175, 4179, 4179, 4183, 3972, 3972, 3980, 3988, 3988, 4330, 4322, 4322, 4315, 4307, 4307, 4299, 4290, 4290, 4283, 4279, 4279, 4275, 4271, 4271, 4139, 4147, 4147, 4154, 4162, 4162, 4170, 4179, 4179, 3972, 3988, 3988, 4322, 4307, 4307, 4290, 4279, 4279, 4271, 4147, 4147, 4162, 4179, 4179, 3988, 4307, 4307, 4279, 4147, 4307, 4147, 4179, 3933, 3932, 3948, 3948, 3950, 3952, 3952, 3954, 3956, 3956, 3958, 3960, 3960, 3962, 3964, 3964, 3966, 3968, 3968, 4182, 4180, 4180, 4178, 4176, 4176, 4174, 4173, 4173, 4171, 4169, 4169, 4167, 4165, 4165, 4163, 4161, 4161, 4159, 4157, 4157, 4155, 4153, 4153, 4151, 4149, 4149, 4146, 4144, 4144, 4142, 4140, 4140, 4138, 4136, 4136, 4135, 4134, 4134, 4133, 4132, 4132, 4131, 4130, 4130, 4129, 4128, 4128, 4127, 4126, 4126, 4125, 4124, 4124, 4123, 4122, 4122, 4121, 4120, 4120, 4119, 4118, 4118, 4117, 4116, 4116, 4115, 4114, 4114, 4113, 4112, 4112, 4111, 3947, 3947, 3946, 3945, 3945, 3944, 3943, 3943, 3942, 3941, 3941, 3940, 3939, 3939, 3938, 3937, 3937, 3936, 3935, 3935, 3934, 3933, 3933, 3948, 3952, 3952, 3956, 3960, 3960, 3964, 3968, 3968, 4180, 4176, 4176, 4173, 4169, 4169, 4165, 4161, 4161, 4157, 4153, 4153, 4149, 4144, 4144, 4140, 4136, 4136, 4134, 4132, 4132, 4130, 4128, 4128, 4126, 4124, 4124, 4122, 4120, 4120, 4118, 4116, 4116, 4114, 4112, 4112, 3947, 3945, 3945, 3943, 3941, 3941, 3939, 3937, 3937, 3935, 3933, 3933, 3952, 3960, 3960, 3968, 4176, 4176, 4169, 4161, 4161, 4153, 4144, 4144, 4136, 4132, 4132, 4128, 4124, 4124, 4120, 4116, 4116, 4112, 3945, 3945, 3941, 3937, 3937, 3933, 3960, 3960, 4176, 4161, 4161, 4144, 4132, 4132, 4124, 4116, 4116, 3945, 3937, 3937, 3960, 4161, 4161, 4132, 4116, 4161, 4116, 3937, 3917, 3916, 4110, 4110, 4109, 4108, 4108, 4107, 4106, 4106, 4105, 4104, 4104, 4103, 4102, 4102, 4101, 4100, 4100, 4099, 4098, 4098, 4097, 4096, 4096, 4095, 4094, 4094, 4093, 4092, 4092, 4091, 4090, 4090, 4089, 4088, 4088, 4087, 4086, 4086, 4081, 4079, 4079, 4077, 4075, 4075, 4073, 4072, 4072, 4070, 4068, 4068, 4066, 4064, 4064, 4062, 4059, 4059, 4057, 4055, 4055, 4053, 4051, 4051, 4049, 4047, 4047, 4045, 4043, 4043, 4041, 4039, 4039, 4037, 4035, 4035, 3969, 3967, 3967, 3965, 3963, 3963, 3961, 3959, 3959, 3957, 3955, 3955, 3953, 3951, 3951, 3949, 3931, 3931, 3930, 3929, 3929, 3928, 3927, 3927, 3926, 3925, 3925, 3924, 3923, 3923, 3922, 3921, 3921, 3920, 3919, 3919, 3918, 3917, 3917, 4110, 4108, 4108, 4106, 4104, 4104, 4102, 4100, 4100, 4098, 4096, 4096, 4094, 4092, 4092, 4090, 4088, 4088, 4086, 4079, 4079, 4075, 4072, 4072, 4068, 4064, 4064, 4059, 4055, 4055, 4051, 4047, 4047, 4043, 4039, 4039, 4035, 3967, 3967, 3963, 3959, 3959, 3955, 3951, 3951, 3931, 3929, 3929, 3927, 3925, 3925, 3923, 3921, 3921, 3919, 3917, 3917, 4108, 4104, 4104, 4100, 4096, 4096, 4092, 4088, 4088, 4079, 4072, 4072, 4064, 4055, 4055, 4047, 4039, 4039, 3967, 3959, 3959, 3951, 3929, 3929, 3925, 3921, 3921, 3917, 4104, 4104, 4096, 4088, 4088, 4072, 4055, 4055, 4039, 3959, 3959, 3929, 3921, 3921, 4104, 4088, 4088, 4055, 3959, 4088, 3959, 3921, 4036, 4038, 4040, 4040, 4042, 4044, 4044, 4046, 4048, 4048, 4050, 4052, 4052, 4054, 4056, 4056, 4058, 4060, 4060, 4061, 4063, 4063, 4065, 4067, 4067, 4069, 4071, 4071, 4074, 4076, 4076, 4078, 4080, 4080, 4082, 4083, 4083, 4084, 4085, 4085, 4268, 4267, 4267, 4266, 4265, 4265, 4264, 4263, 4263, 4262, 4261, 4261, 4260, 4259, 4259, 4258, 4257, 4257, 4230, 4228, 4228, 4226, 4224, 4224, 4222, 4221, 4221, 4219, 4217, 4217, 4215, 4213, 4213, 4211, 4208, 4208, 4206, 4204, 4204, 4202, 4200, 4200, 4198, 4196, 4196, 4194, 4192, 4192, 4190, 4188, 4188, 4186, 4184, 4184, 3995, 3993, 3993, 3991, 3989, 3989, 3987, 3985, 3985, 3983, 3981, 3981, 3979, 3977, 3977, 3975, 3973, 3973, 3971, 4036, 4036, 4040, 4044, 4044, 4048, 4052, 4052, 4056, 4060, 4060, 4063, 4067, 4067, 4071, 4076, 4076, 4080, 4083, 4083, 4085, 4267, 4267, 4265, 4263, 4263, 4261, 4259, 4259, 4257, 4228, 4228, 4224, 4221, 4221, 4217, 4213, 4213, 4208, 4204, 4204, 4200, 4196, 4196, 4192, 4188, 4188, 4184, 3993, 3993, 3989, 3985, 3985, 3981, 3977, 3977, 3973, 4036, 4036, 4044, 4052, 4052, 4060, 4067, 4067, 4076, 4083, 4083, 4267, 4263, 4263, 4259, 4228, 4228, 4221, 4213, 4213, 4204, 4196, 4196, 4188, 3993, 3993, 3985, 3977, 3977, 4036, 4052, 4052, 4067, 4083, 4083, 4263, 4228, 4228, 4213, 4196, 4196, 3993, 3977, 3977, 4052, 4083, 4083, 4228, 4196, 4083, 4196, 3977, 4022, 4021, 4020, 4020, 4019, 4017, 4017, 4015, 4013, 4013, 4011, 4009, 4009, 4007, 4005, 4005, 4003, 4001, 4001, 3999, 3997, 3997, 4185, 4187, 4187, 4189, 4191, 4191, 4193, 4195, 4195, 4197, 4199, 4199, 4201, 4203, 4203, 4205, 4207, 4207, 4209, 4210, 4210, 4212, 4214, 4214, 4216, 4218, 4218, 4220, 4223, 4223, 4225, 4227, 4227, 4229, 4231, 4231, 4232, 4233, 4233, 4234, 4235, 4235, 4236, 4237, 4237, 4238, 4239, 4239, 4240, 4241, 4241, 4242, 4243, 4243, 4244, 4245, 4245, 4246, 4247, 4247, 4248, 4249, 4249, 4250, 4251, 4251, 4252, 4253, 4253, 4254, 4255, 4255, 4256, 4034, 4034, 4033, 4032, 4032, 4031, 4030, 4030, 4029, 4028, 4028, 4027, 4026, 4026, 4025, 4024, 4024, 4023, 4022, 4022, 4020, 4017, 4017, 4013, 4009, 4009, 4005, 4001, 4001, 3997, 4187, 4187, 4191, 4195, 4195, 4199, 4203, 4203, 4207, 4210, 4210, 4214, 4218, 4218, 4223, 4227, 4227, 4231, 4233, 4233, 4235, 4237, 4237, 4239, 4241, 4241, 4243, 4245, 4245, 4247, 4249, 4249, 4251, 4253, 4253, 4255, 4034, 4034, 4032, 4030, 4030, 4028, 4026, 4026, 4024, 4022, 4022, 4017, 4009, 4009, 4001, 4187, 4187, 4195, 4203, 4203, 4210, 4218, 4218, 4227, 4233, 4233, 4237, 4241, 4241, 4245, 4249, 4249, 4253, 4034, 4034, 4030, 4026, 4026, 4022, 4009, 4009, 4187, 4203, 4203, 4218, 4233, 4233, 4241, 4249, 4249, 4034, 4026, 4026, 4009, 4203, 4203, 4233, 4249, 4203, 4249, 4026]
            point3f[] points = [(-0.0150315, 0.0150944, -0.0001573), (-0.0150315, 0.0150844, 0.0003905), (-0.0150215, 0.0150944, 0.0003905), (-0.0150315, 0.0150544, 0.0009376), (-0.0149914, 0.0150944, 0.0009376), (-0.0150315, 0.0150044, 0.0014833), (-0.0149415, 0.0150944, 0.0014833), (-0.0150315, 0.0149345, 0.0020267), (-0.0148716, 0.0150944, 0.0020267), (-0.0150315, 0.0148449, 0.0025673), (-0.0147819, 0.0150944, 0.0025673), (-0.0146726, 0.0150944, 0.0031042), (-0.0150315, 0.0147355, 0.0031042), (-0.0150315, 0.0146066, 0.0036367), (-0.0150315, 0.0144584, 0.0041642), (-0.0149909, 0.0146, 0.0038177), (-0.0145371, 0.0150538, 0.0038177), (-0.0145437, 0.0150944, 0.0036367), (-0.0143955, 0.0150944, 0.0041642), (-0.0144431, 0.0149568, 0.0044702), (-0.0142281, 0.0150944, 0.0046859), (-0.0143348, 0.0148451, 0.0051182), (-0.0140417, 0.0150944, 0.0052012), (-0.0142123, 0.0147189, 0.005761), (-0.0138367, 0.0150944, 0.0057093), (-0.0140759, 0.0145782, 0.0063979), (-0.0136132, 0.0150944, 0.0062096), (-0.0136232, 0.0150039, 0.0063979), (-0.0133716, 0.0150944, 0.0067013), (-0.0134778, 0.0148443, 0.0070284), (-0.0131122, 0.0150944, 0.007184), (-0.0133191, 0.0146703, 0.0076518), (-0.012864, 0.0150725, 0.0076518), (-0.0131473, 0.0144818, 0.0082675), (-0.012698, 0.0148789, 0.0082675), (-0.0129626, 0.0142791, 0.0088748), (-0.0125196, 0.0146706, 0.0088748), (-0.0127651, 0.0140625, 0.0094733), (-0.0123289, 0.014448, 0.0094733), (-0.012555, 0.013832, 0.0100622), (-0.012126, 0.0142112, 0.0100622), (-0.0123325, 0.013588, 0.0106411), (-0.0119112, 0.0139604, 0.0106411), (-0.012098, 0.0133307, 0.0112093), (-0.0116846, 0.013696, 0.0112093), (-0.0118515, 0.0130603, 0.0117663), (-0.0114466, 0.0134182, 0.0117663), (-0.0115933, 0.0127771, 0.0123115), (-0.0111973, 0.0131272, 0.0123115), (-0.0113238, 0.0124814, 0.0128444), (-0.0109369, 0.0128233, 0.0128444), (-0.0110431, 0.0121735, 0.0133645), (-0.0106659, 0.0125069, 0.0133645), (-0.0107515, 0.0118537, 0.0138712), (-0.0103843, 0.0121782, 0.0138712), (-0.0104493, 0.0115222, 0.0143641), (-0.0100925, 0.0118376, 0.0143641), (-0.0100412, 0.011266, 0.0148427), (-0.0096266, 0.0116241, 0.0148427), (-0.0148939, 0.014506, 0.0044702), (-0.0150315, 0.014291, 0.0046859), (-0.0147822, 0.0143977, 0.0051182), (-0.0150315, 0.0141046, 0.0052012), (-0.014656, 0.0142753, 0.005761), (-0.0150315, 0.0138996, 0.0057093), (-0.0150315, 0.0136761, 0.0062096), (-0.0150315, 0.0134345, 0.0067013), (-0.0149409, 0.0136862, 0.0063979), (-0.0145153, 0.0141389, 0.0063979), (-0.0147814, 0.0135407, 0.0070284), (-0.0150315, 0.0131751, 0.007184), (-0.0146073, 0.013382, 0.0076518), (-0.0150096, 0.0129269, 0.0076518), (-0.0148159, 0.012761, 0.0082675), (-0.0150315, 0.0128983, 0.0076568), (-0.0150315, 0.0126043, 0.0081192), (-0.0150315, 0.0122937, 0.0085706), (-0.0146077, 0.0125825, 0.0088748), (-0.0144189, 0.0132102, 0.0082675), (-0.0142162, 0.0130255, 0.0088748), (-0.0140081, 0.0136471, 0.0082675), (-0.0138113, 0.0134562, 0.0088748), (-0.0135842, 0.0140711, 0.0082675), (-0.0133933, 0.0138742, 0.0088748), (-0.0149854, 0.0121277, 0.0088748), (-0.0150315, 0.0119668, 0.0090103), (-0.0147569, 0.0119439, 0.0094733), (-0.0150315, 0.0116241, 0.0094378), (-0.014514, 0.0117484, 0.0100622), (-0.014866, 0.0112969, 0.0100622), (-0.0146025, 0.0110979, 0.0106411), (-0.0150315, 0.0108929, 0.0102538), (-0.0149345, 0.010644, 0.0106411), (-0.0150315, 0.0105055, 0.0106413), (-0.0146503, 0.0104428, 0.0112093), (-0.0150315, 0.0101042, 0.0110143), (-0.014962, 0.0099877, 0.0112093), (-0.0150315, 0.0096895, 0.0113724), (-0.014657, 0.0097856, 0.0117663), (-0.0149485, 0.0093306, 0.0117663), (-0.0146228, 0.0091289, 0.0123115), (-0.0150315, 0.0088223, 0.012042), (-0.0148941, 0.0086753, 0.0123115), (-0.0150315, 0.0083709, 0.0123527), (-0.0145475, 0.0084752, 0.0128444), (-0.0147987, 0.0080242, 0.0128444), (-0.0144317, 0.0078271, 0.0133645), (-0.014663, 0.00738, 0.0133645), (-0.0142755, 0.0071871, 0.0138712), (-0.0144872, 0.0067451, 0.0138712), (-0.0140797, 0.0065576, 0.0143641), (-0.0142721, 0.0061219, 0.0143641), (-0.0138367, 0.005961, 0.0148427), (-0.014451, 0.0056805, 0.0143641), (-0.0140417, 0.0054528, 0.0148427), (-0.0146162, 0.0052338, 0.0143641), (-0.0142281, 0.0049376, 0.0148427), (-0.0147675, 0.0047823, 0.0143641), (-0.0143955, 0.0044159, 0.0148427), (-0.0149049, 0.0043262, 0.0143641), (-0.0145437, 0.0038884, 0.0148427), (-0.0150315, 0.0038884, 0.014355), (-0.0146726, 0.0033558, 0.0148427), (-0.0150315, 0.0033558, 0.0144838), (-0.0147819, 0.0028189, 0.0148427), (-0.0150315, 0.0028189, 0.0145932), (-0.0148716, 0.0022784, 0.0148427), (-0.0150315, 0.0022784, 0.0146829), (-0.0149415, 0.0017349, 0.0148427), (-0.0150315, 0.0017349, 0.0147527), (-0.0149914, 0.0011893, 0.0148427), (-0.0150315, 0.0011893, 0.0148027), (-0.0150215, 0.0006422, 0.0148427), (-0.0150315, 0.0006422, 0.0148327), (-0.0150315, 9.44e-05, 0.0148427), (-0.0150315, 0.011266, 0.0098525), (-0.0150315, 0.009262, 0.0117151), (-0.0150315, 0.0079085, 0.0126466), (-0.0150315, 0.0074356, 0.0129234), (-0.0150315, 0.006953, 0.0131828), (-0.0148804, 0.006926, 0.0133645), (-0.0150315, 0.0064612, 0.0134244), (-0.0146851, 0.0062968, 0.0138712), (-0.0150315, 0.005961, 0.0136479), (-0.0148692, 0.0058426, 0.0138712), (-0.0150315, 0.0054528, 0.0138529), (-0.0150315, 0.0049376, 0.0140393), (-0.0150315, 0.0044159, 0.0142067), (-0.0136132, 0.0064612, 0.0148427), (-0.0138741, 0.0069872, 0.0143641), (-0.0140504, 0.0076224, 0.0138712), (-0.0141867, 0.0082669, 0.0133645), (-0.0142826, 0.0089183, 0.0128444), (-0.0143376, 0.009574, 0.0123115), (-0.0143517, 0.0102314, 0.0117663), (-0.0143247, 0.0108881, 0.0112093), (-0.0142568, 0.0115414, 0.0106411), (-0.0141482, 0.0121889, 0.0100622), (-0.0143851, 0.0123918, 0.0094733), (-0.0139995, 0.012828, 0.0094733), (-0.0133716, 0.006953, 0.0148427), (-0.0136552, 0.0074102, 0.0143641), (-0.0138119, 0.0080505, 0.0138712), (-0.0139283, 0.0086989, 0.0133645), (-0.0140041, 0.009353, 0.0128444), (-0.0140389, 0.01001, 0.0123115), (-0.0140327, 0.0106676, 0.0117663), (-0.0139855, 0.0113232, 0.0112093), (-0.0138975, 0.0119741, 0.0106411), (-0.0137691, 0.0126179, 0.0100622), (-0.0136008, 0.0132521, 0.0094733), (-0.0131122, 0.0074356, 0.0148427), (-0.0134235, 0.0078263, 0.0143641), (-0.0135603, 0.0084711, 0.0138712), (-0.0136567, 0.0091228, 0.0133645), (-0.0137123, 0.0097789, 0.0128444), (-0.0137269, 0.0104367, 0.0123115), (-0.0137005, 0.0110938, 0.0117663), (-0.0136331, 0.0117475, 0.0112093), (-0.0135251, 0.0123955, 0.0106411), (-0.0133769, 0.013035, 0.0100622), (-0.0131892, 0.0136637, 0.0094733), (-0.0128354, 0.0079085, 0.0148427), (-0.013179, 0.008235, 0.0143641), (-0.013296, 0.0088838, 0.0138712), (-0.0133722, 0.0095381, 0.0133645), (-0.0134076, 0.0101956, 0.0128444), (-0.0134019, 0.0108536, 0.0123115), (-0.0133552, 0.0115095, 0.0117663), (-0.0132678, 0.0121609, 0.0112093), (-0.0131399, 0.0128052, 0.0106411), (-0.0129721, 0.0134398, 0.0100622), (-0.0125414, 0.0083709, 0.0148427), (-0.0129221, 0.008636, 0.0143641), (-0.013019, 0.0092881, 0.0138712), (-0.0130751, 0.0099445, 0.0133645), (-0.0130902, 0.0106027, 0.0128444), (-0.0130642, 0.0112602, 0.0123115), (-0.0129974, 0.0119144, 0.0117663), (-0.0128899, 0.0125628, 0.0112093), (-0.0127422, 0.0132028, 0.0106411), (-0.0126529, 0.0090289, 0.0143641), (-0.0122308, 0.0088223, 0.0148427), (-0.0123718, 0.0094134, 0.0143641), (-0.0119039, 0.009262, 0.0148427), (-0.012079, 0.009789, 0.0143641), (-0.0115612, 0.0096895, 0.0148427), (-0.0117747, 0.0101554, 0.0143641), (-0.011203, 0.0101042, 0.0148427), (-0.0114593, 0.0105123, 0.0143641), (-0.01083, 0.0105055, 0.0148427), (-0.0111331, 0.0108592, 0.0143641), (-0.0104426, 0.0108929, 0.0148427), (-0.0107963, 0.011196, 0.0143641), (-0.0097261, 0.0121419, 0.0143641), (-0.0091991, 0.0119668, 0.0148427), (-0.0093505, 0.0124347, 0.0143641), (-0.0087593, 0.0122937, 0.0148427), (-0.008966, 0.0127159, 0.0143641), (-0.008308, 0.0126043, 0.0148427), (-0.0085731, 0.012985, 0.0143641), (-0.0081721, 0.0132419, 0.0143641), (-0.0084082, 0.0136233, 0.0138712), (-0.0079876, 0.0138748, 0.0138712), (-0.008204, 0.0142496, 0.0133645), (-0.0077642, 0.0144946, 0.0133645), (-0.0079613, 0.0148617, 0.0128444), (-0.0073171, 0.0147259, 0.0133645), (-0.0073727, 0.0150944, 0.0129234), (-0.0068901, 0.0150944, 0.0131828), (-0.006863, 0.0149433, 0.0133645), (-0.0063983, 0.0150944, 0.0134244), (-0.0066822, 0.0145501, 0.0138712), (-0.0062338, 0.0147481, 0.0138712), (-0.0064947, 0.0141427, 0.0143641), (-0.006059, 0.014335, 0.0143641), (-0.005898, 0.0138996, 0.0148427), (-0.0056176, 0.0145139, 0.0143641), (-0.0053899, 0.0141046, 0.0148427), (-0.0051709, 0.0146791, 0.0143641), (-0.0048747, 0.014291, 0.0148427), (-0.0047193, 0.0148304, 0.0143641), (-0.0043529, 0.0144584, 0.0148427), (-0.0042633, 0.0149678, 0.0143641), (-0.0038255, 0.0146066, 0.0148427), (-0.0038255, 0.0150944, 0.014355), (-0.0032929, 0.0147355, 0.0148427), (-0.0032929, 0.0150944, 0.0144838), (-0.002756, 0.0148449, 0.0148427), (-0.002756, 0.0150944, 0.0145932), (-0.0022155, 0.0149345, 0.0148427), (-0.0022155, 0.0150944, 0.0146829), (-0.001672, 0.0150044, 0.0148427), (-0.001672, 0.0150944, 0.0147527), (-0.0011264, 0.0150544, 0.0148427), (-0.0011264, 0.0150944, 0.0148027), (-0.0005793, 0.0150844, 0.0148427), (-0.0005793, 0.0150944, 0.0148327), (-3.15e-05, 0.0150944, 0.0148427), (-0.0078456, 0.0128983, 0.0148427), (-0.0077633, 0.0134864, 0.0143641), (-0.0075594, 0.0141133, 0.0138712), (-0.0073727, 0.0131751, 0.0148427), (-0.0073473, 0.0137181, 0.0143641), (-0.0071242, 0.0143385, 0.0138712), (-0.0068901, 0.0134345, 0.0148427), (-0.0069243, 0.013937, 0.0143641), (-0.0063983, 0.0136761, 0.0148427), (-0.0043529, 0.0150944, 0.0142067), (-0.0048747, 0.0150944, 0.0140393), (-0.0053899, 0.0150944, 0.0138529), (-0.0057796, 0.0149321, 0.0138712), (-0.005898, 0.0150944, 0.0136479), (-0.0078456, 0.0150944, 0.0126466), (-0.008308, 0.0150944, 0.0123527), (-0.0084123, 0.0146105, 0.0128444), (-0.0086124, 0.014957, 0.0123115), (-0.0088554, 0.0143455, 0.0128444), (-0.009066, 0.0146857, 0.0123115), (-0.00929, 0.014067, 0.0128444), (-0.0095111, 0.0144005, 0.0123115), (-0.0097159, 0.0137752, 0.0128444), (-0.0099471, 0.0141018, 0.0123115), (-0.0101327, 0.0134705, 0.0128444), (-0.0103738, 0.0137898, 0.0123115), (-0.0105398, 0.0131531, 0.0128444), (-0.0107906, 0.0134648, 0.0123115), (-0.0087593, 0.0150944, 0.012042), (-0.0092677, 0.0150115, 0.0117663), (-0.0091991, 0.0150944, 0.0117151), (-0.0096266, 0.0150944, 0.0113724), (-0.0100412, 0.0150944, 0.0110143), (-0.0099248, 0.015025, 0.0112093), (-0.0097227, 0.01472, 0.0117663), (-0.0103799, 0.0147132, 0.0112093), (-0.0104426, 0.0150944, 0.0106413), (-0.0105811, 0.0149974, 0.0106411), (-0.01083, 0.0150944, 0.0102538), (-0.011035, 0.0146655, 0.0106411), (-0.011234, 0.0149289, 0.0100622), (-0.0114785, 0.0143197, 0.0106411), (-0.0116855, 0.0145769, 0.0100622), (-0.011203, 0.0150944, 0.0098525), (-0.0115612, 0.0150944, 0.0094378), (-0.011881, 0.0148199, 0.0094733), (-0.0119039, 0.0150944, 0.0090103), (-0.0120648, 0.0150483, 0.0088748), (-0.0122308, 0.0150944, 0.0085706), (-0.0125414, 0.0150944, 0.0081192), (-0.0128354, 0.0150944, 0.0076568), (-0.0111085, 0.011518, 0.0138712), (-0.0114551, 0.0111714, 0.0138712), (-0.0117908, 0.0108144, 0.0138712), (-0.0121153, 0.0104472, 0.0138712), (-0.0124284, 0.0100702, 0.0138712), (-0.0127297, 0.0096837, 0.0138712), (-0.0114098, 0.0118287, 0.0133645), (-0.0117658, 0.0114727, 0.0133645), (-0.0121106, 0.011106, 0.0133645), (-0.012444, 0.0107288, 0.0133645), (-0.0127656, 0.0103415, 0.0133645), (-0.0116999, 0.0121278, 0.0128444), (-0.0119784, 0.0124151, 0.0123115), (-0.0122452, 0.0126902, 0.0117663), (-0.0124998, 0.0129528, 0.0112093), (-0.0120649, 0.0117628, 0.0128444), (-0.0124185, 0.0113867, 0.0128444), (-0.0127604, 0.0109999, 0.0128444), (-0.0123522, 0.0120413, 0.0123115), (-0.0127142, 0.0116562, 0.0123115), (-0.0126272, 0.0123081, 0.0117663), (-0.0137617, 0.0142541, 0.0076518), (-0.0141912, 0.0138246, 0.0076518), (-0.0139257, 0.0144233, 0.0070284), (-0.0143603, 0.0139886, 0.0070284), (-0.0100072, 0.0124913, 0.0138712), (-0.0096207, 0.0127926, 0.0138712), (-0.0092251, 0.0130819, 0.0138712), (-0.0088208, 0.0133589, 0.0138712), (-0.0102786, 0.0128285, 0.0133645), (-0.0098816, 0.013138, 0.0133645), (-0.0094752, 0.0134352, 0.0133645), (-0.0090599, 0.0137197, 0.0133645), (-0.008636, 0.0139912, 0.0133645), (-0.0110309, 0.0137634, 0.0117663), (-0.0106047, 0.0140956, 0.0117663), (-0.0101685, 0.0144146, 0.0117663), (-0.0112602, 0.0140484, 0.0112093), (-0.0108252, 0.0143876, 0.0112093), (0.0005164, 0.0150877, -0.015154), (0.0010635, 0.0150944, -0.0151173), (0.0010635, 0.0150544, -0.0151573), (0.0016091, 0.0150944, -0.0150673), (0.0016091, 0.0150044, -0.0151573), (0.0021526, 0.0150944, -0.0149975), (0.0021526, 0.0149346, -0.0151573), (0.0026931, 0.0150944, -0.0149078), (0.0026931, 0.0148449, -0.0151573), (0.00323, 0.0150944, -0.0147984), (0.00323, 0.0147356, -0.0151573), (0.0037625, 0.0150944, -0.0146696), (0.0037625, 0.0146067, -0.0151573), (0.0042004, 0.0149678, -0.0146787), (0.00429, 0.0144584, -0.0151573), (0.0046564, 0.0148304, -0.0146787), (0.0048117, 0.014291, -0.0151573), (0.005108, 0.0146791, -0.0146787), (0.005327, 0.0141047, -0.0151573), (0.0055547, 0.0145139, -0.0146787), (0.0058351, 0.0138996, -0.0151573), (0.0059961, 0.014335, -0.0146787), (0.0064318, 0.0141427, -0.0146787), (0.0061709, 0.0147481, -0.0141858), (0.0066192, 0.0145501, -0.0141858), (0.0063354, 0.0150944, -0.013739), (0.0068001, 0.0149433, -0.0136791), (0.0068272, 0.0150944, -0.0134974), (0.0072542, 0.0147259, -0.0136791), (0.0073098, 0.0150944, -0.013238), (0.0078984, 0.0148617, -0.013159), (0.0077826, 0.0150944, -0.0129612), (0.0082451, 0.0150944, -0.0126673), (0.00429, 0.0150944, -0.0145213), (0.0048117, 0.0150944, -0.0143539), (0.005327, 0.0150944, -0.0141675), (0.0057167, 0.0149321, -0.0141858), (0.0058351, 0.0150944, -0.0139625), (0.0086964, 0.0150944, -0.0123566), (0.0085495, 0.014957, -0.0126261), (0.0083494, 0.0146105, -0.013159), (0.0081411, 0.0142496, -0.0136791), (0.0077013, 0.0144946, -0.0136791), (0.0079247, 0.0138748, -0.0141858), (0.0074965, 0.0141133, -0.0141858), (0.0077004, 0.0134864, -0.0146787), (0.0072843, 0.0137181, -0.0146787), (0.0073098, 0.0131752, -0.0151573), (0.0068272, 0.0134346, -0.0151573), (0.0091361, 0.0150944, -0.0120297), (0.0092048, 0.0150115, -0.0120809), (0.0090031, 0.0146857, -0.0126261), (0.0087924, 0.0143455, -0.013159), (0.0085731, 0.0139912, -0.0136791), (0.0083453, 0.0136233, -0.0141858), (0.0081092, 0.0132419, -0.0146787), (0.0077826, 0.0128983, -0.0151573), (0.0095636, 0.0150944, -0.011687), (0.0096598, 0.01472, -0.0120809), (0.0094481, 0.0144005, -0.0126261), (0.0098842, 0.0141018, -0.0126261), (0.009653, 0.0137752, -0.013159), (0.0100697, 0.0134705, -0.013159), (0.0098186, 0.013138, -0.0136791), (0.0102156, 0.0128285, -0.0136791), (0.0099443, 0.0124913, -0.0141858), (0.0103213, 0.0121782, -0.0141858), (0.0100295, 0.0118376, -0.0146787), (0.0103864, 0.0115222, -0.0146787), (0.0099783, 0.011266, -0.0151573), (0.0103797, 0.010893, -0.0151573), (0.0107334, 0.011196, -0.0146787), (0.0110702, 0.0108592, -0.0146787), (0.0110456, 0.011518, -0.0141858), (0.0113921, 0.0111714, -0.0141858), (0.0113469, 0.0118287, -0.0136791), (0.0117028, 0.0114727, -0.0136791), (0.0116369, 0.0121278, -0.013159), (0.012002, 0.0117628, -0.013159), (0.0119155, 0.0124151, -0.0126261), (0.0122892, 0.0120413, -0.0126261), (0.0121822, 0.0126902, -0.0120809), (0.0125643, 0.0123081, -0.0120809), (0.0124369, 0.0129528, -0.0115239), (0.012827, 0.0125628, -0.0115239), (0.0126793, 0.0132028, -0.0109557), (0.013077, 0.0128052, -0.0109557), (0.0129092, 0.0134398, -0.0103768), (0.013314, 0.013035, -0.0103768), (0.0131262, 0.0136637, -0.0097879), (0.0135379, 0.0132521, -0.0097879), (0.0133303, 0.0138742, -0.0091894), (0.0137483, 0.0134562, -0.0091894), (0.0135212, 0.0140711, -0.0085821), (0.0139452, 0.0136471, -0.0085821), (0.0136988, 0.0142541, -0.0079664), (0.0141283, 0.0138246, -0.0079664), (0.0138627, 0.0144233, -0.007343), (0.0142974, 0.0139886, -0.007343), (0.014013, 0.0145782, -0.0067125), (0.0144524, 0.0141389, -0.0067125), (0.0141494, 0.0147189, -0.0060756), (0.0145931, 0.0142753, -0.0060756), (0.0142718, 0.0148451, -0.0054328), (0.0147193, 0.0143977, -0.0054328), (0.0143801, 0.0149568, -0.0047848), (0.014831, 0.014506, -0.0047848), (0.0144742, 0.0150538, -0.0041323), (0.014928, 0.0146, -0.0041323), (0.0144808, 0.0150944, -0.0039513), (0.0149685, 0.0146066, -0.0039513), (0.0146097, 0.0150944, -0.0034188), (0.0149685, 0.0147355, -0.0034188), (0.014719, 0.0150944, -0.0028819), (0.0149685, 0.0148449, -0.0028819), (0.0148087, 0.0150944, -0.0023413), (0.0149685, 0.0149345, -0.0023413), (0.0148786, 0.0150944, -0.0017979), (0.0149685, 0.0150044, -0.0017979), (0.0149285, 0.0150944, -0.0012522), (0.0149685, 0.0150544, -0.0012522), (0.0149585, 0.0150944, -0.0007051), (0.0149685, 0.0150844, -0.0007051), (0.0149685, 0.0150944, -0.0001573), (0.0098619, 0.015025, -0.0115239), (0.0099783, 0.0150944, -0.0113289), (0.010317, 0.0147132, -0.0115239), (0.0103797, 0.0150944, -0.0109559), (0.0105182, 0.0149974, -0.0109557), (0.0107671, 0.0150944, -0.0105684), (0.0109721, 0.0146655, -0.0109557), (0.0111711, 0.0149289, -0.0103768), (0.0114156, 0.0143197, -0.0109557), (0.0116226, 0.0145769, -0.0103768), (0.0118482, 0.0139604, -0.0109557), (0.0120631, 0.0142112, -0.0103768), (0.0122696, 0.013588, -0.0109557), (0.0124921, 0.013832, -0.0103768), (0.0111401, 0.0150944, -0.0101671), (0.0114982, 0.0150944, -0.0097524), (0.0118181, 0.0148199, -0.0097879), (0.0122659, 0.014448, -0.0097879), (0.0127021, 0.0140625, -0.0097879), (0.011841, 0.0150944, -0.0093249), (0.0120019, 0.0150483, -0.0091894), (0.0124567, 0.0146706, -0.0091894), (0.0128996, 0.0142791, -0.0091894), (0.0121679, 0.0150944, -0.0088852), (0.0126351, 0.0148789, -0.0085821), (0.0124785, 0.0150944, -0.0084338), (0.0127724, 0.0150944, -0.0079714), (0.012801, 0.0150725, -0.0079664), (0.0130493, 0.0150944, -0.0074986), (0.0132562, 0.0146703, -0.0079664), (0.0134149, 0.0148443, -0.007343), (0.0133087, 0.0150944, -0.0070159), (0.0135603, 0.0150039, -0.0067125), (0.0135503, 0.0150944, -0.0065242), (0.0137737, 0.0150944, -0.0060239), (0.0139788, 0.0150944, -0.0055158), (0.0141651, 0.0150944, -0.0050005), (0.0143325, 0.0150944, -0.0044788), (0.0149685, 0.0144584, -0.0044788), (0.0149685, 0.014291, -0.0050005), (0.0149685, 0.0141046, -0.0055158), (0.0149685, 0.0138996, -0.0060239), (0.0149685, 0.0136761, -0.0065242), (0.014878, 0.0136862, -0.0067125), (0.0147185, 0.0135407, -0.007343), (0.0149685, 0.0134345, -0.0070159), (0.0149685, 0.0131751, -0.0074986), (0.0149685, 0.0128983, -0.0079714), (0.0149467, 0.0129269, -0.0079664), (0.0145444, 0.013382, -0.0079664), (0.0149685, 0.0126043, -0.0084338), (0.014753, 0.012761, -0.0085821), (0.0143559, 0.0132102, -0.0085821), (0.0149685, 0.0122937, -0.0088852), (0.0145448, 0.0125825, -0.0091894), (0.0141533, 0.0130255, -0.0091894), (0.0149224, 0.0121277, -0.0091894), (0.0149685, 0.0119668, -0.0093249), (0.014694, 0.0119439, -0.0097879), (0.0149685, 0.0116241, -0.0097524), (0.0144511, 0.0117484, -0.0103768), (0.0148031, 0.0112969, -0.0103768), (0.0145396, 0.0110979, -0.0109557), (0.0149685, 0.0108929, -0.0105684), (0.0148716, 0.010644, -0.0109557), (0.0149685, 0.0105055, -0.0109559), (0.0145874, 0.0104428, -0.0115239), (0.0149685, 0.0101042, -0.0113289), (0.0148991, 0.0099877, -0.0115239), (0.0149685, 0.0096895, -0.011687), (0.0145941, 0.0097856, -0.0120809), (0.0148856, 0.0093306, -0.0120809), (0.0145598, 0.0091289, -0.0126261), (0.0149685, 0.0088223, -0.0123566), (0.0148311, 0.0086753, -0.0126261), (0.0149685, 0.0083709, -0.0126673), (0.0144846, 0.0084752, -0.013159), (0.0147358, 0.0080242, -0.013159), (0.0143687, 0.0078271, -0.0136791), (0.0146, 0.00738, -0.0136791), (0.0142126, 0.0071871, -0.0141858), (0.0144243, 0.0067451, -0.0141858), (0.0140168, 0.0065576, -0.0146787), (0.0142092, 0.0061219, -0.0146787), (0.0137737, 0.005961, -0.0151573), (0.0143881, 0.0056805, -0.0146787), (0.0139788, 0.0054529, -0.0151573), (0.0145533, 0.0052338, -0.0146787), (0.0141651, 0.0049376, -0.0151573), (0.0147046, 0.0047823, -0.0146787), (0.0143325, 0.0044159, -0.0151573), (0.014842, 0.0043262, -0.0146787), (0.0144808, 0.0038884, -0.0151573), (0.0149685, 0.0038884, -0.0146696), (0.0146097, 0.0033559, -0.0151573), (0.0149685, 0.0033558, -0.0147984), (0.014719, 0.002819, -0.0151573), (0.0149685, 0.0028189, -0.0149078), (0.0148087, 0.0022784, -0.0151573), (0.0149685, 0.0022784, -0.0149975), (0.0148786, 0.001735, -0.0151573), (0.0149685, 0.0017349, -0.0150673), (0.0149285, 0.0011894, -0.0151573), (0.0149685, 0.0011893, -0.0151173), (0.0149585, 0.0006423, -0.0151573), (0.0149685, 0.0006422, -0.0151473), (0.0149685, 9.44e-05, -0.0151573), (0.0149685, 0.011266, -0.0101671), (0.0149685, 0.009262, -0.0120297), (0.0149685, 0.0079085, -0.0129612), (0.0149685, 0.0074356, -0.013238), (0.0149685, 0.006953, -0.0134974), (0.0148175, 0.006926, -0.0136791), (0.0149685, 0.0064612, -0.013739), (0.0146222, 0.0062968, -0.0141858), (0.0149685, 0.005961, -0.0139625), (0.0148063, 0.0058426, -0.0141858), (0.0149685, 0.0054528, -0.0141675), (0.0149685, 0.0049376, -0.0143539), (0.0149685, 0.0044159, -0.0145213), (0.0135503, 0.0064613, -0.0151573), (0.0138111, 0.0069872, -0.0146787), (0.0139874, 0.0076224, -0.0141858), (0.0141238, 0.0082669, -0.0136791), (0.0142196, 0.0089183, -0.013159), (0.0142747, 0.009574, -0.0126261), (0.0142887, 0.0102314, -0.0120809), (0.0142617, 0.0108881, -0.0115239), (0.0141938, 0.0115414, -0.0109557), (0.0140853, 0.0121889, -0.0103768), (0.0143221, 0.0123918, -0.0097879), (0.0139366, 0.012828, -0.0097879), (0.0133087, 0.0069531, -0.0151573), (0.0135923, 0.0074102, -0.0146787), (0.013749, 0.0080505, -0.0141858), (0.0138654, 0.0086989, -0.0136791), (0.0139411, 0.009353, -0.013159), (0.013976, 0.01001, -0.0126261), (0.0139698, 0.0106676, -0.0120809), (0.0139226, 0.0113232, -0.0115239), (0.0138346, 0.0119741, -0.0109557), (0.0137062, 0.0126179, -0.0103768), (0.0130493, 0.0074357, -0.0151573), (0.0133605, 0.0078263, -0.0146787), (0.0134974, 0.0084711, -0.0141858), (0.0135938, 0.0091228, -0.0136791), (0.0136494, 0.0097789, -0.013159), (0.013664, 0.0104367, -0.0126261), (0.0136375, 0.0110938, -0.0120809), (0.0135702, 0.0117475, -0.0115239), (0.0134622, 0.0123955, -0.0109557), (0.0127724, 0.0079085, -0.0151573), (0.0131161, 0.008235, -0.0146787), (0.013233, 0.0088838, -0.0141858), (0.0133093, 0.0095381, -0.0136791), (0.0133447, 0.0101956, -0.013159), (0.013339, 0.0108536, -0.0126261), (0.0132923, 0.0115095, -0.0120809), (0.0132049, 0.0121609, -0.0115239), (0.0124785, 0.0083709, -0.0151573), (0.0128592, 0.008636, -0.0146787), (0.0129561, 0.0092881, -0.0141858), (0.0130122, 0.0099445, -0.0136791), (0.0130273, 0.0106027, -0.013159), (0.0130013, 0.0112602, -0.0126261), (0.0129345, 0.0119144, -0.0120809), (0.01259, 0.0090289, -0.0146787), (0.0121679, 0.0088223, -0.0151573), (0.0123089, 0.0094134, -0.0146787), (0.011841, 0.009262, -0.0151573), (0.0120161, 0.009789, -0.0146787), (0.0114982, 0.0096895, -0.0151573), (0.0117118, 0.0101554, -0.0146787), (0.0111401, 0.0101042, -0.0151573), (0.0113964, 0.0105123, -0.0146787), (0.0107671, 0.0105055, -0.0151573), (0.0095636, 0.0116241, -0.0151573), (0.0096631, 0.0121419, -0.0146787), (0.0095578, 0.0127926, -0.0141858), (0.0094123, 0.0134352, -0.0136791), (0.0092271, 0.014067, -0.013159), (0.0091361, 0.0119669, -0.0151573), (0.0092875, 0.0124347, -0.0146787), (0.0091622, 0.0130819, -0.0141858), (0.008997, 0.0137197, -0.0136791), (0.0086964, 0.0122938, -0.0151573), (0.0089031, 0.0127159, -0.0146787), (0.0087579, 0.0133589, -0.0141858), (0.0082451, 0.0126044, -0.0151573), (0.0085102, 0.012985, -0.0146787), (0.0068613, 0.013937, -0.0146787), (0.0063354, 0.0136762, -0.0151573), (0.0070612, 0.0143385, -0.0141858), (0.0101056, 0.0144146, -0.0120809), (0.0105418, 0.0140956, -0.0120809), (0.0107623, 0.0143876, -0.0115239), (0.0109679, 0.0137634, -0.0120809), (0.0111973, 0.0140484, -0.0115239), (0.0113837, 0.0134182, -0.0120809), (0.0116217, 0.013696, -0.0115239), (0.0117885, 0.0130603, -0.0120809), (0.012035, 0.0133307, -0.0115239), (0.0103109, 0.0137898, -0.0126261), (0.0104769, 0.0131531, -0.013159), (0.0106029, 0.0125069, -0.0136791), (0.0106886, 0.0118537, -0.0141858), (0.0107277, 0.0134648, -0.0126261), (0.0111343, 0.0131272, -0.0126261), (0.0115304, 0.0127771, -0.0126261), (0.010874, 0.0128233, -0.013159), (0.0109801, 0.0121735, -0.0136791), (0.0130844, 0.0144818, -0.0085821), (0.0112608, 0.0124814, -0.013159), (0.0126513, 0.0116562, -0.0126261), (0.0123556, 0.0113867, -0.013159), (0.0120477, 0.011106, -0.0136791), (0.0117278, 0.0108144, -0.0141858), (0.0126975, 0.0109999, -0.013159), (0.0123811, 0.0107288, -0.0136791), (0.0120524, 0.0104472, -0.0141858), (0.0127027, 0.0103415, -0.0136791), (0.0123655, 0.0100702, -0.0141858), (0.0126668, 0.0096837, -0.0141858), (-0.0150315, 9.44e-05, -0.0151573), (-0.0150215, -0.0004534, -0.0151573), (-0.0150315, -0.0004534, -0.0151473), (-0.0150315, -0.0010005, -0.0151173), (-0.0149914, -0.0010005, -0.0151573), (-0.0150315, -0.0015462, -0.0150673), (-0.0149415, -0.0015461, -0.0151573), (-0.0150315, -0.0020896, -0.0149975), (-0.0148716, -0.0020896, -0.0151573), (-0.0150315, -0.0026302, -0.0149078), (-0.0147819, -0.0026301, -0.0151573), (-0.0150315, -0.0031671, -0.0147984), (-0.0146726, -0.003167, -0.0151573), (-0.0150315, -0.0036996, -0.0146696), (-0.0145437, -0.0036996, -0.0151573), (-0.0149049, -0.0041375, -0.0146787), (-0.0143955, -0.0042271, -0.0151573), (-0.0147675, -0.0045935, -0.0146787), (-0.0142281, -0.0047488, -0.0151573), (-0.0146162, -0.0050451, -0.0146787), (-0.0140417, -0.005264, -0.0151573), (-0.014451, -0.0054918, -0.0146787), (-0.0138367, -0.0057721, -0.0151573), (-0.0142721, -0.0059332, -0.0146787), (-0.0140797, -0.0063689, -0.0146787), (-0.0144872, -0.0065563, -0.0141858), (-0.0142755, -0.0069983, -0.0141858), (-0.014663, -0.0071912, -0.0136791), (-0.0144317, -0.0076384, -0.0136791), (-0.0147987, -0.0078355, -0.013159), (-0.0145475, -0.0082865, -0.013159), (-0.0150315, -0.0081821, -0.0126673), (-0.0148941, -0.0084865, -0.0126261), (-0.0150315, -0.0086335, -0.0123566), (-0.0146228, -0.0089402, -0.0126261), (-0.0149485, -0.0091419, -0.0120809), (-0.014657, -0.0095969, -0.0120809), (-0.0150315, -0.0095007, -0.011687), (-0.014962, -0.009799, -0.0115239), (-0.0150315, -0.0099154, -0.0113289), (-0.0146503, -0.0102541, -0.0115239), (-0.0150315, -0.0103167, -0.0109559), (-0.0149345, -0.0104552, -0.0109557), (-0.0150315, -0.0107042, -0.0105684), (-0.0146025, -0.0109092, -0.0109557), (-0.014866, -0.0111082, -0.0103768), (-0.014514, -0.0115597, -0.0103768), (-0.0150315, -0.0114353, -0.0097524), (-0.0147569, -0.0117552, -0.0097879), (-0.0150315, -0.0117781, -0.0093249), (-0.0149854, -0.011939, -0.0091894), (-0.0150315, -0.012105, -0.0088852), (-0.0146077, -0.0123938, -0.0091894), (-0.0148159, -0.0125722, -0.0085821), (-0.0144189, -0.0130215, -0.0085821), (-0.0146073, -0.0131933, -0.0079664), (-0.0141912, -0.0136358, -0.0079664), (-0.0143603, -0.0137998, -0.007343), (-0.0139257, -0.0142345, -0.007343), (-0.0140759, -0.0143895, -0.0067125), (-0.0136232, -0.0148151, -0.0067125), (-0.0136132, -0.0149056, -0.0065242), (-0.0133716, -0.0149056, -0.0070159), (-0.0134778, -0.0146556, -0.007343), (-0.0131122, -0.0149056, -0.0074986), (-0.0133191, -0.0144815, -0.0079664), (-0.012864, -0.0148838, -0.0079664), (-0.0131473, -0.014293, -0.0085821), (-0.012698, -0.0146901, -0.0085821), (-0.0129626, -0.0140904, -0.0091894), (-0.0125196, -0.0144818, -0.0091894), (-0.0127651, -0.0138737, -0.0097879), (-0.0123289, -0.0142592, -0.0097879), (-0.012555, -0.0136433, -0.0103768), (-0.012126, -0.0140224, -0.0103768), (-0.0123325, -0.0133993, -0.0109557), (-0.0119112, -0.0137717, -0.0109557), (-0.012098, -0.0131419, -0.0115239), (-0.0116846, -0.0135072, -0.0115239), (-0.0118515, -0.0128716, -0.0120809), (-0.0114466, -0.0132294, -0.0120809), (-0.0115933, -0.0125884, -0.0126261), (-0.0111973, -0.0129384, -0.0126261), (-0.0113238, -0.0122927, -0.013159), (-0.0109369, -0.0126345, -0.013159), (-0.0110431, -0.0119848, -0.0136791), (-0.0106659, -0.0123181, -0.0136791), (-0.0107515, -0.0116649, -0.0141858), (-0.0103843, -0.0119895, -0.0141858), (-0.0104493, -0.0113335, -0.0146787), (-0.0100925, -0.0116489, -0.0146787), (-0.0100412, -0.0110772, -0.0151573), (-0.0096266, -0.0114353, -0.0151573), (-0.0136132, -0.0062724, -0.0151573), (-0.0138741, -0.0067984, -0.0146787), (-0.0140504, -0.0074336, -0.0141858), (-0.0141867, -0.0080781, -0.0136791), (-0.0142826, -0.0087295, -0.013159), (-0.0143376, -0.0093852, -0.0126261), (-0.0143517, -0.0100427, -0.0120809), (-0.0143247, -0.0106993, -0.0115239), (-0.0142568, -0.0113527, -0.0109557), (-0.0141482, -0.0120001, -0.0103768), (-0.0143851, -0.012203, -0.0097879), (-0.0139995, -0.0126392, -0.0097879), (-0.0142162, -0.0128367, -0.0091894), (-0.0138113, -0.0132674, -0.0091894), (-0.0140081, -0.0134583, -0.0085821), (-0.0135842, -0.0138823, -0.0085821), (-0.0137617, -0.0140654, -0.0079664), (-0.0133716, -0.0067642, -0.0151573), (-0.0136552, -0.0072214, -0.0146787), (-0.0138119, -0.0078617, -0.0141858), (-0.0139283, -0.0085102, -0.0136791), (-0.0140041, -0.0091642, -0.013159), (-0.0140389, -0.0098213, -0.0126261), (-0.0140327, -0.0104789, -0.0120809), (-0.0139855, -0.0111344, -0.0115239), (-0.0138975, -0.0117853, -0.0109557), (-0.0137691, -0.0124291, -0.0103768), (-0.0136008, -0.0130633, -0.0097879), (-0.0133933, -0.0136854, -0.0091894), (-0.0131122, -0.0072468, -0.0151573), (-0.0134235, -0.0076375, -0.0146787), (-0.0135603, -0.0082823, -0.0141858), (-0.0136567, -0.0089341, -0.0136791), (-0.0137123, -0.0095901, -0.013159), (-0.0137269, -0.0102479, -0.0126261), (-0.0137005, -0.010905, -0.0120809), (-0.0136331, -0.0115588, -0.0115239), (-0.0135251, -0.0122067, -0.0109557), (-0.0133769, -0.0128462, -0.0103768), (-0.0131892, -0.0134749, -0.0097879), (-0.0128354, -0.0077197, -0.0151573), (-0.013179, -0.0080462, -0.0146787), (-0.013296, -0.008695, -0.0141858), (-0.0133722, -0.0093494, -0.0136791), (-0.0134076, -0.0100068, -0.013159), (-0.0134019, -0.0106648, -0.0126261), (-0.0133552, -0.0113207, -0.0120809), (-0.0132678, -0.0119721, -0.0115239), (-0.0131399, -0.0126164, -0.0109557), (-0.0129721, -0.0132511, -0.0103768), (-0.0125414, -0.0081821, -0.0151573), (-0.0129221, -0.0084473, -0.0146787), (-0.013019, -0.0090993, -0.0141858), (-0.0130751, -0.0097557, -0.0136791), (-0.0130902, -0.0104139, -0.013159), (-0.0130642, -0.0110714, -0.0126261), (-0.0129974, -0.0117256, -0.0120809), (-0.0128899, -0.012374, -0.0115239), (-0.0127422, -0.013014, -0.0109557), (-0.0126529, -0.0088402, -0.0146787), (-0.0122308, -0.0086335, -0.0151573), (-0.0123718, -0.0092246, -0.0146787), (-0.0119039, -0.0090732, -0.0151573), (-0.012079, -0.0096002, -0.0146787), (-0.0115612, -0.0095007, -0.0151573), (-0.0117747, -0.0099666, -0.0146787), (-0.011203, -0.0099154, -0.0151573), (-0.0114593, -0.0103235, -0.0146787), (-0.01083, -0.0103167, -0.0151573), (-0.0111331, -0.0106705, -0.0146787), (-0.0104426, -0.0107041, -0.0151573), (-0.0107963, -0.0110072, -0.0146787), (-0.0097261, -0.0119531, -0.0146787), (-0.0091991, -0.011778, -0.0151573), (-0.0093505, -0.012246, -0.0146787), (-0.0087593, -0.0121049, -0.0151573), (-0.008966, -0.0125271, -0.0146787), (-0.008308, -0.0124155, -0.0151573), (-0.0085731, -0.0127962, -0.0146787), (-0.0081721, -0.0130532, -0.0146787), (-0.0084082, -0.0134345, -0.0141858), (-0.0079876, -0.013686, -0.0141858), (-0.008204, -0.0140609, -0.0136791), (-0.0077642, -0.0143058, -0.0136791), (-0.0079613, -0.0146729, -0.013159), (-0.0073171, -0.0145371, -0.0136791), (-0.0073727, -0.0149056, -0.013238), (-0.0068901, -0.0149056, -0.0134974), (-0.006863, -0.0147545, -0.0136791), (-0.0063983, -0.0149056, -0.013739), (-0.0066822, -0.0143614, -0.0141858), (-0.0062338, -0.0145593, -0.0141858), (-0.0064947, -0.0139539, -0.0146787), (-0.006059, -0.0141463, -0.0146787), (-0.005898, -0.0137108, -0.0151573), (-0.0056176, -0.0143251, -0.0146787), (-0.0053899, -0.0139158, -0.0151573), (-0.0051709, -0.0144903, -0.0146787), (-0.0048747, -0.0141022, -0.0151573), (-0.0047193, -0.0146417, -0.0146787), (-0.0043529, -0.0142696, -0.0151573), (-0.0042633, -0.0147791, -0.0146787), (-0.0038255, -0.0144178, -0.0151573), (-0.0038255, -0.0149056, -0.0146696), (-0.0032929, -0.0145467, -0.0151573), (-0.0032929, -0.0149056, -0.0147984), (-0.002756, -0.0146561, -0.0151573), (-0.002756, -0.0149056, -0.0149078), (-0.0022155, -0.0147457, -0.0151573), (-0.0022155, -0.0149056, -0.0149975), (-0.001672, -0.0148156, -0.0151573), (-0.001672, -0.0149056, -0.0150673), (-0.0011264, -0.0148656, -0.0151573), (-0.0011264, -0.0149056, -0.0151173), (-0.0005793, -0.0148989, -0.015154), (-0.0078456, -0.0127095, -0.0151573), (-0.0077633, -0.0132976, -0.0146787), (-0.0075594, -0.0139245, -0.0141858), (-0.0073727, -0.0129863, -0.0151573), (-0.0073473, -0.0135294, -0.0146787), (-0.0071242, -0.0141497, -0.0141858), (-0.0068901, -0.0132457, -0.0151573), (-0.0069243, -0.0137482, -0.0146787), (-0.0063983, -0.0134873, -0.0151573), (-0.0043529, -0.0149056, -0.0145213), (-0.0048747, -0.0149056, -0.0143539), (-0.0053899, -0.0149056, -0.0141675), (-0.0057796, -0.0147434, -0.0141858), (-0.005898, -0.0149056, -0.0139625), (-0.0078456, -0.0149056, -0.0129612), (-0.008308, -0.0149056, -0.0126673), (-0.0084123, -0.0144217, -0.013159), (-0.0086124, -0.0147682, -0.0126261), (-0.0088554, -0.0141567, -0.013159), (-0.009066, -0.0144969, -0.0126261), (-0.00929, -0.0138782, -0.013159), (-0.0095111, -0.0142118, -0.0126261), (-0.0097159, -0.0135865, -0.013159), (-0.0099471, -0.0139131, -0.0126261), (-0.0101327, -0.0132818, -0.013159), (-0.0103738, -0.0136011, -0.0126261), (-0.0105398, -0.0129643, -0.013159), (-0.0107906, -0.0132761, -0.0126261), (-0.0087593, -0.0149056, -0.0123566), (-0.0092677, -0.0148227, -0.0120809), (-0.0091991, -0.0149056, -0.0120297), (-0.0096266, -0.0149056, -0.011687), (-0.0100412, -0.0149056, -0.0113289), (-0.0099248, -0.0148362, -0.0115239), (-0.0097227, -0.0145312, -0.0120809), (-0.0103799, -0.0145244, -0.0115239), (-0.0104426, -0.0149056, -0.0109559), (-0.0105811, -0.0148086, -0.0109557), (-0.01083, -0.0149056, -0.0105684), (-0.011035, -0.0144767, -0.0109557), (-0.011234, -0.0147402, -0.0103768), (-0.0114785, -0.0141309, -0.0109557), (-0.0116855, -0.0143882, -0.0103768), (-0.011203, -0.0149056, -0.0101671), (-0.0115612, -0.0149056, -0.0097524), (-0.011881, -0.0146311, -0.0097879), (-0.0119039, -0.0149056, -0.0093249), (-0.0120648, -0.0148595, -0.0091894), (-0.0122308, -0.0149056, -0.0088852), (-0.0125414, -0.0149056, -0.0084338), (-0.0128354, -0.0149056, -0.0079714), (-0.0138367, -0.0149056, -0.0060239), (-0.0142123, -0.0145301, -0.0060756), (-0.0145153, -0.0139501, -0.0067125), (-0.014656, -0.0140865, -0.0060756), (-0.0150315, -0.0134873, -0.0065242), (-0.0150315, -0.0137108, -0.0060239), (-0.0150315, -0.0139159, -0.0055158), (-0.0147822, -0.0142089, -0.0054328), (-0.0150315, -0.0141022, -0.0050005), (-0.0148939, -0.0143172, -0.0047848), (-0.0150315, -0.0142696, -0.0044788), (-0.0149909, -0.0144113, -0.0041323), (-0.0150315, -0.0144179, -0.0039513), (-0.0145437, -0.0149056, -0.0039513), (-0.0146726, -0.0149056, -0.0034188), (-0.0140417, -0.0149056, -0.0055158), (-0.0143348, -0.0146564, -0.0054328), (-0.0142281, -0.0149056, -0.0050005), (-0.0144431, -0.0147681, -0.0047848), (-0.0143955, -0.0149056, -0.0044788), (-0.0145371, -0.0148651, -0.0041323), (-0.0150315, -0.0145468, -0.0034188), (-0.0147819, -0.0149056, -0.0028819), (-0.0150315, -0.0146561, -0.0028819), (-0.0148716, -0.0149056, -0.0023413), (-0.0150315, -0.0147458, -0.0023413), (-0.0149415, -0.0149056, -0.0017979), (-0.0150315, -0.0148156, -0.0017979), (-0.0149914, -0.0149056, -0.0012522), (-0.0150315, -0.0148656, -0.0012522), (-0.0150215, -0.0149056, -0.0007051), (-0.0150315, -0.0148956, -0.0007051), (-0.0150315, -0.0149056, -0.0001573), (-0.0149409, -0.0134974, -0.0067125), (-0.0150315, -0.0132458, -0.0070159), (-0.0147814, -0.013352, -0.007343), (-0.0150315, -0.0129864, -0.0074986), (-0.0150096, -0.0127381, -0.0079664), (-0.0150315, -0.0124156, -0.0084338), (-0.0150315, -0.0127095, -0.0079714), (-0.0150315, -0.0110772, -0.0101671), (-0.0150315, -0.0090732, -0.0120297), (-0.0150315, -0.0077197, -0.0129612), (-0.0150315, -0.0072469, -0.013238), (-0.0150315, -0.0067643, -0.0134974), (-0.0148804, -0.0067372, -0.0136791), (-0.0150315, -0.0062725, -0.013739), (-0.0146851, -0.006108, -0.0141858), (-0.0150315, -0.0057722, -0.0139625), (-0.0148692, -0.0056538, -0.0141858), (-0.0150315, -0.0052641, -0.0141675), (-0.0150315, -0.0047488, -0.0143539), (-0.0150315, -0.0042271, -0.0145213), (-0.0127297, -0.0094949, -0.0141858), (-0.0127656, -0.0101527, -0.0136791), (-0.0127604, -0.0108111, -0.013159), (-0.0127142, -0.0114675, -0.0126261), (-0.0126272, -0.0121193, -0.0120809), (-0.0124998, -0.0127641, -0.0115239), (-0.0124284, -0.0098814, -0.0141858), (-0.0121153, -0.0102584, -0.0141858), (-0.0117908, -0.0106256, -0.0141858), (-0.0114551, -0.0109827, -0.0141858), (-0.0111085, -0.0113292, -0.0141858), (-0.012444, -0.01054, -0.0136791), (-0.0124185, -0.0111979, -0.013159), (-0.0123522, -0.0118526, -0.0126261), (-0.0122452, -0.0125014, -0.0120809), (-0.0121106, -0.0109172, -0.0136791), (-0.0117658, -0.011284, -0.0136791), (-0.0114098, -0.0116399, -0.0136791), (-0.0120649, -0.011574, -0.013159), (-0.0119784, -0.0122263, -0.0126261), (-0.0116999, -0.0119391, -0.013159), (-0.0100072, -0.0123025, -0.0141858), (-0.0096207, -0.0126039, -0.0141858), (-0.0092251, -0.0128932, -0.0141858), (-0.0088208, -0.0131701, -0.0141858), (-0.0102786, -0.0126397, -0.0136791), (-0.0098816, -0.0129493, -0.0136791), (-0.0094752, -0.0132464, -0.0136791), (-0.0090599, -0.0135309, -0.0136791), (-0.008636, -0.0138025, -0.0136791), (-0.0110309, -0.0135746, -0.0120809), (-0.0106047, -0.0139069, -0.0120809), (-0.0101685, -0.0142258, -0.0120809), (-0.0112602, -0.0138597, -0.0115239), (-0.0108252, -0.0141988, -0.0115239), (-0.0150215, -0.0149056, 0.0003905), (-0.0150315, -0.0148956, 0.0003905), (-0.0149914, -0.0149056, 0.0009376), (-0.0150315, -0.0148656, 0.0009376), (-0.0149415, -0.0149056, 0.0014833), (-0.0150315, -0.0148156, 0.0014833), (-0.0148716, -0.0149056, 0.0020267), (-0.0150315, -0.0147458, 0.0020267), (-0.0147819, -0.0149056, 0.0025673), (-0.0150315, -0.0146561, 0.0025673), (-0.0150315, -0.0145468, 0.0031042), (-0.0146726, -0.0149056, 0.0031042), (-0.0145437, -0.0149056, 0.0036367), (-0.0143955, -0.0149056, 0.0041642), (-0.0145371, -0.0148651, 0.0038177), (-0.0149909, -0.0144113, 0.0038177), (-0.0150315, -0.0144179, 0.0036367), (-0.0150315, -0.0142696, 0.0041642), (-0.0148939, -0.0143172, 0.0044702), (-0.0150315, -0.0141022, 0.0046859), (-0.0147822, -0.0142089, 0.0051182), (-0.0150315, -0.0139159, 0.0052012), (-0.014656, -0.0140865, 0.005761), (-0.0150315, -0.0137108, 0.0057093), (-0.0145153, -0.0139501, 0.0063979), (-0.0150315, -0.0134873, 0.0062096), (-0.0149409, -0.0134974, 0.0063979), (-0.0150315, -0.0132458, 0.0067013), (-0.0147814, -0.013352, 0.0070284), (-0.0150315, -0.0129864, 0.007184), (-0.0146073, -0.0131933, 0.0076518), (-0.0150096, -0.0127381, 0.0076518), (-0.0144189, -0.0130215, 0.0082675), (-0.0148159, -0.0125722, 0.0082675), (-0.0142162, -0.0128367, 0.0088748), (-0.0146077, -0.0123938, 0.0088748), (-0.0139995, -0.0126392, 0.0094733), (-0.0143851, -0.012203, 0.0094733), (-0.0137691, -0.0124291, 0.0100622), (-0.0141482, -0.0120001, 0.0100622), (-0.0135251, -0.0122067, 0.0106411), (-0.0138975, -0.0117853, 0.0106411), (-0.0132678, -0.0119721, 0.0112093), (-0.0136331, -0.0115588, 0.0112093), (-0.0129974, -0.0117256, 0.0117663), (-0.0133552, -0.0113207, 0.0117663), (-0.0127142, -0.0114675, 0.0123115), (-0.0130642, -0.0110714, 0.0123115), (-0.0124185, -0.0111979, 0.0128444), (-0.0127604, -0.0108111, 0.0128444), (-0.0121106, -0.0109172, 0.0133645), (-0.012444, -0.01054, 0.0133645), (-0.0117908, -0.0106256, 0.0138712), (-0.0121153, -0.0102584, 0.0138712), (-0.0114593, -0.0103235, 0.0143641), (-0.0117747, -0.0099666, 0.0143641), (-0.011203, -0.0099154, 0.0148427), (-0.0115612, -0.0095007, 0.0148427), (-0.0144431, -0.0147681, 0.0044702), (-0.0142281, -0.0149056, 0.0046859), (-0.0143348, -0.0146564, 0.0051182), (-0.0140417, -0.0149056, 0.0052012), (-0.0142123, -0.0145301, 0.005761), (-0.0138367, -0.0149056, 0.0057093), (-0.0136132, -0.0149056, 0.0062096), (-0.0133716, -0.0149056, 0.0067013), (-0.0136232, -0.0148151, 0.0063979), (-0.0140759, -0.0143895, 0.0063979), (-0.0134778, -0.0146556, 0.0070284), (-0.0131122, -0.0149056, 0.007184), (-0.0133191, -0.0144815, 0.0076518), (-0.012864, -0.0148838, 0.0076518), (-0.012698, -0.0146901, 0.0082675), (-0.0128354, -0.0149056, 0.0076568), (-0.0125414, -0.0149056, 0.0081192), (-0.0122308, -0.0149056, 0.0085706), (-0.0125196, -0.0144818, 0.0088748), (-0.0131473, -0.014293, 0.0082675), (-0.0129626, -0.0140904, 0.0088748), (-0.0135842, -0.0138823, 0.0082675), (-0.0133933, -0.0136854, 0.0088748), (-0.0140081, -0.0134583, 0.0082675), (-0.0138113, -0.0132674, 0.0088748), (-0.0120648, -0.0148595, 0.0088748), (-0.0119039, -0.0149056, 0.0090103), (-0.011881, -0.0146311, 0.0094733), (-0.0115612, -0.0149056, 0.0094378), (-0.0116855, -0.0143882, 0.0100622), (-0.011234, -0.0147402, 0.0100622), (-0.011035, -0.0144767, 0.0106411), (-0.01083, -0.0149056, 0.0102538), (-0.0105811, -0.0148086, 0.0106411), (-0.0104426, -0.0149056, 0.0106413), (-0.0103799, -0.0145244, 0.0112093), (-0.0100412, -0.0149056, 0.0110143), (-0.0099248, -0.0148362, 0.0112093), (-0.0096266, -0.0149056, 0.0113724), (-0.0097227, -0.0145312, 0.0117663), (-0.0092677, -0.0148227, 0.0117663), (-0.009066, -0.0144969, 0.0123115), (-0.0087593, -0.0149056, 0.012042), (-0.0086124, -0.0147682, 0.0123115), (-0.008308, -0.0149056, 0.0123527), (-0.0084123, -0.0144217, 0.0128444), (-0.0079613, -0.0146729, 0.0128444), (-0.0077642, -0.0143058, 0.0133645), (-0.0073171, -0.0145371, 0.0133645), (-0.0071242, -0.0141497, 0.0138712), (-0.0066822, -0.0143614, 0.0138712), (-0.0064947, -0.0139539, 0.0143641), (-0.006059, -0.0141463, 0.0143641), (-0.005898, -0.0137108, 0.0148427), (-0.0056176, -0.0143251, 0.0143641), (-0.0053899, -0.0139159, 0.0148427), (-0.0051709, -0.0144903, 0.0143641), (-0.0048747, -0.0141022, 0.0148427), (-0.0047193, -0.0146417, 0.0143641), (-0.0043529, -0.0142696, 0.0148427), (-0.0042633, -0.0147791, 0.0143641), (-0.0038255, -0.0144179, 0.0148427), (-0.0038255, -0.0149056, 0.014355), (-0.0032929, -0.0145468, 0.0148427), (-0.0032929, -0.0149056, 0.0144838), (-0.002756, -0.0146561, 0.0148427), (-0.002756, -0.0149056, 0.0145932), (-0.0022155, -0.0147458, 0.0148427), (-0.0022155, -0.0149056, 0.0146829), (-0.001672, -0.0148156, 0.0148427), (-0.001672, -0.0149056, 0.0147527), (-0.0011264, -0.0148656, 0.0148427), (-0.0011264, -0.0149056, 0.0148027), (-0.0005793, -0.0148956, 0.0148427), (-0.0005793, -0.0149056, 0.0148327), (-3.15e-05, -0.0149056, 0.0148427), (-0.011203, -0.0149056, 0.0098525), (-0.0091991, -0.0149056, 0.0117151), (-0.0078456, -0.0149056, 0.0126466), (-0.0073727, -0.0149056, 0.0129234), (-0.0068901, -0.0149056, 0.0131828), (-0.006863, -0.0147545, 0.0133645), (-0.0063983, -0.0149056, 0.0134244), (-0.0062338, -0.0145593, 0.0138712), (-0.005898, -0.0149056, 0.0136479), (-0.0057796, -0.0147434, 0.0138712), (-0.0053899, -0.0149056, 0.0138529), (-0.0048747, -0.0149056, 0.0140393), (-0.0043529, -0.0149056, 0.0142067), (-0.0063983, -0.0134873, 0.0148427), (-0.0069243, -0.0137482, 0.0143641), (-0.0075594, -0.0139245, 0.0138712), (-0.008204, -0.0140609, 0.0133645), (-0.0088554, -0.0141567, 0.0128444), (-0.0095111, -0.0142118, 0.0123115), (-0.0101685, -0.0142258, 0.0117663), (-0.0108252, -0.0141988, 0.0112093), (-0.0114785, -0.0141309, 0.0106411), (-0.012126, -0.0140224, 0.0100622), (-0.0123289, -0.0142592, 0.0094733), (-0.0127651, -0.0138737, 0.0094733), (-0.0068901, -0.0132458, 0.0148427), (-0.0073473, -0.0135294, 0.0143641), (-0.0079876, -0.013686, 0.0138712), (-0.008636, -0.0138025, 0.0133645), (-0.00929, -0.0138782, 0.0128444), (-0.0099471, -0.0139131, 0.0123115), (-0.0106047, -0.0139069, 0.0117663), (-0.0112602, -0.0138597, 0.0112093), (-0.0119112, -0.0137717, 0.0106411), (-0.012555, -0.0136433, 0.0100622), (-0.0131892, -0.0134749, 0.0094733), (-0.0073727, -0.0129864, 0.0148427), (-0.0077633, -0.0132976, 0.0143641), (-0.0084082, -0.0134345, 0.0138712), (-0.0090599, -0.0135309, 0.0133645), (-0.0097159, -0.0135865, 0.0128444), (-0.0103738, -0.0136011, 0.0123115), (-0.0110309, -0.0135746, 0.0117663), (-0.0116846, -0.0135072, 0.0112093), (-0.0123325, -0.0133993, 0.0106411), (-0.0129721, -0.0132511, 0.0100622), (-0.0136008, -0.0130633, 0.0094733), (-0.0078456, -0.0127095, 0.0148427), (-0.0081721, -0.0130532, 0.0143641), (-0.0088208, -0.0131701, 0.0138712), (-0.0094752, -0.0132464, 0.0133645), (-0.0101327, -0.0132818, 0.0128444), (-0.0107906, -0.0132761, 0.0123115), (-0.0114466, -0.0132294, 0.0117663), (-0.012098, -0.0131419, 0.0112093), (-0.0127422, -0.013014, 0.0106411), (-0.0133769, -0.0128462, 0.0100622), (-0.008308, -0.0124156, 0.0148427), (-0.0085731, -0.0127962, 0.0143641), (-0.0092251, -0.0128932, 0.0138712), (-0.0098816, -0.0129493, 0.0133645), (-0.0105398, -0.0129643, 0.0128444), (-0.0111973, -0.0129384, 0.0123115), (-0.0118515, -0.0128716, 0.0117663), (-0.0124998, -0.0127641, 0.0112093), (-0.0131399, -0.0126164, 0.0106411), (-0.008966, -0.0125271, 0.0143641), (-0.0087593, -0.012105, 0.0148427), (-0.0093505, -0.012246, 0.0143641), (-0.0091991, -0.0117781, 0.0148427), (-0.0097261, -0.0119531, 0.0143641), (-0.0096266, -0.0114353, 0.0148427), (-0.0100925, -0.0116489, 0.0143641), (-0.0100412, -0.0110772, 0.0148427), (-0.0104493, -0.0113335, 0.0143641), (-0.0104426, -0.0107042, 0.0148427), (-0.0107963, -0.0110072, 0.0143641), (-0.01083, -0.0103167, 0.0148427), (-0.0111331, -0.0106705, 0.0143641), (-0.012079, -0.0096002, 0.0143641), (-0.0119039, -0.0090732, 0.0148427), (-0.0123718, -0.0092246, 0.0143641), (-0.0122308, -0.0086335, 0.0148427), (-0.0126529, -0.0088402, 0.0143641), (-0.0125414, -0.0081821, 0.0148427), (-0.0129221, -0.0084473, 0.0143641), (-0.013179, -0.0080462, 0.0143641), (-0.0135603, -0.0082823, 0.0138712), (-0.0138119, -0.0078617, 0.0138712), (-0.0141867, -0.0080781, 0.0133645), (-0.0144317, -0.0076384, 0.0133645), (-0.0147987, -0.0078355, 0.0128444), (-0.014663, -0.0071912, 0.0133645), (-0.0150315, -0.0072469, 0.0129234), (-0.0150315, -0.0067643, 0.0131828), (-0.0148804, -0.0067372, 0.0133645), (-0.0150315, -0.0062725, 0.0134244), (-0.0144872, -0.0065563, 0.0138712), (-0.0146851, -0.006108, 0.0138712), (-0.0140797, -0.0063689, 0.0143641), (-0.0142721, -0.0059332, 0.0143641), (-0.0138367, -0.0057722, 0.0148427), (-0.014451, -0.0054918, 0.0143641), (-0.0140417, -0.0052641, 0.0148427), (-0.0146162, -0.0050451, 0.0143641), (-0.0142281, -0.0047488, 0.0148427), (-0.0147675, -0.0045935, 0.0143641), (-0.0143955, -0.0042271, 0.0148427), (-0.0149049, -0.0041375, 0.0143641), (-0.0145437, -0.0036996, 0.0148427), (-0.0150315, -0.0036996, 0.014355), (-0.0146726, -0.0031671, 0.0148427), (-0.0150315, -0.0031671, 0.0144838), (-0.0147819, -0.0026302, 0.0148427), (-0.0150315, -0.0026302, 0.0145932), (-0.0148716, -0.0020896, 0.0148427), (-0.0150315, -0.0020896, 0.0146829), (-0.0149415, -0.0015462, 0.0148427), (-0.0150315, -0.0015462, 0.0147527), (-0.0149914, -0.0010005, 0.0148427), (-0.0150315, -0.0010005, 0.0148027), (-0.0150215, -0.0004534, 0.0148427), (-0.0150315, -0.0004534, 0.0148327), (-0.0128354, -0.0077197, 0.0148427), (-0.0134235, -0.0076375, 0.0143641), (-0.0140504, -0.0074336, 0.0138712), (-0.0131122, -0.0072469, 0.0148427), (-0.0136552, -0.0072214, 0.0143641), (-0.0142755, -0.0069983, 0.0138712), (-0.0133716, -0.0067643, 0.0148427), (-0.0138741, -0.0067984, 0.0143641), (-0.0136132, -0.0062725, 0.0148427), (-0.0150315, -0.0042271, 0.0142067), (-0.0150315, -0.0047488, 0.0140393), (-0.0150315, -0.0052641, 0.0138529), (-0.0148692, -0.0056538, 0.0138712), (-0.0150315, -0.0057722, 0.0136479), (-0.0150315, -0.0077197, 0.0126466), (-0.0150315, -0.0081821, 0.0123527), (-0.0145475, -0.0082865, 0.0128444), (-0.0148941, -0.0084865, 0.0123115), (-0.0142826, -0.0087295, 0.0128444), (-0.0146228, -0.0089402, 0.0123115), (-0.0140041, -0.0091642, 0.0128444), (-0.0143376, -0.0093852, 0.0123115), (-0.0137123, -0.0095901, 0.0128444), (-0.0140389, -0.0098213, 0.0123115), (-0.0134076, -0.0100068, 0.0128444), (-0.0137269, -0.0102479, 0.0123115), (-0.0130902, -0.0104139, 0.0128444), (-0.0134019, -0.0106648, 0.0123115), (-0.0150315, -0.0086335, 0.012042), (-0.0149485, -0.0091419, 0.0117663), (-0.0150315, -0.0090732, 0.0117151), (-0.0150315, -0.0095007, 0.0113724), (-0.0150315, -0.0099154, 0.0110143), (-0.014962, -0.009799, 0.0112093), (-0.014657, -0.0095969, 0.0117663), (-0.0146503, -0.0102541, 0.0112093), (-0.0150315, -0.0103167, 0.0106413), (-0.0149345, -0.0104552, 0.0106411), (-0.0150315, -0.0107042, 0.0102538), (-0.0146025, -0.0109092, 0.0106411), (-0.014866, -0.0111082, 0.0100622), (-0.0142568, -0.0113527, 0.0106411), (-0.014514, -0.0115597, 0.0100622), (-0.0150315, -0.0110772, 0.0098525), (-0.0150315, -0.0114353, 0.0094378), (-0.0147569, -0.0117552, 0.0094733), (-0.0150315, -0.0117781, 0.0090103), (-0.0149854, -0.011939, 0.0088748), (-0.0150315, -0.012105, 0.0085706), (-0.0150315, -0.0124156, 0.0081192), (-0.0150315, -0.0127095, 0.0076568), (-0.0114551, -0.0109827, 0.0138712), (-0.0111085, -0.0113292, 0.0138712), (-0.0107515, -0.0116649, 0.0138712), (-0.0103843, -0.0119895, 0.0138712), (-0.0100072, -0.0123025, 0.0138712), (-0.0096207, -0.0126039, 0.0138712), (-0.0117658, -0.011284, 0.0133645), (-0.0114098, -0.0116399, 0.0133645), (-0.0110431, -0.0119848, 0.0133645), (-0.0106659, -0.0123181, 0.0133645), (-0.0102786, -0.0126397, 0.0133645), (-0.0120649, -0.011574, 0.0128444), (-0.0123522, -0.0118526, 0.0123115), (-0.0126272, -0.0121193, 0.0117663), (-0.0128899, -0.012374, 0.0112093), (-0.0116999, -0.0119391, 0.0128444), (-0.0113238, -0.0122927, 0.0128444), (-0.0109369, -0.0126345, 0.0128444), (-0.0119784, -0.0122263, 0.0123115), (-0.0115933, -0.0125884, 0.0123115), (-0.0122452, -0.0125014, 0.0117663), (-0.0141912, -0.0136358, 0.0076518), (-0.0137617, -0.0140654, 0.0076518), (-0.0143603, -0.0137998, 0.0070284), (-0.0139257, -0.0142345, 0.0070284), (-0.0124284, -0.0098814, 0.0138712), (-0.0127297, -0.0094949, 0.0138712), (-0.013019, -0.0090993, 0.0138712), (-0.013296, -0.008695, 0.0138712), (-0.0127656, -0.0101527, 0.0133645), (-0.0130751, -0.0097557, 0.0133645), (-0.0133722, -0.0093494, 0.0133645), (-0.0136567, -0.0089341, 0.0133645), (-0.0139283, -0.0085102, 0.0133645), (-0.0137005, -0.010905, 0.0117663), (-0.0140327, -0.0104789, 0.0117663), (-0.0143517, -0.0100427, 0.0117663), (-0.0139855, -0.0111344, 0.0112093), (-0.0143247, -0.0106993, 0.0112093), (0.0005164, 0.0150844, 0.0148427), (0.0005164, 0.0150944, 0.0148327), (0.0010635, 0.0150944, 0.0148027), (0.0010635, 0.0150544, 0.0148427), (0.0016091, 0.0150944, 0.0147527), (0.0016091, 0.0150044, 0.0148427), (0.0021526, 0.0150944, 0.0146829), (0.0021526, 0.0149345, 0.0148427), (0.0026931, 0.0150944, 0.0145932), (0.0026931, 0.0148449, 0.0148427), (0.00323, 0.0150944, 0.0144838), (0.00323, 0.0147355, 0.0148427), (0.0037625, 0.0150944, 0.014355), (0.0037625, 0.0146066, 0.0148427), (0.0042004, 0.0149678, 0.0143641), (0.00429, 0.0144584, 0.0148427), (0.0046564, 0.0148304, 0.0143641), (0.0048117, 0.014291, 0.0148427), (0.005108, 0.0146791, 0.0143641), (0.005327, 0.0141046, 0.0148427), (0.0055547, 0.0145139, 0.0143641), (0.0058351, 0.0138996, 0.0148427), (0.0059961, 0.014335, 0.0143641), (0.0064318, 0.0141427, 0.0143641), (0.0066192, 0.0145501, 0.0138712), (0.0070612, 0.0143385, 0.0138712), (0.0072542, 0.0147259, 0.0133645), (0.0077013, 0.0144946, 0.0133645), (0.0078984, 0.0148617, 0.0128444), (0.0083494, 0.0146105, 0.0128444), (0.0082451, 0.0150944, 0.0123527), (0.0085495, 0.014957, 0.0123115), (0.0086964, 0.0150944, 0.012042), (0.0090031, 0.0146857, 0.0123115), (0.0092048, 0.0150115, 0.0117663), (0.0096598, 0.01472, 0.0117663), (0.0095636, 0.0150944, 0.0113724), (0.0098619, 0.015025, 0.0112093), (0.0099783, 0.0150944, 0.0110143), (0.010317, 0.0147132, 0.0112093), (0.0103797, 0.0150944, 0.0106413), (0.0105182, 0.0149974, 0.0106411), (0.0107671, 0.0150944, 0.0102538), (0.0109721, 0.0146655, 0.0106411), (0.0111711, 0.0149289, 0.0100622), (0.0116226, 0.0145769, 0.0100622), (0.0114982, 0.0150944, 0.0094378), (0.0118181, 0.0148199, 0.0094733), (0.011841, 0.0150944, 0.0090103), (0.0120019, 0.0150483, 0.0088748), (0.0121679, 0.0150944, 0.0085706), (0.0124567, 0.0146706, 0.0088748), (0.0126351, 0.0148789, 0.0082675), (0.0130844, 0.0144818, 0.0082675), (0.0132562, 0.0146703, 0.0076518), (0.0136988, 0.0142541, 0.0076518), (0.0138627, 0.0144233, 0.0070284), (0.0142974, 0.0139886, 0.0070284), (0.0144524, 0.0141389, 0.0063979), (0.014878, 0.0136862, 0.0063979), (0.0149685, 0.0136761, 0.0062096), (0.0149685, 0.0134345, 0.0067013), (0.0147185, 0.0135407, 0.0070284), (0.0149685, 0.0131751, 0.007184), (0.0145444, 0.013382, 0.0076518), (0.0149467, 0.0129269, 0.0076518), (0.0143559, 0.0132102, 0.0082675), (0.014753, 0.012761, 0.0082675), (0.0141533, 0.0130255, 0.0088748), (0.0145448, 0.0125825, 0.0088748), (0.0139366, 0.012828, 0.0094733), (0.0143221, 0.0123918, 0.0094733), (0.0137062, 0.0126179, 0.0100622), (0.0140853, 0.0121889, 0.0100622), (0.0134622, 0.0123955, 0.0106411), (0.0138346, 0.0119741, 0.0106411), (0.0132049, 0.0121609, 0.0112093), (0.0135702, 0.0117475, 0.0112093), (0.0129345, 0.0119144, 0.0117663), (0.0132923, 0.0115095, 0.0117663), (0.0126513, 0.0116562, 0.0123115), (0.0130013, 0.0112602, 0.0123115), (0.0123556, 0.0113867, 0.0128444), (0.0126975, 0.0109999, 0.0128444), (0.0120477, 0.011106, 0.0133645), (0.0123811, 0.0107288, 0.0133645), (0.0117278, 0.0108144, 0.0138712), (0.0120524, 0.0104472, 0.0138712), (0.0113964, 0.0105123, 0.0143641), (0.0117118, 0.0101554, 0.0143641), (0.0111401, 0.0101042, 0.0148427), (0.0114982, 0.0096895, 0.0148427), (0.0063354, 0.0136761, 0.0148427), (0.0068613, 0.013937, 0.0143641), (0.0074965, 0.0141133, 0.0138712), (0.0081411, 0.0142496, 0.0133645), (0.0087924, 0.0143455, 0.0128444), (0.0094481, 0.0144005, 0.0123115), (0.0101056, 0.0144146, 0.0117663), (0.0107623, 0.0143876, 0.0112093), (0.0114156, 0.0143197, 0.0106411), (0.0120631, 0.0142112, 0.0100622), (0.0122659, 0.014448, 0.0094733), (0.0127021, 0.0140625, 0.0094733), (0.0128996, 0.0142791, 0.0088748), (0.0133303, 0.0138742, 0.0088748), (0.0135212, 0.0140711, 0.0082675), (0.0139452, 0.0136471, 0.0082675), (0.0141283, 0.0138246, 0.0076518), (0.0068272, 0.0134345, 0.0148427), (0.0072843, 0.0137181, 0.0143641), (0.0079247, 0.0138748, 0.0138712), (0.0085731, 0.0139912, 0.0133645), (0.0092271, 0.014067, 0.0128444), (0.0098842, 0.0141018, 0.0123115), (0.0105418, 0.0140956, 0.0117663), (0.0111973, 0.0140484, 0.0112093), (0.0118482, 0.0139604, 0.0106411), (0.0124921, 0.013832, 0.0100622), (0.0131262, 0.0136637, 0.0094733), (0.0137483, 0.0134562, 0.0088748), (0.0073098, 0.0131751, 0.0148427), (0.0077004, 0.0134864, 0.0143641), (0.0083453, 0.0136233, 0.0138712), (0.008997, 0.0137197, 0.0133645), (0.009653, 0.0137752, 0.0128444), (0.0103109, 0.0137898, 0.0123115), (0.0109679, 0.0137634, 0.0117663), (0.0116217, 0.013696, 0.0112093), (0.0122696, 0.013588, 0.0106411), (0.0129092, 0.0134398, 0.0100622), (0.0135379, 0.0132521, 0.0094733), (0.0077826, 0.0128983, 0.0148427), (0.0081092, 0.0132419, 0.0143641), (0.0087579, 0.0133589, 0.0138712), (0.0094123, 0.0134352, 0.0133645), (0.0100697, 0.0134705, 0.0128444), (0.0107277, 0.0134648, 0.0123115), (0.0113837, 0.0134182, 0.0117663), (0.012035, 0.0133307, 0.0112093), (0.0126793, 0.0132028, 0.0106411), (0.013314, 0.013035, 0.0100622), (0.0082451, 0.0126043, 0.0148427), (0.0085102, 0.012985, 0.0143641), (0.0091622, 0.0130819, 0.0138712), (0.0098186, 0.013138, 0.0133645), (0.0104769, 0.0131531, 0.0128444), (0.0111343, 0.0131272, 0.0123115), (0.0117885, 0.0130603, 0.0117663), (0.0124369, 0.0129528, 0.0112093), (0.013077, 0.0128052, 0.0106411), (0.0089031, 0.0127159, 0.0143641), (0.0086964, 0.0122937, 0.0148427), (0.0092875, 0.0124347, 0.0143641), (0.0091361, 0.0119668, 0.0148427), (0.0096631, 0.0121419, 0.0143641), (0.0095636, 0.0116241, 0.0148427), (0.0100295, 0.0118376, 0.0143641), (0.0099783, 0.011266, 0.0148427), (0.0103864, 0.0115222, 0.0143641), (0.0103797, 0.0108929, 0.0148427), (0.0107334, 0.011196, 0.0143641), (0.0107671, 0.0105055, 0.0148427), (0.0110702, 0.0108592, 0.0143641), (0.0120161, 0.009789, 0.0143641), (0.011841, 0.009262, 0.0148427), (0.0123089, 0.0094134, 0.0143641), (0.0121679, 0.0088223, 0.0148427), (0.01259, 0.0090289, 0.0143641), (0.0124785, 0.0083709, 0.0148427), (0.0128592, 0.008636, 0.0143641), (0.0131161, 0.008235, 0.0143641), (0.0134974, 0.0084711, 0.0138712), (0.013749, 0.0080505, 0.0138712), (0.0141238, 0.0082669, 0.0133645), (0.0143687, 0.0078271, 0.0133645), (0.0147358, 0.0080242, 0.0128444), (0.0146, 0.00738, 0.0133645), (0.0149685, 0.0074356, 0.0129234), (0.0149685, 0.006953, 0.0131828), (0.0148175, 0.006926, 0.0133645), (0.0149685, 0.0064612, 0.0134244), (0.0144243, 0.0067451, 0.0138712), (0.0146222, 0.0062968, 0.0138712), (0.0140168, 0.0065576, 0.0143641), (0.0142092, 0.0061219, 0.0143641), (0.0137737, 0.005961, 0.0148427), (0.0143881, 0.0056805, 0.0143641), (0.0139788, 0.0054528, 0.0148427), (0.0145533, 0.0052338, 0.0143641), (0.0141651, 0.0049376, 0.0148427), (0.0147046, 0.0047823, 0.0143641), (0.0143325, 0.0044159, 0.0148427), (0.014842, 0.0043262, 0.0143641), (0.0144808, 0.0038884, 0.0148427), (0.0149685, 0.0038884, 0.014355), (0.0146097, 0.0033558, 0.0148427), (0.0149685, 0.0033558, 0.0144838), (0.014719, 0.0028189, 0.0148427), (0.0149685, 0.0028189, 0.0145932), (0.0148087, 0.0022784, 0.0148427), (0.0149685, 0.0022784, 0.0146829), (0.0148786, 0.0017349, 0.0148427), (0.0149685, 0.0017349, 0.0147527), (0.0149285, 0.0011893, 0.0148427), (0.0149685, 0.0011893, 0.0148027), (0.0149585, 0.0006422, 0.0148427), (0.0149685, 0.0006422, 0.0148327), (0.0149685, 9.44e-05, 0.0148427), (0.0127724, 0.0079085, 0.0148427), (0.0133605, 0.0078263, 0.0143641), (0.0139874, 0.0076224, 0.0138712), (0.0130493, 0.0074356, 0.0148427), (0.0135923, 0.0074102, 0.0143641), (0.0142126, 0.0071871, 0.0138712), (0.0133087, 0.006953, 0.0148427), (0.0138111, 0.0069872, 0.0143641), (0.0135503, 0.0064612, 0.0148427), (0.0149685, 0.0044159, 0.0142067), (0.0149685, 0.0049376, 0.0140393), (0.0149685, 0.0054528, 0.0138529), (0.0148063, 0.0058426, 0.0138712), (0.0149685, 0.005961, 0.0136479), (0.0149685, 0.0079085, 0.0126466), (0.0149685, 0.0083709, 0.0123527), (0.0144846, 0.0084752, 0.0128444), (0.0148311, 0.0086753, 0.0123115), (0.0142196, 0.0089183, 0.0128444), (0.0145598, 0.0091289, 0.0123115), (0.0139411, 0.009353, 0.0128444), (0.0142747, 0.009574, 0.0123115), (0.0136494, 0.0097789, 0.0128444), (0.013976, 0.01001, 0.0123115), (0.0133447, 0.0101956, 0.0128444), (0.013664, 0.0104367, 0.0123115), (0.0130273, 0.0106027, 0.0128444), (0.013339, 0.0108536, 0.0123115), (0.0149685, 0.0088223, 0.012042), (0.0148856, 0.0093306, 0.0117663), (0.0149685, 0.009262, 0.0117151), (0.0149685, 0.0096895, 0.0113724), (0.0149685, 0.0101042, 0.0110143), (0.0148991, 0.0099877, 0.0112093), (0.0145941, 0.0097856, 0.0117663), (0.0145874, 0.0104428, 0.0112093), (0.0149685, 0.0105055, 0.0106413), (0.0148716, 0.010644, 0.0106411), (0.0149685, 0.0108929, 0.0102538), (0.0145396, 0.0110979, 0.0106411), (0.0148031, 0.0112969, 0.0100622), (0.0141938, 0.0115414, 0.0106411), (0.0144511, 0.0117484, 0.0100622), (0.0149685, 0.011266, 0.0098525), (0.0149685, 0.0116241, 0.0094378), (0.014694, 0.0119439, 0.0094733), (0.0149685, 0.0119668, 0.0090103), (0.0149224, 0.0121277, 0.0088748), (0.0149685, 0.0122937, 0.0085706), (0.0149685, 0.0126043, 0.0081192), (0.0149685, 0.0128983, 0.0076568), (0.0149685, 0.0138996, 0.0057093), (0.0145931, 0.0142753, 0.005761), (0.014013, 0.0145782, 0.0063979), (0.0141494, 0.0147189, 0.005761), (0.0135503, 0.0150944, 0.0062096), (0.0137737, 0.0150944, 0.0057093), (0.0139788, 0.0150944, 0.0052012), (0.0142718, 0.0148451, 0.0051182), (0.0141651, 0.0150944, 0.0046859), (0.0143801, 0.0149568, 0.0044702), (0.0143325, 0.0150944, 0.0041642), (0.0144742, 0.0150538, 0.0038177), (0.0144808, 0.0150944, 0.0036367), (0.014928, 0.0146, 0.0038177), (0.0149685, 0.0146066, 0.0036367), (0.0149685, 0.0144584, 0.0041642), (0.014831, 0.014506, 0.0044702), (0.0149685, 0.014291, 0.0046859), (0.0147193, 0.0143977, 0.0051182), (0.0149685, 0.0141046, 0.0052012), (0.0149685, 0.0147355, 0.0031042), (0.0146097, 0.0150944, 0.0031042), (0.014719, 0.0150944, 0.0025673), (0.0149685, 0.0148449, 0.0025673), (0.0149685, 0.0149345, 0.0020267), (0.0148087, 0.0150944, 0.0020267), (0.0149685, 0.0150044, 0.0014833), (0.0148786, 0.0150944, 0.0014833), (0.0149685, 0.0150544, 0.0009376), (0.0149285, 0.0150944, 0.0009376), (0.0149685, 0.0150844, 0.0003905), (0.0149585, 0.0150944, 0.0003905), (0.0135603, 0.0150039, 0.0063979), (0.0133087, 0.0150944, 0.0067013), (0.0134149, 0.0148443, 0.0070284), (0.0130493, 0.0150944, 0.007184), (0.012801, 0.0150725, 0.0076518), (0.0127724, 0.0150944, 0.0076568), (0.0124785, 0.0150944, 0.0081192), (0.0111401, 0.0150944, 0.0098525), (0.0091361, 0.0150944, 0.0117151), (0.0077826, 0.0150944, 0.0126466), (0.0073098, 0.0150944, 0.0129234), (0.0068272, 0.0150944, 0.0131828), (0.0068001, 0.0149433, 0.0133645), (0.0063354, 0.0150944, 0.0134244), (0.0061709, 0.0147481, 0.0138712), (0.0058351, 0.0150944, 0.0136479), (0.0057167, 0.0149321, 0.0138712), (0.005327, 0.0150944, 0.0138529), (0.0048117, 0.0150944, 0.0140393), (0.00429, 0.0150944, 0.0142067), (0.0095578, 0.0127926, 0.0138712), (0.0102156, 0.0128285, 0.0133645), (0.010874, 0.0128233, 0.0128444), (0.0115304, 0.0127771, 0.0123115), (0.0121822, 0.0126902, 0.0117663), (0.012827, 0.0125628, 0.0112093), (0.0099443, 0.0124913, 0.0138712), (0.0103213, 0.0121782, 0.0138712), (0.0106886, 0.0118537, 0.0138712), (0.0110456, 0.011518, 0.0138712), (0.0113921, 0.0111714, 0.0138712), (0.0106029, 0.0125069, 0.0133645), (0.0112608, 0.0124814, 0.0128444), (0.0119155, 0.0124151, 0.0123115), (0.0125643, 0.0123081, 0.0117663), (0.0109801, 0.0121735, 0.0133645), (0.0113469, 0.0118287, 0.0133645), (0.0117028, 0.0114727, 0.0133645), (0.0116369, 0.0121278, 0.0128444), (0.0122892, 0.0120413, 0.0123115), (0.012002, 0.0117628, 0.0128444), (0.0123655, 0.0100702, 0.0138712), (0.0126668, 0.0096837, 0.0138712), (0.0129561, 0.0092881, 0.0138712), (0.013233, 0.0088838, 0.0138712), (0.0127027, 0.0103415, 0.0133645), (0.0130122, 0.0099445, 0.0133645), (0.0133093, 0.0095381, 0.0133645), (0.0135938, 0.0091228, 0.0133645), (0.0138654, 0.0086989, 0.0133645), (0.0136375, 0.0110938, 0.0117663), (0.0139698, 0.0106676, 0.0117663), (0.0142887, 0.0102314, 0.0117663), (0.0139226, 0.0113232, 0.0112093), (0.0142617, 0.0108881, 0.0112093), (0.0149685, -0.0004534, -0.0151473), (0.0149585, -0.0004534, -0.0151573), (0.0149685, -0.0010005, -0.0151173), (0.0149285, -0.0010005, -0.0151573), (0.0149685, -0.0015462, -0.0150673), (0.0148786, -0.0015461, -0.0151573), (0.0149685, -0.0020896, -0.0149975), (0.0148087, -0.0020896, -0.0151573), (0.0149685, -0.0026302, -0.0149078), (0.014719, -0.0026301, -0.0151573), (0.0149685, -0.0031671, -0.0147984), (0.0146097, -0.003167, -0.0151573), (0.0149685, -0.0036996, -0.0146696), (0.0144808, -0.0036996, -0.0151573), (0.014842, -0.0041375, -0.0146787), (0.0143325, -0.0042271, -0.0151573), (0.0147046, -0.0045935, -0.0146787), (0.0141651, -0.0047488, -0.0151573), (0.0145533, -0.0050451, -0.0146787), (0.0139788, -0.005264, -0.0151573), (0.0143881, -0.0054918, -0.0146787), (0.0137737, -0.0057721, -0.0151573), (0.0142092, -0.0059332, -0.0146787), (0.0140168, -0.0063689, -0.0146787), (0.0146222, -0.006108, -0.0141858), (0.0144243, -0.0065563, -0.0141858), (0.0149685, -0.0062725, -0.013739), (0.0148175, -0.0067372, -0.0136791), (0.0149685, -0.0067643, -0.0134974), (0.0146, -0.0071912, -0.0136791), (0.0149685, -0.0072469, -0.013238), (0.0147358, -0.0078355, -0.013159), (0.0149685, -0.0077197, -0.0129612), (0.0149685, -0.0081821, -0.0126673), (0.0149685, -0.0042271, -0.0145213), (0.0149685, -0.0047488, -0.0143539), (0.0149685, -0.0052641, -0.0141675), (0.0148063, -0.0056538, -0.0141858), (0.0149685, -0.0057722, -0.0139625), (0.0149685, -0.0086335, -0.0123566), (0.0148311, -0.0084865, -0.0126261), (0.0144846, -0.0082865, -0.013159), (0.0141238, -0.0080781, -0.0136791), (0.0143687, -0.0076384, -0.0136791), (0.013749, -0.0078617, -0.0141858), (0.0139874, -0.0074336, -0.0141858), (0.0133605, -0.0076375, -0.0146787), (0.0135923, -0.0072214, -0.0146787), (0.0130493, -0.0072468, -0.0151573), (0.0133087, -0.0067642, -0.0151573), (0.0149685, -0.0090732, -0.0120297), (0.0148856, -0.0091419, -0.0120809), (0.0145598, -0.0089402, -0.0126261), (0.0142196, -0.0087295, -0.013159), (0.0138654, -0.0085102, -0.0136791), (0.0134974, -0.0082823, -0.0141858), (0.0131161, -0.0080462, -0.0146787), (0.0127724, -0.0077197, -0.0151573), (0.0149685, -0.0095007, -0.011687), (0.0145941, -0.0095969, -0.0120809), (0.0142747, -0.0093852, -0.0126261), (0.013976, -0.0098213, -0.0126261), (0.0136494, -0.0095901, -0.013159), (0.0133447, -0.0100068, -0.013159), (0.0130122, -0.0097557, -0.0136791), (0.0127027, -0.0101527, -0.0136791), (0.0123655, -0.0098814, -0.0141858), (0.0120524, -0.0102584, -0.0141858), (0.0117118, -0.0099666, -0.0146787), (0.0113964, -0.0103235, -0.0146787), (0.0111401, -0.0099154, -0.0151573), (0.0107671, -0.0103167, -0.0151573), (0.0110702, -0.0106705, -0.0146787), (0.0107334, -0.0110072, -0.0146787), (0.0113921, -0.0109827, -0.0141858), (0.0110456, -0.0113292, -0.0141858), (0.0117028, -0.011284, -0.0136791), (0.0113469, -0.0116399, -0.0136791), (0.012002, -0.011574, -0.013159), (0.0116369, -0.0119391, -0.013159), (0.0122892, -0.0118526, -0.0126261), (0.0119155, -0.0122263, -0.0126261), (0.0125643, -0.0121193, -0.0120809), (0.0121822, -0.0125014, -0.0120809), (0.012827, -0.012374, -0.0115239), (0.0124369, -0.0127641, -0.0115239), (0.013077, -0.0126164, -0.0109557), (0.0126793, -0.013014, -0.0109557), (0.013314, -0.0128462, -0.0103768), (0.0129092, -0.0132511, -0.0103768), (0.0135379, -0.0130633, -0.0097879), (0.0131262, -0.0134749, -0.0097879), (0.0137483, -0.0132674, -0.0091894), (0.0133303, -0.0136854, -0.0091894), (0.0139452, -0.0134583, -0.0085821), (0.0135212, -0.0138823, -0.0085821), (0.0141283, -0.0136358, -0.0079664), (0.0136988, -0.0140654, -0.0079664), (0.0142974, -0.0137998, -0.007343), (0.0138627, -0.0142345, -0.007343), (0.0144524, -0.0139501, -0.0067125), (0.014013, -0.0143895, -0.0067125), (0.0145931, -0.0140865, -0.0060756), (0.0141494, -0.0145301, -0.0060756), (0.0147193, -0.0142089, -0.0054328), (0.0142718, -0.0146564, -0.0054328), (0.014831, -0.0143172, -0.0047848), (0.0143801, -0.0147681, -0.0047848), (0.014928, -0.0144113, -0.0041323), (0.0144742, -0.0148651, -0.0041323), (0.0149685, -0.0144179, -0.0039513), (0.0144808, -0.0149056, -0.0039513), (0.0149685, -0.0145468, -0.0034188), (0.0146097, -0.0149056, -0.0034188), (0.0149685, -0.0146561, -0.0028819), (0.014719, -0.0149056, -0.0028819), (0.0149685, -0.0147458, -0.0023413), (0.0148087, -0.0149056, -0.0023413), (0.0149685, -0.0148156, -0.0017979), (0.0148786, -0.0149056, -0.0017979), (0.0149685, -0.0148656, -0.0012522), (0.0149285, -0.0149056, -0.0012522), (0.0149685, -0.0148956, -0.0007051), (0.0149585, -0.0149056, -0.0007051), (0.0149685, -0.0149056, -0.0001573), (0.0148991, -0.009799, -0.0115239), (0.0149685, -0.0099154, -0.0113289), (0.0145874, -0.0102541, -0.0115239), (0.0149685, -0.0103167, -0.0109559), (0.0148716, -0.0104552, -0.0109557), (0.0149685, -0.0107042, -0.0105684), (0.0145396, -0.0109092, -0.0109557), (0.0148031, -0.0111082, -0.0103768), (0.0141938, -0.0113527, -0.0109557), (0.0144511, -0.0115597, -0.0103768), (0.0138346, -0.0117853, -0.0109557), (0.0140853, -0.0120001, -0.0103768), (0.0134622, -0.0122067, -0.0109557), (0.0137062, -0.0124291, -0.0103768), (0.0149685, -0.0110772, -0.0101671), (0.0149685, -0.0114353, -0.0097524), (0.014694, -0.0117552, -0.0097879), (0.0143221, -0.012203, -0.0097879), (0.0139366, -0.0126392, -0.0097879), (0.0149685, -0.0117781, -0.0093249), (0.0149224, -0.011939, -0.0091894), (0.0145448, -0.0123938, -0.0091894), (0.0141533, -0.0128367, -0.0091894), (0.0149685, -0.012105, -0.0088852), (0.014753, -0.0125722, -0.0085821), (0.0149685, -0.0124156, -0.0084338), (0.0149685, -0.0127095, -0.0079714), (0.0149467, -0.0127381, -0.0079664), (0.0149685, -0.0129864, -0.0074986), (0.0145444, -0.0131933, -0.0079664), (0.0147185, -0.013352, -0.007343), (0.0149685, -0.0132458, -0.0070159), (0.014878, -0.0134974, -0.0067125), (0.0149685, -0.0134873, -0.0065242), (0.0149685, -0.0137108, -0.0060239), (0.0149685, -0.0139159, -0.0055158), (0.0149685, -0.0141022, -0.0050005), (0.0149685, -0.0142696, -0.0044788), (0.0143325, -0.0149056, -0.0044788), (0.0141651, -0.0149056, -0.0050005), (0.0139788, -0.0149056, -0.0055158), (0.0137737, -0.0149056, -0.0060239), (0.0135503, -0.0149056, -0.0065242), (0.0135603, -0.0148151, -0.0067125), (0.0134149, -0.0146556, -0.007343), (0.0133087, -0.0149056, -0.0070159), (0.0130493, -0.0149056, -0.0074986), (0.0127724, -0.0149056, -0.0079714), (0.012801, -0.0148838, -0.0079664), (0.0132562, -0.0144815, -0.0079664), (0.0124785, -0.0149056, -0.0084338), (0.0126351, -0.0146901, -0.0085821), (0.0130844, -0.014293, -0.0085821), (0.0121679, -0.0149056, -0.0088852), (0.0124567, -0.0144818, -0.0091894), (0.0128996, -0.0140904, -0.0091894), (0.0120019, -0.0148595, -0.0091894), (0.011841, -0.0149056, -0.0093249), (0.0118181, -0.0146311, -0.0097879), (0.0114982, -0.0149056, -0.0097524), (0.0116226, -0.0143882, -0.0103768), (0.0111711, -0.0147402, -0.0103768), (0.0109721, -0.0144767, -0.0109557), (0.0107671, -0.0149056, -0.0105684), (0.0105182, -0.0148086, -0.0109557), (0.0103797, -0.0149056, -0.0109559), (0.010317, -0.0145244, -0.0115239), (0.0099783, -0.0149056, -0.0113289), (0.0098619, -0.0148362, -0.0115239), (0.0095636, -0.0149056, -0.011687), (0.0096598, -0.0145312, -0.0120809), (0.0092048, -0.0148227, -0.0120809), (0.0090031, -0.0144969, -0.0126261), (0.0086964, -0.0149056, -0.0123566), (0.0085495, -0.0147682, -0.0126261), (0.0082451, -0.0149056, -0.0126673), (0.0083494, -0.0144217, -0.013159), (0.0078984, -0.0146729, -0.013159), (0.0077013, -0.0143058, -0.0136791), (0.0072542, -0.0145371, -0.0136791), (0.0070612, -0.0141497, -0.0141858), (0.0066192, -0.0143614, -0.0141858), (0.0064318, -0.0139539, -0.0146787), (0.0059961, -0.0141463, -0.0146787), (0.0058351, -0.0137108, -0.0151573), (0.0055547, -0.0143251, -0.0146787), (0.005327, -0.0139158, -0.0151573), (0.005108, -0.0144903, -0.0146787), (0.0048117, -0.0141022, -0.0151573), (0.0046564, -0.0146417, -0.0146787), (0.00429, -0.0142696, -0.0151573), (0.0042004, -0.0147791, -0.0146787), (0.0037625, -0.0144178, -0.0151573), (0.0037625, -0.0149056, -0.0146696), (0.00323, -0.0145467, -0.0151573), (0.00323, -0.0149056, -0.0147984), (0.0026931, -0.0146561, -0.0151573), (0.0026931, -0.0149056, -0.0149078), (0.0021526, -0.0147457, -0.0151573), (0.0021526, -0.0149056, -0.0149975), (0.0016091, -0.0148156, -0.0151573), (0.0016091, -0.0149056, -0.0150673), (0.0010635, -0.0148656, -0.0151573), (0.0010635, -0.0149056, -0.0151173), (0.0005164, -0.0148989, -0.015154), (0.0111401, -0.0149056, -0.0101671), (0.0091361, -0.0149056, -0.0120297), (0.0077826, -0.0149056, -0.0129612), (0.0073098, -0.0149056, -0.013238), (0.0068272, -0.0149056, -0.0134974), (0.0068001, -0.0147545, -0.0136791), (0.0063354, -0.0149056, -0.013739), (0.0061709, -0.0145593, -0.0141858), (0.0058351, -0.0149056, -0.0139625), (0.0057167, -0.0147434, -0.0141858), (0.005327, -0.0149056, -0.0141675), (0.0048117, -0.0149056, -0.0143539), (0.00429, -0.0149056, -0.0145213), (0.0063354, -0.0134873, -0.0151573), (0.0068613, -0.0137482, -0.0146787), (0.0074965, -0.0139245, -0.0141858), (0.0081411, -0.0140609, -0.0136791), (0.0087924, -0.0141567, -0.013159), (0.0094481, -0.0142118, -0.0126261), (0.0101056, -0.0142258, -0.0120809), (0.0107623, -0.0141988, -0.0115239), (0.0114156, -0.0141309, -0.0109557), (0.0120631, -0.0140224, -0.0103768), (0.0122659, -0.0142592, -0.0097879), (0.0127021, -0.0138737, -0.0097879), (0.0068272, -0.0132457, -0.0151573), (0.0072843, -0.0135294, -0.0146787), (0.0079247, -0.013686, -0.0141858), (0.0085731, -0.0138025, -0.0136791), (0.0092271, -0.0138782, -0.013159), (0.0098842, -0.0139131, -0.0126261), (0.0105418, -0.0139069, -0.0120809), (0.0111973, -0.0138597, -0.0115239), (0.0118482, -0.0137717, -0.0109557), (0.0124921, -0.0136433, -0.0103768), (0.0073098, -0.0129863, -0.0151573), (0.0077004, -0.0132976, -0.0146787), (0.0083453, -0.0134345, -0.0141858), (0.008997, -0.0135309, -0.0136791), (0.009653, -0.0135865, -0.013159), (0.0103109, -0.0136011, -0.0126261), (0.0109679, -0.0135746, -0.0120809), (0.0116217, -0.0135072, -0.0115239), (0.0122696, -0.0133993, -0.0109557), (0.0077826, -0.0127095, -0.0151573), (0.0081092, -0.0130532, -0.0146787), (0.0087579, -0.0131701, -0.0141858), (0.0094123, -0.0132464, -0.0136791), (0.0100697, -0.0132818, -0.013159), (0.0107277, -0.0132761, -0.0126261), (0.0113837, -0.0132294, -0.0120809), (0.012035, -0.0131419, -0.0115239), (0.0082451, -0.0124155, -0.0151573), (0.0085102, -0.0127962, -0.0146787), (0.0091622, -0.0128932, -0.0141858), (0.0098186, -0.0129493, -0.0136791), (0.0104769, -0.0129643, -0.013159), (0.0111343, -0.0129384, -0.0126261), (0.0117885, -0.0128716, -0.0120809), (0.0089031, -0.0125271, -0.0146787), (0.0086964, -0.0121049, -0.0151573), (0.0092875, -0.012246, -0.0146787), (0.0091361, -0.011778, -0.0151573), (0.0096631, -0.0119531, -0.0146787), (0.0095636, -0.0114353, -0.0151573), (0.0100295, -0.0116489, -0.0146787), (0.0099783, -0.0110772, -0.0151573), (0.0103864, -0.0113335, -0.0146787), (0.0103797, -0.0107041, -0.0151573), (0.0114982, -0.0095007, -0.0151573), (0.0120161, -0.0096002, -0.0146787), (0.0126668, -0.0094949, -0.0141858), (0.0133093, -0.0093494, -0.0136791), (0.0139411, -0.0091642, -0.013159), (0.011841, -0.0090732, -0.0151573), (0.0123089, -0.0092246, -0.0146787), (0.0129561, -0.0090993, -0.0141858), (0.0135938, -0.0089341, -0.0136791), (0.0121679, -0.0086335, -0.0151573), (0.01259, -0.0088402, -0.0146787), (0.013233, -0.008695, -0.0141858), (0.0124785, -0.0081821, -0.0151573), (0.0128592, -0.0084473, -0.0146787), (0.0138111, -0.0067984, -0.0146787), (0.0135503, -0.0062724, -0.0151573), (0.0142126, -0.0069983, -0.0141858), (0.0142887, -0.0100427, -0.0120809), (0.0139698, -0.0104789, -0.0120809), (0.0142617, -0.0106993, -0.0115239), (0.0136375, -0.010905, -0.0120809), (0.0139226, -0.0111344, -0.0115239), (0.0132923, -0.0113207, -0.0120809), (0.0135702, -0.0115588, -0.0115239), (0.0129345, -0.0117256, -0.0120809), (0.0132049, -0.0119721, -0.0115239), (0.013664, -0.0102479, -0.0126261), (0.0130273, -0.0104139, -0.013159), (0.0123811, -0.01054, -0.0136791), (0.0117278, -0.0106256, -0.0141858), (0.013339, -0.0106648, -0.0126261), (0.0130013, -0.0110714, -0.0126261), (0.0126513, -0.0114675, -0.0126261), (0.0126975, -0.0108111, -0.013159), (0.0120477, -0.0109172, -0.0136791), (0.0143559, -0.0130215, -0.0085821), (0.0123556, -0.0111979, -0.013159), (0.0115304, -0.0125884, -0.0126261), (0.0112608, -0.0122927, -0.013159), (0.0109801, -0.0119848, -0.0136791), (0.0106886, -0.0116649, -0.0141858), (0.010874, -0.0126345, -0.013159), (0.0106029, -0.0123181, -0.0136791), (0.0103213, -0.0119895, -0.0141858), (0.0102156, -0.0126397, -0.0136791), (0.0099443, -0.0123025, -0.0141858), (0.0095578, -0.0126039, -0.0141858), (0.0005164, -0.0149056, 0.0148327), (0.0005164, -0.0148956, 0.0148427), (0.0010635, -0.0149056, 0.0148027), (0.0010635, -0.0148656, 0.0148427), (0.0016091, -0.0149056, 0.0147527), (0.0016091, -0.0148156, 0.0148427), (0.0021526, -0.0149056, 0.0146829), (0.0021526, -0.0147458, 0.0148427), (0.0026931, -0.0149056, 0.0145932), (0.0026931, -0.0146561, 0.0148427), (0.00323, -0.0149056, 0.0144838), (0.00323, -0.0145468, 0.0148427), (0.0037625, -0.0149056, 0.014355), (0.0037625, -0.0144179, 0.0148427), (0.0042004, -0.0147791, 0.0143641), (0.00429, -0.0142696, 0.0148427), (0.0046564, -0.0146417, 0.0143641), (0.0048117, -0.0141022, 0.0148427), (0.005108, -0.0144903, 0.0143641), (0.005327, -0.0139159, 0.0148427), (0.0055547, -0.0143251, 0.0143641), (0.0058351, -0.0137108, 0.0148427), (0.0059961, -0.0141463, 0.0143641), (0.0064318, -0.0139539, 0.0143641), (0.0061709, -0.0145593, 0.0138712), (0.0066192, -0.0143614, 0.0138712), (0.0063354, -0.0149056, 0.0134244), (0.0068001, -0.0147545, 0.0133645), (0.0068272, -0.0149056, 0.0131828), (0.0072542, -0.0145371, 0.0133645), (0.0073098, -0.0149056, 0.0129234), (0.0078984, -0.0146729, 0.0128444), (0.0077826, -0.0149056, 0.0126466), (0.0082451, -0.0149056, 0.0123527), (0.00429, -0.0149056, 0.0142067), (0.0048117, -0.0149056, 0.0140393), (0.005327, -0.0149056, 0.0138529), (0.0057167, -0.0147434, 0.0138712), (0.0058351, -0.0149056, 0.0136479), (0.0086964, -0.0149056, 0.012042), (0.0085495, -0.0147682, 0.0123115), (0.0083494, -0.0144217, 0.0128444), (0.0081411, -0.0140609, 0.0133645), (0.0077013, -0.0143058, 0.0133645), (0.0079247, -0.013686, 0.0138712), (0.0074965, -0.0139245, 0.0138712), (0.0077004, -0.0132976, 0.0143641), (0.0072843, -0.0135294, 0.0143641), (0.0073098, -0.0129864, 0.0148427), (0.0068272, -0.0132458, 0.0148427), (0.0091361, -0.0149056, 0.0117151), (0.0092048, -0.0148227, 0.0117663), (0.0090031, -0.0144969, 0.0123115), (0.0087924, -0.0141567, 0.0128444), (0.0085731, -0.0138025, 0.0133645), (0.0083453, -0.0134345, 0.0138712), (0.0081092, -0.0130532, 0.0143641), (0.0077826, -0.0127095, 0.0148427), (0.0095636, -0.0149056, 0.0113724), (0.0096598, -0.0145312, 0.0117663), (0.0094481, -0.0142118, 0.0123115), (0.0098842, -0.0139131, 0.0123115), (0.009653, -0.0135865, 0.0128444), (0.0100697, -0.0132818, 0.0128444), (0.0098186, -0.0129493, 0.0133645), (0.0102156, -0.0126397, 0.0133645), (0.0099443, -0.0123025, 0.0138712), (0.0103213, -0.0119895, 0.0138712), (0.0100295, -0.0116489, 0.0143641), (0.0103864, -0.0113335, 0.0143641), (0.0099783, -0.0110772, 0.0148427), (0.0103797, -0.0107042, 0.0148427), (0.0107334, -0.0110072, 0.0143641), (0.0110702, -0.0106705, 0.0143641), (0.0110456, -0.0113292, 0.0138712), (0.0113921, -0.0109827, 0.0138712), (0.0113469, -0.0116399, 0.0133645), (0.0117028, -0.011284, 0.0133645), (0.0116369, -0.0119391, 0.0128444), (0.012002, -0.011574, 0.0128444), (0.0119155, -0.0122263, 0.0123115), (0.0122892, -0.0118526, 0.0123115), (0.0121822, -0.0125014, 0.0117663), (0.0125643, -0.0121193, 0.0117663), (0.0124369, -0.0127641, 0.0112093), (0.012827, -0.012374, 0.0112093), (0.0126793, -0.013014, 0.0106411), (0.013077, -0.0126164, 0.0106411), (0.0129092, -0.0132511, 0.0100622), (0.013314, -0.0128462, 0.0100622), (0.0131262, -0.0134749, 0.0094733), (0.0135379, -0.0130633, 0.0094733), (0.0133303, -0.0136854, 0.0088748), (0.0137483, -0.0132674, 0.0088748), (0.0135212, -0.0138823, 0.0082675), (0.0139452, -0.0134583, 0.0082675), (0.0136988, -0.0140654, 0.0076518), (0.0141283, -0.0136358, 0.0076518), (0.0138627, -0.0142345, 0.0070284), (0.0142974, -0.0137998, 0.0070284), (0.014013, -0.0143895, 0.0063979), (0.0144524, -0.0139501, 0.0063979), (0.0141494, -0.0145301, 0.005761), (0.0145931, -0.0140865, 0.005761), (0.0142718, -0.0146564, 0.0051182), (0.0147193, -0.0142089, 0.0051182), (0.0143801, -0.0147681, 0.0044702), (0.014831, -0.0143172, 0.0044702), (0.0144742, -0.0148651, 0.0038177), (0.014928, -0.0144113, 0.0038177), (0.0149685, -0.0144179, 0.0036367), (0.0149685, -0.0142696, 0.0041642), (0.0098619, -0.0148362, 0.0112093), (0.0099783, -0.0149056, 0.0110143), (0.010317, -0.0145244, 0.0112093), (0.0103797, -0.0149056, 0.0106413), (0.0105182, -0.0148086, 0.0106411), (0.0107671, -0.0149056, 0.0102538), (0.0109721, -0.0144767, 0.0106411), (0.0111711, -0.0147402, 0.0100622), (0.0114156, -0.0141309, 0.0106411), (0.0116226, -0.0143882, 0.0100622), (0.0118482, -0.0137717, 0.0106411), (0.0120631, -0.0140224, 0.0100622), (0.0122696, -0.0133993, 0.0106411), (0.0124921, -0.0136433, 0.0100622), (0.0111401, -0.0149056, 0.0098525), (0.0114982, -0.0149056, 0.0094378), (0.0118181, -0.0146311, 0.0094733), (0.0122659, -0.0142592, 0.0094733), (0.0127021, -0.0138737, 0.0094733), (0.011841, -0.0149056, 0.0090103), (0.0120019, -0.0148595, 0.0088748), (0.0124567, -0.0144818, 0.0088748), (0.0128996, -0.0140904, 0.0088748), (0.0121679, -0.0149056, 0.0085706), (0.0126351, -0.0146901, 0.0082675), (0.0124785, -0.0149056, 0.0081192), (0.0127724, -0.0149056, 0.0076568), (0.012801, -0.0148838, 0.0076518), (0.0130493, -0.0149056, 0.007184), (0.0132562, -0.0144815, 0.0076518), (0.0134149, -0.0146556, 0.0070284), (0.0133087, -0.0149056, 0.0067013), (0.0135603, -0.0148151, 0.0063979), (0.0135503, -0.0149056, 0.0062096), (0.0137737, -0.0149056, 0.0057093), (0.0139788, -0.0149056, 0.0052012), (0.0141651, -0.0149056, 0.0046859), (0.0143325, -0.0149056, 0.0041642), (0.0144808, -0.0149056, 0.0036367), (0.0146097, -0.0149056, 0.0031042), (0.0149685, -0.0145468, 0.0031042), (0.0149685, -0.0146561, 0.0025673), (0.014719, -0.0149056, 0.0025673), (0.0148087, -0.0149056, 0.0020267), (0.0149685, -0.0147458, 0.0020267), (0.0148786, -0.0149056, 0.0014833), (0.0149685, -0.0148156, 0.0014833), (0.0149285, -0.0149056, 0.0009376), (0.0149685, -0.0148656, 0.0009376), (0.0149585, -0.0149056, 0.0003905), (0.0149685, -0.0148956, 0.0003905), (0.0149685, -0.0141022, 0.0046859), (0.0149685, -0.0139159, 0.0052012), (0.0149685, -0.0137108, 0.0057093), (0.0149685, -0.0134873, 0.0062096), (0.0149685, -0.0132458, 0.0067013), (0.014878, -0.0134974, 0.0063979), (0.0147185, -0.013352, 0.0070284), (0.0149685, -0.0129864, 0.007184), (0.0145444, -0.0131933, 0.0076518), (0.0149467, -0.0127381, 0.0076518), (0.014753, -0.0125722, 0.0082675), (0.0149685, -0.0127095, 0.0076568), (0.0149685, -0.0124156, 0.0081192), (0.0149685, -0.012105, 0.0085706), (0.0145448, -0.0123938, 0.0088748), (0.0143559, -0.0130215, 0.0082675), (0.0141533, -0.0128367, 0.0088748), (0.0149224, -0.011939, 0.0088748), (0.0149685, -0.0117781, 0.0090103), (0.014694, -0.0117552, 0.0094733), (0.0149685, -0.0114353, 0.0094378), (0.0144511, -0.0115597, 0.0100622), (0.0148031, -0.0111082, 0.0100622), (0.0145396, -0.0109092, 0.0106411), (0.0149685, -0.0107042, 0.0102538), (0.0148716, -0.0104552, 0.0106411), (0.0149685, -0.0103167, 0.0106413), (0.0145874, -0.0102541, 0.0112093), (0.0149685, -0.0099154, 0.0110143), (0.0148991, -0.009799, 0.0112093), (0.0149685, -0.0095007, 0.0113724), (0.0145941, -0.0095969, 0.0117663), (0.0148856, -0.0091419, 0.0117663), (0.0145598, -0.0089402, 0.0123115), (0.0149685, -0.0086335, 0.012042), (0.0148311, -0.0084865, 0.0123115), (0.0149685, -0.0081821, 0.0123527), (0.0144846, -0.0082865, 0.0128444), (0.0147358, -0.0078355, 0.0128444), (0.0143687, -0.0076384, 0.0133645), (0.0146, -0.0071912, 0.0133645), (0.0142126, -0.0069983, 0.0138712), (0.0144243, -0.0065563, 0.0138712), (0.0140168, -0.0063689, 0.0143641), (0.0142092, -0.0059332, 0.0143641), (0.0137737, -0.0057722, 0.0148427), (0.0143881, -0.0054918, 0.0143641), (0.0139788, -0.0052641, 0.0148427), (0.0145533, -0.0050451, 0.0143641), (0.0141651, -0.0047488, 0.0148427), (0.0147046, -0.0045935, 0.0143641), (0.0143325, -0.0042271, 0.0148427), (0.014842, -0.0041375, 0.0143641), (0.0144808, -0.0036996, 0.0148427), (0.0149685, -0.0036996, 0.014355), (0.0146097, -0.0031671, 0.0148427), (0.0149685, -0.0031671, 0.0144838), (0.014719, -0.0026302, 0.0148427), (0.0149685, -0.0026302, 0.0145932), (0.0148087, -0.0020896, 0.0148427), (0.0149685, -0.0020896, 0.0146829), (0.0148786, -0.0015462, 0.0148427), (0.0149685, -0.0015462, 0.0147527), (0.0149285, -0.0010005, 0.0148427), (0.0149685, -0.0010005, 0.0148027), (0.0149585, -0.0004534, 0.0148427), (0.0149685, -0.0004534, 0.0148327), (0.0149685, -0.0110772, 0.0098525), (0.0149685, -0.0090732, 0.0117151), (0.0149685, -0.0077197, 0.0126466), (0.0149685, -0.0072469, 0.0129234), (0.0149685, -0.0067643, 0.0131828), (0.0148175, -0.0067372, 0.0133645), (0.0149685, -0.0062725, 0.0134244), (0.0146222, -0.006108, 0.0138712), (0.0149685, -0.0057722, 0.0136479), (0.0148063, -0.0056538, 0.0138712), (0.0149685, -0.0052641, 0.0138529), (0.0149685, -0.0047488, 0.0140393), (0.0149685, -0.0042271, 0.0142067), (0.0135503, -0.0062725, 0.0148427), (0.0138111, -0.0067984, 0.0143641), (0.0139874, -0.0074336, 0.0138712), (0.0141238, -0.0080781, 0.0133645), (0.0142196, -0.0087295, 0.0128444), (0.0142747, -0.0093852, 0.0123115), (0.0142887, -0.0100427, 0.0117663), (0.0142617, -0.0106993, 0.0112093), (0.0141938, -0.0113527, 0.0106411), (0.0140853, -0.0120001, 0.0100622), (0.0143221, -0.012203, 0.0094733), (0.0139366, -0.0126392, 0.0094733), (0.0133087, -0.0067643, 0.0148427), (0.0135923, -0.0072214, 0.0143641), (0.013749, -0.0078617, 0.0138712), (0.0138654, -0.0085102, 0.0133645), (0.0139411, -0.0091642, 0.0128444), (0.013976, -0.0098213, 0.0123115), (0.0139698, -0.0104789, 0.0117663), (0.0139226, -0.0111344, 0.0112093), (0.0138346, -0.0117853, 0.0106411), (0.0137062, -0.0124291, 0.0100622), (0.0130493, -0.0072469, 0.0148427), (0.0133605, -0.0076375, 0.0143641), (0.0134974, -0.0082823, 0.0138712), (0.0135938, -0.0089341, 0.0133645), (0.0136494, -0.0095901, 0.0128444), (0.013664, -0.0102479, 0.0123115), (0.0136375, -0.010905, 0.0117663), (0.0135702, -0.0115588, 0.0112093), (0.0134622, -0.0122067, 0.0106411), (0.0127724, -0.0077197, 0.0148427), (0.0131161, -0.0080462, 0.0143641), (0.013233, -0.008695, 0.0138712), (0.0133093, -0.0093494, 0.0133645), (0.0133447, -0.0100068, 0.0128444), (0.013339, -0.0106648, 0.0123115), (0.0132923, -0.0113207, 0.0117663), (0.0132049, -0.0119721, 0.0112093), (0.0124785, -0.0081821, 0.0148427), (0.0128592, -0.0084473, 0.0143641), (0.0129561, -0.0090993, 0.0138712), (0.0130122, -0.0097557, 0.0133645), (0.0130273, -0.0104139, 0.0128444), (0.0130013, -0.0110714, 0.0123115), (0.0129345, -0.0117256, 0.0117663), (0.01259, -0.0088402, 0.0143641), (0.0121679, -0.0086335, 0.0148427), (0.0123089, -0.0092246, 0.0143641), (0.011841, -0.0090732, 0.0148427), (0.0120161, -0.0096002, 0.0143641), (0.0114982, -0.0095007, 0.0148427), (0.0117118, -0.0099666, 0.0143641), (0.0111401, -0.0099154, 0.0148427), (0.0113964, -0.0103235, 0.0143641), (0.0107671, -0.0103167, 0.0148427), (0.0095636, -0.0114353, 0.0148427), (0.0096631, -0.0119531, 0.0143641), (0.0095578, -0.0126039, 0.0138712), (0.0094123, -0.0132464, 0.0133645), (0.0092271, -0.0138782, 0.0128444), (0.0091361, -0.0117781, 0.0148427), (0.0092875, -0.012246, 0.0143641), (0.0091622, -0.0128932, 0.0138712), (0.008997, -0.0135309, 0.0133645), (0.0086964, -0.012105, 0.0148427), (0.0089031, -0.0125271, 0.0143641), (0.0087579, -0.0131701, 0.0138712), (0.0082451, -0.0124156, 0.0148427), (0.0085102, -0.0127962, 0.0143641), (0.0068613, -0.0137482, 0.0143641), (0.0063354, -0.0134873, 0.0148427), (0.0070612, -0.0141497, 0.0138712), (0.0101056, -0.0142258, 0.0117663), (0.0105418, -0.0139069, 0.0117663), (0.0107623, -0.0141988, 0.0112093), (0.0109679, -0.0135746, 0.0117663), (0.0111973, -0.0138597, 0.0112093), (0.0113837, -0.0132294, 0.0117663), (0.0116217, -0.0135072, 0.0112093), (0.0117885, -0.0128716, 0.0117663), (0.012035, -0.0131419, 0.0112093), (0.0103109, -0.0136011, 0.0123115), (0.0104769, -0.0129643, 0.0128444), (0.0106029, -0.0123181, 0.0133645), (0.0106886, -0.0116649, 0.0138712), (0.0107277, -0.0132761, 0.0123115), (0.0111343, -0.0129384, 0.0123115), (0.0115304, -0.0125884, 0.0123115), (0.010874, -0.0126345, 0.0128444), (0.0109801, -0.0119848, 0.0133645), (0.0130844, -0.014293, 0.0082675), (0.0112608, -0.0122927, 0.0128444), (0.0126513, -0.0114675, 0.0123115), (0.0123556, -0.0111979, 0.0128444), (0.0120477, -0.0109172, 0.0133645), (0.0117278, -0.0106256, 0.0138712), (0.0126975, -0.0108111, 0.0128444), (0.0123811, -0.01054, 0.0133645), (0.0120524, -0.0102584, 0.0138712), (0.0127027, -0.0101527, 0.0133645), (0.0123655, -0.0098814, 0.0138712), (0.0126668, -0.0094949, 0.0138712), (-0.0150315, 0.0006422, -0.0151473), (-0.0150215, 0.0006423, -0.0151573), (-0.0150315, 0.0011893, -0.0151173), (-0.0149914, 0.0011894, -0.0151573), (-0.0150315, 0.0017349, -0.0150673), (-0.0149415, 0.001735, -0.0151573), (-0.0150315, 0.0022784, -0.0149975), (-0.0148716, 0.0022784, -0.0151573), (-0.0150315, 0.0028189, -0.0149078), (-0.0147819, 0.002819, -0.0151573), (-0.0150315, 0.0033558, -0.0147984), (-0.0146726, 0.0033559, -0.0151573), (-0.0150315, 0.0038884, -0.0146696), (-0.0145437, 0.0038884, -0.0151573), (-0.0149049, 0.0043262, -0.0146787), (-0.0143955, 0.0044159, -0.0151573), (-0.0147675, 0.0047823, -0.0146787), (-0.0142281, 0.0049376, -0.0151573), (-0.0146162, 0.0052338, -0.0146787), (-0.0140417, 0.0054529, -0.0151573), (-0.014451, 0.0056805, -0.0146787), (-0.0138367, 0.005961, -0.0151573), (-0.0142721, 0.0061219, -0.0146787), (-0.0140797, 0.0065576, -0.0146787), (-0.0146851, 0.0062968, -0.0141858), (-0.0144872, 0.0067451, -0.0141858), (-0.0150315, 0.0064612, -0.013739), (-0.0148804, 0.006926, -0.0136791), (-0.0150315, 0.006953, -0.0134974), (-0.014663, 0.00738, -0.0136791), (-0.0150315, 0.0074356, -0.013238), (-0.0147987, 0.0080242, -0.013159), (-0.0150315, 0.0079085, -0.0129612), (-0.0150315, 0.0083709, -0.0126673), (-0.0150315, 0.0044159, -0.0145213), (-0.0150315, 0.0049376, -0.0143539), (-0.0150315, 0.0054528, -0.0141675), (-0.0148692, 0.0058426, -0.0141858), (-0.0150315, 0.005961, -0.0139625), (-0.0150315, 0.0088223, -0.0123566), (-0.0148941, 0.0086753, -0.0126261), (-0.0145475, 0.0084752, -0.013159), (-0.0141867, 0.0082669, -0.0136791), (-0.0144317, 0.0078271, -0.0136791), (-0.0138119, 0.0080505, -0.0141858), (-0.0140504, 0.0076224, -0.0141858), (-0.0134235, 0.0078263, -0.0146787), (-0.0136552, 0.0074102, -0.0146787), (-0.0131122, 0.0074357, -0.0151573), (-0.0133716, 0.0069531, -0.0151573), (-0.0150315, 0.009262, -0.0120297), (-0.0149485, 0.0093306, -0.0120809), (-0.0146228, 0.0091289, -0.0126261), (-0.0142826, 0.0089183, -0.013159), (-0.0139283, 0.0086989, -0.0136791), (-0.0135603, 0.0084711, -0.0141858), (-0.013179, 0.008235, -0.0146787), (-0.0128354, 0.0079085, -0.0151573), (-0.0150315, 0.0096895, -0.011687), (-0.014657, 0.0097856, -0.0120809), (-0.0143376, 0.009574, -0.0126261), (-0.0140389, 0.01001, -0.0126261), (-0.0137123, 0.0097789, -0.013159), (-0.0134076, 0.0101956, -0.013159), (-0.0130751, 0.0099445, -0.0136791), (-0.0127656, 0.0103415, -0.0136791), (-0.0124284, 0.0100702, -0.0141858), (-0.0121153, 0.0104472, -0.0141858), (-0.0117747, 0.0101554, -0.0146787), (-0.0114593, 0.0105123, -0.0146787), (-0.011203, 0.0101042, -0.0151573), (-0.01083, 0.0105055, -0.0151573), (-0.0111331, 0.0108592, -0.0146787), (-0.0107963, 0.011196, -0.0146787), (-0.0114551, 0.0111714, -0.0141858), (-0.0111085, 0.011518, -0.0141858), (-0.0117658, 0.0114727, -0.0136791), (-0.0114098, 0.0118287, -0.0136791), (-0.0120649, 0.0117628, -0.013159), (-0.0116999, 0.0121278, -0.013159), (-0.0123522, 0.0120413, -0.0126261), (-0.0119784, 0.0124151, -0.0126261), (-0.0126272, 0.0123081, -0.0120809), (-0.0122452, 0.0126902, -0.0120809), (-0.0128899, 0.0125628, -0.0115239), (-0.0124998, 0.0129528, -0.0115239), (-0.0131399, 0.0128052, -0.0109557), (-0.0127422, 0.0132028, -0.0109557), (-0.0133769, 0.013035, -0.0103768), (-0.0129721, 0.0134398, -0.0103768), (-0.0136008, 0.0132521, -0.0097879), (-0.0131892, 0.0136637, -0.0097879), (-0.0138113, 0.0134562, -0.0091894), (-0.0133933, 0.0138742, -0.0091894), (-0.0140081, 0.0136471, -0.0085821), (-0.0135842, 0.0140711, -0.0085821), (-0.0141912, 0.0138246, -0.0079664), (-0.0137617, 0.0142541, -0.0079664), (-0.0143603, 0.0139886, -0.007343), (-0.0139257, 0.0144233, -0.007343), (-0.0145153, 0.0141389, -0.0067125), (-0.0140759, 0.0145782, -0.0067125), (-0.014656, 0.0142753, -0.0060756), (-0.0142123, 0.0147189, -0.0060756), (-0.0147822, 0.0143977, -0.0054328), (-0.0143348, 0.0148451, -0.0054328), (-0.0148939, 0.014506, -0.0047848), (-0.0144431, 0.0149568, -0.0047848), (-0.0149909, 0.0146, -0.0041323), (-0.0145371, 0.0150538, -0.0041323), (-0.0150315, 0.0146066, -0.0039513), (-0.0145437, 0.0150944, -0.0039513), (-0.0150315, 0.0147355, -0.0034188), (-0.0146726, 0.0150944, -0.0034188), (-0.0150315, 0.0148449, -0.0028819), (-0.0147819, 0.0150944, -0.0028819), (-0.0150315, 0.0149345, -0.0023413), (-0.0148716, 0.0150944, -0.0023413), (-0.0150315, 0.0150044, -0.0017979), (-0.0149415, 0.0150944, -0.0017979), (-0.0150315, 0.0150544, -0.0012522), (-0.0149914, 0.0150944, -0.0012522), (-0.0150315, 0.0150844, -0.0007051), (-0.0150215, 0.0150944, -0.0007051), (-0.014962, 0.0099877, -0.0115239), (-0.0150315, 0.0101042, -0.0113289), (-0.0146503, 0.0104428, -0.0115239), (-0.0150315, 0.0105055, -0.0109559), (-0.0149345, 0.010644, -0.0109557), (-0.0150315, 0.0108929, -0.0105684), (-0.0146025, 0.0110979, -0.0109557), (-0.014866, 0.0112969, -0.0103768), (-0.0142568, 0.0115414, -0.0109557), (-0.014514, 0.0117484, -0.0103768), (-0.0138975, 0.0119741, -0.0109557), (-0.0141482, 0.0121889, -0.0103768), (-0.0135251, 0.0123955, -0.0109557), (-0.0137691, 0.0126179, -0.0103768), (-0.0150315, 0.011266, -0.0101671), (-0.0150315, 0.0116241, -0.0097524), (-0.0147569, 0.0119439, -0.0097879), (-0.0143851, 0.0123918, -0.0097879), (-0.0139995, 0.012828, -0.0097879), (-0.0150315, 0.0119668, -0.0093249), (-0.0149854, 0.0121277, -0.0091894), (-0.0146077, 0.0125825, -0.0091894), (-0.0142162, 0.0130255, -0.0091894), (-0.0150315, 0.0122937, -0.0088852), (-0.0148159, 0.012761, -0.0085821), (-0.0150315, 0.0126043, -0.0084338), (-0.0150315, 0.0128983, -0.0079714), (-0.0150096, 0.0129269, -0.0079664), (-0.0150315, 0.0131751, -0.0074986), (-0.0146073, 0.013382, -0.0079664), (-0.0147814, 0.0135407, -0.007343), (-0.0150315, 0.0134345, -0.0070159), (-0.0149409, 0.0136862, -0.0067125), (-0.0150315, 0.0136761, -0.0065242), (-0.0150315, 0.0138996, -0.0060239), (-0.0150315, 0.0141046, -0.0055158), (-0.0150315, 0.014291, -0.0050005), (-0.0150315, 0.0144584, -0.0044788), (-0.0143955, 0.0150944, -0.0044788), (-0.0142281, 0.0150944, -0.0050005), (-0.0140417, 0.0150944, -0.0055158), (-0.0138367, 0.0150944, -0.0060239), (-0.0136132, 0.0150944, -0.0065242), (-0.0136232, 0.0150039, -0.0067125), (-0.0134778, 0.0148443, -0.007343), (-0.0133716, 0.0150944, -0.0070159), (-0.0131122, 0.0150944, -0.0074986), (-0.0128354, 0.0150944, -0.0079714), (-0.012864, 0.0150725, -0.0079664), (-0.0133191, 0.0146703, -0.0079664), (-0.0125414, 0.0150944, -0.0084338), (-0.012698, 0.0148789, -0.0085821), (-0.0131473, 0.0144818, -0.0085821), (-0.0122308, 0.0150944, -0.0088852), (-0.0125196, 0.0146706, -0.0091894), (-0.0129626, 0.0142791, -0.0091894), (-0.0120648, 0.0150483, -0.0091894), (-0.0119039, 0.0150944, -0.0093249), (-0.011881, 0.0148199, -0.0097879), (-0.0115612, 0.0150944, -0.0097524), (-0.0116855, 0.0145769, -0.0103768), (-0.011234, 0.0149289, -0.0103768), (-0.011035, 0.0146655, -0.0109557), (-0.01083, 0.0150944, -0.0105684), (-0.0105811, 0.0149974, -0.0109557), (-0.0104426, 0.0150944, -0.0109559), (-0.0103799, 0.0147132, -0.0115239), (-0.0100412, 0.0150944, -0.0113289), (-0.0099248, 0.015025, -0.0115239), (-0.0096266, 0.0150944, -0.011687), (-0.0097227, 0.01472, -0.0120809), (-0.0092677, 0.0150115, -0.0120809), (-0.009066, 0.0146857, -0.0126261), (-0.0087593, 0.0150944, -0.0123566), (-0.0086124, 0.014957, -0.0126261), (-0.008308, 0.0150944, -0.0126673), (-0.0084123, 0.0146105, -0.013159), (-0.0079613, 0.0148617, -0.013159), (-0.0077642, 0.0144946, -0.0136791), (-0.0073171, 0.0147259, -0.0136791), (-0.0071242, 0.0143385, -0.0141858), (-0.0066822, 0.0145501, -0.0141858), (-0.0064947, 0.0141427, -0.0146787), (-0.006059, 0.014335, -0.0146787), (-0.005898, 0.0138996, -0.0151573), (-0.0056176, 0.0145139, -0.0146787), (-0.0053899, 0.0141047, -0.0151573), (-0.0051709, 0.0146791, -0.0146787), (-0.0048747, 0.014291, -0.0151573), (-0.0047193, 0.0148304, -0.0146787), (-0.0043529, 0.0144584, -0.0151573), (-0.0042633, 0.0149678, -0.0146787), (-0.0038255, 0.0146067, -0.0151573), (-0.0038255, 0.0150944, -0.0146696), (-0.0032929, 0.0147356, -0.0151573), (-0.0032929, 0.0150944, -0.0147984), (-0.002756, 0.0148449, -0.0151573), (-0.002756, 0.0150944, -0.0149078), (-0.0022155, 0.0149346, -0.0151573), (-0.0022155, 0.0150944, -0.0149975), (-0.001672, 0.0150044, -0.0151573), (-0.001672, 0.0150944, -0.0150673), (-0.0011264, 0.0150544, -0.0151573), (-0.0011264, 0.0150944, -0.0151173), (-0.0005793, 0.0150877, -0.015154), (-0.011203, 0.0150944, -0.0101671), (-0.0091991, 0.0150944, -0.0120297), (-0.0078456, 0.0150944, -0.0129612), (-0.0073727, 0.0150944, -0.013238), (-0.0068901, 0.0150944, -0.0134974), (-0.006863, 0.0149433, -0.0136791), (-0.0063983, 0.0150944, -0.013739), (-0.0062338, 0.0147481, -0.0141858), (-0.005898, 0.0150944, -0.0139625), (-0.0057796, 0.0149321, -0.0141858), (-0.0053899, 0.0150944, -0.0141675), (-0.0048747, 0.0150944, -0.0143539), (-0.0043529, 0.0150944, -0.0145213), (-0.0063983, 0.0136762, -0.0151573), (-0.0069243, 0.013937, -0.0146787), (-0.0075594, 0.0141133, -0.0141858), (-0.008204, 0.0142496, -0.0136791), (-0.0088554, 0.0143455, -0.013159), (-0.0095111, 0.0144005, -0.0126261), (-0.0101685, 0.0144146, -0.0120809), (-0.0108252, 0.0143876, -0.0115239), (-0.0114785, 0.0143197, -0.0109557), (-0.012126, 0.0142112, -0.0103768), (-0.0123289, 0.014448, -0.0097879), (-0.0127651, 0.0140625, -0.0097879), (-0.0068901, 0.0134346, -0.0151573), (-0.0073473, 0.0137181, -0.0146787), (-0.0079876, 0.0138748, -0.0141858), (-0.008636, 0.0139912, -0.0136791), (-0.00929, 0.014067, -0.013159), (-0.0099471, 0.0141018, -0.0126261), (-0.0106047, 0.0140956, -0.0120809), (-0.0112602, 0.0140484, -0.0115239), (-0.0119112, 0.0139604, -0.0109557), (-0.012555, 0.013832, -0.0103768), (-0.0073727, 0.0131752, -0.0151573), (-0.0077633, 0.0134864, -0.0146787), (-0.0084082, 0.0136233, -0.0141858), (-0.0090599, 0.0137197, -0.0136791), (-0.0097159, 0.0137752, -0.013159), (-0.0103738, 0.0137898, -0.0126261), (-0.0110309, 0.0137634, -0.0120809), (-0.0116846, 0.013696, -0.0115239), (-0.0123325, 0.013588, -0.0109557), (-0.0078456, 0.0128983, -0.0151573), (-0.0081721, 0.0132419, -0.0146787), (-0.0088208, 0.0133589, -0.0141858), (-0.0094752, 0.0134352, -0.0136791), (-0.0101327, 0.0134705, -0.013159), (-0.0107906, 0.0134648, -0.0126261), (-0.0114466, 0.0134182, -0.0120809), (-0.012098, 0.0133307, -0.0115239), (-0.008308, 0.0126044, -0.0151573), (-0.0085731, 0.012985, -0.0146787), (-0.0092251, 0.0130819, -0.0141858), (-0.0098816, 0.013138, -0.0136791), (-0.0105398, 0.0131531, -0.013159), (-0.0111973, 0.0131272, -0.0126261), (-0.0118515, 0.0130603, -0.0120809), (-0.008966, 0.0127159, -0.0146787), (-0.0087593, 0.0122938, -0.0151573), (-0.0093505, 0.0124347, -0.0146787), (-0.0091991, 0.0119669, -0.0151573), (-0.0097261, 0.0121419, -0.0146787), (-0.0096266, 0.0116241, -0.0151573), (-0.0100925, 0.0118376, -0.0146787), (-0.0100412, 0.011266, -0.0151573), (-0.0104493, 0.0115222, -0.0146787), (-0.0104426, 0.010893, -0.0151573), (-0.0115612, 0.0096895, -0.0151573), (-0.012079, 0.009789, -0.0146787), (-0.0127297, 0.0096837, -0.0141858), (-0.0133722, 0.0095381, -0.0136791), (-0.0140041, 0.009353, -0.013159), (-0.0119039, 0.009262, -0.0151573), (-0.0123718, 0.0094134, -0.0146787), (-0.013019, 0.0092881, -0.0141858), (-0.0136567, 0.0091228, -0.0136791), (-0.0122308, 0.0088223, -0.0151573), (-0.0126529, 0.0090289, -0.0146787), (-0.013296, 0.0088838, -0.0141858), (-0.0125414, 0.0083709, -0.0151573), (-0.0129221, 0.008636, -0.0146787), (-0.0138741, 0.0069872, -0.0146787), (-0.0136132, 0.0064613, -0.0151573), (-0.0142755, 0.0071871, -0.0141858), (-0.0143517, 0.0102314, -0.0120809), (-0.0140327, 0.0106676, -0.0120809), (-0.0143247, 0.0108881, -0.0115239), (-0.0137005, 0.0110938, -0.0120809), (-0.0139855, 0.0113232, -0.0115239), (-0.0133552, 0.0115095, -0.0120809), (-0.0136331, 0.0117475, -0.0115239), (-0.0129974, 0.0119144, -0.0120809), (-0.0132678, 0.0121609, -0.0115239), (-0.0137269, 0.0104367, -0.0126261), (-0.0130902, 0.0106027, -0.013159), (-0.012444, 0.0107288, -0.0136791), (-0.0117908, 0.0108144, -0.0141858), (-0.0134019, 0.0108536, -0.0126261), (-0.0130642, 0.0112602, -0.0126261), (-0.0127142, 0.0116562, -0.0126261), (-0.0127604, 0.0109999, -0.013159), (-0.0121106, 0.011106, -0.0136791), (-0.0144189, 0.0132102, -0.0085821), (-0.0124185, 0.0113867, -0.013159), (-0.0115933, 0.0127771, -0.0126261), (-0.0113238, 0.0124814, -0.013159), (-0.0110431, 0.0121735, -0.0136791), (-0.0107515, 0.0118537, -0.0141858), (-0.0109369, 0.0128233, -0.013159), (-0.0106659, 0.0125069, -0.0136791), (-0.0103843, 0.0121782, -0.0141858), (-0.0102786, 0.0128285, -0.0136791), (-0.0100072, 0.0124913, -0.0141858), (-0.0096207, 0.0127926, -0.0141858), (0.0072873, -0.0149056, -0.0042386), (0.0070396, -0.0149056, -0.0042284), (0.0075334, -0.0149056, -0.0042693), (0.0077761, -0.0149056, -0.0043202), (0.0080137, -0.0149056, -0.0043909), (0.0082447, -0.0149056, -0.004481), (0.0084674, -0.0149056, -0.0045899), (0.0086805, -0.0149056, -0.0047169), (0.0088822, -0.0149056, -0.0048609), (0.0090715, -0.0149056, -0.0050212), (0.0092468, -0.0149056, -0.0051965), (0.009407, -0.0149056, -0.0053857), (0.0095511, -0.0149056, -0.0055875), (0.009678, -0.0149056, -0.0058005), (0.0097869, -0.0149056, -0.0060233), (0.0098771, -0.0149056, -0.0062543), (0.0099478, -0.0149056, -0.0064919), (0.0099987, -0.0149056, -0.0067346), (0.0100294, -0.0149056, -0.0069806), (0.0100396, -0.0149056, -0.0072284), (0.0100294, -0.0149056, -0.0074761), (0.0099987, -0.0149056, -0.0077222), (0.0099478, -0.0149056, -0.0079648), (0.0098771, -0.0149056, -0.0082025), (0.0097869, -0.0149056, -0.0084335), (0.009678, -0.0149056, -0.0086562), (0.0095511, -0.0149056, -0.0088692), (0.009407, -0.0149056, -0.009071), (0.0092468, -0.0149056, -0.0092602), (0.0090715, -0.0149056, -0.0094355), (0.0088822, -0.0149056, -0.0095958), (0.0086805, -0.0149056, -0.0097399), (0.0084674, -0.0149056, -0.0098668), (0.0082447, -0.0149056, -0.0099757), (0.0080137, -0.0149056, -0.0100658), (0.0077761, -0.0149056, -0.0101366), (0.0075334, -0.0149056, -0.0101875), (0.0072873, -0.0149056, -0.0102181), (0.0070396, -0.0149056, -0.0102284), (0.0067919, -0.0149056, -0.0102181), (0.0065458, -0.0149056, -0.0101875), (0.0063032, -0.0149056, -0.0101366), (0.0060655, -0.0149056, -0.0100658), (0.0058345, -0.0149056, -0.0099757), (0.0056118, -0.0149056, -0.0098668), (0.0053988, -0.0149056, -0.0097399), (0.005197, -0.0149056, -0.0095958), (0.0050078, -0.0149056, -0.0094355), (0.0048324, -0.0149056, -0.0092602), (0.0046722, -0.0149056, -0.009071), (0.0045281, -0.0149056, -0.0088692), (0.0044012, -0.0149056, -0.0086562), (0.0042923, -0.0149056, -0.0084335), (0.0042022, -0.0149056, -0.0082025), (0.0041314, -0.0149056, -0.0079648), (0.0040805, -0.0149056, -0.0077222), (0.0040499, -0.0149056, -0.0074761), (0.0040396, -0.0149056, -0.0072284), (0.0040499, -0.0149056, -0.0069806), (0.0040805, -0.0149056, -0.0067346), (0.0041314, -0.0149056, -0.0064919), (0.0042022, -0.0149056, -0.0062543), (0.0042923, -0.0149056, -0.0060233), (-0.0066087, -0.0149056, 0.0039547), (-0.0063661, -0.0149056, 0.0040056), (-0.0061284, -0.0149056, 0.0040763), (-0.0058974, -0.0149056, 0.0041664), (0.0044012, -0.0149056, -0.0058005), (-0.0056747, -0.0149056, 0.0042753), (0.0045281, -0.0149056, -0.0055875), (-0.0054617, -0.0149056, 0.0044023), (0.0046722, -0.0149056, -0.0053857), (-0.0052599, -0.0149056, 0.0045463), (0.0048324, -0.0149056, -0.0051965), (-0.0050707, -0.0149056, 0.0047066), (0.0050078, -0.0149056, -0.0050212), (-0.0048954, -0.0149056, 0.0048819), (0.005197, -0.0149056, -0.0048609), (-0.0047351, -0.0149056, 0.0050711), (0.0053988, -0.0149056, -0.0047169), (-0.004591, -0.0149056, 0.0052729), (0.0056118, -0.0149056, -0.0045899), (-0.0044641, -0.0149056, 0.0054859), (0.0058345, -0.0149056, -0.004481), (-0.0043552, -0.0149056, 0.0057087), (0.0060655, -0.0149056, -0.0043909), (-0.0042651, -0.0149056, 0.0059397), (0.0063032, -0.0149056, -0.0043202), (-0.0041943, -0.0149056, 0.0061773), (0.0065458, -0.0149056, -0.0042693), (0.0067919, -0.0149056, -0.0042386), (-0.0068548, -0.0149056, 0.0099035), (-0.0071025, -0.0149056, 0.0099138), (-0.0066087, -0.0149056, 0.0098729), (-0.0063661, -0.0149056, 0.009822), (-0.0061284, -0.0149056, 0.0097512), (-0.0058974, -0.0149056, 0.0096611), (-0.0056747, -0.0149056, 0.0095522), (-0.0054617, -0.0149056, 0.0094253), (-0.0052599, -0.0149056, 0.0092812), (-0.0050707, -0.0149056, 0.0091209), (-0.0048954, -0.0149056, 0.0089456), (-0.0047351, -0.0149056, 0.0087564), (-0.004591, -0.0149056, 0.0085546), (-0.0044641, -0.0149056, 0.0083416), (-0.0043552, -0.0149056, 0.0081189), (-0.0042651, -0.0149056, 0.0078879), (-0.0041943, -0.0149056, 0.0076502), (-0.0041434, -0.0149056, 0.0074076), (-0.0041128, -0.0149056, 0.0071615), (-0.0041025, -0.0149056, 0.0069138), (-0.0041128, -0.0149056, 0.006666), (-0.0041434, -0.0149056, 0.00642), (-0.0068548, -0.0149056, 0.003924), (-0.0071025, -0.0149056, 0.0039138), (-0.0073503, -0.0149056, 0.003924), (-0.0075963, -0.0149056, 0.0039547), (-0.007839, -0.0149056, 0.0040056), (-0.0080766, -0.0149056, 0.0040763), (-0.0083076, -0.0149056, 0.0041664), (-0.0085304, -0.0149056, 0.0042753), (-0.0087434, -0.0149056, 0.0044023), (-0.0089452, -0.0149056, 0.0045463), (-0.0091344, -0.0149056, 0.0047066), (-0.0093097, -0.0149056, 0.0048819), (-0.00947, -0.0149056, 0.0050711), (-0.009614, -0.0149056, 0.0052729), (-0.009741, -0.0149056, 0.0054859), (-0.0098498, -0.0149056, 0.0057087), (-0.00994, -0.0149056, 0.0059397), (-0.0100107, -0.0149056, 0.0061773), (-0.0100616, -0.0149056, 0.00642), (-0.0100923, -0.0149056, 0.006666), (-0.0101025, -0.0149056, 0.0069138), (-0.0100923, -0.0149056, 0.0071615), (-0.0100616, -0.0149056, 0.0074076), (-0.0100107, -0.0149056, 0.0076502), (-0.00994, -0.0149056, 0.0078879), (-0.0098498, -0.0149056, 0.0081189), (-0.009741, -0.0149056, 0.0083416), (-0.009614, -0.0149056, 0.0085546), (-0.00947, -0.0149056, 0.0087564), (-0.0093097, -0.0149056, 0.0089456), (-0.0091344, -0.0149056, 0.0091209), (-0.0089452, -0.0149056, 0.0092812), (-0.0087434, -0.0149056, 0.0094253), (-0.0085304, -0.0149056, 0.0095522), (-0.0083076, -0.0149056, 0.0096611), (-0.0080766, -0.0149056, 0.0097512), (-0.007839, -0.0149056, 0.009822), (-0.0075963, -0.0149056, 0.0098729), (-0.0073503, -0.0149056, 0.0099035), (-3.15e-05, -0.0149056, -0.0151573), (-0.0150315, -0.0072243, -0.0042385), (-0.0150315, -0.0072243, 0.003924), (-0.0150315, -0.0069766, -0.0042282), (-0.0150315, -0.0069766, 0.0039138), (-0.0150315, -0.0067288, -0.0042385), (-0.0150315, -0.0067288, 0.003924), (-0.0150315, -0.0064828, -0.0042691), (-0.0150315, -0.0064828, 0.0039547), (-0.0150315, -0.0062401, -0.00432), (-0.0150315, -0.0062401, 0.0040056), (-0.0150315, -0.0060025, -0.0043908), (-0.0150315, -0.0060025, 0.0040763), (-0.0150315, -0.0057715, -0.0044809), (-0.0150315, -0.0057715, 0.0041664), (-0.0150315, -0.0055487, -0.0045898), (-0.0150315, -0.0055487, 0.0042753), (-0.0150315, -0.0053357, -0.0047167), (-0.0150315, -0.0053357, 0.0044023), (-0.0150315, -0.0051339, -0.0048608), (-0.0150315, -0.0051339, 0.0045463), (-0.0150315, -0.0049447, -0.0050211), (-0.0150315, -0.0049447, 0.0047066), (-0.0150315, 0.0049583, 0.0048819), (-0.0150315, -0.0047694, 0.0048819), (-0.0150315, 0.004798, 0.0050711), (-0.0150315, -0.0046091, 0.0050711), (-0.0150315, 0.004654, 0.0052729), (-0.0150315, -0.0044651, 0.0052729), (-0.0150315, 0.004527, 0.0054859), (-0.0150315, -0.0043381, 0.0054859), (-0.0150315, 0.0044181, 0.0057087), (-0.0150315, -0.0042292, 0.0057087), (-0.0150315, 0.004328, 0.0059397), (-0.0150315, -0.0041391, 0.0059397), (-0.0150315, 0.0042572, 0.0061773), (-0.0150315, -0.0040683, 0.0061773), (-0.0150315, 0.0042064, 0.00642), (-0.0150315, -0.0040175, 0.00642), (-0.0150315, 0.0041757, 0.006666), (-0.0150315, -0.0039868, 0.006666), (-0.0150315, 0.0041654, 0.0069138), (-0.0150315, -0.0039766, 0.0069138), (-0.0150315, 0.0041757, 0.0071615), (-0.0150315, -0.0039868, 0.0071615), (-0.0150315, 0.0042064, 0.0074076), (-0.0150315, -0.0040175, 0.0074076), (-0.0150315, 0.0042572, 0.0076502), (-0.0150315, -0.0040683, 0.0076502), (-0.0150315, 0.004328, 0.0078879), (-0.0150315, -0.0041391, 0.0078879), (-0.0150315, 0.0044181, 0.0081189), (-0.0150315, -0.0042292, 0.0081189), (-0.0150315, -0.0043381, 0.0083416), (-0.0150315, -0.0044651, 0.0085546), (-0.0150315, -0.0046091, 0.0087564), (-0.0150315, -0.0047694, 0.0089456), (-0.0150315, -0.0049447, 0.0091209), (-0.0150315, -0.0051339, 0.0092812), (-0.0150315, -0.0053357, 0.0094253), (-0.0150315, -0.0055487, 0.0095522), (-0.0150315, -0.0057715, 0.0096611), (-0.0150315, -0.0060025, 0.0097512), (-0.0150315, -0.0062401, 0.009822), (-0.0150315, -0.0064828, 0.0098729), (-0.0150315, -0.0067288, 0.0099035), (-0.0150315, -0.0069766, 0.0099138), (-0.0150315, -0.0072243, 0.0099035), (-0.0150315, -0.0074703, 0.0039547), (-0.0150315, -0.0074703, -0.0042691), (-0.0150315, -0.007713, 0.0040056), (-0.0150315, -0.007713, -0.00432), (-0.0150315, -0.0079506, 0.0040763), (-0.0150315, -0.0079506, -0.0043908), (-0.0150315, -0.0081816, 0.0041664), (-0.0150315, -0.0081816, -0.0044809), (-0.0150315, -0.0084044, -0.0045898), (-0.0150315, -0.0086174, -0.0047167), (-0.0150315, -0.0088192, -0.0048608), (-0.0150315, -0.0090084, -0.0050211), (-0.0150315, -0.0091837, -0.0051964), (-0.0150315, -0.009344, -0.0053856), (-0.0150315, -0.009488, -0.0055874), (-0.0150315, -0.009615, -0.0058004), (-0.0150315, -0.0097239, -0.0060231), (-0.0150315, -0.009814, -0.0062541), (-0.0150315, -0.0098848, -0.0064918), (-0.0150315, -0.0099356, -0.0067344), (-0.0150315, -0.0099663, -0.0069805), (-0.0150315, -0.0099766, -0.0072282), (-0.0150315, -0.0099663, -0.007476), (-0.0150315, -0.0099356, -0.007722), (-0.0150315, -0.0098848, -0.0079647), (-0.0150315, -0.009814, -0.0082023), (-0.0150315, -0.0097239, -0.0084333), (-0.0150315, -0.009615, -0.0086561), (-0.0150315, -0.009488, -0.0088691), (-0.0150315, -0.009344, -0.0090709), (-0.0150315, -0.0091837, -0.0092601), (-0.0150315, -0.0090084, -0.0094354), (-0.0150315, -0.0088192, -0.0095957), (-0.0150315, -0.0086174, -0.0097397), (-0.0150315, -0.0084044, -0.0098667), (-0.0150315, -0.0081816, -0.0099756), (-0.0150315, -0.0079506, -0.0100657), (-0.0150315, -0.007713, -0.0101364), (-0.0150315, -0.0074703, -0.0101873), (-0.0150315, -0.0072243, -0.010218), (-0.0150315, -0.0069766, -0.0102282), (-0.0150315, -0.0067288, -0.010218), (-0.0150315, -0.0064828, -0.0101873), (-0.0150315, -0.0062401, -0.0101364), (-0.0150315, -0.0060025, -0.0100657), (-0.0150315, -0.0057715, -0.0099756), (-0.0150315, -0.0055487, -0.0098667), (-0.0150315, -0.0053357, -0.0097397), (-0.0150315, -0.0051339, -0.0095957), (-0.0150315, -0.0049447, -0.0094354), (-0.0150315, -0.0047694, -0.0092601), (-0.0150315, -0.0046091, -0.0090709), (-0.0150315, -0.0044651, -0.0088691), (-0.0150315, -0.0043381, -0.0086561), (-0.0150315, -0.0042292, -0.0084333), (-0.0150315, 0.0044181, -0.0084333), (-0.0150315, 0.004527, -0.0086561), (-0.0150315, 0.004654, -0.0088691), (-0.0150315, 0.004798, -0.0090709), (-0.0150315, 0.0049583, -0.0092601), (-0.0150315, 0.004328, -0.0082023), (-0.0150315, -0.0041391, -0.0082023), (-0.0150315, 0.0042572, -0.0079647), (-0.0150315, -0.0040683, -0.0079647), (-0.0150315, 0.0042064, -0.007722), (-0.0150315, -0.0040175, -0.007722), (-0.0150315, 0.0041757, -0.007476), (-0.0150315, -0.0039868, -0.007476), (-0.0150315, 0.0041654, -0.0072282), (-0.0150315, -0.0039766, -0.0072282), (-0.0150315, 0.0041757, -0.0069805), (-0.0150315, -0.0039868, -0.0069805), (-0.0150315, 0.0042064, -0.0067344), (-0.0150315, -0.0040175, -0.0067344), (-0.0150315, 0.0042572, -0.0064918), (-0.0150315, -0.0040683, -0.0064918), (-0.0150315, 0.004328, -0.0062541), (-0.0150315, -0.0041391, -0.0062541), (-0.0150315, 0.0044181, -0.0060231), (-0.0150315, -0.0042292, -0.0060231), (-0.0150315, 0.004527, -0.0058004), (-0.0150315, -0.0043381, -0.0058004), (-0.0150315, 0.004654, -0.0055874), (-0.0150315, -0.0044651, -0.0055874), (-0.0150315, 0.004798, -0.0053856), (-0.0150315, -0.0046091, -0.0053856), (-0.0150315, 0.0049583, -0.0051964), (-0.0150315, -0.0047694, -0.0051964), (-0.0150315, 0.0051336, -0.0050211), (-0.0150315, 0.0051336, 0.0047066), (-0.0150315, 0.0053228, 0.0045463), (-0.0150315, 0.0074132, -0.0042385), (-0.0150315, 0.0071655, -0.0042282), (-0.0150315, 0.0071655, 0.0039138), (-0.0150315, 0.0069177, -0.0042385), (-0.0150315, 0.0069177, 0.003924), (-0.0150315, 0.0066717, -0.0042691), (-0.0150315, 0.0066717, 0.0039547), (-0.0150315, 0.006429, -0.00432), (-0.0150315, 0.006429, 0.0040056), (-0.0150315, 0.0061914, -0.0043908), (-0.0150315, 0.0061914, 0.0040763), (-0.0150315, 0.0059604, -0.0044809), (-0.0150315, 0.0059604, 0.0041664), (-0.0150315, 0.0057376, -0.0045898), (-0.0150315, 0.0057376, 0.0042753), (-0.0150315, 0.0055246, -0.0047167), (-0.0150315, 0.0055246, 0.0044023), (-0.0150315, 0.0053228, -0.0048608), (-0.0150315, 0.0051336, -0.0094354), (-0.0150315, 0.0053228, -0.0095957), (-0.0150315, 0.0055246, -0.0097397), (-0.0150315, 0.0057376, -0.0098667), (-0.0150315, 0.0059604, -0.0099756), (-0.0150315, 0.0061914, -0.0100657), (-0.0150315, 0.006429, -0.0101364), (-0.0150315, 0.0066717, -0.0101873), (-0.0150315, 0.0069177, -0.010218), (-0.0150315, 0.0071655, -0.0102282), (-0.0150315, 0.0074132, -0.010218), (-0.0150315, 0.0076592, -0.0101873), (-0.0150315, 0.0079019, -0.0101364), (-0.0150315, 0.0081395, -0.0100657), (-0.0150315, 0.0083705, -0.0099756), (-0.0150315, 0.0085933, -0.0098667), (-0.0150315, 0.0088063, -0.0097397), (-0.0150315, 0.0090081, -0.0095957), (-0.0150315, 0.0091973, -0.0094354), (-0.0150315, 0.0093726, -0.0092601), (-0.0150315, 0.0095329, -0.0090709), (-0.0150315, 0.009677, -0.0088691), (-0.0150315, 0.0098039, -0.0086561), (-0.0150315, 0.0099128, -0.0084333), (-0.0150315, 0.0100029, -0.0082023), (-0.0150315, 0.0100737, -0.0079647), (-0.0150315, 0.0101245, -0.007722), (-0.0150315, 0.0101552, -0.007476), (-0.0150315, 0.0101655, -0.0072282), (-0.0150315, 0.0101552, -0.0069805), (-0.0150315, 0.0101245, -0.0067344), (-0.0150315, 0.0100737, -0.0064918), (-0.0150315, 0.0100029, -0.0062541), (-0.0150315, 0.0099128, -0.0060231), (-0.0150315, 0.0098039, -0.0058004), (-0.0150315, 0.009677, -0.0055874), (-0.0150315, 0.0095329, -0.0053856), (-0.0150315, 0.0093726, -0.0051964), (-0.0150315, 0.0091973, -0.0050211), (-0.0150315, 0.0090081, -0.0048608), (-0.0150315, 0.0088063, -0.0047167), (-0.0150315, 0.0085933, -0.0045898), (-0.0150315, 0.0083705, -0.0044809), (-0.0150315, 0.0083705, 0.0041664), (-0.0150315, 0.0085933, 0.0042753), (-0.0150315, 0.0088063, 0.0044023), (-0.0150315, 0.0090081, 0.0045463), (-0.0150315, 0.0091973, 0.0047066), (-0.0150315, 0.0093726, 0.0048819), (-0.0150315, 0.0095329, 0.0050711), (-0.0150315, 0.009677, 0.0052729), (-0.0150315, 0.0098039, 0.0054859), (-0.0150315, 0.0099128, 0.0057087), (-0.0150315, 0.0100029, 0.0059397), (-0.0150315, 0.0100737, 0.0061773), (-0.0150315, 0.0101245, 0.00642), (-0.0150315, 0.0101552, 0.006666), (-0.0150315, 0.0101655, 0.0069138), (-0.0150315, 0.0101552, 0.0071615), (-0.0150315, 0.0081395, 0.0040763), (-0.0150315, 0.0081395, -0.0043908), (-0.0150315, 0.0079019, 0.0040056), (-0.0150315, 0.0079019, -0.00432), (-0.0150315, 0.0076592, 0.0039547), (-0.0150315, 0.0076592, -0.0042691), (-0.0150315, 0.0074132, 0.003924), (-0.0150315, -0.0074703, 0.0098729), (-0.0150315, -0.007713, 0.009822), (-0.0150315, -0.0079506, 0.0097512), (-0.0150315, -0.0081816, 0.0096611), (-0.0150315, -0.0084044, 0.0095522), (-0.0150315, -0.0086174, 0.0094253), (-0.0150315, -0.0088192, 0.0092812), (-0.0150315, -0.0090084, 0.0091209), (-0.0150315, -0.0091837, 0.0089456), (-0.0150315, -0.009344, 0.0087564), (-0.0150315, -0.009488, 0.0085546), (-0.0150315, -0.009615, 0.0083416), (-0.0150315, -0.0097239, 0.0081189), (-0.0150315, -0.009814, 0.0078879), (-0.0150315, -0.0098848, 0.0076502), (-0.0150315, -0.0099356, 0.0074076), (-0.0150315, -0.0099663, 0.0071615), (-0.0150315, -0.0099766, 0.0069138), (-0.0150315, -0.0099663, 0.006666), (-0.0150315, -0.0099356, 0.00642), (-0.0150315, -0.0098848, 0.0061773), (-0.0150315, -0.009814, 0.0059397), (-0.0150315, -0.0097239, 0.0057087), (-0.0150315, -0.009615, 0.0054859), (-0.0150315, -0.009488, 0.0052729), (-0.0150315, -0.009344, 0.0050711), (-0.0150315, -0.0091837, 0.0048819), (-0.0150315, -0.0090084, 0.0047066), (-0.0150315, -0.0088192, 0.0045463), (-0.0150315, -0.0086174, 0.0044023), (-0.0150315, -0.0084044, 0.0042753), (-0.0150315, 0.0074132, 0.0099035), (-0.0150315, 0.0071655, 0.0099138), (-0.0150315, 0.0069177, 0.0099035), (-0.0150315, 0.0066717, 0.0098729), (-0.0150315, 0.006429, 0.009822), (-0.0150315, 0.0061914, 0.0097512), (-0.0150315, 0.0059604, 0.0096611), (-0.0150315, 0.0057376, 0.0095522), (-0.0150315, 0.0055246, 0.0094253), (-0.0150315, 0.0053228, 0.0092812), (-0.0150315, 0.0051336, 0.0091209), (-0.0150315, 0.0049583, 0.0089456), (-0.0150315, 0.004798, 0.0087564), (-0.0150315, 0.004654, 0.0085546), (-0.0150315, 0.004527, 0.0083416), (-0.0150315, 0.0101245, 0.0074076), (-0.0150315, 0.0100737, 0.0076502), (-0.0150315, 0.0100029, 0.0078879), (-0.0150315, 0.0099128, 0.0081189), (-0.0150315, 0.0098039, 0.0083416), (-0.0150315, 0.009677, 0.0085546), (-0.0150315, 0.0095329, 0.0087564), (-0.0150315, 0.0093726, 0.0089456), (-0.0150315, 0.0091973, 0.0091209), (-0.0150315, 0.0090081, 0.0092812), (-0.0150315, 0.0088063, 0.0094253), (-0.0150315, 0.0085933, 0.0095522), (-0.0150315, 0.0083705, 0.0096611), (-0.0150315, 0.0081395, 0.0097512), (-0.0150315, 0.0079019, 0.009822), (-0.0150315, 0.0076592, 0.0098729), (-0.0073501, 0.0150944, -0.0042385), (-0.0071024, 0.0150944, -0.0042282), (-3.15e-05, 0.0150944, -0.0031573), (-0.0068547, 0.0150944, -0.0042385), (-0.0066086, 0.0150944, -0.0042691), (-0.0063659, 0.0150944, -0.00432), (-0.0061283, 0.0150944, -0.0043908), (-0.0058973, 0.0150944, -0.0044809), (-0.0056746, 0.0150944, -0.0045898), (-0.0054615, 0.0150944, -0.0047167), (-0.0052598, 0.0150944, -0.0048608), (-0.0050705, 0.0150944, -0.0050211), (-0.0048952, 0.0150944, -0.0051964), (-0.004735, 0.0150944, -0.0053856), (-0.0045909, 0.0150944, -0.0055874), (-0.004464, 0.0150944, -0.0058004), (-0.0043551, 0.0150944, -0.0060231), (-0.0042649, 0.0150944, -0.0062541), (-0.0041942, 0.0150944, -0.0064918), (-0.0041433, 0.0150944, -0.0067344), (-0.0041126, 0.0150944, -0.0069805), (-0.0041024, 0.0150944, -0.0072282), (0.0040396, 0.0150944, -0.0072282), (-0.0041126, 0.0150944, -0.007476), (0.0040499, 0.0150944, -0.007476), (-0.0041433, 0.0150944, -0.007722), (0.0040805, 0.0150944, -0.007722), (-0.0041942, 0.0150944, -0.0079647), (0.0041314, 0.0150944, -0.0079647), (-0.0042649, 0.0150944, -0.0082023), (0.0042022, 0.0150944, -0.0082023), (-0.0043551, 0.0150944, -0.0084333), (0.0042923, 0.0150944, -0.0084333), (-0.004464, 0.0150944, -0.0086561), (0.0044012, 0.0150944, -0.0086561), (-0.0045909, 0.0150944, -0.0088691), (0.0045281, 0.0150944, -0.0088691), (-0.004735, 0.0150944, -0.0090709), (0.0046722, 0.0150944, -0.0090709), (-0.0048952, 0.0150944, -0.0092601), (0.0048324, 0.0150944, -0.0092601), (-0.0050705, 0.0150944, -0.0094354), (0.0050078, 0.0150944, -0.0094354), (-0.0052598, 0.0150944, -0.0095957), (0.005197, 0.0150944, -0.0095957), (-0.0054615, 0.0150944, -0.0097397), (0.0053988, 0.0150944, -0.0097397), (-0.0056746, 0.0150944, -0.0098667), (0.0056118, 0.0150944, -0.0098667), (-0.0058973, 0.0150944, -0.0099756), (0.0058345, 0.0150944, -0.0099756), (-0.0061283, 0.0150944, -0.0100657), (0.0060655, 0.0150944, -0.0100657), (-0.0063659, 0.0150944, -0.0101364), (0.0063032, 0.0150944, -0.0101364), (-0.0066086, 0.0150944, -0.0101873), (0.0065458, 0.0150944, -0.0101873), (-0.0068547, 0.0150944, -0.010218), (0.0067919, 0.0150944, -0.010218), (-0.0071024, 0.0150944, -0.0102282), (0.0070396, 0.0150944, -0.0102282), (-3.15e-05, 0.0150944, -0.0151573), (0.0072873, 0.0150944, -0.010218), (0.0075334, 0.0150944, -0.0101873), (-0.0075962, 0.0150944, -0.0042691), (-0.0078388, 0.0150944, -0.00432), (-0.0080765, 0.0150944, -0.0043908), (-0.0083075, 0.0150944, -0.0044809), (-0.0085302, 0.0150944, -0.0045898), (-0.0087432, 0.0150944, -0.0047167), (-0.008945, 0.0150944, -0.0048608), (-0.0091342, 0.0150944, -0.0050211), (-0.0093096, 0.0150944, -0.0051964), (-0.0094698, 0.0150944, -0.0053856), (-0.0096139, 0.0150944, -0.0055874), (-0.0097408, 0.0150944, -0.0058004), (-0.0098497, 0.0150944, -0.0060231), (-0.0099398, 0.0150944, -0.0062541), (-0.0100106, 0.0150944, -0.0064918), (-0.0100615, 0.0150944, -0.0067344), (-0.0100921, 0.0150944, -0.0069805), (-0.0101024, 0.0150944, -0.0072282), (-0.0100921, 0.0150944, -0.007476), (-0.0100615, 0.0150944, -0.007722), (-0.0100106, 0.0150944, -0.0079647), (-0.0099398, 0.0150944, -0.0082023), (-0.0098497, 0.0150944, -0.0084333), (-0.0097408, 0.0150944, -0.0086561), (-0.0096139, 0.0150944, -0.0088691), (-0.0094698, 0.0150944, -0.0090709), (-0.0093096, 0.0150944, -0.0092601), (-0.0091342, 0.0150944, -0.0094354), (-0.008945, 0.0150944, -0.0095957), (-0.0087432, 0.0150944, -0.0097397), (-0.0085302, 0.0150944, -0.0098667), (-0.0083075, 0.0150944, -0.0099756), (-0.0080765, 0.0150944, -0.0100657), (-0.0078388, 0.0150944, -0.0101364), (-0.0075962, 0.0150944, -0.0101873), (-0.0073501, 0.0150944, -0.010218), (0.0067919, 0.0150944, -0.0042385), (0.0029685, 0.0150944, -0.0001573), (0.0070396, 0.0150944, -0.0042282), (0.0070396, 0.0150944, 0.0039138), (0.0072873, 0.0150944, -0.0042385), (0.0075334, 0.0150944, -0.0042691), (0.0077761, 0.0150944, -0.00432), (0.0080137, 0.0150944, -0.0043908), (0.0082447, 0.0150944, -0.0044809), (0.0029583, 0.0150944, -0.000405), (0.0065458, 0.0150944, -0.0042691), (0.0029276, 0.0150944, -0.0006511), (0.0063032, 0.0150944, -0.00432), (0.0028767, 0.0150944, -0.0008938), (0.0060655, 0.0150944, -0.0043908), (0.002806, 0.0150944, -0.0011314), (0.0058345, 0.0150944, -0.0044809), (0.0027159, 0.0150944, -0.0013624), (0.0056118, 0.0150944, -0.0045898), (0.002607, 0.0150944, -0.0015851), (0.0053988, 0.0150944, -0.0047167), (0.00248, 0.0150944, -0.0017981), (0.005197, 0.0150944, -0.0048608), (0.002336, 0.0150944, -0.0019999), (0.0050078, 0.0150944, -0.0050211), (0.0021757, 0.0150944, -0.0021891), (0.0048324, 0.0150944, -0.0051964), (0.0020004, 0.0150944, -0.0023645), (0.0046722, 0.0150944, -0.0053856), (0.0018112, 0.0150944, -0.0025247), (0.0045281, 0.0150944, -0.0055874), (0.0016094, 0.0150944, -0.0026688), (0.0044012, 0.0150944, -0.0058004), (0.0013964, 0.0150944, -0.0027957), (0.0042923, 0.0150944, -0.0060231), (0.0011736, 0.0150944, -0.0029046), (0.0042022, 0.0150944, -0.0062541), (0.0009426, 0.0150944, -0.0029948), (0.0041314, 0.0150944, -0.0064918), (0.000705, 0.0150944, -0.0030655), (0.0040805, 0.0150944, -0.0067344), (0.0004623, 0.0150944, -0.0031164), (0.0040499, 0.0150944, -0.0069805), (0.0002163, 0.0150944, -0.0031471), (0.0077761, 0.0150944, -0.0101364), (0.0080137, 0.0150944, -0.0100657), (0.0082447, 0.0150944, -0.0099756), (0.0084674, 0.0150944, -0.0098667), (0.0086805, 0.0150944, -0.0097397), (0.0088822, 0.0150944, -0.0095957), (0.0090715, 0.0150944, -0.0094354), (0.0092468, 0.0150944, -0.0092601), (0.009407, 0.0150944, -0.0090709), (0.0095511, 0.0150944, -0.0088691), (0.009678, 0.0150944, -0.0086561), (0.0097869, 0.0150944, -0.0084333), (0.0098771, 0.0150944, -0.0082023), (0.0099478, 0.0150944, -0.0079647), (0.0099987, 0.0150944, -0.007722), (0.0100294, 0.0150944, -0.007476), (0.0100396, 0.0150944, -0.0072282), (0.0100294, 0.0150944, -0.0069805), (0.0099987, 0.0150944, -0.0067344), (0.0099478, 0.0150944, -0.0064918), (0.0098771, 0.0150944, -0.0062541), (0.0097869, 0.0150944, -0.0060231), (0.009678, 0.0150944, -0.0058004), (0.0095511, 0.0150944, -0.0055874), (0.009407, 0.0150944, -0.0053856), (0.0092468, 0.0150944, -0.0051964), (0.0090715, 0.0150944, -0.0050211), (0.0088822, 0.0150944, -0.0048608), (0.0086805, 0.0150944, -0.0047167), (0.0084674, 0.0150944, -0.0045898), (-0.0068547, 0.0150944, 0.0099035), (-0.0071024, 0.0150944, 0.0099138), (-0.0073501, 0.0150944, 0.0099035), (-0.0075962, 0.0150944, 0.0098729), (-0.0078388, 0.0150944, 0.009822), (-0.0080765, 0.0150944, 0.0097512), (-0.0083075, 0.0150944, 0.0096611), (-0.0085302, 0.0150944, 0.0095522), (-0.0087432, 0.0150944, 0.0094253), (-0.008945, 0.0150944, 0.0092812), (-0.0091342, 0.0150944, 0.0091209), (-0.0093096, 0.0150944, 0.0089456), (-0.0094698, 0.0150944, 0.0087564), (-0.0096139, 0.0150944, 0.0085546), (-0.0097408, 0.0150944, 0.0083416), (-0.0098497, 0.0150944, 0.0081189), (-0.0099398, 0.0150944, 0.0078879), (-0.0100106, 0.0150944, 0.0076502), (-0.0100615, 0.0150944, 0.0074076), (-0.0100921, 0.0150944, 0.0071615), (-0.0101024, 0.0150944, 0.0069138), (-0.0100921, 0.0150944, 0.006666), (-0.0100615, 0.0150944, 0.00642), (-0.0100106, 0.0150944, 0.0061773), (-0.0099398, 0.0150944, 0.0059397), (-0.0098497, 0.0150944, 0.0057087), (-0.0097408, 0.0150944, 0.0054859), (-0.0096139, 0.0150944, 0.0052729), (-0.0094698, 0.0150944, 0.0050711), (-0.0093096, 0.0150944, 0.0048819), (-0.0091342, 0.0150944, 0.0047066), (-0.008945, 0.0150944, 0.0045463), (-0.0087432, 0.0150944, 0.0044023), (-0.0085302, 0.0150944, 0.0042753), (-0.0083075, 0.0150944, 0.0041664), (-0.0080765, 0.0150944, 0.0040763), (-0.0078388, 0.0150944, 0.0040056), (-0.0075962, 0.0150944, 0.0039547), (-0.0029905, 0.0150944, -0.0006511), (-0.0030212, 0.0150944, -0.000405), (-0.0073501, 0.0150944, 0.003924), (-0.0030315, 0.0150944, -0.0001573), (-0.0071024, 0.0150944, 0.0039138), (-0.0030212, 0.0150944, 9.04e-05), (-0.0068547, 0.0150944, 0.003924), (-0.0029905, 0.0150944, 0.0003365), (-0.0066086, 0.0150944, 0.0039547), (-0.0029397, 0.0150944, 0.0005792), (-0.0063659, 0.0150944, 0.0040056), (-0.0028689, 0.0150944, 0.0008168), (-0.0061283, 0.0150944, 0.0040763), (-0.0027788, 0.0150944, 0.0010478), (-0.0058973, 0.0150944, 0.0041664), (-0.0026699, 0.0150944, 0.0012705), (-0.0056746, 0.0150944, 0.0042753), (-0.002543, 0.0150944, 0.0014835), (-0.0054615, 0.0150944, 0.0044023), (-0.0023989, 0.0150944, 0.0016853), (-0.0052598, 0.0150944, 0.0045463), (-0.0022386, 0.0150944, 0.0018745), (-0.0050705, 0.0150944, 0.0047066), (-0.0020633, 0.0150944, 0.0020499), (-0.0048952, 0.0150944, 0.0048819), (-0.0018741, 0.0150944, 0.0022101), (-0.004735, 0.0150944, 0.0050711), (-0.0016723, 0.0150944, 0.0023542), (-0.0045909, 0.0150944, 0.0052729), (-0.0014593, 0.0150944, 0.0024811), (-0.004464, 0.0150944, 0.0054859), (-0.0012365, 0.0150944, 0.00259), (-0.0043551, 0.0150944, 0.0057087), (-0.0010056, 0.0150944, 0.0026802), (-0.0042649, 0.0150944, 0.0059397), (-0.0007679, 0.0150944, 0.0027509), (-0.0041942, 0.0150944, 0.0061773), (-0.0005252, 0.0150944, 0.0028018), (-0.0041433, 0.0150944, 0.00642), (-0.0002792, 0.0150944, 0.0028325), (-0.0041126, 0.0150944, 0.006666), (-3.15e-05, 0.0150944, 0.0028427), (-0.0041024, 0.0150944, 0.0069138), (0.0040396, 0.0150944, 0.0069138), (0.0040499, 0.0150944, 0.0071615), (-0.0041126, 0.0150944, 0.0071615), (0.0040805, 0.0150944, 0.0074076), (-0.0041433, 0.0150944, 0.0074076), (0.0041314, 0.0150944, 0.0076502), (-0.0041942, 0.0150944, 0.0076502), (0.0042022, 0.0150944, 0.0078879), (-0.0042649, 0.0150944, 0.0078879), (0.0042923, 0.0150944, 0.0081189), (-0.0043551, 0.0150944, 0.0081189), (-0.004464, 0.0150944, 0.0083416), (-0.0045909, 0.0150944, 0.0085546), (-0.004735, 0.0150944, 0.0087564), (-0.0048952, 0.0150944, 0.0089456), (-0.0050705, 0.0150944, 0.0091209), (-0.0052598, 0.0150944, 0.0092812), (-0.0054615, 0.0150944, 0.0094253), (-0.0056746, 0.0150944, 0.0095522), (-0.0058973, 0.0150944, 0.0096611), (-0.0061283, 0.0150944, 0.0097512), (-0.0063659, 0.0150944, 0.009822), (-0.0066086, 0.0150944, 0.0098729), (-0.0029397, 0.0150944, -0.0008938), (-0.0028689, 0.0150944, -0.0011314), (-0.0027788, 0.0150944, -0.0013624), (-0.0026699, 0.0150944, -0.0015851), (-0.002543, 0.0150944, -0.0017981), (-0.0023989, 0.0150944, -0.0019999), (-0.0022386, 0.0150944, -0.0021891), (-0.0020633, 0.0150944, -0.0023645), (-0.0018741, 0.0150944, -0.0025247), (-0.0016723, 0.0150944, -0.0026688), (-0.0014593, 0.0150944, -0.0027957), (-0.0012365, 0.0150944, -0.0029046), (-0.0010056, 0.0150944, -0.0029948), (-0.0007679, 0.0150944, -0.0030655), (-0.0005252, 0.0150944, -0.0031164), (-0.0002792, 0.0150944, -0.0031471), (0.0029583, 0.0150944, 9.04e-05), (0.0067919, 0.0150944, 0.003924), (0.0029276, 0.0150944, 0.0003365), (0.0065458, 0.0150944, 0.0039547), (0.0028767, 0.0150944, 0.0005792), (0.0063032, 0.0150944, 0.0040056), (0.002806, 0.0150944, 0.0008168), (0.0060655, 0.0150944, 0.0040763), (0.0027159, 0.0150944, 0.0010478), (0.0058345, 0.0150944, 0.0041664), (0.002607, 0.0150944, 0.0012705), (0.00248, 0.0150944, 0.0014835), (0.002336, 0.0150944, 0.0016853), (0.0021757, 0.0150944, 0.0018745), (0.0020004, 0.0150944, 0.0020499), (0.0018112, 0.0150944, 0.0022101), (0.0016094, 0.0150944, 0.0023542), (0.0013964, 0.0150944, 0.0024811), (0.0011736, 0.0150944, 0.00259), (0.0009426, 0.0150944, 0.0026802), (0.0056118, 0.0150944, 0.0042753), (0.0053988, 0.0150944, 0.0044023), (0.005197, 0.0150944, 0.0045463), (0.0050078, 0.0150944, 0.0047066), (0.0048324, 0.0150944, 0.0048819), (0.0046722, 0.0150944, 0.0050711), (0.0045281, 0.0150944, 0.0052729), (0.0044012, 0.0150944, 0.0054859), (0.0042923, 0.0150944, 0.0057087), (0.0042022, 0.0150944, 0.0059397), (0.000705, 0.0150944, 0.0027509), (0.0041314, 0.0150944, 0.0061773), (0.0004623, 0.0150944, 0.0028018), (0.0040805, 0.0150944, 0.00642), (0.0002163, 0.0150944, 0.0028325), (0.0040499, 0.0150944, 0.006666), (0.0072873, 0.0150944, 0.0099035), (0.0070396, 0.0150944, 0.0099138), (0.0067919, 0.0150944, 0.0099035), (0.0065458, 0.0150944, 0.0098729), (0.0063032, 0.0150944, 0.009822), (0.0060655, 0.0150944, 0.0097512), (0.0058345, 0.0150944, 0.0096611), (0.0056118, 0.0150944, 0.0095522), (0.0053988, 0.0150944, 0.0094253), (0.005197, 0.0150944, 0.0092812), (0.0050078, 0.0150944, 0.0091209), (0.0048324, 0.0150944, 0.0089456), (0.0046722, 0.0150944, 0.0087564), (0.0045281, 0.0150944, 0.0085546), (0.0044012, 0.0150944, 0.0083416), (0.0072873, 0.0150944, 0.003924), (0.0075334, 0.0150944, 0.0039547), (0.0077761, 0.0150944, 0.0040056), (0.0080137, 0.0150944, 0.0040763), (0.0082447, 0.0150944, 0.0041664), (0.0084674, 0.0150944, 0.0042753), (0.0086805, 0.0150944, 0.0044023), (0.0088822, 0.0150944, 0.0045463), (0.0090715, 0.0150944, 0.0047066), (0.0092468, 0.0150944, 0.0048819), (0.009407, 0.0150944, 0.0050711), (0.0095511, 0.0150944, 0.0052729), (0.009678, 0.0150944, 0.0054859), (0.0097869, 0.0150944, 0.0057087), (0.0098771, 0.0150944, 0.0059397), (0.0099478, 0.0150944, 0.0061773), (0.0099987, 0.0150944, 0.00642), (0.0100294, 0.0150944, 0.006666), (0.0100396, 0.0150944, 0.0069138), (0.0100294, 0.0150944, 0.0071615), (0.0099987, 0.0150944, 0.0074076), (0.0099478, 0.0150944, 0.0076502), (0.0098771, 0.0150944, 0.0078879), (0.0097869, 0.0150944, 0.0081189), (0.009678, 0.0150944, 0.0083416), (0.0095511, 0.0150944, 0.0085546), (0.009407, 0.0150944, 0.0087564), (0.0092468, 0.0150944, 0.0089456), (0.0090715, 0.0150944, 0.0091209), (0.0088822, 0.0150944, 0.0092812), (0.0086805, 0.0150944, 0.0094253), (0.0084674, 0.0150944, 0.0095522), (0.0082447, 0.0150944, 0.0096611), (0.0080137, 0.0150944, 0.0097512), (0.0077761, 0.0150944, 0.009822), (0.0075334, 0.0150944, 0.0098729), (0.0149685, -0.0067289, -0.0042386), (0.0149685, -0.0028954, -0.000405), (0.0149685, -0.0069767, -0.0042284), (0.0149685, -0.0029056, -0.0001573), (0.0149685, -0.0028954, 9.04e-05), (0.0149685, -0.0028647, -0.0006511), (0.0149685, -0.0064829, -0.0042693), (0.0149685, -0.0028138, -0.0008938), (0.0149685, -0.0062402, -0.0043202), (0.0149685, -0.0027431, -0.0011314), (0.0149685, -0.0060026, -0.0043909), (0.0149685, -0.0026529, -0.0013624), (0.0149685, -0.0057716, -0.004481), (0.0149685, -0.002544, -0.0015851), (0.0149685, -0.0055488, -0.0045899), (0.0149685, -0.0024171, -0.0017981), (0.0149685, -0.0053358, -0.0047169), (0.0149685, -0.002273, -0.0019999), (0.0149685, -0.005134, -0.0048609), (0.0149685, -0.0021128, -0.0021891), (0.0149685, -0.0049448, -0.0050212), (0.0149685, -0.0019375, -0.0023645), (0.0149685, -0.0047695, -0.0051965), (0.0149685, -0.0017483, -0.0025247), (0.0149685, -0.0046093, -0.0053857), (0.0149685, -0.0015465, -0.0026688), (0.0149685, -0.0044652, -0.0055875), (0.0149685, -0.0013335, -0.0027957), (0.0149685, -0.0011107, -0.0029046), (0.0149685, -0.0008797, -0.0029948), (0.0149685, -0.0006421, -0.0030655), (0.0149685, -0.0003994, -0.0031164), (0.0149685, -0.0001534, -0.0031471), (0.0149685, 9.44e-05, -0.0031573), (0.0149685, -0.0043383, -0.0058005), (0.0149685, -0.0042294, -0.0060233), (0.0149685, -0.0041392, -0.0062543), (0.0149685, -0.0040685, -0.0064919), (0.0149685, -0.0040176, -0.0067346), (0.0149685, -0.0039869, -0.0069806), (0.0149685, -0.0039767, -0.0072284), (0.0149685, -0.0039869, -0.0074761), (0.0149685, -0.0040176, -0.0077222), (0.0149685, -0.0040685, -0.0079648), (0.0149685, -0.0041392, -0.0082025), (0.0149685, -0.0042294, -0.0084335), (0.0149685, -0.0043383, -0.0086562), (0.0149685, -0.0044652, -0.0088692), (0.0149685, -0.0046093, -0.009071), (0.0149685, -0.0047695, -0.0092602), (0.0149685, -0.0049448, -0.0094355), (0.0149685, -0.005134, -0.0095958), (0.0149685, -0.0053358, -0.0097399), (0.0149685, -0.0055488, -0.0098668), (0.0149685, -0.0057716, -0.0099757), (0.0149685, -0.0060026, -0.0100658), (0.0149685, -0.0062402, -0.0101366), (0.0149685, -0.0064829, -0.0101875), (0.0149685, -0.0067289, -0.0102181), (0.0149685, -0.0069767, -0.0102284), (0.0149685, -0.0072244, -0.0102181), (0.0149685, -0.0074705, -0.0101875), (0.0149685, -0.0077131, -0.0101366), (0.0149685, -0.0079508, -0.0100658), (0.0149685, -0.0081818, -0.0099757), (0.0149685, -0.0084045, -0.0098668), (0.0149685, -0.0086175, -0.0097399), (0.0149685, -0.0088193, -0.0095958), (0.0149685, -0.0090085, -0.0094355), (0.0149685, -0.0091839, -0.0092602), (0.0149685, -0.0093441, -0.009071), (0.0149685, -0.0094882, -0.0088692), (0.0149685, -0.0096151, -0.0086562), (0.0149685, -0.009724, -0.0084335), (0.0149685, -0.0098141, -0.0082025), (0.0149685, -0.0098849, -0.0079648), (0.0149685, -0.0099358, -0.0077222), (0.0149685, -0.0099664, -0.0074761), (0.0149685, -0.0099767, -0.0072284), (0.0149685, -0.0099664, -0.0069806), (0.0149685, -0.0099358, -0.0067346), (0.0149685, -0.0098849, -0.0064919), (0.0149685, -0.0098141, -0.0062543), (0.0149685, -0.009724, -0.0060233), (0.0149685, -0.0096151, -0.0058005), (0.0149685, -0.0094882, -0.0055875), (0.0149685, -0.0093441, -0.0053857), (0.0149685, -0.0091839, -0.0051965), (0.0149685, -0.0090085, -0.0050212), (0.0149685, -0.0088193, -0.0048609), (0.0149685, -0.0086175, -0.0047169), (0.0149685, -0.0084045, -0.0045899), (0.0149685, -0.0081818, -0.004481), (0.0149685, -0.0079508, -0.0043909), (0.0149685, -0.0077131, -0.0043202), (0.0149685, -0.0074705, -0.0042693), (0.0149685, -0.0072244, -0.0042386), (0.0149685, 0.0003421, 0.0028325), (0.0149685, 0.0041757, 0.006666), (0.0149685, 9.44e-05, 0.0028427), (0.0149685, 0.0041654, 0.0069138), (0.0149685, 0.0041757, 0.0071615), (0.0149685, 0.0042064, 0.00642), (0.0149685, 0.0005882, 0.0028018), (0.0149685, 0.0042572, 0.0061773), (0.0149685, 0.0008308, 0.0027509), (0.0149685, 0.004328, 0.0059397), (0.0149685, 0.0010685, 0.0026802), (0.0149685, 0.0044181, 0.0057087), (0.0149685, 0.0012995, 0.00259), (0.0149685, 0.004527, 0.0054859), (0.0149685, 0.0015222, 0.0024811), (0.0149685, 0.004654, 0.0052729), (0.0149685, 0.0017352, 0.0023542), (0.0149685, 0.004798, 0.0050711), (0.0149685, 0.001937, 0.0022101), (0.0149685, 0.0049583, 0.0048819), (0.0149685, 0.0021262, 0.0020499), (0.0149685, 0.0051336, 0.0047066), (0.0149685, 0.0023016, 0.0018745), (0.0149685, 0.0053228, 0.0045463), (0.0149685, 0.0024618, 0.0016853), (0.0149685, 0.0055246, 0.0044023), (0.0149685, 0.0026059, 0.0014835), (0.0149685, 0.0057376, 0.0042753), (0.0149685, 0.0027328, 0.0012705), (0.0149685, 0.0059604, 0.0041664), (0.0149685, 0.0028417, 0.0010478), (0.0149685, 0.0061914, 0.0040763), (0.0149685, 0.0029318, 0.0008168), (0.0149685, 0.006429, 0.0040056), (0.0149685, 0.0030026, 0.0005792), (0.0149685, 0.0066717, 0.0039547), (0.0149685, 0.0030535, 0.0003365), (0.0149685, 0.0069177, 0.003924), (0.0149685, 0.0030841, 9.04e-05), (0.0149685, 0.0071655, 0.0039138), (0.0149685, 0.0030944, -0.0001573), (0.0149685, 0.0030841, -0.000405), (0.0149685, 0.0030535, -0.0006511), (0.0149685, 0.0030026, -0.0008938), (0.0149685, 0.0029318, -0.0011314), (0.0149685, 0.0028417, -0.0013624), (0.0149685, 0.0027328, -0.0015851), (0.0149685, 0.0026059, -0.0017981), (0.0149685, 0.0024618, -0.0019999), (0.0149685, 0.0023016, -0.0021891), (0.0149685, 0.0021262, -0.0023645), (0.0149685, 0.001937, -0.0025247), (0.0149685, 0.0017352, -0.0026688), (0.0149685, 0.0015222, -0.0027957), (0.0149685, 0.0012995, -0.0029046), (0.0149685, 0.0010685, -0.0029948), (0.0149685, 0.0008308, -0.0030655), (0.0149685, 0.0005882, -0.0031164), (0.0149685, 0.0003421, -0.0031471), (0.0149685, -0.0028647, 0.0003365), (0.0149685, -0.0028138, 0.0005792), (0.0149685, -0.0027431, 0.0008168), (0.0149685, -0.0026529, 0.0010478), (0.0149685, -0.002544, 0.0012705), (0.0149685, -0.0024171, 0.0014835), (0.0149685, -0.002273, 0.0016853), (0.0149685, -0.0021128, 0.0018745), (0.0149685, -0.0019375, 0.0020499), (0.0149685, -0.0017483, 0.0022101), (0.0149685, -0.0015465, 0.0023542), (0.0149685, -0.0013335, 0.0024811), (0.0149685, -0.0011107, 0.00259), (0.0149685, -0.0008797, 0.0026802), (0.0149685, -0.0006421, 0.0027509), (0.0149685, -0.0003994, 0.0028018), (0.0149685, -0.0001534, 0.0028325), (0.0149685, 0.0074132, 0.0099035), (0.0149685, 0.0071655, 0.0099138), (0.0149685, 0.0076592, 0.0098729), (0.0149685, 0.0079019, 0.009822), (0.0149685, 0.0081395, 0.0097512), (0.0149685, 0.0083705, 0.0096611), (0.0149685, 0.0085933, 0.0095522), (0.0149685, 0.0088063, 0.0094253), (0.0149685, 0.0090081, 0.0092812), (0.0149685, 0.0091973, 0.0091209), (0.0149685, 0.0093726, 0.0089456), (0.0149685, 0.0095329, 0.0087564), (0.0149685, 0.009677, 0.0085546), (0.0149685, 0.0098039, 0.0083416), (0.0149685, 0.0099128, 0.0081189), (0.0149685, 0.0100029, 0.0078879), (0.0149685, 0.0100737, 0.0076502), (0.0149685, 0.0101245, 0.0074076), (0.0149685, 0.0101552, 0.0071615), (0.0149685, 0.0101655, 0.0069138), (0.0149685, 0.0101552, 0.006666), (0.0149685, 0.0101245, 0.00642), (0.0149685, 0.0100737, 0.0061773), (0.0149685, 0.0100029, 0.0059397), (0.0149685, 0.0099128, 0.0057087), (0.0149685, 0.0098039, 0.0054859), (0.0149685, 0.009677, 0.0052729), (0.0149685, 0.0095329, 0.0050711), (0.0149685, 0.0093726, 0.0048819), (0.0149685, 0.0091973, 0.0047066), (0.0149685, 0.0090081, 0.0045463), (0.0149685, 0.0088063, 0.0044023), (0.0149685, 0.0085933, 0.0042753), (0.0149685, 0.0083705, 0.0041664), (0.0149685, 0.0081395, 0.0040763), (0.0149685, 0.0079019, 0.0040056), (0.0149685, 0.0076592, 0.0039547), (0.0149685, 0.0074132, 0.003924), (0.0149685, 0.0042064, 0.0074076), (0.0149685, 0.0042572, 0.0076502), (0.0149685, 0.004328, 0.0078879), (0.0149685, 0.0044181, 0.0081189), (0.0149685, 0.004527, 0.0083416), (0.0149685, 0.004654, 0.0085546), (0.0149685, 0.004798, 0.0087564), (0.0149685, 0.0049583, 0.0089456), (0.0149685, 0.0051336, 0.0091209), (0.0149685, 0.0053228, 0.0092812), (0.0149685, 0.0055246, 0.0094253), (0.0149685, 0.0057376, 0.0095522), (0.0149685, 0.0059604, 0.0096611), (0.0149685, 0.0061914, 0.0097512), (0.0149685, 0.006429, 0.009822), (0.0149685, 0.0066717, 0.0098729), (0.0149685, 0.0069177, 0.0099035), (-0.0030212, 0.0003421, 0.0148427), (-0.0030315, 9.44e-05, 0.0148427), (-0.0029905, 0.0005882, 0.0148427), (-0.0029397, 0.0008308, 0.0148427), (-0.0028689, 0.0010685, 0.0148427), (-0.0027788, 0.0012995, 0.0148427), (-0.0026699, 0.0015222, 0.0148427), (-0.002543, 0.0017352, 0.0148427), (-0.0023989, 0.001937, 0.0148427), (-0.0022386, 0.0021262, 0.0148427), (-0.0020633, 0.0023016, 0.0148427), (-0.0018741, 0.0024618, 0.0148427), (-0.0016723, 0.0026059, 0.0148427), (-0.0014593, 0.0027328, 0.0148427), (-0.0012365, 0.0028417, 0.0148427), (-0.0010056, 0.0029318, 0.0148427), (-0.0007679, 0.0030026, 0.0148427), (-0.0005252, 0.0030535, 0.0148427), (-0.0002792, 0.0030841, 0.0148427), (-3.15e-05, 0.0030944, 0.0148427), (0.0002163, 0.0030841, 0.0148427), (0.0004623, 0.0030535, 0.0148427), (0.000705, 0.0030026, 0.0148427), (0.0009426, 0.0029318, 0.0148427), (0.0011736, 0.0028417, 0.0148427), (0.0013964, 0.0027328, 0.0148427), (0.0016094, 0.0026059, 0.0148427), (0.0018112, 0.0024618, 0.0148427), (0.0020004, 0.0023016, 0.0148427), (0.0021757, 0.0021262, 0.0148427), (0.002336, 0.001937, 0.0148427), (0.00248, 0.0017352, 0.0148427), (0.002607, 0.0015222, 0.0148427), (0.0027159, 0.0012995, 0.0148427), (0.002806, 0.0010685, 0.0148427), (0.0028767, 0.0008308, 0.0148427), (0.0029276, 0.0005882, 0.0148427), (0.0029583, 0.0003421, 0.0148427), (0.0029685, 9.44e-05, 0.0148427), (0.0029583, -0.0001534, 0.0148427), (0.0029276, -0.0003994, 0.0148427), (0.0028767, -0.0006421, 0.0148427), (0.002806, -0.0008797, 0.0148427), (0.0027159, -0.0011107, 0.0148427), (0.002607, -0.0013335, 0.0148427), (0.00248, -0.0015465, 0.0148427), (0.002336, -0.0017483, 0.0148427), (0.0021757, -0.0019375, 0.0148427), (0.0020004, -0.0021128, 0.0148427), (0.0018112, -0.002273, 0.0148427), (0.0016094, -0.0024171, 0.0148427), (0.0013964, -0.002544, 0.0148427), (0.0011736, -0.0026529, 0.0148427), (0.0009426, -0.0027431, 0.0148427), (0.000705, -0.0028138, 0.0148427), (0.0004623, -0.0028647, 0.0148427), (0.0002163, -0.0028954, 0.0148427), (-3.15e-05, -0.0029056, 0.0148427), (-0.0002792, -0.0028954, 0.0148427), (-0.0005252, -0.0028647, 0.0148427), (-0.0007679, -0.0028138, 0.0148427), (-0.0010056, -0.0027431, 0.0148427), (-0.0012365, -0.0026529, 0.0148427), (-0.0014593, -0.002544, 0.0148427), (-0.0016723, -0.0024171, 0.0148427), (-0.0018741, -0.002273, 0.0148427), (-0.0020633, -0.0021128, 0.0148427), (-0.0022386, -0.0019375, 0.0148427), (-0.0023989, -0.0017483, 0.0148427), (-0.002543, -0.0015465, 0.0148427), (-0.0026699, -0.0013335, 0.0148427), (-0.0027788, -0.0011107, 0.0148427), (-0.0028689, -0.0008797, 0.0148427), (-0.0029397, -0.0006421, 0.0148427), (-0.0029905, -0.0003994, 0.0148427), (-0.0030212, -0.0001534, 0.0148427), (0.0072872, 0.0101552, -0.0151573), (0.0070395, 0.0101654, -0.0151573), (0.0067917, 0.0101552, -0.0151573), (0.0065457, 0.0101245, -0.0151573), (0.006303, 0.0100736, -0.0151573), (0.0060654, 0.0100029, -0.0151573), (0.0058344, 0.0099127, -0.0151573), (0.0056116, 0.0098038, -0.0151573), (0.0053986, 0.0096769, -0.0151573), (0.0051968, 0.0095328, -0.0151573), (0.0050076, 0.0093726, -0.0151573), (0.0048323, 0.0091973, -0.0151573), (0.0046721, 0.0090081, -0.0151573), (0.004528, 0.0088063, -0.0151573), (0.0044011, 0.0085933, -0.0151573), (0.0042922, 0.0083705, -0.0151573), (-0.0043552, 0.0083705, -0.0151573), (-0.0044641, 0.0085933, -0.0151573), (-0.004591, 0.0088063, -0.0151573), (-0.0047351, 0.0090081, -0.0151573), (-0.0048954, 0.0091973, -0.0151573), (-0.0050707, 0.0093726, -0.0151573), (-0.0052599, 0.0095328, -0.0151573), (-0.0054617, 0.0096769, -0.0151573), (-0.0056747, 0.0098038, -0.0151573), (-0.0058974, 0.0099127, -0.0151573), (-0.0061284, 0.0100029, -0.0151573), (-0.0063661, 0.0100736, -0.0151573), (-0.0066087, 0.0101245, -0.0151573), (-0.0068548, 0.0101552, -0.0151573), (-0.0071025, 0.0101654, -0.0151573), (-0.0073503, 0.0101552, -0.0151573), (-0.0042651, 0.0081395, -0.0151573), (0.004202, 0.0081395, -0.0151573), (-0.0041943, 0.0079019, -0.0151573), (0.0041313, 0.0079019, -0.0151573), (-0.0041434, 0.0076592, -0.0151573), (0.0040804, 0.0076592, -0.0151573), (-0.0041128, 0.0074132, -0.0151573), (0.0040497, 0.0074132, -0.0151573), (-0.0041025, 0.0071654, -0.0151573), (0.0040395, 0.0071654, -0.0151573), (-0.0041128, 0.0069177, -0.0151573), (0.0040497, 0.0069177, -0.0151573), (-0.0041434, 0.0066716, -0.0151573), (0.0040804, 0.0066716, -0.0151573), (-0.0041943, 0.006429, -0.0151573), (0.0041313, 0.006429, -0.0151573), (-0.0042651, 0.0061913, -0.0151573), (0.004202, 0.0061913, -0.0151573), (-0.0043552, 0.0059603, -0.0151573), (0.0042922, 0.0059603, -0.0151573), (-0.0044641, 0.0057376, -0.0151573), (0.0044011, 0.0057376, -0.0151573), (-0.0044641, 0.0015223, -0.0151573), (0.0044011, 0.0015223, -0.0151573), (-0.0043552, 0.0012995, -0.0151573), (0.0042922, 0.0012995, -0.0151573), (-0.0042651, 0.0010685, -0.0151573), (0.004202, 0.0010685, -0.0151573), (-0.0041943, 0.0008309, -0.0151573), (0.0041313, 0.0008309, -0.0151573), (-0.0041434, 0.0005882, -0.0151573), (0.0040804, 0.0005882, -0.0151573), (-0.0041128, 0.0003422, -0.0151573), (0.0040497, 0.0003422, -0.0151573), (-0.0041025, 9.44e-05, -0.0151573), (0.0040395, 9.44e-05, -0.0151573), (-0.0041128, -0.0001533, -0.0151573), (0.0040497, -0.0001533, -0.0151573), (-0.0041434, -0.0003994, -0.0151573), (0.0040804, -0.0003994, -0.0151573), (-0.0041943, -0.000642, -0.0151573), (0.0041313, -0.000642, -0.0151573), (-0.0042651, -0.0008797, -0.0151573), (0.004202, -0.0008797, -0.0151573), (-0.0043552, -0.0011107, -0.0151573), (0.0042922, -0.0011107, -0.0151573), (-0.0044641, -0.0013334, -0.0151573), (0.0044011, -0.0013334, -0.0151573), (-0.0044641, -0.0055487, -0.0151573), (0.0044011, -0.0055487, -0.0151573), (-0.0043552, -0.0057715, -0.0151573), (0.0042922, -0.0057715, -0.0151573), (-0.0042651, -0.0060025, -0.0151573), (0.004202, -0.0060025, -0.0151573), (-0.0041943, -0.0062401, -0.0151573), (0.0041313, -0.0062401, -0.0151573), (-0.0041434, -0.0064828, -0.0151573), (0.0040804, -0.0064828, -0.0151573), (-0.0041128, -0.0067289, -0.0151573), (0.0040497, -0.0067289, -0.0151573), (-0.0041025, -0.0069766, -0.0151573), (0.0040395, -0.0069766, -0.0151573), (-0.0041128, -0.0072243, -0.0151573), (0.0040497, -0.0072243, -0.0151573), (-0.0041434, -0.0074704, -0.0151573), (0.0040804, -0.0074704, -0.0151573), (-0.0041943, -0.007713, -0.0151573), (0.0041313, -0.007713, -0.0151573), (-0.0042651, -0.0079507, -0.0151573), (0.004202, -0.0079507, -0.0151573), (-0.0043552, -0.0081817, -0.0151573), (0.0042922, -0.0081817, -0.0151573), (0.0044011, -0.0084044, -0.0151573), (0.004528, -0.0086174, -0.0151573), (0.0046721, -0.0088192, -0.0151573), (0.0048323, -0.0090084, -0.0151573), (0.0050076, -0.0091838, -0.0151573), (0.0051968, -0.009344, -0.0151573), (0.0053986, -0.0094881, -0.0151573), (0.0056116, -0.009615, -0.0151573), (0.0058344, -0.0097239, -0.0151573), (0.0060654, -0.009814, -0.0151573), (0.006303, -0.0098848, -0.0151573), (0.0065457, -0.0099357, -0.0151573), (0.0067917, -0.0099663, -0.0151573), (0.0070395, -0.0099766, -0.0151573), (0.0072872, -0.0099663, -0.0151573), (0.004528, 0.0055246, -0.0151573), (0.004528, 0.0017353, -0.0151573), (0.0046721, 0.0053228, -0.0151573), (0.0046721, 0.0019371, -0.0151573), (0.0048323, 0.0051336, -0.0151573), (0.0048323, 0.0021263, -0.0151573), (0.0050076, 0.0049582, -0.0151573), (0.0050076, 0.0023016, -0.0151573), (0.0051968, 0.004798, -0.0151573), (0.0051968, 0.0024618, -0.0151573), (0.0053986, 0.0046539, -0.0151573), (0.0053986, 0.0026059, -0.0151573), (0.0056116, 0.004527, -0.0151573), (0.0056116, 0.0027328, -0.0151573), (0.0058344, 0.0044181, -0.0151573), (0.0058344, 0.0028417, -0.0151573), (0.0060654, 0.004328, -0.0151573), (0.0060654, 0.0029319, -0.0151573), (0.006303, 0.0042572, -0.0151573), (0.006303, 0.0030026, -0.0151573), (0.0065457, 0.0042063, -0.0151573), (0.0065457, 0.0030535, -0.0151573), (0.0067917, 0.0041757, -0.0151573), (0.0067917, 0.0030842, -0.0151573), (0.0070395, 0.0041654, -0.0151573), (0.0070395, 0.0030944, -0.0151573), (0.0072872, 0.0030842, -0.0151573), (0.0072872, 0.0041757, -0.0151573), (0.0075333, 0.0030535, -0.0151573), (0.0075333, 0.0042063, -0.0151573), (0.0077759, 0.0030026, -0.0151573), (0.0077759, 0.0042572, -0.0151573), (0.0080136, 0.0029319, -0.0151573), (0.0080136, 0.004328, -0.0151573), (0.0082446, 0.0028417, -0.0151573), (0.0082446, 0.0044181, -0.0151573), (0.0084673, 0.0027328, -0.0151573), (0.0084673, 0.004527, -0.0151573), (0.0086803, 0.0046539, -0.0151573), (0.0086803, 0.0026059, -0.0151573), (0.0088821, 0.004798, -0.0151573), (0.0088821, 0.0024618, -0.0151573), (0.0090713, 0.0049582, -0.0151573), (0.0090713, 0.0023016, -0.0151573), (0.0092466, 0.0051336, -0.0151573), (0.0092466, 0.0021263, -0.0151573), (0.0094069, 0.0053228, -0.0151573), (0.0094069, 0.0019371, -0.0151573), (0.009551, 0.0017353, -0.0151573), (0.0096779, 0.0015223, -0.0151573), (0.0097868, 0.0012995, -0.0151573), (0.009551, 0.0055246, -0.0151573), (0.0096779, 0.0057376, -0.0151573), (0.0097868, 0.0059603, -0.0151573), (0.0098769, 0.0061913, -0.0151573), (0.0099477, 0.006429, -0.0151573), (0.0099986, 0.0066716, -0.0151573), (0.0100292, 0.0069177, -0.0151573), (0.0100395, 0.0071654, -0.0151573), (0.0100292, 0.0074132, -0.0151573), (0.0099986, 0.0076592, -0.0151573), (0.0099477, 0.0079019, -0.0151573), (0.0098769, 0.0081395, -0.0151573), (0.0097868, 0.0083705, -0.0151573), (0.0096779, 0.0085933, -0.0151573), (0.009551, 0.0088063, -0.0151573), (0.0094069, 0.0090081, -0.0151573), (0.0092466, 0.0091973, -0.0151573), (0.0090713, 0.0093726, -0.0151573), (0.0088821, 0.0095328, -0.0151573), (0.0086803, 0.0096769, -0.0151573), (0.0084673, 0.0098038, -0.0151573), (0.0082446, 0.0099127, -0.0151573), (0.0080136, 0.0100029, -0.0151573), (0.0077759, 0.0100736, -0.0151573), (0.0075333, 0.0101245, -0.0151573), (-0.0075963, 0.0101245, -0.0151573), (-0.007839, 0.0100736, -0.0151573), (-0.0080766, 0.0100029, -0.0151573), (-0.0083076, 0.0099127, -0.0151573), (-0.0085304, 0.0098038, -0.0151573), (-0.0087434, 0.0096769, -0.0151573), (-0.0089452, 0.0095328, -0.0151573), (-0.0091344, 0.0093726, -0.0151573), (-0.0093097, 0.0091973, -0.0151573), (-0.00947, 0.0090081, -0.0151573), (-0.009614, 0.0088063, -0.0151573), (-0.009741, 0.0085933, -0.0151573), (-0.0098499, 0.0083705, -0.0151573), (-0.00994, 0.0081395, -0.0151573), (-0.0100107, 0.0079019, -0.0151573), (-0.0100616, 0.0076592, -0.0151573), (-0.0100923, 0.0074132, -0.0151573), (-0.0101025, 0.0071654, -0.0151573), (-0.0100923, 0.0069177, -0.0151573), (-0.0100616, 0.0066716, -0.0151573), (-0.0100107, 0.006429, -0.0151573), (-0.00994, 0.0061913, -0.0151573), (-0.0098499, 0.0059603, -0.0151573), (-0.009741, 0.0057376, -0.0151573), (-0.009614, 0.0055246, -0.0151573), (-0.00947, 0.0053228, -0.0151573), (-0.00947, 0.0019371, -0.0151573), (-0.0093097, 0.0051336, -0.0151573), (-0.0093097, 0.0021263, -0.0151573), (-0.0091344, 0.0049582, -0.0151573), (-0.0091344, 0.0023016, -0.0151573), (-0.0089452, 0.004798, -0.0151573), (-0.0089452, 0.0024618, -0.0151573), (-0.0087434, 0.0046539, -0.0151573), (-0.0087434, 0.0026059, -0.0151573), (-0.0085304, 0.004527, -0.0151573), (-0.0085304, 0.0027328, -0.0151573), (-0.0083076, 0.0028417, -0.0151573), (-0.0083076, 0.0044181, -0.0151573), (-0.0080766, 0.0029319, -0.0151573), (-0.0080766, 0.004328, -0.0151573), (-0.007839, 0.0030026, -0.0151573), (-0.007839, 0.0042572, -0.0151573), (-0.0075963, 0.0030535, -0.0151573), (-0.0075963, 0.0042063, -0.0151573), (-0.0073503, 0.0030842, -0.0151573), (-0.0073503, 0.0041757, -0.0151573), (-0.0071025, 0.0030944, -0.0151573), (-0.0071025, 0.0041654, -0.0151573), (-0.0068548, 0.0030842, -0.0151573), (-0.0068548, 0.0041757, -0.0151573), (-0.0066087, 0.0030535, -0.0151573), (-0.0066087, 0.0042063, -0.0151573), (-0.0063661, 0.0030026, -0.0151573), (-0.0063661, 0.0042572, -0.0151573), (-0.0061284, 0.0029319, -0.0151573), (-0.0061284, 0.004328, -0.0151573), (-0.0058974, 0.0028417, -0.0151573), (-0.0058974, 0.0044181, -0.0151573), (-0.0056747, 0.0027328, -0.0151573), (-0.0056747, 0.004527, -0.0151573), (-0.0054617, 0.0026059, -0.0151573), (-0.0054617, 0.0046539, -0.0151573), (-0.0052599, 0.004798, -0.0151573), (-0.0052599, 0.0024618, -0.0151573), (-0.0050707, 0.0049582, -0.0151573), (-0.0050707, 0.0023016, -0.0151573), (-0.0048954, 0.0051336, -0.0151573), (-0.0048954, 0.0021263, -0.0151573), (-0.0047351, 0.0053228, -0.0151573), (-0.0047351, 0.0019371, -0.0151573), (-0.004591, 0.0055246, -0.0151573), (-0.004591, 0.0017353, -0.0151573), (0.004528, -0.0015464, -0.0151573), (0.004528, -0.0053357, -0.0151573), (0.0046721, -0.0017482, -0.0151573), (0.0046721, -0.0051339, -0.0151573), (0.0048323, -0.0019374, -0.0151573), (0.0048323, -0.0049447, -0.0151573), (0.0050076, -0.0021128, -0.0151573), (0.0050076, -0.0047694, -0.0151573), (0.0051968, -0.002273, -0.0151573), (0.0051968, -0.0046092, -0.0151573), (0.0053986, -0.0024171, -0.0151573), (0.0053986, -0.0044651, -0.0151573), (0.0056116, -0.002544, -0.0151573), (0.0056116, -0.0043382, -0.0151573), (0.0058344, -0.0026529, -0.0151573), (0.0058344, -0.0042293, -0.0151573), (0.0060654, -0.002743, -0.0151573), (0.0060654, -0.0041391, -0.0151573), (0.006303, -0.0028138, -0.0151573), (0.006303, -0.0040684, -0.0151573), (0.0065457, -0.0028647, -0.0151573), (0.0065457, -0.0040175, -0.0151573), (0.0067917, -0.0028953, -0.0151573), (0.0067917, -0.0039868, -0.0151573), (0.0070395, -0.0029056, -0.0151573), (0.0070395, -0.0039766, -0.0151573), (0.0072872, -0.0039868, -0.0151573), (0.0072872, -0.0028953, -0.0151573), (0.0075333, -0.0040175, -0.0151573), (0.0075333, -0.0028647, -0.0151573), (0.0077759, -0.0040684, -0.0151573), (0.0077759, -0.0028138, -0.0151573), (0.0080136, -0.0041391, -0.0151573), (0.0080136, -0.002743, -0.0151573), (0.0082446, -0.0042293, -0.0151573), (0.0082446, -0.0026529, -0.0151573), (0.0084673, -0.0043382, -0.0151573), (0.0084673, -0.002544, -0.0151573), (0.0086803, -0.0024171, -0.0151573), (0.0086803, -0.0044651, -0.0151573), (0.0088821, -0.002273, -0.0151573), (0.0088821, -0.0046092, -0.0151573), (0.0090713, -0.0021128, -0.0151573), (0.0090713, -0.0047694, -0.0151573), (0.0092466, -0.0019374, -0.0151573), (0.0092466, -0.0049447, -0.0151573), (0.0094069, -0.0017482, -0.0151573), (0.0094069, -0.0051339, -0.0151573), (0.009551, -0.0053357, -0.0151573), (0.0096779, -0.0055487, -0.0151573), (0.0097868, -0.0057715, -0.0151573), (0.0098769, -0.0060025, -0.0151573), (0.0099477, -0.0062401, -0.0151573), (0.0099986, -0.0064828, -0.0151573), (0.0100292, -0.0067288, -0.0151573), (0.0100395, -0.0069766, -0.0151573), (0.0100292, -0.0072243, -0.0151573), (0.0099986, -0.0074704, -0.0151573), (0.0099477, -0.007713, -0.0151573), (0.0098769, -0.0079507, -0.0151573), (0.0097868, -0.0081817, -0.0151573), (0.0096779, -0.0084044, -0.0151573), (0.009551, -0.0086174, -0.0151573), (0.0094069, -0.0088192, -0.0151573), (0.0092466, -0.0090084, -0.0151573), (0.0090713, -0.0091838, -0.0151573), (0.0088821, -0.009344, -0.0151573), (0.0086803, -0.0094881, -0.0151573), (0.0084673, -0.009615, -0.0151573), (0.0082446, -0.0097239, -0.0151573), (0.0080136, -0.009814, -0.0151573), (0.0077759, -0.0098848, -0.0151573), (0.0075333, -0.0099357, -0.0151573), (0.009551, -0.0015464, -0.0151573), (0.0096779, -0.0013334, -0.0151573), (0.0097868, -0.0011107, -0.0151573), (0.0098769, -0.0008797, -0.0151573), (0.0099477, -0.000642, -0.0151573), (0.0099986, -0.0003994, -0.0151573), (0.0100292, -0.0001533, -0.0151573), (0.0100395, 9.44e-05, -0.0151573), (0.0100292, 0.0003422, -0.0151573), (0.0099986, 0.0005882, -0.0151573), (0.0099477, 0.0008309, -0.0151573), (0.0098769, 0.0010685, -0.0151573), (-0.009614, 0.0017353, -0.0151573), (-0.009741, 0.0015223, -0.0151573), (-0.0098499, 0.0012995, -0.0151573), (-0.00994, 0.0010685, -0.0151573), (-0.0100107, 0.0008309, -0.0151573), (-0.0100616, 0.0005882, -0.0151573), (-0.0100923, 0.0003422, -0.0151573), (-0.0101025, 9.44e-05, -0.0151573), (-0.0100923, -0.0001533, -0.0151573), (-0.0100616, -0.0003994, -0.0151573), (-0.0100107, -0.000642, -0.0151573), (-0.00994, -0.0008797, -0.0151573), (-0.0098499, -0.0011107, -0.0151573), (-0.009741, -0.0013334, -0.0151573), (-0.009614, -0.0015464, -0.0151573), (-0.00947, -0.0017482, -0.0151573), (-0.00947, -0.005134, -0.0151573), (-0.0093097, -0.0019374, -0.0151573), (-0.0093097, -0.0049447, -0.0151573), (-0.0091344, -0.0021128, -0.0151573), (-0.0091344, -0.0047694, -0.0151573), (-0.0089452, -0.002273, -0.0151573), (-0.0089452, -0.0046092, -0.0151573), (-0.0087434, -0.0024171, -0.0151573), (-0.0087434, -0.0044651, -0.0151573), (-0.0085304, -0.002544, -0.0151573), (-0.0085304, -0.0043382, -0.0151573), (-0.0083076, -0.0042293, -0.0151573), (-0.0083076, -0.0026529, -0.0151573), (-0.0080766, -0.0041391, -0.0151573), (-0.0080766, -0.002743, -0.0151573), (-0.007839, -0.0040684, -0.0151573), (-0.007839, -0.0028138, -0.0151573), (-0.0075963, -0.0040175, -0.0151573), (-0.0075963, -0.0028647, -0.0151573), (-0.0073503, -0.0039868, -0.0151573), (-0.0073503, -0.0028953, -0.0151573), (-0.0071025, -0.0039766, -0.0151573), (-0.0071025, -0.0029056, -0.0151573), (-0.0068548, -0.0039868, -0.0151573), (-0.0068548, -0.0028953, -0.0151573), (-0.0066087, -0.0040175, -0.0151573), (-0.0066087, -0.0028647, -0.0151573), (-0.0063661, -0.0040684, -0.0151573), (-0.0063661, -0.0028138, -0.0151573), (-0.0061284, -0.0041391, -0.0151573), (-0.0061284, -0.002743, -0.0151573), (-0.0058974, -0.0042293, -0.0151573), (-0.0058974, -0.0026529, -0.0151573), (-0.0056747, -0.0043382, -0.0151573), (-0.0056747, -0.002544, -0.0151573), (-0.0054617, -0.0044651, -0.0151573), (-0.0054617, -0.0024171, -0.0151573), (-0.0052599, -0.002273, -0.0151573), (-0.0052599, -0.0046092, -0.0151573), (-0.0050707, -0.0021128, -0.0151573), (-0.0050707, -0.0047694, -0.0151573), (-0.0048954, -0.0019374, -0.0151573), (-0.0048954, -0.0049447, -0.0151573), (-0.0047351, -0.0017482, -0.0151573), (-0.0047351, -0.0051339, -0.0151573), (-0.004591, -0.0015464, -0.0151573), (-0.004591, -0.0053357, -0.0151573), (-0.009614, -0.0053357, -0.0151573), (-0.009741, -0.0055487, -0.0151573), (-0.0098499, -0.0057715, -0.0151573), (-0.00994, -0.0060025, -0.0151573), (-0.0100107, -0.0062401, -0.0151573), (-0.0100616, -0.0064828, -0.0151573), (-0.0100923, -0.0067289, -0.0151573), (-0.0101025, -0.0069766, -0.0151573), (-0.0100923, -0.0072243, -0.0151573), (-0.0100616, -0.0074704, -0.0151573), (-0.0100107, -0.007713, -0.0151573), (-0.00994, -0.0079507, -0.0151573), (-0.0098499, -0.0081817, -0.0151573), (-0.009741, -0.0084044, -0.0151573), (-0.009614, -0.0086174, -0.0151573), (-0.00947, -0.0088192, -0.0151573), (-0.0093097, -0.0090084, -0.0151573), (-0.0091344, -0.0091838, -0.0151573), (-0.0089452, -0.009344, -0.0151573), (-0.0087434, -0.0094881, -0.0151573), (-0.0085304, -0.009615, -0.0151573), (-0.0083076, -0.0097239, -0.0151573), (-0.0080766, -0.009814, -0.0151573), (-0.007839, -0.0098848, -0.0151573), (-0.0075963, -0.0099357, -0.0151573), (-0.0073503, -0.0099663, -0.0151573), (-0.0071025, -0.0099766, -0.0151573), (-0.0068548, -0.0099663, -0.0151573), (-0.0066087, -0.0099357, -0.0151573), (-0.0063661, -0.0098848, -0.0151573), (-0.0061284, -0.009814, -0.0151573), (-0.0058974, -0.0097239, -0.0151573), (-0.0056747, -0.009615, -0.0151573), (-0.0054617, -0.0094881, -0.0151573), (-0.0052599, -0.009344, -0.0151573), (-0.0050707, -0.0091838, -0.0151573), (-0.0048954, -0.0090084, -0.0151573), (-0.0047351, -0.0088192, -0.0151573), (-0.004591, -0.0086174, -0.0151573), (-0.0044641, -0.0084044, -0.0151573)]
            uniform token subdivisionScheme = "none"
        }
    }
}
