# Blender 5.2.0 LTS
# www.blender.org
mtllib dice_red_visual.mtl
o dice_red
v 0.032303 0.015094 -0.000157
v 0.032303 0.015084 0.000391
v 0.032313 0.015094 0.000391
v 0.032303 0.015054 0.000938
v 0.032343 0.015094 0.000938
v 0.032303 0.015004 0.001483
v 0.032393 0.015094 0.001483
v 0.032303 0.014935 0.002027
v 0.032463 0.015094 0.002027
v 0.032303 0.014845 0.002567
v 0.032553 0.015094 0.002567
v 0.032662 0.015094 0.003104
v 0.032303 0.014736 0.003104
v 0.032303 0.014607 0.003637
v 0.032303 0.014458 0.004164
v 0.032344 0.014600 0.003818
v 0.032798 0.015054 0.003818
v 0.032791 0.015094 0.003637
v 0.032939 0.015094 0.004164
v 0.032892 0.014957 0.004470
v 0.033107 0.015094 0.004686
v 0.033000 0.014845 0.005118
v 0.033293 0.015094 0.005201
v 0.033122 0.014719 0.005761
v 0.033498 0.015094 0.005709
v 0.033259 0.014578 0.006398
v 0.033722 0.015094 0.006210
v 0.033712 0.015004 0.006398
v 0.033963 0.015094 0.006701
v 0.033857 0.014844 0.007028
v 0.034223 0.015094 0.007184
v 0.034016 0.014670 0.007652
v 0.034471 0.015073 0.007652
v 0.034187 0.014482 0.008267
v 0.034637 0.014879 0.008267
v 0.034372 0.014279 0.008875
v 0.034815 0.014671 0.008875
v 0.034570 0.014062 0.009473
v 0.035006 0.014448 0.009473
v 0.034780 0.013832 0.010062
v 0.035209 0.014211 0.010062
v 0.035002 0.013588 0.010641
v 0.035424 0.013960 0.010641
v 0.035237 0.013331 0.011209
v 0.035650 0.013696 0.011209
v 0.035483 0.013060 0.011766
v 0.035888 0.013418 0.011766
v 0.035741 0.012777 0.012312
v 0.036137 0.013127 0.012312
v 0.036011 0.012481 0.012844
v 0.036398 0.012823 0.012844
v 0.036292 0.012174 0.013365
v 0.036669 0.012507 0.013365
v 0.036583 0.011854 0.013871
v 0.036950 0.012178 0.013871
v 0.036885 0.011522 0.014364
v 0.037242 0.011838 0.014364
v 0.037294 0.011266 0.014843
v 0.037708 0.011624 0.014843
v 0.032441 0.014506 0.004470
v 0.032303 0.014291 0.004686
v 0.032553 0.014398 0.005118
v 0.032303 0.014105 0.005201
v 0.032679 0.014275 0.005761
v 0.032303 0.013900 0.005709
v 0.032303 0.013676 0.006210
v 0.032303 0.013435 0.006701
v 0.032394 0.013686 0.006398
v 0.032819 0.014139 0.006398
v 0.032553 0.013541 0.007028
v 0.032303 0.013175 0.007184
v 0.032727 0.013382 0.007652
v 0.032325 0.012927 0.007652
v 0.032519 0.012761 0.008267
v 0.032303 0.012898 0.007657
v 0.032303 0.012604 0.008119
v 0.032303 0.012294 0.008571
v 0.032727 0.012583 0.008875
v 0.032916 0.013210 0.008267
v 0.033119 0.013025 0.008875
v 0.033327 0.013647 0.008267
v 0.033524 0.013456 0.008875
v 0.033751 0.014071 0.008267
v 0.033942 0.013874 0.008875
v 0.032349 0.012128 0.008875
v 0.032303 0.011967 0.009010
v 0.032578 0.011944 0.009473
v 0.032303 0.011624 0.009438
v 0.032821 0.011748 0.010062
v 0.032469 0.011297 0.010062
v 0.032732 0.011098 0.010641
v 0.032303 0.010893 0.010254
v 0.032400 0.010644 0.010641
v 0.032303 0.010505 0.010641
v 0.032684 0.010443 0.011209
v 0.032303 0.010104 0.011014
v 0.032373 0.009988 0.011209
v 0.032303 0.009689 0.011372
v 0.032678 0.009786 0.011766
v 0.032386 0.009331 0.011766
v 0.032712 0.009129 0.012312
v 0.032303 0.008822 0.012042
v 0.032441 0.008675 0.012312
v 0.032303 0.008371 0.012353
v 0.032787 0.008475 0.012844
v 0.032536 0.008024 0.012844
v 0.032903 0.007827 0.013365
v 0.032672 0.007380 0.013365
v 0.033059 0.007187 0.013871
v 0.032848 0.006745 0.013871
v 0.033255 0.006558 0.014364
v 0.033063 0.006122 0.014364
v 0.033498 0.005961 0.014843
v 0.032884 0.005681 0.014364
v 0.033293 0.005453 0.014843
v 0.032719 0.005234 0.014364
v 0.033107 0.004938 0.014843
v 0.032567 0.004782 0.014364
v 0.032939 0.004416 0.014843
v 0.032430 0.004326 0.014364
v 0.032791 0.003888 0.014843
v 0.032303 0.003888 0.014355
v 0.032662 0.003356 0.014843
v 0.032303 0.003356 0.014484
v 0.032553 0.002819 0.014843
v 0.032303 0.002819 0.014593
v 0.032463 0.002278 0.014843
v 0.032303 0.002278 0.014683
v 0.032393 0.001735 0.014843
v 0.032303 0.001735 0.014753
v 0.032343 0.001189 0.014843
v 0.032303 0.001189 0.014803
v 0.032313 0.000642 0.014843
v 0.032303 0.000642 0.014833
v 0.032303 0.000094 0.014843
v 0.032303 0.011266 0.009852
v 0.032303 0.009262 0.011715
v 0.032303 0.007908 0.012647
v 0.032303 0.007436 0.012923
v 0.032303 0.006953 0.013183
v 0.032454 0.006926 0.013365
v 0.032303 0.006461 0.013424
v 0.032650 0.006297 0.013871
v 0.032303 0.005961 0.013648
v 0.032466 0.005843 0.013871
v 0.032303 0.005453 0.013853
v 0.032303 0.004938 0.014039
v 0.032303 0.004416 0.014207
v 0.033722 0.006461 0.014843
v 0.033461 0.006987 0.014364
v 0.033284 0.007622 0.013871
v 0.033148 0.008267 0.013365
v 0.033052 0.008918 0.012844
v 0.032997 0.009574 0.012312
v 0.032983 0.010231 0.011766
v 0.033010 0.010888 0.011209
v 0.033078 0.011541 0.010641
v 0.033187 0.012189 0.010062
v 0.032950 0.012392 0.009473
v 0.033335 0.012828 0.009473
v 0.033963 0.006953 0.014843
v 0.033680 0.007410 0.014364
v 0.033523 0.008051 0.013871
v 0.033406 0.008699 0.013365
v 0.033331 0.009353 0.012844
v 0.033296 0.010010 0.012312
v 0.033302 0.010668 0.011766
v 0.033349 0.011323 0.011209
v 0.033437 0.011974 0.010641
v 0.033566 0.012618 0.010062
v 0.033734 0.013252 0.009473
v 0.034223 0.007436 0.014843
v 0.033911 0.007826 0.014364
v 0.033774 0.008471 0.013871
v 0.033678 0.009123 0.013365
v 0.033622 0.009779 0.012844
v 0.033608 0.010437 0.012312
v 0.033634 0.011094 0.011766
v 0.033702 0.011748 0.011209
v 0.033810 0.012395 0.010641
v 0.033958 0.013035 0.010062
v 0.034146 0.013664 0.009473
v 0.034499 0.007908 0.014843
v 0.034156 0.008235 0.014364
v 0.034039 0.008884 0.013871
v 0.033963 0.009538 0.013365
v 0.033927 0.010196 0.012844
v 0.033933 0.010854 0.012312
v 0.033980 0.011509 0.011766
v 0.034067 0.012161 0.011209
v 0.034195 0.012805 0.010641
v 0.034363 0.013440 0.010062
v 0.034793 0.008371 0.014843
v 0.034413 0.008636 0.014364
v 0.034316 0.009288 0.013871
v 0.034260 0.009944 0.013365
v 0.034245 0.010603 0.012844
v 0.034271 0.011260 0.012312
v 0.034337 0.011914 0.011766
v 0.034445 0.012563 0.011209
v 0.034593 0.013203 0.010641
v 0.034682 0.009029 0.014364
v 0.035104 0.008822 0.014843
v 0.034963 0.009413 0.014364
v 0.035431 0.009262 0.014843
v 0.035256 0.009789 0.014364
v 0.035774 0.009689 0.014843
v 0.035560 0.010155 0.014364
v 0.036132 0.010104 0.014843
v 0.035875 0.010512 0.014364
v 0.036505 0.010505 0.014843
v 0.036202 0.010859 0.014364
v 0.036892 0.010893 0.014843
v 0.036538 0.011196 0.014364
v 0.037609 0.012142 0.014364
v 0.038136 0.011967 0.014843
v 0.037984 0.012435 0.014364
v 0.038575 0.012294 0.014843
v 0.038369 0.012716 0.014364
v 0.039027 0.012604 0.014843
v 0.038762 0.012985 0.014364
v 0.039163 0.013242 0.014364
v 0.038927 0.013623 0.013871
v 0.039347 0.013875 0.013871
v 0.039131 0.014250 0.013365
v 0.039571 0.014495 0.013365
v 0.039373 0.014862 0.012844
v 0.040018 0.014726 0.013365
v 0.039962 0.015094 0.012923
v 0.040445 0.015094 0.013183
v 0.040472 0.014943 0.013365
v 0.040936 0.015094 0.013424
v 0.040653 0.014550 0.013871
v 0.041101 0.014748 0.013871
v 0.040840 0.014143 0.014364
v 0.041276 0.014335 0.014364
v 0.041437 0.013900 0.014843
v 0.041717 0.014514 0.014364
v 0.041945 0.014105 0.014843
v 0.042164 0.014679 0.014364
v 0.042460 0.014291 0.014843
v 0.042615 0.014830 0.014364
v 0.042982 0.014458 0.014843
v 0.043071 0.014968 0.014364
v 0.043509 0.014607 0.014843
v 0.043509 0.015094 0.014355
v 0.044042 0.014736 0.014843
v 0.044042 0.015094 0.014484
v 0.044579 0.014845 0.014843
v 0.044579 0.015094 0.014593
v 0.045119 0.014935 0.014843
v 0.045119 0.015094 0.014683
v 0.045663 0.015004 0.014843
v 0.045663 0.015094 0.014753
v 0.046208 0.015054 0.014843
v 0.046208 0.015094 0.014803
v 0.046755 0.015084 0.014843
v 0.046755 0.015094 0.014833
v 0.047303 0.015094 0.014843
v 0.039489 0.012898 0.014843
v 0.039571 0.013486 0.014364
v 0.039775 0.014113 0.013871
v 0.039962 0.013175 0.014843
v 0.039988 0.013718 0.014364
v 0.040211 0.014338 0.013871
v 0.040445 0.013435 0.014843
v 0.040411 0.013937 0.014364
v 0.040936 0.013676 0.014843
v 0.042982 0.015094 0.014207
v 0.042460 0.015094 0.014039
v 0.041945 0.015094 0.013853
v 0.041555 0.014932 0.013871
v 0.041437 0.015094 0.013648
v 0.039489 0.015094 0.012647
v 0.039027 0.015094 0.012353
v 0.038922 0.014610 0.012844
v 0.038722 0.014957 0.012312
v 0.038479 0.014345 0.012844
v 0.038269 0.014686 0.012312
v 0.038045 0.014067 0.012844
v 0.037824 0.014401 0.012312
v 0.037619 0.013775 0.012844
v 0.037388 0.014102 0.012312
v 0.037202 0.013471 0.012844
v 0.036961 0.013790 0.012312
v 0.036795 0.013153 0.012844
v 0.036544 0.013465 0.012312
v 0.038575 0.015094 0.012042
v 0.038067 0.015011 0.011766
v 0.038136 0.015094 0.011715
v 0.037708 0.015094 0.011372
v 0.037294 0.015094 0.011014
v 0.037410 0.015025 0.011209
v 0.037612 0.014720 0.011766
v 0.036955 0.014713 0.011209
v 0.036892 0.015094 0.010641
v 0.036754 0.014997 0.010641
v 0.036505 0.015094 0.010254
v 0.036300 0.014665 0.010641
v 0.036101 0.014929 0.010062
v 0.035856 0.014320 0.010641
v 0.035649 0.014577 0.010062
v 0.036132 0.015094 0.009852
v 0.035774 0.015094 0.009438
v 0.035454 0.014820 0.009473
v 0.035431 0.015094 0.009010
v 0.035270 0.015048 0.008875
v 0.035104 0.015094 0.008571
v 0.034793 0.015094 0.008119
v 0.034499 0.015094 0.007657
v 0.036226 0.011518 0.013871
v 0.035880 0.011171 0.013871
v 0.035544 0.010814 0.013871
v 0.035219 0.010447 0.013871
v 0.034906 0.010070 0.013871
v 0.034605 0.009684 0.013871
v 0.035925 0.011829 0.013365
v 0.035569 0.011473 0.013365
v 0.035224 0.011106 0.013365
v 0.034891 0.010729 0.013365
v 0.034569 0.010341 0.013365
v 0.035635 0.012128 0.012844
v 0.035356 0.012415 0.012312
v 0.035090 0.012690 0.011766
v 0.034835 0.012953 0.011209
v 0.035270 0.011763 0.012844
v 0.034916 0.011387 0.012844
v 0.034574 0.011000 0.012844
v 0.034983 0.012041 0.012312
v 0.034621 0.011656 0.012312
v 0.034708 0.012308 0.011766
v 0.033573 0.014254 0.007652
v 0.033144 0.013825 0.007652
v 0.033409 0.014423 0.007028
v 0.032974 0.013989 0.007028
v 0.037328 0.012491 0.013871
v 0.037714 0.012793 0.013871
v 0.038110 0.013082 0.013871
v 0.038514 0.013359 0.013871
v 0.037056 0.012828 0.013365
v 0.037453 0.013138 0.013365
v 0.037860 0.013435 0.013365
v 0.038275 0.013720 0.013365
v 0.038699 0.013991 0.013365
v 0.036304 0.013763 0.011766
v 0.036730 0.014096 0.011766
v 0.037166 0.014415 0.011766
v 0.036075 0.014048 0.011209
v 0.036510 0.014388 0.011209
v 0.048398 0.015094 -0.015117
v 0.048944 0.015094 -0.015067
v 0.049487 0.015094 -0.014997
v 0.050028 0.015094 -0.014908
v 0.050565 0.015094 -0.014798
v 0.050565 0.014736 -0.015157
v 0.051097 0.015094 -0.014670
v 0.051097 0.014607 -0.015157
v 0.051535 0.014968 -0.014679
v 0.051991 0.014830 -0.014679
v 0.052147 0.014291 -0.015157
v 0.052443 0.014679 -0.014679
v 0.052889 0.014514 -0.014679
v 0.053170 0.013900 -0.015157
v 0.053331 0.014335 -0.014679
v 0.053767 0.014143 -0.014679
v 0.053506 0.014748 -0.014186
v 0.053954 0.014550 -0.014186
v 0.053670 0.015094 -0.013739
v 0.054135 0.014943 -0.013679
v 0.054162 0.015094 -0.013497
v 0.054589 0.014726 -0.013679
v 0.054645 0.015094 -0.013238
v 0.055233 0.014862 -0.013159
v 0.055117 0.015094 -0.012961
v 0.055580 0.015094 -0.012667
v 0.051625 0.015094 -0.014521
v 0.052147 0.015094 -0.014354
v 0.052662 0.015094 -0.014168
v 0.053051 0.014932 -0.014186
v 0.053170 0.015094 -0.013962
v 0.056031 0.015094 -0.012357
v 0.055884 0.014957 -0.012626
v 0.055684 0.014610 -0.013159
v 0.055476 0.014250 -0.013679
v 0.055036 0.014495 -0.013679
v 0.055259 0.013875 -0.014186
v 0.054831 0.014113 -0.014186
v 0.055035 0.013486 -0.014679
v 0.054619 0.013718 -0.014679
v 0.054645 0.013175 -0.015157
v 0.056471 0.015094 -0.012030
v 0.056540 0.015011 -0.012081
v 0.056338 0.014686 -0.012626
v 0.056127 0.014345 -0.013159
v 0.055908 0.013991 -0.013679
v 0.055680 0.013623 -0.014186
v 0.055444 0.013242 -0.014679
v 0.056898 0.015094 -0.011687
v 0.056995 0.014720 -0.012081
v 0.056783 0.014401 -0.012626
v 0.057219 0.014102 -0.012626
v 0.056988 0.013775 -0.013159
v 0.057404 0.013471 -0.013159
v 0.057153 0.013138 -0.013679
v 0.057550 0.012828 -0.013679
v 0.057279 0.012491 -0.014186
v 0.057656 0.012178 -0.014186
v 0.057364 0.011838 -0.014679
v 0.057721 0.011522 -0.014679
v 0.058068 0.011196 -0.014679
v 0.058405 0.010859 -0.014679
v 0.058380 0.011518 -0.014186
v 0.058727 0.011171 -0.014186
v 0.058682 0.011829 -0.013679
v 0.059038 0.011473 -0.013679
v 0.058972 0.012128 -0.013159
v 0.059337 0.011763 -0.013159
v 0.059250 0.012415 -0.012626
v 0.059624 0.012041 -0.012626
v 0.059517 0.012690 -0.012081
v 0.059899 0.012308 -0.012081
v 0.059772 0.012953 -0.011524
v 0.060162 0.012563 -0.011524
v 0.060014 0.013203 -0.010956
v 0.060412 0.012805 -0.010956
v 0.060244 0.013440 -0.010377
v 0.060649 0.013035 -0.010377
v 0.060461 0.013664 -0.009788
v 0.060873 0.013252 -0.009788
v 0.060665 0.013874 -0.009189
v 0.061083 0.013456 -0.009189
v 0.060856 0.014071 -0.008582
v 0.061280 0.013647 -0.008582
v 0.061034 0.014254 -0.007966
v 0.061463 0.013825 -0.007966
v 0.061198 0.014423 -0.007343
v 0.061632 0.013989 -0.007343
v 0.061348 0.014578 -0.006713
v 0.061787 0.014139 -0.006713
v 0.061484 0.014719 -0.006076
v 0.061928 0.014275 -0.006076
v 0.061607 0.014845 -0.005433
v 0.062054 0.014398 -0.005433
v 0.061715 0.014957 -0.004785
v 0.062166 0.014506 -0.004785
v 0.061809 0.015054 -0.004132
v 0.062263 0.014600 -0.004132
v 0.061816 0.015094 -0.003951
v 0.062303 0.014607 -0.003951
v 0.061944 0.015094 -0.003419
v 0.062303 0.014736 -0.003419
v 0.062054 0.015094 -0.002882
v 0.062303 0.014845 -0.002882
v 0.062143 0.015094 -0.002341
v 0.062303 0.014935 -0.002341
v 0.062213 0.015094 -0.001798
v 0.062303 0.015004 -0.001798
v 0.062263 0.015094 -0.001252
v 0.062303 0.015054 -0.001252
v 0.062293 0.015094 -0.000705
v 0.062303 0.015084 -0.000705
v 0.062303 0.015094 -0.000157
v 0.057197 0.015025 -0.011524
v 0.057313 0.015094 -0.011329
v 0.057652 0.014713 -0.011524
v 0.057714 0.015094 -0.010956
v 0.057853 0.014997 -0.010956
v 0.058102 0.015094 -0.010568
v 0.058307 0.014665 -0.010956
v 0.058506 0.014929 -0.010377
v 0.058750 0.014320 -0.010956
v 0.058957 0.014577 -0.010377
v 0.059183 0.013960 -0.010956
v 0.059398 0.014211 -0.010377
v 0.059604 0.013588 -0.010956
v 0.059827 0.013832 -0.010377
v 0.058475 0.015094 -0.010167
v 0.058833 0.015094 -0.009752
v 0.059153 0.014820 -0.009788
v 0.059601 0.014448 -0.009788
v 0.060037 0.014062 -0.009788
v 0.059176 0.015094 -0.009325
v 0.059337 0.015048 -0.009189
v 0.059791 0.014671 -0.009189
v 0.060234 0.014279 -0.009189
v 0.059503 0.015094 -0.008885
v 0.059970 0.014879 -0.008582
v 0.059813 0.015094 -0.008434
v 0.060107 0.015094 -0.007971
v 0.060136 0.015073 -0.007966
v 0.060384 0.015094 -0.007499
v 0.060591 0.014670 -0.007966
v 0.060750 0.014844 -0.007343
v 0.060643 0.015094 -0.007016
v 0.060895 0.015004 -0.006713
v 0.060885 0.015094 -0.006524
v 0.061108 0.015094 -0.006024
v 0.061314 0.015094 -0.005516
v 0.061500 0.015094 -0.005001
v 0.061667 0.015094 -0.004479
v 0.062303 0.014458 -0.004479
v 0.062303 0.014291 -0.005001
v 0.062303 0.014105 -0.005516
v 0.062303 0.013900 -0.006024
v 0.062303 0.013676 -0.006524
v 0.062213 0.013686 -0.006713
v 0.062053 0.013541 -0.007343
v 0.062303 0.013435 -0.007016
v 0.062303 0.013175 -0.007499
v 0.062303 0.012898 -0.007971
v 0.062281 0.012927 -0.007966
v 0.061879 0.013382 -0.007966
v 0.062303 0.012604 -0.008434
v 0.062088 0.012761 -0.008582
v 0.061691 0.013210 -0.008582
v 0.062303 0.012294 -0.008885
v 0.061880 0.012583 -0.009189
v 0.061488 0.013025 -0.009189
v 0.062257 0.012128 -0.009189
v 0.062303 0.011967 -0.009325
v 0.062029 0.011944 -0.009788
v 0.062303 0.011624 -0.009752
v 0.061786 0.011748 -0.010377
v 0.062138 0.011297 -0.010377
v 0.061874 0.011098 -0.010956
v 0.062303 0.010893 -0.010568
v 0.062206 0.010644 -0.010956
v 0.062303 0.010505 -0.010956
v 0.061922 0.010443 -0.011524
v 0.062303 0.010104 -0.011329
v 0.062234 0.009988 -0.011524
v 0.062303 0.009689 -0.011687
v 0.061929 0.009786 -0.012081
v 0.062220 0.009331 -0.012081
v 0.061895 0.009129 -0.012626
v 0.062303 0.008822 -0.012357
v 0.062166 0.008675 -0.012626
v 0.062303 0.008371 -0.012667
v 0.061819 0.008475 -0.013159
v 0.062071 0.008024 -0.013159
v 0.061703 0.007827 -0.013679
v 0.061935 0.007380 -0.013679
v 0.061547 0.007187 -0.014186
v 0.061759 0.006745 -0.014186
v 0.061352 0.006558 -0.014679
v 0.061544 0.006122 -0.014679
v 0.061108 0.005961 -0.015157
v 0.061723 0.005681 -0.014679
v 0.061888 0.005234 -0.014679
v 0.062039 0.004782 -0.014679
v 0.061667 0.004416 -0.015157
v 0.062177 0.004326 -0.014679
v 0.062303 0.003888 -0.014670
v 0.061944 0.003356 -0.015157
v 0.062303 0.003356 -0.014798
v 0.062054 0.002819 -0.015157
v 0.062303 0.002819 -0.014908
v 0.062303 0.002278 -0.014997
v 0.062303 0.001735 -0.015067
v 0.062263 0.001189 -0.015157
v 0.062303 0.001189 -0.015117
v 0.062303 0.000642 -0.015147
v 0.062303 0.011266 -0.010167
v 0.062303 0.009262 -0.012030
v 0.062303 0.007908 -0.012961
v 0.062303 0.007436 -0.013238
v 0.062303 0.006953 -0.013497
v 0.062152 0.006926 -0.013679
v 0.062303 0.006461 -0.013739
v 0.061957 0.006297 -0.014186
v 0.062303 0.005961 -0.013962
v 0.062141 0.005843 -0.014186
v 0.062303 0.005453 -0.014168
v 0.062303 0.004938 -0.014354
v 0.062303 0.004416 -0.014521
v 0.060885 0.006461 -0.015157
v 0.061146 0.006987 -0.014679
v 0.061322 0.007622 -0.014186
v 0.061459 0.008267 -0.013679
v 0.061554 0.008918 -0.013159
v 0.061609 0.009574 -0.012626
v 0.061624 0.010231 -0.012081
v 0.061597 0.010888 -0.011524
v 0.061529 0.011541 -0.010956
v 0.061420 0.012189 -0.010377
v 0.061657 0.012392 -0.009788
v 0.061271 0.012828 -0.009788
v 0.060643 0.006953 -0.015157
v 0.060927 0.007410 -0.014679
v 0.061084 0.008051 -0.014186
v 0.061200 0.008699 -0.013679
v 0.061276 0.009353 -0.013159
v 0.061311 0.010010 -0.012626
v 0.061305 0.010668 -0.012081
v 0.061257 0.011323 -0.011524
v 0.061169 0.011974 -0.010956
v 0.061041 0.012618 -0.010377
v 0.060384 0.007436 -0.015157
v 0.060695 0.007826 -0.014679
v 0.060832 0.008471 -0.014186
v 0.060929 0.009123 -0.013679
v 0.060984 0.009779 -0.013159
v 0.060999 0.010437 -0.012626
v 0.060972 0.011094 -0.012081
v 0.060905 0.011748 -0.011524
v 0.060797 0.012395 -0.010956
v 0.060107 0.007909 -0.015157
v 0.060451 0.008235 -0.014679
v 0.060568 0.008884 -0.014186
v 0.060644 0.009538 -0.013679
v 0.060679 0.010196 -0.013159
v 0.060674 0.010854 -0.012626
v 0.060627 0.011509 -0.012081
v 0.060540 0.012161 -0.011524
v 0.060194 0.008636 -0.014679
v 0.060291 0.009288 -0.014186
v 0.060347 0.009944 -0.013679
v 0.060362 0.010603 -0.013159
v 0.060336 0.011260 -0.012626
v 0.060269 0.011914 -0.012081
v 0.059925 0.009029 -0.014679
v 0.059503 0.008822 -0.015157
v 0.059644 0.009413 -0.014679
v 0.059351 0.009789 -0.014679
v 0.058833 0.009690 -0.015157
v 0.059047 0.010155 -0.014679
v 0.058731 0.010512 -0.014679
v 0.058102 0.010506 -0.015157
v 0.056998 0.012142 -0.014679
v 0.056893 0.012793 -0.014186
v 0.056747 0.013435 -0.013679
v 0.056562 0.014067 -0.013159
v 0.056622 0.012435 -0.014679
v 0.056497 0.013082 -0.014186
v 0.056332 0.013720 -0.013679
v 0.056238 0.012716 -0.014679
v 0.056093 0.013359 -0.014186
v 0.055580 0.012604 -0.015157
v 0.055845 0.012985 -0.014679
v 0.054196 0.013937 -0.014679
v 0.054396 0.014338 -0.014186
v 0.057440 0.014415 -0.012081
v 0.057877 0.014096 -0.012081
v 0.058097 0.014388 -0.011524
v 0.058303 0.013763 -0.012081
v 0.058532 0.014048 -0.011524
v 0.058718 0.013418 -0.012081
v 0.058956 0.013696 -0.011524
v 0.059123 0.013060 -0.012081
v 0.059370 0.013331 -0.011524
v 0.057646 0.013790 -0.012626
v 0.057812 0.013153 -0.013159
v 0.057938 0.012507 -0.013679
v 0.058023 0.011854 -0.014186
v 0.058062 0.013465 -0.012626
v 0.058469 0.013127 -0.012626
v 0.058865 0.012777 -0.012626
v 0.058209 0.012823 -0.013159
v 0.058315 0.012174 -0.013679
v 0.060419 0.014482 -0.008582
v 0.058596 0.012481 -0.013159
v 0.059986 0.011656 -0.012626
v 0.059690 0.011387 -0.013159
v 0.059382 0.011106 -0.013679
v 0.059063 0.010814 -0.014186
v 0.060032 0.011000 -0.013159
v 0.059716 0.010729 -0.013679
v 0.059387 0.010447 -0.014186
v 0.060037 0.010341 -0.013679
v 0.059700 0.010070 -0.014186
v 0.060002 0.009684 -0.014186
v 0.032303 -0.000453 -0.015147
v 0.032303 -0.001001 -0.015117
v 0.032343 -0.001000 -0.015157
v 0.032303 -0.001546 -0.015067
v 0.032393 -0.001546 -0.015157
v 0.032303 -0.002090 -0.014997
v 0.032303 -0.002630 -0.014908
v 0.032553 -0.002630 -0.015157
v 0.032303 -0.003167 -0.014798
v 0.032662 -0.003167 -0.015157
v 0.032303 -0.003700 -0.014670
v 0.032430 -0.004137 -0.014679
v 0.032939 -0.004227 -0.015157
v 0.032567 -0.004593 -0.014679
v 0.033107 -0.004749 -0.015157
v 0.032719 -0.005045 -0.014679
v 0.032884 -0.005492 -0.014679
v 0.033063 -0.005933 -0.014679
v 0.033255 -0.006369 -0.014679
v 0.032848 -0.006556 -0.014186
v 0.033059 -0.006998 -0.014186
v 0.032672 -0.007191 -0.013679
v 0.032903 -0.007638 -0.013679
v 0.032536 -0.007835 -0.013159
v 0.032787 -0.008286 -0.013159
v 0.032303 -0.008182 -0.012667
v 0.032441 -0.008487 -0.012626
v 0.032303 -0.008634 -0.012357
v 0.032712 -0.008940 -0.012626
v 0.032386 -0.009142 -0.012081
v 0.032678 -0.009597 -0.012081
v 0.032303 -0.009501 -0.011687
v 0.032373 -0.009799 -0.011524
v 0.032303 -0.009915 -0.011329
v 0.032684 -0.010254 -0.011524
v 0.032303 -0.010317 -0.010956
v 0.032400 -0.010455 -0.010956
v 0.032303 -0.010704 -0.010568
v 0.032732 -0.010909 -0.010956
v 0.032469 -0.011108 -0.010377
v 0.032821 -0.011560 -0.010377
v 0.032303 -0.011435 -0.009752
v 0.032578 -0.011755 -0.009788
v 0.032303 -0.011778 -0.009325
v 0.032349 -0.011939 -0.009189
v 0.032303 -0.012105 -0.008885
v 0.032727 -0.012394 -0.009189
v 0.032519 -0.012572 -0.008582
v 0.032916 -0.013021 -0.008582
v 0.032727 -0.013193 -0.007966
v 0.033144 -0.013636 -0.007966
v 0.032974 -0.013800 -0.007343
v 0.033409 -0.014234 -0.007343
v 0.033259 -0.014389 -0.006713
v 0.033712 -0.014815 -0.006713
v 0.033722 -0.014906 -0.006524
v 0.033963 -0.014906 -0.007016
v 0.033857 -0.014656 -0.007343
v 0.034223 -0.014906 -0.007499
v 0.034016 -0.014481 -0.007966
v 0.034471 -0.014884 -0.007966
v 0.034187 -0.014293 -0.008582
v 0.034637 -0.014690 -0.008582
v 0.034372 -0.014090 -0.009189
v 0.034815 -0.014482 -0.009189
v 0.034570 -0.013874 -0.009788
v 0.035006 -0.014259 -0.009788
v 0.034780 -0.013643 -0.010377
v 0.035209 -0.014022 -0.010377
v 0.035002 -0.013399 -0.010956
v 0.035424 -0.013772 -0.010956
v 0.035237 -0.013142 -0.011524
v 0.035650 -0.013507 -0.011524
v 0.035483 -0.012872 -0.012081
v 0.035888 -0.013229 -0.012081
v 0.035741 -0.012588 -0.012626
v 0.036137 -0.012938 -0.012626
v 0.036011 -0.012293 -0.013159
v 0.036398 -0.012635 -0.013159
v 0.036292 -0.011985 -0.013679
v 0.036669 -0.012318 -0.013679
v 0.036583 -0.011665 -0.014186
v 0.036950 -0.011989 -0.014186
v 0.036885 -0.011333 -0.014679
v 0.037242 -0.011649 -0.014679
v 0.037708 -0.011435 -0.015157
v 0.033461 -0.006798 -0.014679
v 0.033284 -0.007434 -0.014186
v 0.033148 -0.008078 -0.013679
v 0.033052 -0.008730 -0.013159
v 0.032997 -0.009385 -0.012626
v 0.032983 -0.010043 -0.012081
v 0.033010 -0.010699 -0.011524
v 0.033078 -0.011353 -0.010956
v 0.033187 -0.012000 -0.010377
v 0.032950 -0.012203 -0.009788
v 0.033335 -0.012639 -0.009788
v 0.033119 -0.012837 -0.009189
v 0.033524 -0.013267 -0.009189
v 0.033327 -0.013458 -0.008582
v 0.033751 -0.013882 -0.008582
v 0.033573 -0.014065 -0.007966
v 0.033680 -0.007221 -0.014679
v 0.033523 -0.007862 -0.014186
v 0.033406 -0.008510 -0.013679
v 0.033331 -0.009164 -0.013159
v 0.033296 -0.009821 -0.012626
v 0.033302 -0.010479 -0.012081
v 0.033349 -0.011134 -0.011524
v 0.033437 -0.011785 -0.010956
v 0.033566 -0.012429 -0.010377
v 0.033734 -0.013063 -0.009788
v 0.033942 -0.013685 -0.009189
v 0.033911 -0.007637 -0.014679
v 0.033774 -0.008282 -0.014186
v 0.033678 -0.008934 -0.013679
v 0.033622 -0.009590 -0.013159
v 0.033608 -0.010248 -0.012626
v 0.033634 -0.010905 -0.012081
v 0.033702 -0.011559 -0.011524
v 0.033810 -0.012207 -0.010956
v 0.033958 -0.012846 -0.010377
v 0.034146 -0.013475 -0.009788
v 0.034156 -0.008046 -0.014679
v 0.034039 -0.008695 -0.014186
v 0.033963 -0.009349 -0.013679
v 0.033927 -0.010007 -0.013159
v 0.033933 -0.010665 -0.012626
v 0.033980 -0.011321 -0.012081
v 0.034067 -0.011972 -0.011524
v 0.034195 -0.012616 -0.010956
v 0.034363 -0.013251 -0.010377
v 0.034413 -0.008447 -0.014679
v 0.034316 -0.009099 -0.014186
v 0.034260 -0.009756 -0.013679
v 0.034245 -0.010414 -0.013159
v 0.034271 -0.011071 -0.012626
v 0.034337 -0.011726 -0.012081
v 0.034445 -0.012374 -0.011524
v 0.034593 -0.013014 -0.010956
v 0.034682 -0.008840 -0.014679
v 0.035104 -0.008633 -0.015157
v 0.034963 -0.009225 -0.014679
v 0.035256 -0.009600 -0.014679
v 0.035774 -0.009501 -0.015157
v 0.035560 -0.009967 -0.014679
v 0.035875 -0.010323 -0.014679
v 0.036202 -0.010670 -0.014679
v 0.036538 -0.011007 -0.014679
v 0.037609 -0.011953 -0.014679
v 0.037984 -0.012246 -0.014679
v 0.038575 -0.012105 -0.015157
v 0.038369 -0.012527 -0.014679
v 0.038762 -0.012796 -0.014679
v 0.039163 -0.013053 -0.014679
v 0.038927 -0.013434 -0.014186
v 0.039347 -0.013686 -0.014186
v 0.039131 -0.014061 -0.013679
v 0.039571 -0.014306 -0.013679
v 0.039373 -0.014673 -0.013159
v 0.040018 -0.014537 -0.013679
v 0.039962 -0.014906 -0.013238
v 0.040445 -0.014906 -0.013497
v 0.040472 -0.014755 -0.013679
v 0.040936 -0.014906 -0.013739
v 0.040653 -0.014361 -0.014186
v 0.041101 -0.014559 -0.014186
v 0.040840 -0.013954 -0.014679
v 0.041276 -0.014146 -0.014679
v 0.041717 -0.014325 -0.014679
v 0.041945 -0.013916 -0.015157
v 0.042164 -0.014490 -0.014679
v 0.042615 -0.014642 -0.014679
v 0.042982 -0.014270 -0.015157
v 0.043071 -0.014779 -0.014679
v 0.043509 -0.014906 -0.014670
v 0.044042 -0.014547 -0.015157
v 0.044042 -0.014906 -0.014798
v 0.044579 -0.014906 -0.014908
v 0.045119 -0.014906 -0.014997
v 0.045663 -0.014906 -0.015067
v 0.046208 -0.014906 -0.015117
v 0.046755 -0.014899 -0.015154
v 0.047303 -0.014906 -0.015157
v 0.039571 -0.013298 -0.014679
v 0.039775 -0.013925 -0.014186
v 0.039988 -0.013529 -0.014679
v 0.040211 -0.014150 -0.014186
v 0.040411 -0.013748 -0.014679
v 0.040936 -0.013487 -0.015157
v 0.042982 -0.014906 -0.014521
v 0.042460 -0.014906 -0.014354
v 0.041945 -0.014906 -0.014168
v 0.041555 -0.014743 -0.014186
v 0.041437 -0.014906 -0.013962
v 0.039489 -0.014906 -0.012961
v 0.039027 -0.014906 -0.012667
v 0.038922 -0.014422 -0.013159
v 0.038722 -0.014768 -0.012626
v 0.038479 -0.014157 -0.013159
v 0.038269 -0.014497 -0.012626
v 0.038045 -0.013878 -0.013159
v 0.037824 -0.014212 -0.012626
v 0.037619 -0.013586 -0.013159
v 0.037388 -0.013913 -0.012626
v 0.037202 -0.013282 -0.013159
v 0.036961 -0.013601 -0.012626
v 0.036795 -0.012964 -0.013159
v 0.036544 -0.013276 -0.012626
v 0.038575 -0.014906 -0.012357
v 0.038067 -0.014823 -0.012081
v 0.038136 -0.014906 -0.012030
v 0.037708 -0.014906 -0.011687
v 0.037294 -0.014906 -0.011329
v 0.037410 -0.014836 -0.011524
v 0.037612 -0.014531 -0.012081
v 0.036955 -0.014524 -0.011524
v 0.036892 -0.014906 -0.010956
v 0.036754 -0.014809 -0.010956
v 0.036505 -0.014906 -0.010568
v 0.036300 -0.014477 -0.010956
v 0.036101 -0.014740 -0.010377
v 0.035856 -0.014131 -0.010956
v 0.035649 -0.014388 -0.010377
v 0.036132 -0.014906 -0.010167
v 0.035774 -0.014906 -0.009752
v 0.035454 -0.014631 -0.009788
v 0.035431 -0.014906 -0.009325
v 0.035270 -0.014860 -0.009189
v 0.035104 -0.014906 -0.008885
v 0.034793 -0.014906 -0.008434
v 0.034499 -0.014906 -0.007971
v 0.033498 -0.014906 -0.006024
v 0.033122 -0.014530 -0.006076
v 0.032819 -0.013950 -0.006713
v 0.032679 -0.014086 -0.006076
v 0.032303 -0.013487 -0.006524
v 0.032303 -0.013711 -0.006024
v 0.032303 -0.013916 -0.005516
v 0.032553 -0.014209 -0.005433
v 0.032303 -0.014102 -0.005001
v 0.032441 -0.014317 -0.004785
v 0.032303 -0.014270 -0.004479
v 0.032344 -0.014411 -0.004132
v 0.032303 -0.014418 -0.003951
v 0.032791 -0.014906 -0.003951
v 0.032662 -0.014906 -0.003419
v 0.033293 -0.014906 -0.005516
v 0.033000 -0.014656 -0.005433
v 0.033107 -0.014906 -0.005001
v 0.032892 -0.014768 -0.004785
v 0.032939 -0.014906 -0.004479
v 0.032798 -0.014865 -0.004132
v 0.032303 -0.014547 -0.003419
v 0.032553 -0.014906 -0.002882
v 0.032303 -0.014656 -0.002882
v 0.032463 -0.014906 -0.002341
v 0.032303 -0.014746 -0.002341
v 0.032393 -0.014906 -0.001798
v 0.032303 -0.014816 -0.001798
v 0.032343 -0.014906 -0.001252
v 0.032303 -0.014866 -0.001252
v 0.032313 -0.014906 -0.000705
v 0.032303 -0.014896 -0.000705
v 0.032303 -0.014906 -0.000157
v 0.032394 -0.013497 -0.006713
v 0.032303 -0.013246 -0.007016
v 0.032553 -0.013352 -0.007343
v 0.032303 -0.012986 -0.007499
v 0.032325 -0.012738 -0.007966
v 0.032303 -0.012416 -0.008434
v 0.032303 -0.012710 -0.007971
v 0.032303 -0.011077 -0.010167
v 0.032303 -0.009073 -0.012030
v 0.032303 -0.007720 -0.012961
v 0.032303 -0.007247 -0.013238
v 0.032303 -0.006764 -0.013497
v 0.032454 -0.006737 -0.013679
v 0.032303 -0.006272 -0.013739
v 0.032650 -0.006108 -0.014186
v 0.032303 -0.005772 -0.013962
v 0.032466 -0.005654 -0.014186
v 0.032303 -0.005264 -0.014168
v 0.032303 -0.004749 -0.014354
v 0.032303 -0.004227 -0.014521
v 0.034605 -0.009495 -0.014186
v 0.034569 -0.010153 -0.013679
v 0.034574 -0.010811 -0.013159
v 0.034621 -0.011467 -0.012626
v 0.034708 -0.012119 -0.012081
v 0.034835 -0.012764 -0.011524
v 0.034906 -0.009881 -0.014186
v 0.035219 -0.010258 -0.014186
v 0.035544 -0.010626 -0.014186
v 0.035880 -0.010983 -0.014186
v 0.036226 -0.011329 -0.014186
v 0.034891 -0.010540 -0.013679
v 0.034916 -0.011198 -0.013159
v 0.034983 -0.011853 -0.012626
v 0.035090 -0.012501 -0.012081
v 0.035224 -0.010917 -0.013679
v 0.035569 -0.011284 -0.013679
v 0.035925 -0.011640 -0.013679
v 0.035270 -0.011574 -0.013159
v 0.035356 -0.012226 -0.012626
v 0.035635 -0.011939 -0.013159
v 0.037328 -0.012303 -0.014186
v 0.037714 -0.012604 -0.014186
v 0.038110 -0.012893 -0.014186
v 0.038514 -0.013170 -0.014186
v 0.037056 -0.012640 -0.013679
v 0.037453 -0.012949 -0.013679
v 0.037860 -0.013246 -0.013679
v 0.038275 -0.013531 -0.013679
v 0.038699 -0.013802 -0.013679
v 0.036304 -0.013575 -0.012081
v 0.036730 -0.013907 -0.012081
v 0.037166 -0.014226 -0.012081
v 0.036075 -0.013860 -0.011524
v 0.036510 -0.014199 -0.011524
v 0.032313 -0.014906 0.000391
v 0.032303 -0.014896 0.000391
v 0.032343 -0.014906 0.000938
v 0.032303 -0.014866 0.000938
v 0.032393 -0.014906 0.001483
v 0.032303 -0.014816 0.001483
v 0.032463 -0.014906 0.002027
v 0.032303 -0.014746 0.002027
v 0.032553 -0.014906 0.002567
v 0.032303 -0.014656 0.002567
v 0.032303 -0.014547 0.003104
v 0.032662 -0.014906 0.003104
v 0.032791 -0.014906 0.003637
v 0.032939 -0.014906 0.004164
v 0.032798 -0.014865 0.003818
v 0.032344 -0.014411 0.003818
v 0.032303 -0.014418 0.003637
v 0.032303 -0.014270 0.004164
v 0.032441 -0.014317 0.004470
v 0.032303 -0.014102 0.004686
v 0.032553 -0.014209 0.005118
v 0.032303 -0.013916 0.005201
v 0.032679 -0.014086 0.005761
v 0.032303 -0.013711 0.005709
v 0.032819 -0.013950 0.006398
v 0.032303 -0.013487 0.006210
v 0.032394 -0.013497 0.006398
v 0.032303 -0.013246 0.006701
v 0.032553 -0.013352 0.007028
v 0.032303 -0.012986 0.007184
v 0.032727 -0.013193 0.007652
v 0.032325 -0.012738 0.007652
v 0.032916 -0.013021 0.008267
v 0.032519 -0.012572 0.008267
v 0.033119 -0.012837 0.008875
v 0.032727 -0.012394 0.008875
v 0.033335 -0.012639 0.009473
v 0.032950 -0.012203 0.009473
v 0.033566 -0.012429 0.010062
v 0.033187 -0.012000 0.010062
v 0.033810 -0.012207 0.010641
v 0.033437 -0.011785 0.010641
v 0.034067 -0.011972 0.011209
v 0.033702 -0.011559 0.011209
v 0.034337 -0.011726 0.011766
v 0.033980 -0.011321 0.011766
v 0.034621 -0.011467 0.012312
v 0.034271 -0.011071 0.012312
v 0.034916 -0.011198 0.012844
v 0.034574 -0.010811 0.012844
v 0.035224 -0.010917 0.013365
v 0.034891 -0.010540 0.013365
v 0.035544 -0.010626 0.013871
v 0.035219 -0.010258 0.013871
v 0.035875 -0.010323 0.014364
v 0.035560 -0.009967 0.014364
v 0.036132 -0.009915 0.014843
v 0.035774 -0.009501 0.014843
v 0.032892 -0.014768 0.004470
v 0.033107 -0.014906 0.004686
v 0.033000 -0.014656 0.005118
v 0.033293 -0.014906 0.005201
v 0.033122 -0.014530 0.005761
v 0.033498 -0.014906 0.005709
v 0.033722 -0.014906 0.006210
v 0.033963 -0.014906 0.006701
v 0.033712 -0.014815 0.006398
v 0.033259 -0.014389 0.006398
v 0.033857 -0.014656 0.007028
v 0.034223 -0.014906 0.007184
v 0.034016 -0.014481 0.007652
v 0.034471 -0.014884 0.007652
v 0.034637 -0.014690 0.008267
v 0.034499 -0.014906 0.007657
v 0.034793 -0.014906 0.008119
v 0.035104 -0.014906 0.008571
v 0.034815 -0.014482 0.008875
v 0.034187 -0.014293 0.008267
v 0.034372 -0.014090 0.008875
v 0.033751 -0.013882 0.008267
v 0.033942 -0.013685 0.008875
v 0.033327 -0.013458 0.008267
v 0.033524 -0.013267 0.008875
v 0.035270 -0.014860 0.008875
v 0.035431 -0.014906 0.009010
v 0.035454 -0.014631 0.009473
v 0.035774 -0.014906 0.009438
v 0.035649 -0.014388 0.010062
v 0.036101 -0.014740 0.010062
v 0.036300 -0.014477 0.010641
v 0.036505 -0.014906 0.010254
v 0.036754 -0.014809 0.010641
v 0.036892 -0.014906 0.010641
v 0.036955 -0.014524 0.011209
v 0.037294 -0.014906 0.011014
v 0.037410 -0.014836 0.011209
v 0.037708 -0.014906 0.011372
v 0.037612 -0.014531 0.011766
v 0.038067 -0.014823 0.011766
v 0.038269 -0.014497 0.012312
v 0.038575 -0.014906 0.012042
v 0.038722 -0.014768 0.012312
v 0.039027 -0.014906 0.012353
v 0.038922 -0.014422 0.012844
v 0.039373 -0.014673 0.012844
v 0.039571 -0.014306 0.013365
v 0.040018 -0.014537 0.013365
v 0.040211 -0.014150 0.013871
v 0.040653 -0.014361 0.013871
v 0.040840 -0.013954 0.014364
v 0.041276 -0.014146 0.014364
v 0.041437 -0.013711 0.014843
v 0.041717 -0.014325 0.014364
v 0.041945 -0.013916 0.014843
v 0.042164 -0.014490 0.014364
v 0.042460 -0.014102 0.014843
v 0.042615 -0.014642 0.014364
v 0.042982 -0.014270 0.014843
v 0.043071 -0.014779 0.014364
v 0.043509 -0.014418 0.014843
v 0.043509 -0.014906 0.014355
v 0.044042 -0.014547 0.014843
v 0.044042 -0.014906 0.014484
v 0.044579 -0.014656 0.014843
v 0.044579 -0.014906 0.014593
v 0.045119 -0.014746 0.014843
v 0.045119 -0.014906 0.014683
v 0.045663 -0.014816 0.014843
v 0.045663 -0.014906 0.014753
v 0.046208 -0.014866 0.014843
v 0.046208 -0.014906 0.014803
v 0.046755 -0.014896 0.014843
v 0.046755 -0.014906 0.014833
v 0.047303 -0.014906 0.014843
v 0.036132 -0.014906 0.009852
v 0.038136 -0.014906 0.011715
v 0.039489 -0.014906 0.012647
v 0.039962 -0.014906 0.012923
v 0.040445 -0.014906 0.013183
v 0.040472 -0.014755 0.013365
v 0.040936 -0.014906 0.013424
v 0.041101 -0.014559 0.013871
v 0.041437 -0.014906 0.013648
v 0.041555 -0.014743 0.013871
v 0.041945 -0.014906 0.013853
v 0.042460 -0.014906 0.014039
v 0.042982 -0.014906 0.014207
v 0.040936 -0.013487 0.014843
v 0.040411 -0.013748 0.014364
v 0.039775 -0.013925 0.013871
v 0.039131 -0.014061 0.013365
v 0.038479 -0.014157 0.012844
v 0.037824 -0.014212 0.012312
v 0.037166 -0.014226 0.011766
v 0.036510 -0.014199 0.011209
v 0.035856 -0.014131 0.010641
v 0.035209 -0.014022 0.010062
v 0.035006 -0.014259 0.009473
v 0.034570 -0.013874 0.009473
v 0.040445 -0.013246 0.014843
v 0.039988 -0.013529 0.014364
v 0.039347 -0.013686 0.013871
v 0.038699 -0.013802 0.013365
v 0.038045 -0.013878 0.012844
v 0.037388 -0.013913 0.012312
v 0.036730 -0.013907 0.011766
v 0.036075 -0.013860 0.011209
v 0.035424 -0.013772 0.010641
v 0.034780 -0.013643 0.010062
v 0.034146 -0.013475 0.009473
v 0.039962 -0.012986 0.014843
v 0.039571 -0.013298 0.014364
v 0.038927 -0.013434 0.013871
v 0.038275 -0.013531 0.013365
v 0.037619 -0.013586 0.012844
v 0.036961 -0.013601 0.012312
v 0.036304 -0.013575 0.011766
v 0.035650 -0.013507 0.011209
v 0.035002 -0.013399 0.010641
v 0.034363 -0.013251 0.010062
v 0.033734 -0.013063 0.009473
v 0.039489 -0.012710 0.014843
v 0.039163 -0.013053 0.014364
v 0.038514 -0.013170 0.013871
v 0.037860 -0.013246 0.013365
v 0.037202 -0.013282 0.012844
v 0.036544 -0.013276 0.012312
v 0.035888 -0.013229 0.011766
v 0.035237 -0.013142 0.011209
v 0.034593 -0.013014 0.010641
v 0.033958 -0.012846 0.010062
v 0.039027 -0.012416 0.014843
v 0.038762 -0.012796 0.014364
v 0.038110 -0.012893 0.013871
v 0.037453 -0.012949 0.013365
v 0.036795 -0.012964 0.012844
v 0.036137 -0.012938 0.012312
v 0.035483 -0.012872 0.011766
v 0.034835 -0.012764 0.011209
v 0.034195 -0.012616 0.010641
v 0.038369 -0.012527 0.014364
v 0.038575 -0.012105 0.014843
v 0.037984 -0.012246 0.014364
v 0.038136 -0.011778 0.014843
v 0.037609 -0.011953 0.014364
v 0.037708 -0.011435 0.014843
v 0.037242 -0.011649 0.014364
v 0.037294 -0.011077 0.014843
v 0.036885 -0.011333 0.014364
v 0.036892 -0.010704 0.014843
v 0.036538 -0.011007 0.014364
v 0.036505 -0.010317 0.014843
v 0.036202 -0.010670 0.014364
v 0.035256 -0.009600 0.014364
v 0.035431 -0.009073 0.014843
v 0.034963 -0.009225 0.014364
v 0.035104 -0.008634 0.014843
v 0.034682 -0.008840 0.014364
v 0.034793 -0.008182 0.014843
v 0.034413 -0.008447 0.014364
v 0.034156 -0.008046 0.014364
v 0.033774 -0.008282 0.013871
v 0.033523 -0.007862 0.013871
v 0.033148 -0.008078 0.013365
v 0.032903 -0.007638 0.013365
v 0.032536 -0.007835 0.012844
v 0.032672 -0.007191 0.013365
v 0.032303 -0.007247 0.012923
v 0.032303 -0.006764 0.013183
v 0.032454 -0.006737 0.013365
v 0.032303 -0.006272 0.013424
v 0.032848 -0.006556 0.013871
v 0.032650 -0.006108 0.013871
v 0.033255 -0.006369 0.014364
v 0.033063 -0.005933 0.014364
v 0.033498 -0.005772 0.014843
v 0.032884 -0.005492 0.014364
v 0.033293 -0.005264 0.014843
v 0.032719 -0.005045 0.014364
v 0.033107 -0.004749 0.014843
v 0.032567 -0.004593 0.014364
v 0.032939 -0.004227 0.014843
v 0.032430 -0.004137 0.014364
v 0.032791 -0.003700 0.014843
v 0.032303 -0.003700 0.014355
v 0.032662 -0.003167 0.014843
v 0.032303 -0.003167 0.014484
v 0.032553 -0.002630 0.014843
v 0.032303 -0.002630 0.014593
v 0.032463 -0.002090 0.014843
v 0.032303 -0.002090 0.014683
v 0.032393 -0.001546 0.014843
v 0.032303 -0.001546 0.014753
v 0.032343 -0.001001 0.014843
v 0.032303 -0.001001 0.014803
v 0.032313 -0.000453 0.014843
v 0.032303 -0.000453 0.014833
v 0.034499 -0.007720 0.014843
v 0.033911 -0.007637 0.014364
v 0.033284 -0.007434 0.013871
v 0.034223 -0.007247 0.014843
v 0.033680 -0.007221 0.014364
v 0.033059 -0.006998 0.013871
v 0.033963 -0.006764 0.014843
v 0.033461 -0.006798 0.014364
v 0.033722 -0.006272 0.014843
v 0.032303 -0.004227 0.014207
v 0.032303 -0.004749 0.014039
v 0.032303 -0.005264 0.013853
v 0.032466 -0.005654 0.013871
v 0.032303 -0.005772 0.013648
v 0.032303 -0.007720 0.012647
v 0.032303 -0.008182 0.012353
v 0.032787 -0.008286 0.012844
v 0.032441 -0.008487 0.012312
v 0.033052 -0.008730 0.012844
v 0.032712 -0.008940 0.012312
v 0.033331 -0.009164 0.012844
v 0.032997 -0.009385 0.012312
v 0.033622 -0.009590 0.012844
v 0.033296 -0.009821 0.012312
v 0.033927 -0.010007 0.012844
v 0.033608 -0.010248 0.012312
v 0.034245 -0.010414 0.012844
v 0.033933 -0.010665 0.012312
v 0.032303 -0.008634 0.012042
v 0.032386 -0.009142 0.011766
v 0.032303 -0.009073 0.011715
v 0.032303 -0.009501 0.011372
v 0.032303 -0.009915 0.011014
v 0.032373 -0.009799 0.011209
v 0.032678 -0.009597 0.011766
v 0.032684 -0.010254 0.011209
v 0.032303 -0.010317 0.010641
v 0.032400 -0.010455 0.010641
v 0.032303 -0.010704 0.010254
v 0.032732 -0.010909 0.010641
v 0.032469 -0.011108 0.010062
v 0.033078 -0.011353 0.010641
v 0.032821 -0.011560 0.010062
v 0.032303 -0.011077 0.009852
v 0.032303 -0.011435 0.009438
v 0.032578 -0.011755 0.009473
v 0.032303 -0.011778 0.009010
v 0.032349 -0.011939 0.008875
v 0.032303 -0.012105 0.008571
v 0.032303 -0.012416 0.008119
v 0.032303 -0.012710 0.007657
v 0.035880 -0.010983 0.013871
v 0.036226 -0.011329 0.013871
v 0.036583 -0.011665 0.013871
v 0.036950 -0.011989 0.013871
v 0.037328 -0.012303 0.013871
v 0.037714 -0.012604 0.013871
v 0.035569 -0.011284 0.013365
v 0.035925 -0.011640 0.013365
v 0.036292 -0.011985 0.013365
v 0.036669 -0.012318 0.013365
v 0.037056 -0.012640 0.013365
v 0.035270 -0.011574 0.012844
v 0.034983 -0.011853 0.012312
v 0.034708 -0.012119 0.011766
v 0.034445 -0.012374 0.011209
v 0.035635 -0.011939 0.012844
v 0.036011 -0.012293 0.012844
v 0.036398 -0.012635 0.012844
v 0.035356 -0.012226 0.012312
v 0.035741 -0.012588 0.012312
v 0.035090 -0.012501 0.011766
v 0.033144 -0.013636 0.007652
v 0.033573 -0.014065 0.007652
v 0.032974 -0.013800 0.007028
v 0.033409 -0.014234 0.007028
v 0.034906 -0.009881 0.013871
v 0.034605 -0.009495 0.013871
v 0.034316 -0.009099 0.013871
v 0.034039 -0.008695 0.013871
v 0.034569 -0.010153 0.013365
v 0.034260 -0.009756 0.013365
v 0.033963 -0.009349 0.013365
v 0.033678 -0.008934 0.013365
v 0.033406 -0.008510 0.013365
v 0.033634 -0.010905 0.011766
v 0.033302 -0.010479 0.011766
v 0.032983 -0.010043 0.011766
v 0.033349 -0.011134 0.011209
v 0.033010 -0.010699 0.011209
v 0.047851 0.015084 0.014843
v 0.047851 0.015094 0.014833
v 0.048398 0.015094 0.014803
v 0.048398 0.015054 0.014843
v 0.048944 0.015094 0.014753
v 0.048944 0.015004 0.014843
v 0.049487 0.015094 0.014683
v 0.049487 0.014935 0.014843
v 0.050028 0.015094 0.014593
v 0.050028 0.014845 0.014843
v 0.050565 0.015094 0.014484
v 0.050565 0.014736 0.014843
v 0.051097 0.015094 0.014355
v 0.051097 0.014607 0.014843
v 0.051535 0.014968 0.014364
v 0.051625 0.014458 0.014843
v 0.051991 0.014830 0.014364
v 0.052147 0.014291 0.014843
v 0.052443 0.014679 0.014364
v 0.052662 0.014105 0.014843
v 0.052889 0.014514 0.014364
v 0.053170 0.013900 0.014843
v 0.053331 0.014335 0.014364
v 0.053767 0.014143 0.014364
v 0.053954 0.014550 0.013871
v 0.054396 0.014338 0.013871
v 0.054589 0.014726 0.013365
v 0.055036 0.014495 0.013365
v 0.055233 0.014862 0.012844
v 0.055684 0.014610 0.012844
v 0.055580 0.015094 0.012353
v 0.055884 0.014957 0.012312
v 0.056031 0.015094 0.012042
v 0.056338 0.014686 0.012312
v 0.056540 0.015011 0.011766
v 0.056995 0.014720 0.011766
v 0.056898 0.015094 0.011372
v 0.057197 0.015025 0.011209
v 0.057313 0.015094 0.011014
v 0.057652 0.014713 0.011209
v 0.057714 0.015094 0.010641
v 0.057853 0.014997 0.010641
v 0.058102 0.015094 0.010254
v 0.058307 0.014665 0.010641
v 0.058506 0.014929 0.010062
v 0.058957 0.014577 0.010062
v 0.058833 0.015094 0.009438
v 0.059153 0.014820 0.009473
v 0.059176 0.015094 0.009010
v 0.059337 0.015048 0.008875
v 0.059503 0.015094 0.008571
v 0.059791 0.014671 0.008875
v 0.059970 0.014879 0.008267
v 0.060419 0.014482 0.008267
v 0.060591 0.014670 0.007652
v 0.061034 0.014254 0.007652
v 0.061198 0.014423 0.007028
v 0.061632 0.013989 0.007028
v 0.061787 0.014139 0.006398
v 0.062213 0.013686 0.006398
v 0.062303 0.013676 0.006210
v 0.062303 0.013435 0.006701
v 0.062053 0.013541 0.007028
v 0.062303 0.013175 0.007184
v 0.061879 0.013382 0.007652
v 0.062281 0.012927 0.007652
v 0.061691 0.013210 0.008267
v 0.062088 0.012761 0.008267
v 0.061488 0.013025 0.008875
v 0.061880 0.012583 0.008875
v 0.061271 0.012828 0.009473
v 0.061657 0.012392 0.009473
v 0.061041 0.012618 0.010062
v 0.061420 0.012189 0.010062
v 0.060797 0.012395 0.010641
v 0.061169 0.011974 0.010641
v 0.060540 0.012161 0.011209
v 0.060905 0.011748 0.011209
v 0.060269 0.011914 0.011766
v 0.060627 0.011509 0.011766
v 0.059986 0.011656 0.012312
v 0.060336 0.011260 0.012312
v 0.059690 0.011387 0.012844
v 0.060032 0.011000 0.012844
v 0.059382 0.011106 0.013365
v 0.059716 0.010729 0.013365
v 0.059063 0.010814 0.013871
v 0.059387 0.010447 0.013871
v 0.058731 0.010512 0.014364
v 0.059047 0.010155 0.014364
v 0.058475 0.010104 0.014843
v 0.058833 0.009689 0.014843
v 0.053670 0.013676 0.014843
v 0.054196 0.013937 0.014364
v 0.054831 0.014113 0.013871
v 0.055476 0.014250 0.013365
v 0.056127 0.014345 0.012844
v 0.056783 0.014401 0.012312
v 0.057440 0.014415 0.011766
v 0.058097 0.014388 0.011209
v 0.058750 0.014320 0.010641
v 0.059398 0.014211 0.010062
v 0.059601 0.014448 0.009473
v 0.060037 0.014062 0.009473
v 0.060234 0.014279 0.008875
v 0.060665 0.013874 0.008875
v 0.060856 0.014071 0.008267
v 0.061280 0.013647 0.008267
v 0.061463 0.013825 0.007652
v 0.054162 0.013435 0.014843
v 0.054619 0.013718 0.014364
v 0.055259 0.013875 0.013871
v 0.055908 0.013991 0.013365
v 0.056562 0.014067 0.012844
v 0.057219 0.014102 0.012312
v 0.057877 0.014096 0.011766
v 0.058532 0.014048 0.011209
v 0.059183 0.013960 0.010641
v 0.059827 0.013832 0.010062
v 0.060461 0.013664 0.009473
v 0.061083 0.013456 0.008875
v 0.054645 0.013175 0.014843
v 0.055035 0.013486 0.014364
v 0.055680 0.013623 0.013871
v 0.056332 0.013720 0.013365
v 0.056988 0.013775 0.012844
v 0.057646 0.013790 0.012312
v 0.058303 0.013763 0.011766
v 0.058956 0.013696 0.011209
v 0.059604 0.013588 0.010641
v 0.060244 0.013440 0.010062
v 0.060873 0.013252 0.009473
v 0.055117 0.012898 0.014843
v 0.055444 0.013242 0.014364
v 0.056093 0.013359 0.013871
v 0.056747 0.013435 0.013365
v 0.057404 0.013471 0.012844
v 0.058062 0.013465 0.012312
v 0.058718 0.013418 0.011766
v 0.059370 0.013331 0.011209
v 0.060014 0.013203 0.010641
v 0.060649 0.013035 0.010062
v 0.055580 0.012604 0.014843
v 0.055845 0.012985 0.014364
v 0.056497 0.013082 0.013871
v 0.057153 0.013138 0.013365
v 0.057812 0.013153 0.012844
v 0.058469 0.013127 0.012312
v 0.059123 0.013060 0.011766
v 0.059772 0.012953 0.011209
v 0.060412 0.012805 0.010641
v 0.056238 0.012716 0.014364
v 0.056031 0.012294 0.014843
v 0.056622 0.012435 0.014364
v 0.056471 0.011967 0.014843
v 0.056998 0.012142 0.014364
v 0.056898 0.011624 0.014843
v 0.057364 0.011838 0.014364
v 0.057313 0.011266 0.014843
v 0.057721 0.011522 0.014364
v 0.057714 0.010893 0.014843
v 0.058068 0.011196 0.014364
v 0.058102 0.010505 0.014843
v 0.058405 0.010859 0.014364
v 0.059351 0.009789 0.014364
v 0.059176 0.009262 0.014843
v 0.059644 0.009413 0.014364
v 0.059503 0.008822 0.014843
v 0.059925 0.009029 0.014364
v 0.059813 0.008371 0.014843
v 0.060194 0.008636 0.014364
v 0.060451 0.008235 0.014364
v 0.060832 0.008471 0.013871
v 0.061084 0.008051 0.013871
v 0.061459 0.008267 0.013365
v 0.061703 0.007827 0.013365
v 0.062071 0.008024 0.012844
v 0.061935 0.007380 0.013365
v 0.062303 0.007436 0.012923
v 0.062303 0.006953 0.013183
v 0.062152 0.006926 0.013365
v 0.062303 0.006461 0.013424
v 0.061759 0.006745 0.013871
v 0.061957 0.006297 0.013871
v 0.061352 0.006558 0.014364
v 0.061544 0.006122 0.014364
v 0.061108 0.005961 0.014843
v 0.061723 0.005681 0.014364
v 0.061314 0.005453 0.014843
v 0.061888 0.005234 0.014364
v 0.061500 0.004938 0.014843
v 0.062039 0.004782 0.014364
v 0.061667 0.004416 0.014843
v 0.062177 0.004326 0.014364
v 0.061816 0.003888 0.014843
v 0.062303 0.003888 0.014355
v 0.061944 0.003356 0.014843
v 0.062303 0.003356 0.014484
v 0.062054 0.002819 0.014843
v 0.062303 0.002819 0.014593
v 0.062143 0.002278 0.014843
v 0.062303 0.002278 0.014683
v 0.062213 0.001735 0.014843
v 0.062303 0.001735 0.014753
v 0.062263 0.001189 0.014843
v 0.062303 0.001189 0.014803
v 0.062293 0.000642 0.014843
v 0.062303 0.000642 0.014833
v 0.062303 0.000094 0.014843
v 0.060107 0.007908 0.014843
v 0.060695 0.007826 0.014364
v 0.061322 0.007622 0.013871
v 0.060384 0.007436 0.014843
v 0.060927 0.007410 0.014364
v 0.061547 0.007187 0.013871
v 0.060643 0.006953 0.014843
v 0.061146 0.006987 0.014364
v 0.060885 0.006461 0.014843
v 0.062303 0.004416 0.014207
v 0.062303 0.004938 0.014039
v 0.062303 0.005453 0.013853
v 0.062141 0.005843 0.013871
v 0.062303 0.005961 0.013648
v 0.062303 0.007908 0.012647
v 0.062303 0.008371 0.012353
v 0.061819 0.008475 0.012844
v 0.062166 0.008675 0.012312
v 0.061554 0.008918 0.012844
v 0.061895 0.009129 0.012312
v 0.061276 0.009353 0.012844
v 0.061609 0.009574 0.012312
v 0.060984 0.009779 0.012844
v 0.061311 0.010010 0.012312
v 0.060679 0.010196 0.012844
v 0.060999 0.010437 0.012312
v 0.060362 0.010603 0.012844
v 0.060674 0.010854 0.012312
v 0.062303 0.008822 0.012042
v 0.062220 0.009331 0.011766
v 0.062303 0.009262 0.011715
v 0.062303 0.009689 0.011372
v 0.062303 0.010104 0.011014
v 0.062234 0.009988 0.011209
v 0.061929 0.009786 0.011766
v 0.061922 0.010443 0.011209
v 0.062303 0.010505 0.010641
v 0.062206 0.010644 0.010641
v 0.062303 0.010893 0.010254
v 0.061874 0.011098 0.010641
v 0.062138 0.011297 0.010062
v 0.061529 0.011541 0.010641
v 0.061786 0.011748 0.010062
v 0.062303 0.011266 0.009852
v 0.062303 0.011624 0.009438
v 0.062029 0.011944 0.009473
v 0.062303 0.011967 0.009010
v 0.062257 0.012128 0.008875
v 0.062303 0.012294 0.008571
v 0.062303 0.012604 0.008119
v 0.062303 0.012898 0.007657
v 0.062303 0.013900 0.005709
v 0.061928 0.014275 0.005761
v 0.061348 0.014578 0.006398
v 0.061484 0.014719 0.005761
v 0.060885 0.015094 0.006210
v 0.061108 0.015094 0.005709
v 0.061314 0.015094 0.005201
v 0.061607 0.014845 0.005118
v 0.061500 0.015094 0.004686
v 0.061715 0.014957 0.004470
v 0.061667 0.015094 0.004164
v 0.061809 0.015054 0.003818
v 0.061816 0.015094 0.003637
v 0.062263 0.014600 0.003818
v 0.062303 0.014607 0.003637
v 0.062303 0.014458 0.004164
v 0.062166 0.014506 0.004470
v 0.062303 0.014291 0.004686
v 0.062054 0.014398 0.005118
v 0.062303 0.014105 0.005201
v 0.062303 0.014736 0.003104
v 0.061944 0.015094 0.003104
v 0.062054 0.015094 0.002567
v 0.062303 0.014845 0.002567
v 0.062303 0.014935 0.002027
v 0.062143 0.015094 0.002027
v 0.062303 0.015004 0.001483
v 0.062213 0.015094 0.001483
v 0.062303 0.015054 0.000938
v 0.062263 0.015094 0.000938
v 0.062303 0.015084 0.000391
v 0.062293 0.015094 0.000391
v 0.060895 0.015004 0.006398
v 0.060643 0.015094 0.006701
v 0.060750 0.014844 0.007028
v 0.060384 0.015094 0.007184
v 0.060136 0.015073 0.007652
v 0.060107 0.015094 0.007657
v 0.059813 0.015094 0.008119
v 0.058475 0.015094 0.009852
v 0.056471 0.015094 0.011715
v 0.055117 0.015094 0.012647
v 0.054645 0.015094 0.012923
v 0.054162 0.015094 0.013183
v 0.054135 0.014943 0.013365
v 0.053670 0.015094 0.013424
v 0.053506 0.014748 0.013871
v 0.053170 0.015094 0.013648
v 0.053051 0.014932 0.013871
v 0.052662 0.015094 0.013853
v 0.052147 0.015094 0.014039
v 0.051625 0.015094 0.014207
v 0.056893 0.012793 0.013871
v 0.057550 0.012828 0.013365
v 0.058209 0.012823 0.012844
v 0.058865 0.012777 0.012312
v 0.059517 0.012690 0.011766
v 0.060162 0.012563 0.011209
v 0.057279 0.012491 0.013871
v 0.057656 0.012178 0.013871
v 0.058023 0.011854 0.013871
v 0.058380 0.011518 0.013871
v 0.058727 0.011171 0.013871
v 0.057938 0.012507 0.013365
v 0.058596 0.012481 0.012844
v 0.059250 0.012415 0.012312
v 0.059899 0.012308 0.011766
v 0.058315 0.012174 0.013365
v 0.058682 0.011829 0.013365
v 0.059038 0.011473 0.013365
v 0.058972 0.012128 0.012844
v 0.059624 0.012041 0.012312
v 0.059337 0.011763 0.012844
v 0.059700 0.010070 0.013871
v 0.060002 0.009684 0.013871
v 0.060291 0.009288 0.013871
v 0.060568 0.008884 0.013871
v 0.060037 0.010341 0.013365
v 0.060347 0.009944 0.013365
v 0.060644 0.009538 0.013365
v 0.060929 0.009123 0.013365
v 0.061200 0.008699 0.013365
v 0.060972 0.011094 0.011766
v 0.061305 0.010668 0.011766
v 0.061624 0.010231 0.011766
v 0.061257 0.011323 0.011209
v 0.061597 0.010888 0.011209
v 0.062303 -0.000453 -0.015147
v 0.062293 -0.000453 -0.015157
v 0.062303 -0.001001 -0.015117
v 0.062263 -0.001000 -0.015157
v 0.062303 -0.001546 -0.015067
v 0.062303 -0.002090 -0.014997
v 0.062143 -0.002090 -0.015157
v 0.062303 -0.002630 -0.014908
v 0.062303 -0.003167 -0.014798
v 0.062303 -0.003700 -0.014670
v 0.061816 -0.003700 -0.015157
v 0.062177 -0.004137 -0.014679
v 0.062039 -0.004593 -0.014679
v 0.061888 -0.005045 -0.014679
v 0.061723 -0.005492 -0.014679
v 0.061544 -0.005933 -0.014679
v 0.061352 -0.006369 -0.014679
v 0.061957 -0.006108 -0.014186
v 0.061759 -0.006556 -0.014186
v 0.062303 -0.006272 -0.013739
v 0.062152 -0.006737 -0.013679
v 0.062303 -0.006764 -0.013497
v 0.061935 -0.007191 -0.013679
v 0.062303 -0.007247 -0.013238
v 0.062071 -0.007835 -0.013159
v 0.062303 -0.007720 -0.012961
v 0.062303 -0.008182 -0.012667
v 0.062303 -0.004227 -0.014521
v 0.062303 -0.004749 -0.014354
v 0.062303 -0.005264 -0.014168
v 0.062141 -0.005654 -0.014186
v 0.062303 -0.005772 -0.013962
v 0.062303 -0.008634 -0.012357
v 0.062166 -0.008487 -0.012626
v 0.061819 -0.008286 -0.013159
v 0.061459 -0.008078 -0.013679
v 0.061703 -0.007638 -0.013679
v 0.061084 -0.007862 -0.014186
v 0.061322 -0.007434 -0.014186
v 0.060695 -0.007637 -0.014679
v 0.060927 -0.007221 -0.014679
v 0.062303 -0.009073 -0.012030
v 0.062220 -0.009142 -0.012081
v 0.061895 -0.008940 -0.012626
v 0.061554 -0.008730 -0.013159
v 0.061200 -0.008510 -0.013679
v 0.060832 -0.008282 -0.014186
v 0.060451 -0.008046 -0.014679
v 0.062303 -0.009501 -0.011687
v 0.061929 -0.009597 -0.012081
v 0.061609 -0.009385 -0.012626
v 0.061311 -0.009821 -0.012626
v 0.060984 -0.009590 -0.013159
v 0.060679 -0.010007 -0.013159
v 0.060347 -0.009756 -0.013679
v 0.060037 -0.010153 -0.013679
v 0.059700 -0.009881 -0.014186
v 0.059387 -0.010258 -0.014186
v 0.059047 -0.009967 -0.014679
v 0.058731 -0.010323 -0.014679
v 0.058405 -0.010670 -0.014679
v 0.058068 -0.011007 -0.014679
v 0.058727 -0.010983 -0.014186
v 0.058380 -0.011329 -0.014186
v 0.059038 -0.011284 -0.013679
v 0.058682 -0.011640 -0.013679
v 0.059337 -0.011574 -0.013159
v 0.058972 -0.011939 -0.013159
v 0.059624 -0.011853 -0.012626
v 0.059250 -0.012226 -0.012626
v 0.059899 -0.012119 -0.012081
v 0.059517 -0.012501 -0.012081
v 0.060162 -0.012374 -0.011524
v 0.059772 -0.012764 -0.011524
v 0.060412 -0.012616 -0.010956
v 0.060014 -0.013014 -0.010956
v 0.060649 -0.012846 -0.010377
v 0.060244 -0.013251 -0.010377
v 0.060873 -0.013063 -0.009788
v 0.060461 -0.013475 -0.009788
v 0.061083 -0.013267 -0.009189
v 0.060665 -0.013685 -0.009189
v 0.061280 -0.013458 -0.008582
v 0.060856 -0.013882 -0.008582
v 0.061463 -0.013636 -0.007966
v 0.061034 -0.014065 -0.007966
v 0.061632 -0.013800 -0.007343
v 0.061198 -0.014234 -0.007343
v 0.061787 -0.013950 -0.006713
v 0.061348 -0.014389 -0.006713
v 0.061928 -0.014086 -0.006076
v 0.061484 -0.014530 -0.006076
v 0.062054 -0.014209 -0.005433
v 0.061607 -0.014656 -0.005433
v 0.062166 -0.014317 -0.004785
v 0.061715 -0.014768 -0.004785
v 0.062263 -0.014411 -0.004132
v 0.061809 -0.014865 -0.004132
v 0.062303 -0.014418 -0.003951
v 0.061816 -0.014906 -0.003951
v 0.062303 -0.014547 -0.003419
v 0.061944 -0.014906 -0.003419
v 0.062303 -0.014656 -0.002882
v 0.062054 -0.014906 -0.002882
v 0.062303 -0.014746 -0.002341
v 0.062143 -0.014906 -0.002341
v 0.062303 -0.014816 -0.001798
v 0.062213 -0.014906 -0.001798
v 0.062303 -0.014866 -0.001252
v 0.062263 -0.014906 -0.001252
v 0.062303 -0.014896 -0.000705
v 0.062293 -0.014906 -0.000705
v 0.062303 -0.014906 -0.000157
v 0.062234 -0.009799 -0.011524
v 0.062303 -0.009915 -0.011329
v 0.061922 -0.010254 -0.011524
v 0.062303 -0.010317 -0.010956
v 0.062206 -0.010455 -0.010956
v 0.062303 -0.010704 -0.010568
v 0.061874 -0.010909 -0.010956
v 0.062138 -0.011108 -0.010377
v 0.061529 -0.011353 -0.010956
v 0.061786 -0.011560 -0.010377
v 0.061169 -0.011785 -0.010956
v 0.061420 -0.012000 -0.010377
v 0.060797 -0.012207 -0.010956
v 0.061041 -0.012429 -0.010377
v 0.062303 -0.011077 -0.010167
v 0.062303 -0.011435 -0.009752
v 0.062029 -0.011755 -0.009788
v 0.061657 -0.012203 -0.009788
v 0.061271 -0.012639 -0.009788
v 0.062303 -0.011778 -0.009325
v 0.062257 -0.011939 -0.009189
v 0.061880 -0.012394 -0.009189
v 0.061488 -0.012837 -0.009189
v 0.062303 -0.012105 -0.008885
v 0.062088 -0.012572 -0.008582
v 0.062303 -0.012416 -0.008434
v 0.062303 -0.012710 -0.007971
v 0.062281 -0.012738 -0.007966
v 0.062303 -0.012986 -0.007499
v 0.061879 -0.013193 -0.007966
v 0.062053 -0.013352 -0.007343
v 0.062303 -0.013246 -0.007016
v 0.062213 -0.013497 -0.006713
v 0.062303 -0.013487 -0.006524
v 0.062303 -0.013711 -0.006024
v 0.062303 -0.013916 -0.005516
v 0.062303 -0.014102 -0.005001
v 0.062303 -0.014270 -0.004479
v 0.061667 -0.014906 -0.004479
v 0.061500 -0.014906 -0.005001
v 0.061314 -0.014906 -0.005516
v 0.061108 -0.014906 -0.006024
v 0.060885 -0.014906 -0.006524
v 0.060895 -0.014815 -0.006713
v 0.060750 -0.014656 -0.007343
v 0.060643 -0.014906 -0.007016
v 0.060384 -0.014906 -0.007499
v 0.060107 -0.014906 -0.007971
v 0.060136 -0.014884 -0.007966
v 0.060591 -0.014481 -0.007966
v 0.059813 -0.014906 -0.008434
v 0.059970 -0.014690 -0.008582
v 0.060419 -0.014293 -0.008582
v 0.059503 -0.014906 -0.008885
v 0.059791 -0.014482 -0.009189
v 0.060234 -0.014090 -0.009189
v 0.059337 -0.014860 -0.009189
v 0.059176 -0.014906 -0.009325
v 0.059153 -0.014631 -0.009788
v 0.058833 -0.014906 -0.009752
v 0.058957 -0.014388 -0.010377
v 0.058506 -0.014740 -0.010377
v 0.058307 -0.014477 -0.010956
v 0.058102 -0.014906 -0.010568
v 0.057853 -0.014809 -0.010956
v 0.057714 -0.014906 -0.010956
v 0.057652 -0.014524 -0.011524
v 0.057313 -0.014906 -0.011329
v 0.057197 -0.014836 -0.011524
v 0.056898 -0.014906 -0.011687
v 0.056995 -0.014531 -0.012081
v 0.056540 -0.014823 -0.012081
v 0.056338 -0.014497 -0.012626
v 0.056031 -0.014906 -0.012357
v 0.055884 -0.014768 -0.012626
v 0.055580 -0.014906 -0.012667
v 0.055684 -0.014422 -0.013159
v 0.055233 -0.014673 -0.013159
v 0.055036 -0.014306 -0.013679
v 0.054589 -0.014537 -0.013679
v 0.054396 -0.014150 -0.014186
v 0.053954 -0.014361 -0.014186
v 0.053767 -0.013954 -0.014679
v 0.053331 -0.014146 -0.014679
v 0.053170 -0.013711 -0.015157
v 0.052889 -0.014325 -0.014679
v 0.052443 -0.014490 -0.014679
v 0.051991 -0.014642 -0.014679
v 0.051625 -0.014270 -0.015157
v 0.051535 -0.014779 -0.014679
v 0.051097 -0.014418 -0.015157
v 0.051097 -0.014906 -0.014670
v 0.050565 -0.014547 -0.015157
v 0.050565 -0.014906 -0.014798
v 0.050028 -0.014656 -0.015157
v 0.050028 -0.014906 -0.014908
v 0.049487 -0.014746 -0.015157
v 0.049487 -0.014906 -0.014997
v 0.048944 -0.014906 -0.015067
v 0.048398 -0.014866 -0.015157
v 0.048398 -0.014906 -0.015117
v 0.047851 -0.014899 -0.015154
v 0.058475 -0.014906 -0.010167
v 0.056471 -0.014906 -0.012030
v 0.055117 -0.014906 -0.012961
v 0.054645 -0.014906 -0.013238
v 0.054162 -0.014906 -0.013497
v 0.054135 -0.014755 -0.013679
v 0.053670 -0.014906 -0.013739
v 0.053506 -0.014559 -0.014186
v 0.053170 -0.014906 -0.013962
v 0.053051 -0.014743 -0.014186
v 0.052662 -0.014906 -0.014168
v 0.052147 -0.014906 -0.014354
v 0.051625 -0.014906 -0.014521
v 0.054196 -0.013748 -0.014679
v 0.054831 -0.013925 -0.014186
v 0.055476 -0.014061 -0.013679
v 0.056127 -0.014157 -0.013159
v 0.056783 -0.014212 -0.012626
v 0.057440 -0.014226 -0.012081
v 0.058097 -0.014199 -0.011524
v 0.058750 -0.014131 -0.010956
v 0.059398 -0.014022 -0.010377
v 0.059601 -0.014259 -0.009788
v 0.060037 -0.013874 -0.009788
v 0.054162 -0.013246 -0.015157
v 0.054619 -0.013529 -0.014679
v 0.055259 -0.013686 -0.014186
v 0.055908 -0.013802 -0.013679
v 0.056562 -0.013878 -0.013159
v 0.057219 -0.013913 -0.012626
v 0.057877 -0.013907 -0.012081
v 0.058532 -0.013860 -0.011524
v 0.059183 -0.013772 -0.010956
v 0.059827 -0.013643 -0.010377
v 0.055035 -0.013298 -0.014679
v 0.055680 -0.013434 -0.014186
v 0.056332 -0.013531 -0.013679
v 0.056988 -0.013586 -0.013159
v 0.057646 -0.013601 -0.012626
v 0.058303 -0.013575 -0.012081
v 0.058956 -0.013507 -0.011524
v 0.059604 -0.013399 -0.010956
v 0.055444 -0.013053 -0.014679
v 0.056093 -0.013170 -0.014186
v 0.056747 -0.013246 -0.013679
v 0.057404 -0.013282 -0.013159
v 0.058062 -0.013276 -0.012626
v 0.058718 -0.013229 -0.012081
v 0.059370 -0.013142 -0.011524
v 0.055845 -0.012796 -0.014679
v 0.056497 -0.012893 -0.014186
v 0.057153 -0.012949 -0.013679
v 0.057812 -0.012964 -0.013159
v 0.058469 -0.012938 -0.012626
v 0.059123 -0.012872 -0.012081
v 0.056238 -0.012527 -0.014679
v 0.056622 -0.012246 -0.014679
v 0.056998 -0.011953 -0.014679
v 0.057364 -0.011649 -0.014679
v 0.057721 -0.011333 -0.014679
v 0.059351 -0.009600 -0.014679
v 0.060002 -0.009495 -0.014186
v 0.060644 -0.009349 -0.013679
v 0.061276 -0.009164 -0.013159
v 0.059644 -0.009225 -0.014679
v 0.060291 -0.009099 -0.014186
v 0.060929 -0.008934 -0.013679
v 0.059925 -0.008840 -0.014679
v 0.060568 -0.008695 -0.014186
v 0.060194 -0.008447 -0.014679
v 0.061146 -0.006798 -0.014679
v 0.061547 -0.006998 -0.014186
v 0.061624 -0.010043 -0.012081
v 0.061305 -0.010479 -0.012081
v 0.061597 -0.010699 -0.011524
v 0.060972 -0.010905 -0.012081
v 0.061257 -0.011134 -0.011524
v 0.060627 -0.011321 -0.012081
v 0.060905 -0.011559 -0.011524
v 0.060269 -0.011726 -0.012081
v 0.060540 -0.011972 -0.011524
v 0.060999 -0.010248 -0.012626
v 0.060362 -0.010414 -0.013159
v 0.059716 -0.010540 -0.013679
v 0.059063 -0.010626 -0.014186
v 0.060674 -0.010665 -0.012626
v 0.060336 -0.011071 -0.012626
v 0.059986 -0.011467 -0.012626
v 0.060032 -0.010811 -0.013159
v 0.059382 -0.010917 -0.013679
v 0.061691 -0.013021 -0.008582
v 0.059690 -0.011198 -0.013159
v 0.058865 -0.012588 -0.012626
v 0.058596 -0.012293 -0.013159
v 0.058315 -0.011985 -0.013679
v 0.058023 -0.011665 -0.014186
v 0.058209 -0.012635 -0.013159
v 0.057938 -0.012318 -0.013679
v 0.057656 -0.011989 -0.014186
v 0.057550 -0.012640 -0.013679
v 0.057279 -0.012303 -0.014186
v 0.056893 -0.012604 -0.014186
v 0.047851 -0.014906 0.014833
v 0.047851 -0.014896 0.014843
v 0.048398 -0.014906 0.014803
v 0.048398 -0.014866 0.014843
v 0.048944 -0.014906 0.014753
v 0.048944 -0.014816 0.014843
v 0.049487 -0.014906 0.014683
v 0.049487 -0.014746 0.014843
v 0.050028 -0.014906 0.014593
v 0.050028 -0.014656 0.014843
v 0.050565 -0.014906 0.014484
v 0.050565 -0.014547 0.014843
v 0.051097 -0.014906 0.014355
v 0.051097 -0.014418 0.014843
v 0.051535 -0.014779 0.014364
v 0.051625 -0.014270 0.014843
v 0.051991 -0.014642 0.014364
v 0.052147 -0.014102 0.014843
v 0.052443 -0.014490 0.014364
v 0.052662 -0.013916 0.014843
v 0.052889 -0.014325 0.014364
v 0.053170 -0.013711 0.014843
v 0.053331 -0.014146 0.014364
v 0.053767 -0.013954 0.014364
v 0.053506 -0.014559 0.013871
v 0.053954 -0.014361 0.013871
v 0.053670 -0.014906 0.013424
v 0.054135 -0.014755 0.013365
v 0.054162 -0.014906 0.013183
v 0.054589 -0.014537 0.013365
v 0.054645 -0.014906 0.012923
v 0.055233 -0.014673 0.012844
v 0.055117 -0.014906 0.012647
v 0.055580 -0.014906 0.012353
v 0.051625 -0.014906 0.014207
v 0.052147 -0.014906 0.014039
v 0.052662 -0.014906 0.013853
v 0.053051 -0.014743 0.013871
v 0.053170 -0.014906 0.013648
v 0.056031 -0.014906 0.012042
v 0.055884 -0.014768 0.012312
v 0.055684 -0.014422 0.012844
v 0.055476 -0.014061 0.013365
v 0.055036 -0.014306 0.013365
v 0.055259 -0.013686 0.013871
v 0.054831 -0.013925 0.013871
v 0.055035 -0.013298 0.014364
v 0.054619 -0.013529 0.014364
v 0.054645 -0.012986 0.014843
v 0.054162 -0.013246 0.014843
v 0.056471 -0.014906 0.011715
v 0.056540 -0.014823 0.011766
v 0.056338 -0.014497 0.012312
v 0.056127 -0.014157 0.012844
v 0.055908 -0.013802 0.013365
v 0.055680 -0.013434 0.013871
v 0.055444 -0.013053 0.014364
v 0.055117 -0.012710 0.014843
v 0.056898 -0.014906 0.011372
v 0.056995 -0.014531 0.011766
v 0.056783 -0.014212 0.012312
v 0.057219 -0.013913 0.012312
v 0.056988 -0.013586 0.012844
v 0.057404 -0.013282 0.012844
v 0.057153 -0.012949 0.013365
v 0.057550 -0.012640 0.013365
v 0.057279 -0.012303 0.013871
v 0.057656 -0.011989 0.013871
v 0.057364 -0.011649 0.014364
v 0.057721 -0.011333 0.014364
v 0.057313 -0.011077 0.014843
v 0.057714 -0.010704 0.014843
v 0.058068 -0.011007 0.014364
v 0.058405 -0.010670 0.014364
v 0.058380 -0.011329 0.013871
v 0.058727 -0.010983 0.013871
v 0.058682 -0.011640 0.013365
v 0.059038 -0.011284 0.013365
v 0.058972 -0.011939 0.012844
v 0.059337 -0.011574 0.012844
v 0.059250 -0.012226 0.012312
v 0.059624 -0.011853 0.012312
v 0.059517 -0.012501 0.011766
v 0.059899 -0.012119 0.011766
v 0.059772 -0.012764 0.011209
v 0.060162 -0.012374 0.011209
v 0.060014 -0.013014 0.010641
v 0.060412 -0.012616 0.010641
v 0.060244 -0.013251 0.010062
v 0.060649 -0.012846 0.010062
v 0.060461 -0.013475 0.009473
v 0.060873 -0.013063 0.009473
v 0.060665 -0.013685 0.008875
v 0.061083 -0.013267 0.008875
v 0.060856 -0.013882 0.008267
v 0.061280 -0.013458 0.008267
v 0.061034 -0.014065 0.007652
v 0.061463 -0.013636 0.007652
v 0.061198 -0.014234 0.007028
v 0.061632 -0.013800 0.007028
v 0.061348 -0.014389 0.006398
v 0.061787 -0.013950 0.006398
v 0.061484 -0.014530 0.005761
v 0.061928 -0.014086 0.005761
v 0.061607 -0.014656 0.005118
v 0.062054 -0.014209 0.005118
v 0.061715 -0.014768 0.004470
v 0.062166 -0.014317 0.004470
v 0.061809 -0.014865 0.003818
v 0.062263 -0.014411 0.003818
v 0.062303 -0.014418 0.003637
v 0.062303 -0.014270 0.004164
v 0.057197 -0.014836 0.011209
v 0.057313 -0.014906 0.011014
v 0.057652 -0.014524 0.011209
v 0.057714 -0.014906 0.010641
v 0.057853 -0.014809 0.010641
v 0.058102 -0.014906 0.010254
v 0.058307 -0.014477 0.010641
v 0.058506 -0.014740 0.010062
v 0.058750 -0.014131 0.010641
v 0.058957 -0.014388 0.010062
v 0.059183 -0.013772 0.010641
v 0.059398 -0.014022 0.010062
v 0.059604 -0.013399 0.010641
v 0.059827 -0.013643 0.010062
v 0.058475 -0.014906 0.009852
v 0.058833 -0.014906 0.009438
v 0.059153 -0.014631 0.009473
v 0.059601 -0.014259 0.009473
v 0.060037 -0.013874 0.009473
v 0.059176 -0.014906 0.009010
v 0.059337 -0.014860 0.008875
v 0.059791 -0.014482 0.008875
v 0.060234 -0.014090 0.008875
v 0.059503 -0.014906 0.008571
v 0.059970 -0.014690 0.008267
v 0.059813 -0.014906 0.008119
v 0.060107 -0.014906 0.007657
v 0.060136 -0.014884 0.007652
v 0.060384 -0.014906 0.007184
v 0.060591 -0.014481 0.007652
v 0.060750 -0.014656 0.007028
v 0.060643 -0.014906 0.006701
v 0.060895 -0.014815 0.006398
v 0.060885 -0.014906 0.006210
v 0.061108 -0.014906 0.005709
v 0.061314 -0.014906 0.005201
v 0.061500 -0.014906 0.004686
v 0.061667 -0.014906 0.004164
v 0.061816 -0.014906 0.003637
v 0.061944 -0.014906 0.003104
v 0.062303 -0.014547 0.003104
v 0.062303 -0.014656 0.002567
v 0.062054 -0.014906 0.002567
v 0.062143 -0.014906 0.002027
v 0.062303 -0.014746 0.002027
v 0.062213 -0.014906 0.001483
v 0.062303 -0.014816 0.001483
v 0.062263 -0.014906 0.000938
v 0.062303 -0.014866 0.000938
v 0.062293 -0.014906 0.000391
v 0.062303 -0.014896 0.000391
v 0.062303 -0.014102 0.004686
v 0.062303 -0.013916 0.005201
v 0.062303 -0.013711 0.005709
v 0.062303 -0.013487 0.006210
v 0.062303 -0.013246 0.006701
v 0.062213 -0.013497 0.006398
v 0.062053 -0.013352 0.007028
v 0.062303 -0.012986 0.007184
v 0.061879 -0.013193 0.007652
v 0.062281 -0.012738 0.007652
v 0.062088 -0.012572 0.008267
v 0.062303 -0.012710 0.007657
v 0.062303 -0.012416 0.008119
v 0.062303 -0.012105 0.008571
v 0.061880 -0.012394 0.008875
v 0.061691 -0.013021 0.008267
v 0.061488 -0.012837 0.008875
v 0.062257 -0.011939 0.008875
v 0.062303 -0.011778 0.009010
v 0.062029 -0.011755 0.009473
v 0.062303 -0.011435 0.009438
v 0.061786 -0.011560 0.010062
v 0.062138 -0.011108 0.010062
v 0.061874 -0.010909 0.010641
v 0.062303 -0.010704 0.010254
v 0.062206 -0.010455 0.010641
v 0.062303 -0.010317 0.010641
v 0.061922 -0.010254 0.011209
v 0.062303 -0.009915 0.011014
v 0.062234 -0.009799 0.011209
v 0.062303 -0.009501 0.011372
v 0.061929 -0.009597 0.011766
v 0.062220 -0.009142 0.011766
v 0.061895 -0.008940 0.012312
v 0.062303 -0.008634 0.012042
v 0.062166 -0.008487 0.012312
v 0.062303 -0.008182 0.012353
v 0.061819 -0.008286 0.012844
v 0.062071 -0.007835 0.012844
v 0.061703 -0.007638 0.013365
v 0.061935 -0.007191 0.013365
v 0.061547 -0.006998 0.013871
v 0.061759 -0.006556 0.013871
v 0.061352 -0.006369 0.014364
v 0.061544 -0.005933 0.014364
v 0.061108 -0.005772 0.014843
v 0.061723 -0.005492 0.014364
v 0.061314 -0.005264 0.014843
v 0.061888 -0.005045 0.014364
v 0.061500 -0.004749 0.014843
v 0.062039 -0.004593 0.014364
v 0.061667 -0.004227 0.014843
v 0.062177 -0.004137 0.014364
v 0.061816 -0.003700 0.014843
v 0.062303 -0.003700 0.014355
v 0.061944 -0.003167 0.014843
v 0.062303 -0.003167 0.014484
v 0.062054 -0.002630 0.014843
v 0.062303 -0.002630 0.014593
v 0.062143 -0.002090 0.014843
v 0.062303 -0.002090 0.014683
v 0.062213 -0.001546 0.014843
v 0.062303 -0.001546 0.014753
v 0.062263 -0.001001 0.014843
v 0.062303 -0.001001 0.014803
v 0.062293 -0.000453 0.014843
v 0.062303 -0.000453 0.014833
v 0.062303 -0.011077 0.009852
v 0.062303 -0.009073 0.011715
v 0.062303 -0.007720 0.012647
v 0.062303 -0.007247 0.012923
v 0.062303 -0.006764 0.013183
v 0.062152 -0.006737 0.013365
v 0.062303 -0.006272 0.013424
v 0.061957 -0.006108 0.013871
v 0.062303 -0.005772 0.013648
v 0.062141 -0.005654 0.013871
v 0.062303 -0.005264 0.013853
v 0.062303 -0.004749 0.014039
v 0.062303 -0.004227 0.014207
v 0.060885 -0.006272 0.014843
v 0.061146 -0.006798 0.014364
v 0.061322 -0.007434 0.013871
v 0.061459 -0.008078 0.013365
v 0.061554 -0.008730 0.012844
v 0.061609 -0.009385 0.012312
v 0.061624 -0.010043 0.011766
v 0.061597 -0.010699 0.011209
v 0.061529 -0.011353 0.010641
v 0.061420 -0.012000 0.010062
v 0.061657 -0.012203 0.009473
v 0.061271 -0.012639 0.009473
v 0.060643 -0.006764 0.014843
v 0.060927 -0.007221 0.014364
v 0.061084 -0.007862 0.013871
v 0.061200 -0.008510 0.013365
v 0.061276 -0.009164 0.012844
v 0.061311 -0.009821 0.012312
v 0.061305 -0.010479 0.011766
v 0.061257 -0.011134 0.011209
v 0.061169 -0.011785 0.010641
v 0.061041 -0.012429 0.010062
v 0.060384 -0.007247 0.014843
v 0.060695 -0.007637 0.014364
v 0.060832 -0.008282 0.013871
v 0.060929 -0.008934 0.013365
v 0.060984 -0.009590 0.012844
v 0.060999 -0.010248 0.012312
v 0.060972 -0.010905 0.011766
v 0.060905 -0.011559 0.011209
v 0.060797 -0.012207 0.010641
v 0.060107 -0.007720 0.014843
v 0.060451 -0.008046 0.014364
v 0.060568 -0.008695 0.013871
v 0.060644 -0.009349 0.013365
v 0.060679 -0.010007 0.012844
v 0.060674 -0.010665 0.012312
v 0.060627 -0.011321 0.011766
v 0.060540 -0.011972 0.011209
v 0.059813 -0.008182 0.014843
v 0.060194 -0.008447 0.014364
v 0.060291 -0.009099 0.013871
v 0.060347 -0.009756 0.013365
v 0.060362 -0.010414 0.012844
v 0.060336 -0.011071 0.012312
v 0.060269 -0.011726 0.011766
v 0.059925 -0.008840 0.014364
v 0.059503 -0.008634 0.014843
v 0.059644 -0.009225 0.014364
v 0.059176 -0.009073 0.014843
v 0.059351 -0.009600 0.014364
v 0.058833 -0.009501 0.014843
v 0.059047 -0.009967 0.014364
v 0.058475 -0.009915 0.014843
v 0.058731 -0.010323 0.014364
v 0.058102 -0.010317 0.014843
v 0.056898 -0.011435 0.014843
v 0.056998 -0.011953 0.014364
v 0.056893 -0.012604 0.013871
v 0.056747 -0.013246 0.013365
v 0.056562 -0.013878 0.012844
v 0.056471 -0.011778 0.014843
v 0.056622 -0.012246 0.014364
v 0.056497 -0.012893 0.013871
v 0.056332 -0.013531 0.013365
v 0.056031 -0.012105 0.014843
v 0.056238 -0.012527 0.014364
v 0.056093 -0.013170 0.013871
v 0.055580 -0.012416 0.014843
v 0.055845 -0.012796 0.014364
v 0.054196 -0.013748 0.014364
v 0.053670 -0.013487 0.014843
v 0.054396 -0.014150 0.013871
v 0.057440 -0.014226 0.011766
v 0.057877 -0.013907 0.011766
v 0.058097 -0.014199 0.011209
v 0.058303 -0.013575 0.011766
v 0.058532 -0.013860 0.011209
v 0.058718 -0.013229 0.011766
v 0.058956 -0.013507 0.011209
v 0.059123 -0.012872 0.011766
v 0.059370 -0.013142 0.011209
v 0.057646 -0.013601 0.012312
v 0.057812 -0.012964 0.012844
v 0.057938 -0.012318 0.013365
v 0.058023 -0.011665 0.013871
v 0.058062 -0.013276 0.012312
v 0.058469 -0.012938 0.012312
v 0.058865 -0.012588 0.012312
v 0.058209 -0.012635 0.012844
v 0.058315 -0.011985 0.013365
v 0.060419 -0.014293 0.008267
v 0.058596 -0.012293 0.012844
v 0.059986 -0.011467 0.012312
v 0.059690 -0.011198 0.012844
v 0.059382 -0.010917 0.013365
v 0.059063 -0.010626 0.013871
v 0.060032 -0.010811 0.012844
v 0.059716 -0.010540 0.013365
v 0.059387 -0.010258 0.013871
v 0.060037 -0.010153 0.013365
v 0.059700 -0.009881 0.013871
v 0.060002 -0.009495 0.013871
v 0.032303 0.000642 -0.015147
v 0.032303 0.001189 -0.015117
v 0.032303 0.001735 -0.015067
v 0.032393 0.001735 -0.015157
v 0.032303 0.002278 -0.014997
v 0.032463 0.002278 -0.015157
v 0.032303 0.002819 -0.014908
v 0.032553 0.002819 -0.015157
v 0.032303 0.003356 -0.014798
v 0.032303 0.003888 -0.014670
v 0.032430 0.004326 -0.014679
v 0.032939 0.004416 -0.015157
v 0.032567 0.004782 -0.014679
v 0.033107 0.004938 -0.015157
v 0.032719 0.005234 -0.014679
v 0.032884 0.005681 -0.014679
v 0.033063 0.006122 -0.014679
v 0.033255 0.006558 -0.014679
v 0.032650 0.006297 -0.014186
v 0.032848 0.006745 -0.014186
v 0.032303 0.006461 -0.013739
v 0.032454 0.006926 -0.013679
v 0.032303 0.006953 -0.013497
v 0.032672 0.007380 -0.013679
v 0.032303 0.007436 -0.013238
v 0.032536 0.008024 -0.013159
v 0.032303 0.007908 -0.012961
v 0.032303 0.008371 -0.012667
v 0.032303 0.004416 -0.014521
v 0.032303 0.004938 -0.014354
v 0.032303 0.005453 -0.014168
v 0.032466 0.005843 -0.014186
v 0.032303 0.005961 -0.013962
v 0.032303 0.008822 -0.012357
v 0.032441 0.008675 -0.012626
v 0.032787 0.008475 -0.013159
v 0.033148 0.008267 -0.013679
v 0.032903 0.007827 -0.013679
v 0.033523 0.008051 -0.014186
v 0.033284 0.007622 -0.014186
v 0.033911 0.007826 -0.014679
v 0.033680 0.007410 -0.014679
v 0.034223 0.007436 -0.015157
v 0.033963 0.006953 -0.015157
v 0.032303 0.009262 -0.012030
v 0.032386 0.009331 -0.012081
v 0.032712 0.009129 -0.012626
v 0.033052 0.008918 -0.013159
v 0.033406 0.008699 -0.013679
v 0.033774 0.008471 -0.014186
v 0.034156 0.008235 -0.014679
v 0.032303 0.009689 -0.011687
v 0.032678 0.009786 -0.012081
v 0.032997 0.009574 -0.012626
v 0.033296 0.010010 -0.012626
v 0.033622 0.009779 -0.013159
v 0.033927 0.010196 -0.013159
v 0.034260 0.009944 -0.013679
v 0.034569 0.010341 -0.013679
v 0.034906 0.010070 -0.014186
v 0.035219 0.010447 -0.014186
v 0.035560 0.010155 -0.014679
v 0.035875 0.010512 -0.014679
v 0.036202 0.010859 -0.014679
v 0.036538 0.011196 -0.014679
v 0.035880 0.011171 -0.014186
v 0.036226 0.011518 -0.014186
v 0.035569 0.011473 -0.013679
v 0.035925 0.011829 -0.013679
v 0.035270 0.011763 -0.013159
v 0.035635 0.012128 -0.013159
v 0.034983 0.012041 -0.012626
v 0.035356 0.012415 -0.012626
v 0.034708 0.012308 -0.012081
v 0.035090 0.012690 -0.012081
v 0.034445 0.012563 -0.011524
v 0.034835 0.012953 -0.011524
v 0.034195 0.012805 -0.010956
v 0.034593 0.013203 -0.010956
v 0.033958 0.013035 -0.010377
v 0.034363 0.013440 -0.010377
v 0.033734 0.013252 -0.009788
v 0.034146 0.013664 -0.009788
v 0.033524 0.013456 -0.009189
v 0.033942 0.013874 -0.009189
v 0.033327 0.013647 -0.008582
v 0.033751 0.014071 -0.008582
v 0.033144 0.013825 -0.007966
v 0.033573 0.014254 -0.007966
v 0.032974 0.013989 -0.007343
v 0.033409 0.014423 -0.007343
v 0.032819 0.014139 -0.006713
v 0.033259 0.014578 -0.006713
v 0.032679 0.014275 -0.006076
v 0.033122 0.014719 -0.006076
v 0.032553 0.014398 -0.005433
v 0.033000 0.014845 -0.005433
v 0.032441 0.014506 -0.004785
v 0.032892 0.014957 -0.004785
v 0.032344 0.014600 -0.004132
v 0.032798 0.015054 -0.004132
v 0.032303 0.014607 -0.003951
v 0.032791 0.015094 -0.003951
v 0.032303 0.014736 -0.003419
v 0.032662 0.015094 -0.003419
v 0.032303 0.014845 -0.002882
v 0.032553 0.015094 -0.002882
v 0.032303 0.014935 -0.002341
v 0.032463 0.015094 -0.002341
v 0.032303 0.015004 -0.001798
v 0.032393 0.015094 -0.001798
v 0.032303 0.015054 -0.001252
v 0.032343 0.015094 -0.001252
v 0.032303 0.015084 -0.000705
v 0.032313 0.015094 -0.000705
v 0.032373 0.009988 -0.011524
v 0.032303 0.010104 -0.011329
v 0.032684 0.010443 -0.011524
v 0.032303 0.010505 -0.010956
v 0.032400 0.010644 -0.010956
v 0.032303 0.010893 -0.010568
v 0.032732 0.011098 -0.010956
v 0.032469 0.011297 -0.010377
v 0.033078 0.011541 -0.010956
v 0.032821 0.011748 -0.010377
v 0.033437 0.011974 -0.010956
v 0.033187 0.012189 -0.010377
v 0.033810 0.012395 -0.010956
v 0.033566 0.012618 -0.010377
v 0.032303 0.011266 -0.010167
v 0.032303 0.011624 -0.009752
v 0.032578 0.011944 -0.009788
v 0.032950 0.012392 -0.009788
v 0.033335 0.012828 -0.009788
v 0.032303 0.011967 -0.009325
v 0.032349 0.012128 -0.009189
v 0.032727 0.012583 -0.009189
v 0.033119 0.013025 -0.009189
v 0.032303 0.012294 -0.008885
v 0.032519 0.012761 -0.008582
v 0.032303 0.012604 -0.008434
v 0.032303 0.012898 -0.007971
v 0.032325 0.012927 -0.007966
v 0.032303 0.013175 -0.007499
v 0.032727 0.013382 -0.007966
v 0.032553 0.013541 -0.007343
v 0.032303 0.013435 -0.007016
v 0.032394 0.013686 -0.006713
v 0.032303 0.013676 -0.006524
v 0.032303 0.013900 -0.006024
v 0.032303 0.014105 -0.005516
v 0.032303 0.014291 -0.005001
v 0.032303 0.014458 -0.004479
v 0.032939 0.015094 -0.004479
v 0.033107 0.015094 -0.005001
v 0.033293 0.015094 -0.005516
v 0.033498 0.015094 -0.006024
v 0.033722 0.015094 -0.006524
v 0.033712 0.015004 -0.006713
v 0.033857 0.014844 -0.007343
v 0.033963 0.015094 -0.007016
v 0.034223 0.015094 -0.007499
v 0.034499 0.015094 -0.007971
v 0.034471 0.015073 -0.007966
v 0.034016 0.014670 -0.007966
v 0.034793 0.015094 -0.008434
v 0.034637 0.014879 -0.008582
v 0.034187 0.014482 -0.008582
v 0.035104 0.015094 -0.008885
v 0.034815 0.014671 -0.009189
v 0.034372 0.014279 -0.009189
v 0.035270 0.015048 -0.009189
v 0.035431 0.015094 -0.009325
v 0.035454 0.014820 -0.009788
v 0.035774 0.015094 -0.009752
v 0.035649 0.014577 -0.010377
v 0.036101 0.014929 -0.010377
v 0.036300 0.014665 -0.010956
v 0.036505 0.015094 -0.010568
v 0.036754 0.014997 -0.010956
v 0.036892 0.015094 -0.010956
v 0.036955 0.014713 -0.011524
v 0.037294 0.015094 -0.011329
v 0.037410 0.015025 -0.011524
v 0.037708 0.015094 -0.011687
v 0.037612 0.014720 -0.012081
v 0.038067 0.015011 -0.012081
v 0.038269 0.014686 -0.012626
v 0.038575 0.015094 -0.012357
v 0.038722 0.014957 -0.012626
v 0.039027 0.015094 -0.012667
v 0.038922 0.014610 -0.013159
v 0.039373 0.014862 -0.013159
v 0.039571 0.014495 -0.013679
v 0.040018 0.014726 -0.013679
v 0.040211 0.014338 -0.014186
v 0.040653 0.014550 -0.014186
v 0.040840 0.014143 -0.014679
v 0.041276 0.014335 -0.014679
v 0.041717 0.014514 -0.014679
v 0.041945 0.014105 -0.015157
v 0.042164 0.014679 -0.014679
v 0.042615 0.014830 -0.014679
v 0.043071 0.014968 -0.014679
v 0.043509 0.015094 -0.014670
v 0.044042 0.015094 -0.014798
v 0.044579 0.014845 -0.015157
v 0.044579 0.015094 -0.014908
v 0.045119 0.015094 -0.014997
v 0.045663 0.015004 -0.015157
v 0.045663 0.015094 -0.015067
v 0.046208 0.015094 -0.015117
v 0.036132 0.015094 -0.010167
v 0.038136 0.015094 -0.012030
v 0.039489 0.015094 -0.012961
v 0.039962 0.015094 -0.013238
v 0.040445 0.015094 -0.013497
v 0.040472 0.014943 -0.013679
v 0.040936 0.015094 -0.013739
v 0.041101 0.014748 -0.014186
v 0.041437 0.015094 -0.013962
v 0.041555 0.014932 -0.014186
v 0.041945 0.015094 -0.014168
v 0.042460 0.015094 -0.014354
v 0.042982 0.015094 -0.014521
v 0.040411 0.013937 -0.014679
v 0.039775 0.014113 -0.014186
v 0.039131 0.014250 -0.013679
v 0.038479 0.014345 -0.013159
v 0.037824 0.014401 -0.012626
v 0.037166 0.014415 -0.012081
v 0.036510 0.014388 -0.011524
v 0.035856 0.014320 -0.010956
v 0.035209 0.014211 -0.010377
v 0.035006 0.014448 -0.009788
v 0.034570 0.014062 -0.009788
v 0.039988 0.013718 -0.014679
v 0.039347 0.013875 -0.014186
v 0.038699 0.013991 -0.013679
v 0.038045 0.014067 -0.013159
v 0.037388 0.014102 -0.012626
v 0.036730 0.014096 -0.012081
v 0.036075 0.014048 -0.011524
v 0.035424 0.013960 -0.010956
v 0.034780 0.013832 -0.010377
v 0.039571 0.013486 -0.014679
v 0.038927 0.013623 -0.014186
v 0.038275 0.013720 -0.013679
v 0.037619 0.013775 -0.013159
v 0.036961 0.013790 -0.012626
v 0.036304 0.013763 -0.012081
v 0.035650 0.013696 -0.011524
v 0.035002 0.013588 -0.010956
v 0.039163 0.013242 -0.014679
v 0.038514 0.013359 -0.014186
v 0.037860 0.013435 -0.013679
v 0.037202 0.013471 -0.013159
v 0.036544 0.013465 -0.012626
v 0.035888 0.013418 -0.012081
v 0.035237 0.013331 -0.011524
v 0.038762 0.012985 -0.014679
v 0.038110 0.013082 -0.014186
v 0.037453 0.013138 -0.013679
v 0.036795 0.013153 -0.013159
v 0.036137 0.013127 -0.012626
v 0.035483 0.013060 -0.012081
v 0.038369 0.012716 -0.014679
v 0.037984 0.012435 -0.014679
v 0.037609 0.012142 -0.014679
v 0.037242 0.011838 -0.014679
v 0.036885 0.011522 -0.014679
v 0.035256 0.009789 -0.014679
v 0.034605 0.009684 -0.014186
v 0.033963 0.009538 -0.013679
v 0.033331 0.009353 -0.013159
v 0.034963 0.009413 -0.014679
v 0.034316 0.009288 -0.014186
v 0.033678 0.009123 -0.013679
v 0.034682 0.009029 -0.014679
v 0.034039 0.008884 -0.014186
v 0.034413 0.008636 -0.014679
v 0.033461 0.006987 -0.014679
v 0.033722 0.006461 -0.015157
v 0.033059 0.007187 -0.014186
v 0.032983 0.010231 -0.012081
v 0.033302 0.010668 -0.012081
v 0.033010 0.010888 -0.011524
v 0.033634 0.011094 -0.012081
v 0.033349 0.011323 -0.011524
v 0.033980 0.011509 -0.012081
v 0.033702 0.011748 -0.011524
v 0.034337 0.011914 -0.012081
v 0.034067 0.012161 -0.011524
v 0.033608 0.010437 -0.012626
v 0.034245 0.010603 -0.013159
v 0.034891 0.010729 -0.013679
v 0.035544 0.010814 -0.014186
v 0.033933 0.010854 -0.012626
v 0.034271 0.011260 -0.012626
v 0.034621 0.011656 -0.012626
v 0.034574 0.011000 -0.013159
v 0.035224 0.011106 -0.013679
v 0.032916 0.013210 -0.008582
v 0.034916 0.011387 -0.013159
v 0.035741 0.012777 -0.012626
v 0.036011 0.012481 -0.013159
v 0.036292 0.012174 -0.013679
v 0.036583 0.011854 -0.014186
v 0.036398 0.012823 -0.013159
v 0.036669 0.012507 -0.013679
v 0.036950 0.012178 -0.014186
v 0.037056 0.012828 -0.013679
v 0.037328 0.012491 -0.014186
v 0.037714 0.012793 -0.014186
v 0.054622 -0.014906 -0.004239
v 0.054374 -0.014906 -0.004228
v 0.054868 -0.014906 -0.004269
v 0.055111 -0.014906 -0.004320
v 0.055348 -0.014906 -0.004391
v 0.055579 -0.014906 -0.004481
v 0.055802 -0.014906 -0.004590
v 0.056015 -0.014906 -0.004717
v 0.056217 -0.014906 -0.004861
v 0.056406 -0.014906 -0.005021
v 0.056582 -0.014906 -0.005197
v 0.056742 -0.014906 -0.005386
v 0.056886 -0.014906 -0.005588
v 0.057013 -0.014906 -0.005801
v 0.057122 -0.014906 -0.006023
v 0.057212 -0.014906 -0.006254
v 0.057283 -0.014906 -0.006492
v 0.057333 -0.014906 -0.006735
v 0.057364 -0.014906 -0.006981
v 0.057374 -0.014906 -0.007228
v 0.057364 -0.014906 -0.007476
v 0.057333 -0.014906 -0.007722
v 0.057283 -0.014906 -0.007965
v 0.057212 -0.014906 -0.008202
v 0.057122 -0.014906 -0.008433
v 0.057013 -0.014906 -0.008656
v 0.056886 -0.014906 -0.008869
v 0.056742 -0.014906 -0.009071
v 0.056582 -0.014906 -0.009260
v 0.056406 -0.014906 -0.009436
v 0.056217 -0.014906 -0.009596
v 0.056015 -0.014906 -0.009740
v 0.055802 -0.014906 -0.009867
v 0.055579 -0.014906 -0.009976
v 0.055348 -0.014906 -0.010066
v 0.055111 -0.014906 -0.010137
v 0.054868 -0.014906 -0.010187
v 0.054622 -0.014906 -0.010218
v 0.054374 -0.014906 -0.010228
v 0.054127 -0.014906 -0.010218
v 0.053881 -0.014906 -0.010187
v 0.053638 -0.014906 -0.010137
v 0.053400 -0.014906 -0.010066
v 0.053169 -0.014906 -0.009976
v 0.052947 -0.014906 -0.009867
v 0.052734 -0.014906 -0.009740
v 0.052532 -0.014906 -0.009596
v 0.052343 -0.014906 -0.009436
v 0.052167 -0.014906 -0.009260
v 0.052007 -0.014906 -0.009071
v 0.051863 -0.014906 -0.008869
v 0.051736 -0.014906 -0.008656
v 0.051627 -0.014906 -0.008433
v 0.051537 -0.014906 -0.008202
v 0.051466 -0.014906 -0.007965
v 0.051415 -0.014906 -0.007722
v 0.051385 -0.014906 -0.007476
v 0.051374 -0.014906 -0.007228
v 0.051385 -0.014906 -0.006981
v 0.051415 -0.014906 -0.006735
v 0.051466 -0.014906 -0.006492
v 0.051537 -0.014906 -0.006254
v 0.051627 -0.014906 -0.006023
v 0.040726 -0.014906 0.003955
v 0.040969 -0.014906 0.004006
v 0.041206 -0.014906 0.004076
v 0.041437 -0.014906 0.004166
v 0.051736 -0.014906 -0.005801
v 0.041660 -0.014906 0.004275
v 0.051863 -0.014906 -0.005588
v 0.041873 -0.014906 0.004402
v 0.052007 -0.014906 -0.005386
v 0.042075 -0.014906 0.004546
v 0.052167 -0.014906 -0.005197
v 0.042264 -0.014906 0.004707
v 0.052343 -0.014906 -0.005021
v 0.042439 -0.014906 0.004882
v 0.052532 -0.014906 -0.004861
v 0.042600 -0.014906 0.005071
v 0.052734 -0.014906 -0.004717
v 0.042744 -0.014906 0.005273
v 0.052947 -0.014906 -0.004590
v 0.042871 -0.014906 0.005486
v 0.053169 -0.014906 -0.004481
v 0.042980 -0.014906 0.005709
v 0.053400 -0.014906 -0.004391
v 0.043070 -0.014906 0.005940
v 0.053638 -0.014906 -0.004320
v 0.043140 -0.014906 0.006177
v 0.053881 -0.014906 -0.004269
v 0.054127 -0.014906 -0.004239
v 0.040480 -0.014906 0.009904
v 0.040232 -0.014906 0.009914
v 0.040726 -0.014906 0.009873
v 0.040969 -0.014906 0.009822
v 0.041206 -0.014906 0.009751
v 0.041437 -0.014906 0.009661
v 0.041660 -0.014906 0.009552
v 0.041873 -0.014906 0.009425
v 0.042075 -0.014906 0.009281
v 0.042264 -0.014906 0.009121
v 0.042439 -0.014906 0.008946
v 0.042600 -0.014906 0.008756
v 0.042744 -0.014906 0.008555
v 0.042871 -0.014906 0.008342
v 0.042980 -0.014906 0.008119
v 0.043070 -0.014906 0.007888
v 0.043140 -0.014906 0.007650
v 0.043191 -0.014906 0.007408
v 0.043222 -0.014906 0.007162
v 0.043232 -0.014906 0.006914
v 0.043222 -0.014906 0.006666
v 0.043191 -0.014906 0.006420
v 0.040480 -0.014906 0.003924
v 0.040232 -0.014906 0.003914
v 0.039985 -0.014906 0.003924
v 0.039738 -0.014906 0.003955
v 0.039496 -0.014906 0.004006
v 0.039258 -0.014906 0.004076
v 0.039027 -0.014906 0.004166
v 0.038804 -0.014906 0.004275
v 0.038591 -0.014906 0.004402
v 0.038390 -0.014906 0.004546
v 0.038200 -0.014906 0.004707
v 0.038025 -0.014906 0.004882
v 0.037865 -0.014906 0.005071
v 0.037721 -0.014906 0.005273
v 0.037594 -0.014906 0.005486
v 0.037485 -0.014906 0.005709
v 0.037395 -0.014906 0.005940
v 0.037324 -0.014906 0.006177
v 0.037273 -0.014906 0.006420
v 0.037242 -0.014906 0.006666
v 0.037232 -0.014906 0.006914
v 0.037242 -0.014906 0.007162
v 0.037273 -0.014906 0.007408
v 0.037324 -0.014906 0.007650
v 0.037395 -0.014906 0.007888
v 0.037485 -0.014906 0.008119
v 0.037594 -0.014906 0.008342
v 0.037721 -0.014906 0.008555
v 0.037865 -0.014906 0.008756
v 0.038025 -0.014906 0.008946
v 0.038200 -0.014906 0.009121
v 0.038390 -0.014906 0.009281
v 0.038591 -0.014906 0.009425
v 0.038804 -0.014906 0.009552
v 0.039027 -0.014906 0.009661
v 0.039258 -0.014906 0.009751
v 0.039496 -0.014906 0.009822
v 0.039738 -0.014906 0.009873
v 0.039985 -0.014906 0.009904
v 0.032303 -0.007224 -0.004238
v 0.032303 -0.007224 0.003924
v 0.032303 -0.006977 -0.004228
v 0.032303 -0.006977 0.003914
v 0.032303 -0.006729 -0.004238
v 0.032303 -0.006729 0.003924
v 0.032303 -0.006483 -0.004269
v 0.032303 -0.006483 0.003955
v 0.032303 -0.006240 -0.004320
v 0.032303 -0.006240 0.004006
v 0.032303 -0.006002 -0.004391
v 0.032303 -0.006002 0.004076
v 0.032303 -0.005771 -0.004481
v 0.032303 -0.005771 0.004166
v 0.032303 -0.005549 -0.004590
v 0.032303 -0.005549 0.004275
v 0.032303 -0.005336 -0.004717
v 0.032303 -0.005336 0.004402
v 0.032303 -0.005134 -0.004861
v 0.032303 -0.005134 0.004546
v 0.032303 -0.004945 -0.005021
v 0.032303 -0.004945 0.004707
v 0.032303 0.004958 0.004882
v 0.032303 -0.004769 0.004882
v 0.032303 0.004798 0.005071
v 0.032303 -0.004609 0.005071
v 0.032303 0.004654 0.005273
v 0.032303 -0.004465 0.005273
v 0.032303 0.004527 0.005486
v 0.032303 -0.004338 0.005486
v 0.032303 0.004418 0.005709
v 0.032303 -0.004229 0.005709
v 0.032303 0.004328 0.005940
v 0.032303 -0.004139 0.005940
v 0.032303 0.004257 0.006177
v 0.032303 -0.004068 0.006177
v 0.032303 0.004206 0.006420
v 0.032303 -0.004017 0.006420
v 0.032303 0.004176 0.006666
v 0.032303 -0.003987 0.006666
v 0.032303 0.004165 0.006914
v 0.032303 -0.003977 0.006914
v 0.032303 0.004176 0.007162
v 0.032303 -0.003987 0.007162
v 0.032303 0.004206 0.007408
v 0.032303 -0.004017 0.007408
v 0.032303 0.004257 0.007650
v 0.032303 -0.004068 0.007650
v 0.032303 0.004328 0.007888
v 0.032303 -0.004139 0.007888
v 0.032303 0.004418 0.008119
v 0.032303 -0.004229 0.008119
v 0.032303 -0.004338 0.008342
v 0.032303 -0.004465 0.008555
v 0.032303 -0.004609 0.008756
v 0.032303 -0.004769 0.008946
v 0.032303 -0.004945 0.009121
v 0.032303 -0.005134 0.009281
v 0.032303 -0.005336 0.009425
v 0.032303 -0.005549 0.009552
v 0.032303 -0.005771 0.009661
v 0.032303 -0.006002 0.009751
v 0.032303 -0.006240 0.009822
v 0.032303 -0.006483 0.009873
v 0.032303 -0.006729 0.009904
v 0.032303 -0.006977 0.009914
v 0.032303 -0.007224 0.009904
v 0.032303 -0.007470 0.003955
v 0.032303 -0.007470 -0.004269
v 0.032303 -0.007713 0.004006
v 0.032303 -0.007713 -0.004320
v 0.032303 -0.007951 0.004076
v 0.032303 -0.007951 -0.004391
v 0.032303 -0.008182 0.004166
v 0.032303 -0.008182 -0.004481
v 0.032303 -0.008404 -0.004590
v 0.032303 -0.008617 -0.004717
v 0.032303 -0.008819 -0.004861
v 0.032303 -0.009008 -0.005021
v 0.032303 -0.009184 -0.005196
v 0.032303 -0.009344 -0.005386
v 0.032303 -0.009488 -0.005587
v 0.032303 -0.009615 -0.005800
v 0.032303 -0.009724 -0.006023
v 0.032303 -0.009814 -0.006254
v 0.032303 -0.009885 -0.006492
v 0.032303 -0.009936 -0.006734
v 0.032303 -0.009966 -0.006980
v 0.032303 -0.009977 -0.007228
v 0.032303 -0.009966 -0.007476
v 0.032303 -0.009936 -0.007722
v 0.032303 -0.009885 -0.007965
v 0.032303 -0.009814 -0.008202
v 0.032303 -0.009724 -0.008433
v 0.032303 -0.009615 -0.008656
v 0.032303 -0.009488 -0.008869
v 0.032303 -0.009344 -0.009071
v 0.032303 -0.009184 -0.009260
v 0.032303 -0.009008 -0.009435
v 0.032303 -0.008819 -0.009596
v 0.032303 -0.008617 -0.009740
v 0.032303 -0.008404 -0.009867
v 0.032303 -0.008182 -0.009976
v 0.032303 -0.007951 -0.010066
v 0.032303 -0.007713 -0.010136
v 0.032303 -0.007470 -0.010187
v 0.032303 -0.007224 -0.010218
v 0.032303 -0.006977 -0.010228
v 0.032303 -0.006729 -0.010218
v 0.032303 -0.006483 -0.010187
v 0.032303 -0.006240 -0.010136
v 0.032303 -0.006002 -0.010066
v 0.032303 -0.005771 -0.009976
v 0.032303 -0.005549 -0.009867
v 0.032303 -0.005336 -0.009740
v 0.032303 -0.005134 -0.009596
v 0.032303 -0.004945 -0.009435
v 0.032303 -0.004769 -0.009260
v 0.032303 -0.004609 -0.009071
v 0.032303 -0.004465 -0.008869
v 0.032303 -0.004338 -0.008656
v 0.032303 -0.004229 -0.008433
v 0.032303 0.004418 -0.008433
v 0.032303 0.004527 -0.008656
v 0.032303 0.004654 -0.008869
v 0.032303 0.004798 -0.009071
v 0.032303 0.004958 -0.009260
v 0.032303 0.004328 -0.008202
v 0.032303 -0.004139 -0.008202
v 0.032303 0.004257 -0.007965
v 0.032303 -0.004068 -0.007965
v 0.032303 0.004206 -0.007722
v 0.032303 -0.004017 -0.007722
v 0.032303 0.004176 -0.007476
v 0.032303 -0.003987 -0.007476
v 0.032303 0.004165 -0.007228
v 0.032303 -0.003977 -0.007228
v 0.032303 0.004176 -0.006980
v 0.032303 -0.003987 -0.006980
v 0.032303 0.004206 -0.006734
v 0.032303 -0.004017 -0.006734
v 0.032303 0.004257 -0.006492
v 0.032303 -0.004068 -0.006492
v 0.032303 0.004328 -0.006254
v 0.032303 -0.004139 -0.006254
v 0.032303 0.004418 -0.006023
v 0.032303 -0.004229 -0.006023
v 0.032303 0.004527 -0.005800
v 0.032303 -0.004338 -0.005800
v 0.032303 0.004654 -0.005587
v 0.032303 -0.004465 -0.005587
v 0.032303 0.004798 -0.005386
v 0.032303 -0.004609 -0.005386
v 0.032303 0.004958 -0.005196
v 0.032303 -0.004769 -0.005196
v 0.032303 0.005134 -0.005021
v 0.032303 0.005134 0.004707
v 0.032303 0.005323 0.004546
v 0.032303 0.007413 -0.004238
v 0.032303 0.007165 -0.004228
v 0.032303 0.007165 0.003914
v 0.032303 0.006918 -0.004238
v 0.032303 0.006918 0.003924
v 0.032303 0.006672 -0.004269
v 0.032303 0.006672 0.003955
v 0.032303 0.006429 -0.004320
v 0.032303 0.006429 0.004006
v 0.032303 0.006191 -0.004391
v 0.032303 0.006191 0.004076
v 0.032303 0.005960 -0.004481
v 0.032303 0.005960 0.004166
v 0.032303 0.005738 -0.004590
v 0.032303 0.005738 0.004275
v 0.032303 0.005525 -0.004717
v 0.032303 0.005525 0.004402
v 0.032303 0.005323 -0.004861
v 0.032303 0.005134 -0.009435
v 0.032303 0.005323 -0.009596
v 0.032303 0.005525 -0.009740
v 0.032303 0.005738 -0.009867
v 0.032303 0.005960 -0.009976
v 0.032303 0.006191 -0.010066
v 0.032303 0.006429 -0.010136
v 0.032303 0.006672 -0.010187
v 0.032303 0.006918 -0.010218
v 0.032303 0.007165 -0.010228
v 0.032303 0.007413 -0.010218
v 0.032303 0.007659 -0.010187
v 0.032303 0.007902 -0.010136
v 0.032303 0.008140 -0.010066
v 0.032303 0.008371 -0.009976
v 0.032303 0.008593 -0.009867
v 0.032303 0.008806 -0.009740
v 0.032303 0.009008 -0.009596
v 0.032303 0.009197 -0.009435
v 0.032303 0.009373 -0.009260
v 0.032303 0.009533 -0.009071
v 0.032303 0.009677 -0.008869
v 0.032303 0.009804 -0.008656
v 0.032303 0.009913 -0.008433
v 0.032303 0.010003 -0.008202
v 0.032303 0.010074 -0.007965
v 0.032303 0.010125 -0.007722
v 0.032303 0.010155 -0.007476
v 0.032303 0.010165 -0.007228
v 0.032303 0.010155 -0.006980
v 0.032303 0.010125 -0.006734
v 0.032303 0.010074 -0.006492
v 0.032303 0.010003 -0.006254
v 0.032303 0.009913 -0.006023
v 0.032303 0.009804 -0.005800
v 0.032303 0.009677 -0.005587
v 0.032303 0.009533 -0.005386
v 0.032303 0.009373 -0.005196
v 0.032303 0.009197 -0.005021
v 0.032303 0.009008 -0.004861
v 0.032303 0.008806 -0.004717
v 0.032303 0.008593 -0.004590
v 0.032303 0.008371 -0.004481
v 0.032303 0.008371 0.004166
v 0.032303 0.008593 0.004275
v 0.032303 0.008806 0.004402
v 0.032303 0.009008 0.004546
v 0.032303 0.009197 0.004707
v 0.032303 0.009373 0.004882
v 0.032303 0.009533 0.005071
v 0.032303 0.009677 0.005273
v 0.032303 0.009804 0.005486
v 0.032303 0.009913 0.005709
v 0.032303 0.010003 0.005940
v 0.032303 0.010074 0.006177
v 0.032303 0.010125 0.006420
v 0.032303 0.010155 0.006666
v 0.032303 0.010165 0.006914
v 0.032303 0.010155 0.007162
v 0.032303 0.008140 0.004076
v 0.032303 0.008140 -0.004391
v 0.032303 0.007902 0.004006
v 0.032303 0.007902 -0.004320
v 0.032303 0.007659 0.003955
v 0.032303 0.007659 -0.004269
v 0.032303 0.007413 0.003924
v 0.032303 -0.007470 0.009873
v 0.032303 -0.007713 0.009822
v 0.032303 -0.007951 0.009751
v 0.032303 -0.008182 0.009661
v 0.032303 -0.008404 0.009552
v 0.032303 -0.008617 0.009425
v 0.032303 -0.008819 0.009281
v 0.032303 -0.009008 0.009121
v 0.032303 -0.009184 0.008946
v 0.032303 -0.009344 0.008756
v 0.032303 -0.009488 0.008555
v 0.032303 -0.009615 0.008342
v 0.032303 -0.009724 0.008119
v 0.032303 -0.009814 0.007888
v 0.032303 -0.009885 0.007650
v 0.032303 -0.009936 0.007408
v 0.032303 -0.009966 0.007162
v 0.032303 -0.009977 0.006914
v 0.032303 -0.009966 0.006666
v 0.032303 -0.009936 0.006420
v 0.032303 -0.009885 0.006177
v 0.032303 -0.009814 0.005940
v 0.032303 -0.009724 0.005709
v 0.032303 -0.009615 0.005486
v 0.032303 -0.009488 0.005273
v 0.032303 -0.009344 0.005071
v 0.032303 -0.009184 0.004882
v 0.032303 -0.009008 0.004707
v 0.032303 -0.008819 0.004546
v 0.032303 -0.008617 0.004402
v 0.032303 -0.008404 0.004275
v 0.032303 0.007413 0.009904
v 0.032303 0.007165 0.009914
v 0.032303 0.006918 0.009904
v 0.032303 0.006672 0.009873
v 0.032303 0.006429 0.009822
v 0.032303 0.006191 0.009751
v 0.032303 0.005960 0.009661
v 0.032303 0.005738 0.009552
v 0.032303 0.005525 0.009425
v 0.032303 0.005323 0.009281
v 0.032303 0.005134 0.009121
v 0.032303 0.004958 0.008946
v 0.032303 0.004798 0.008756
v 0.032303 0.004654 0.008555
v 0.032303 0.004527 0.008342
v 0.032303 0.010125 0.007408
v 0.032303 0.010074 0.007650
v 0.032303 0.010003 0.007888
v 0.032303 0.009913 0.008119
v 0.032303 0.009804 0.008342
v 0.032303 0.009677 0.008555
v 0.032303 0.009533 0.008756
v 0.032303 0.009373 0.008946
v 0.032303 0.009197 0.009121
v 0.032303 0.009008 0.009281
v 0.032303 0.008806 0.009425
v 0.032303 0.008593 0.009552
v 0.032303 0.008371 0.009661
v 0.032303 0.008140 0.009751
v 0.032303 0.007902 0.009822
v 0.032303 0.007659 0.009873
v 0.039985 0.015094 -0.004238
v 0.040232 0.015094 -0.004228
v 0.047303 0.015094 -0.003157
v 0.040480 0.015094 -0.004238
v 0.040726 0.015094 -0.004269
v 0.040969 0.015094 -0.004320
v 0.041206 0.015094 -0.004391
v 0.041437 0.015094 -0.004481
v 0.041660 0.015094 -0.004590
v 0.041873 0.015094 -0.004717
v 0.042075 0.015094 -0.004861
v 0.042264 0.015094 -0.005021
v 0.042440 0.015094 -0.005196
v 0.042600 0.015094 -0.005386
v 0.042744 0.015094 -0.005587
v 0.042871 0.015094 -0.005800
v 0.042980 0.015094 -0.006023
v 0.043070 0.015094 -0.006254
v 0.043141 0.015094 -0.006492
v 0.043191 0.015094 -0.006734
v 0.043222 0.015094 -0.006980
v 0.043232 0.015094 -0.007228
v 0.051374 0.015094 -0.007228
v 0.043222 0.015094 -0.007476
v 0.051385 0.015094 -0.007476
v 0.043191 0.015094 -0.007722
v 0.051415 0.015094 -0.007722
v 0.043141 0.015094 -0.007965
v 0.051466 0.015094 -0.007965
v 0.043070 0.015094 -0.008202
v 0.051537 0.015094 -0.008202
v 0.042980 0.015094 -0.008433
v 0.051627 0.015094 -0.008433
v 0.042871 0.015094 -0.008656
v 0.051736 0.015094 -0.008656
v 0.042744 0.015094 -0.008869
v 0.051863 0.015094 -0.008869
v 0.042600 0.015094 -0.009071
v 0.052007 0.015094 -0.009071
v 0.042440 0.015094 -0.009260
v 0.052167 0.015094 -0.009260
v 0.042264 0.015094 -0.009435
v 0.052343 0.015094 -0.009435
v 0.042075 0.015094 -0.009596
v 0.052532 0.015094 -0.009596
v 0.041873 0.015094 -0.009740
v 0.052734 0.015094 -0.009740
v 0.041660 0.015094 -0.009867
v 0.052947 0.015094 -0.009867
v 0.041437 0.015094 -0.009976
v 0.053169 0.015094 -0.009976
v 0.041206 0.015094 -0.010066
v 0.053400 0.015094 -0.010066
v 0.040969 0.015094 -0.010136
v 0.053638 0.015094 -0.010136
v 0.040726 0.015094 -0.010187
v 0.053881 0.015094 -0.010187
v 0.040480 0.015094 -0.010218
v 0.054127 0.015094 -0.010218
v 0.040232 0.015094 -0.010228
v 0.054374 0.015094 -0.010228
v 0.054622 0.015094 -0.010218
v 0.054868 0.015094 -0.010187
v 0.039739 0.015094 -0.004269
v 0.039496 0.015094 -0.004320
v 0.039258 0.015094 -0.004391
v 0.039027 0.015094 -0.004481
v 0.038805 0.015094 -0.004590
v 0.038592 0.015094 -0.004717
v 0.038390 0.015094 -0.004861
v 0.038201 0.015094 -0.005021
v 0.038025 0.015094 -0.005196
v 0.037865 0.015094 -0.005386
v 0.037721 0.015094 -0.005587
v 0.037594 0.015094 -0.005800
v 0.037485 0.015094 -0.006023
v 0.037395 0.015094 -0.006254
v 0.037324 0.015094 -0.006492
v 0.037273 0.015094 -0.006734
v 0.037243 0.015094 -0.006980
v 0.037232 0.015094 -0.007228
v 0.037243 0.015094 -0.007476
v 0.037273 0.015094 -0.007722
v 0.037324 0.015094 -0.007965
v 0.037395 0.015094 -0.008202
v 0.037485 0.015094 -0.008433
v 0.037594 0.015094 -0.008656
v 0.037721 0.015094 -0.008869
v 0.037865 0.015094 -0.009071
v 0.038025 0.015094 -0.009260
v 0.038201 0.015094 -0.009435
v 0.038390 0.015094 -0.009596
v 0.038592 0.015094 -0.009740
v 0.038805 0.015094 -0.009867
v 0.039027 0.015094 -0.009976
v 0.039258 0.015094 -0.010066
v 0.039496 0.015094 -0.010136
v 0.039739 0.015094 -0.010187
v 0.039985 0.015094 -0.010218
v 0.054127 0.015094 -0.004238
v 0.050303 0.015094 -0.000157
v 0.054374 0.015094 -0.004228
v 0.054374 0.015094 0.003914
v 0.054622 0.015094 -0.004238
v 0.054868 0.015094 -0.004269
v 0.055111 0.015094 -0.004320
v 0.055348 0.015094 -0.004391
v 0.055579 0.015094 -0.004481
v 0.050293 0.015094 -0.000405
v 0.053881 0.015094 -0.004269
v 0.050262 0.015094 -0.000651
v 0.053638 0.015094 -0.004320
v 0.050212 0.015094 -0.000894
v 0.053400 0.015094 -0.004391
v 0.050141 0.015094 -0.001131
v 0.053169 0.015094 -0.004481
v 0.050051 0.015094 -0.001362
v 0.052947 0.015094 -0.004590
v 0.049942 0.015094 -0.001585
v 0.052734 0.015094 -0.004717
v 0.049815 0.015094 -0.001798
v 0.052532 0.015094 -0.004861
v 0.049671 0.015094 -0.002000
v 0.052343 0.015094 -0.005021
v 0.049510 0.015094 -0.002189
v 0.052167 0.015094 -0.005196
v 0.049335 0.015094 -0.002364
v 0.052007 0.015094 -0.005386
v 0.049146 0.015094 -0.002525
v 0.051863 0.015094 -0.005587
v 0.048944 0.015094 -0.002669
v 0.051736 0.015094 -0.005800
v 0.048731 0.015094 -0.002796
v 0.051627 0.015094 -0.006023
v 0.048508 0.015094 -0.002905
v 0.051537 0.015094 -0.006254
v 0.048277 0.015094 -0.002995
v 0.051466 0.015094 -0.006492
v 0.048040 0.015094 -0.003066
v 0.051415 0.015094 -0.006734
v 0.047797 0.015094 -0.003116
v 0.051385 0.015094 -0.006980
v 0.047551 0.015094 -0.003147
v 0.055111 0.015094 -0.010136
v 0.055348 0.015094 -0.010066
v 0.055579 0.015094 -0.009976
v 0.055802 0.015094 -0.009867
v 0.056015 0.015094 -0.009740
v 0.056217 0.015094 -0.009596
v 0.056406 0.015094 -0.009435
v 0.056582 0.015094 -0.009260
v 0.056742 0.015094 -0.009071
v 0.056886 0.015094 -0.008869
v 0.057013 0.015094 -0.008656
v 0.057122 0.015094 -0.008433
v 0.057212 0.015094 -0.008202
v 0.057283 0.015094 -0.007965
v 0.057333 0.015094 -0.007722
v 0.057364 0.015094 -0.007476
v 0.057374 0.015094 -0.007228
v 0.057364 0.015094 -0.006980
v 0.057333 0.015094 -0.006734
v 0.057283 0.015094 -0.006492
v 0.057212 0.015094 -0.006254
v 0.057122 0.015094 -0.006023
v 0.057013 0.015094 -0.005800
v 0.056886 0.015094 -0.005587
v 0.056742 0.015094 -0.005386
v 0.056582 0.015094 -0.005196
v 0.056406 0.015094 -0.005021
v 0.056217 0.015094 -0.004861
v 0.056015 0.015094 -0.004717
v 0.055802 0.015094 -0.004590
v 0.040480 0.015094 0.009904
v 0.040232 0.015094 0.009914
v 0.039985 0.015094 0.009904
v 0.039739 0.015094 0.009873
v 0.039496 0.015094 0.009822
v 0.039258 0.015094 0.009751
v 0.039027 0.015094 0.009661
v 0.038805 0.015094 0.009552
v 0.038592 0.015094 0.009425
v 0.038390 0.015094 0.009281
v 0.038201 0.015094 0.009121
v 0.038025 0.015094 0.008946
v 0.037865 0.015094 0.008756
v 0.037721 0.015094 0.008555
v 0.037594 0.015094 0.008342
v 0.037485 0.015094 0.008119
v 0.037395 0.015094 0.007888
v 0.037324 0.015094 0.007650
v 0.037273 0.015094 0.007408
v 0.037243 0.015094 0.007162
v 0.037232 0.015094 0.006914
v 0.037243 0.015094 0.006666
v 0.037273 0.015094 0.006420
v 0.037324 0.015094 0.006177
v 0.037395 0.015094 0.005940
v 0.037485 0.015094 0.005709
v 0.037594 0.015094 0.005486
v 0.037721 0.015094 0.005273
v 0.037865 0.015094 0.005071
v 0.038025 0.015094 0.004882
v 0.038201 0.015094 0.004707
v 0.038390 0.015094 0.004546
v 0.038592 0.015094 0.004402
v 0.038805 0.015094 0.004275
v 0.039027 0.015094 0.004166
v 0.039258 0.015094 0.004076
v 0.039496 0.015094 0.004006
v 0.039739 0.015094 0.003955
v 0.044344 0.015094 -0.000651
v 0.044314 0.015094 -0.000405
v 0.039985 0.015094 0.003924
v 0.044303 0.015094 -0.000157
v 0.040232 0.015094 0.003914
v 0.044314 0.015094 0.000090
v 0.040480 0.015094 0.003924
v 0.044344 0.015094 0.000336
v 0.040726 0.015094 0.003955
v 0.044395 0.015094 0.000579
v 0.040969 0.015094 0.004006
v 0.044466 0.015094 0.000817
v 0.041206 0.015094 0.004076
v 0.044556 0.015094 0.001048
v 0.041437 0.015094 0.004166
v 0.044665 0.015094 0.001271
v 0.041660 0.015094 0.004275
v 0.044792 0.015094 0.001484
v 0.041873 0.015094 0.004402
v 0.044936 0.015094 0.001685
v 0.042075 0.015094 0.004546
v 0.045096 0.015094 0.001875
v 0.042264 0.015094 0.004707
v 0.045271 0.015094 0.002050
v 0.042440 0.015094 0.004882
v 0.045461 0.015094 0.002210
v 0.042600 0.015094 0.005071
v 0.045662 0.015094 0.002354
v 0.042744 0.015094 0.005273
v 0.045875 0.015094 0.002481
v 0.042871 0.015094 0.005486
v 0.046098 0.015094 0.002590
v 0.042980 0.015094 0.005709
v 0.046329 0.015094 0.002680
v 0.043070 0.015094 0.005940
v 0.046567 0.015094 0.002751
v 0.043141 0.015094 0.006177
v 0.046810 0.015094 0.002802
v 0.043191 0.015094 0.006420
v 0.047056 0.015094 0.002832
v 0.043222 0.015094 0.006666
v 0.047303 0.015094 0.002843
v 0.043232 0.015094 0.006914
v 0.051374 0.015094 0.006914
v 0.051385 0.015094 0.007162
v 0.043222 0.015094 0.007162
v 0.051415 0.015094 0.007408
v 0.043191 0.015094 0.007408
v 0.051466 0.015094 0.007650
v 0.043141 0.015094 0.007650
v 0.051537 0.015094 0.007888
v 0.043070 0.015094 0.007888
v 0.051627 0.015094 0.008119
v 0.042980 0.015094 0.008119
v 0.042871 0.015094 0.008342
v 0.042744 0.015094 0.008555
v 0.042600 0.015094 0.008756
v 0.042440 0.015094 0.008946
v 0.042264 0.015094 0.009121
v 0.042075 0.015094 0.009281
v 0.041873 0.015094 0.009425
v 0.041660 0.015094 0.009552
v 0.041437 0.015094 0.009661
v 0.041206 0.015094 0.009751
v 0.040969 0.015094 0.009822
v 0.040726 0.015094 0.009873
v 0.044395 0.015094 -0.000894
v 0.044466 0.015094 -0.001131
v 0.044556 0.015094 -0.001362
v 0.044665 0.015094 -0.001585
v 0.044792 0.015094 -0.001798
v 0.044936 0.015094 -0.002000
v 0.045096 0.015094 -0.002189
v 0.045271 0.015094 -0.002364
v 0.045461 0.015094 -0.002525
v 0.045662 0.015094 -0.002669
v 0.045875 0.015094 -0.002796
v 0.046098 0.015094 -0.002905
v 0.046329 0.015094 -0.002995
v 0.046567 0.015094 -0.003066
v 0.046810 0.015094 -0.003116
v 0.047056 0.015094 -0.003147
v 0.050293 0.015094 0.000090
v 0.054127 0.015094 0.003924
v 0.050262 0.015094 0.000336
v 0.053881 0.015094 0.003955
v 0.050212 0.015094 0.000579
v 0.053638 0.015094 0.004006
v 0.050141 0.015094 0.000817
v 0.053400 0.015094 0.004076
v 0.050051 0.015094 0.001048
v 0.053169 0.015094 0.004166
v 0.049942 0.015094 0.001271
v 0.049815 0.015094 0.001484
v 0.049671 0.015094 0.001685
v 0.049510 0.015094 0.001875
v 0.049335 0.015094 0.002050
v 0.049146 0.015094 0.002210
v 0.048944 0.015094 0.002354
v 0.048731 0.015094 0.002481
v 0.048508 0.015094 0.002590
v 0.048277 0.015094 0.002680
v 0.052947 0.015094 0.004275
v 0.052734 0.015094 0.004402
v 0.052532 0.015094 0.004546
v 0.052343 0.015094 0.004707
v 0.052167 0.015094 0.004882
v 0.052007 0.015094 0.005071
v 0.051863 0.015094 0.005273
v 0.051736 0.015094 0.005486
v 0.051627 0.015094 0.005709
v 0.051537 0.015094 0.005940
v 0.048040 0.015094 0.002751
v 0.051466 0.015094 0.006177
v 0.047797 0.015094 0.002802
v 0.051415 0.015094 0.006420
v 0.047551 0.015094 0.002832
v 0.051385 0.015094 0.006666
v 0.054622 0.015094 0.009904
v 0.054374 0.015094 0.009914
v 0.054127 0.015094 0.009904
v 0.053881 0.015094 0.009873
v 0.053638 0.015094 0.009822
v 0.053400 0.015094 0.009751
v 0.053169 0.015094 0.009661
v 0.052947 0.015094 0.009552
v 0.052734 0.015094 0.009425
v 0.052532 0.015094 0.009281
v 0.052343 0.015094 0.009121
v 0.052167 0.015094 0.008946
v 0.052007 0.015094 0.008756
v 0.051863 0.015094 0.008555
v 0.051736 0.015094 0.008342
v 0.054622 0.015094 0.003924
v 0.054868 0.015094 0.003955
v 0.055111 0.015094 0.004006
v 0.055348 0.015094 0.004076
v 0.055579 0.015094 0.004166
v 0.055802 0.015094 0.004275
v 0.056015 0.015094 0.004402
v 0.056217 0.015094 0.004546
v 0.056406 0.015094 0.004707
v 0.056582 0.015094 0.004882
v 0.056742 0.015094 0.005071
v 0.056886 0.015094 0.005273
v 0.057013 0.015094 0.005486
v 0.057122 0.015094 0.005709
v 0.057212 0.015094 0.005940
v 0.057283 0.015094 0.006177
v 0.057333 0.015094 0.006420
v 0.057364 0.015094 0.006666
v 0.057374 0.015094 0.006914
v 0.057364 0.015094 0.007162
v 0.057333 0.015094 0.007408
v 0.057283 0.015094 0.007650
v 0.057212 0.015094 0.007888
v 0.057122 0.015094 0.008119
v 0.057013 0.015094 0.008342
v 0.056886 0.015094 0.008555
v 0.056742 0.015094 0.008756
v 0.056582 0.015094 0.008946
v 0.056406 0.015094 0.009121
v 0.056217 0.015094 0.009281
v 0.056015 0.015094 0.009425
v 0.055802 0.015094 0.009552
v 0.055579 0.015094 0.009661
v 0.055348 0.015094 0.009751
v 0.055111 0.015094 0.009822
v 0.054868 0.015094 0.009873
v 0.062303 -0.006729 -0.004239
v 0.062303 -0.002895 -0.000405
v 0.062303 -0.006977 -0.004228
v 0.062303 -0.002906 -0.000157
v 0.062303 -0.002895 0.000090
v 0.062303 -0.002865 -0.000651
v 0.062303 -0.006483 -0.004269
v 0.062303 -0.002814 -0.000894
v 0.062303 -0.006240 -0.004320
v 0.062303 -0.002743 -0.001131
v 0.062303 -0.006003 -0.004391
v 0.062303 -0.002653 -0.001362
v 0.062303 -0.005772 -0.004481
v 0.062303 -0.002544 -0.001585
v 0.062303 -0.005549 -0.004590
v 0.062303 -0.002417 -0.001798
v 0.062303 -0.005336 -0.004717
v 0.062303 -0.002273 -0.002000
v 0.062303 -0.005134 -0.004861
v 0.062303 -0.002113 -0.002189
v 0.062303 -0.004945 -0.005021
v 0.062303 -0.001937 -0.002364
v 0.062303 -0.004770 -0.005197
v 0.062303 -0.001748 -0.002525
v 0.062303 -0.004609 -0.005386
v 0.062303 -0.001546 -0.002669
v 0.062303 -0.004465 -0.005588
v 0.062303 -0.001333 -0.002796
v 0.062303 -0.001111 -0.002905
v 0.062303 -0.000880 -0.002995
v 0.062303 -0.000642 -0.003066
v 0.062303 -0.000399 -0.003116
v 0.062303 -0.000153 -0.003147
v 0.062303 0.000094 -0.003157
v 0.062303 -0.004338 -0.005801
v 0.062303 -0.004229 -0.006023
v 0.062303 -0.004139 -0.006254
v 0.062303 -0.004068 -0.006492
v 0.062303 -0.004018 -0.006735
v 0.062303 -0.003987 -0.006981
v 0.062303 -0.003977 -0.007228
v 0.062303 -0.003987 -0.007476
v 0.062303 -0.004018 -0.007722
v 0.062303 -0.004068 -0.007965
v 0.062303 -0.004139 -0.008202
v 0.062303 -0.004229 -0.008433
v 0.062303 -0.004338 -0.008656
v 0.062303 -0.004465 -0.008869
v 0.062303 -0.004609 -0.009071
v 0.062303 -0.004770 -0.009260
v 0.062303 -0.004945 -0.009436
v 0.062303 -0.005134 -0.009596
v 0.062303 -0.005336 -0.009740
v 0.062303 -0.005549 -0.009867
v 0.062303 -0.005772 -0.009976
v 0.062303 -0.006003 -0.010066
v 0.062303 -0.006240 -0.010137
v 0.062303 -0.006483 -0.010187
v 0.062303 -0.006729 -0.010218
v 0.062303 -0.006977 -0.010228
v 0.062303 -0.007224 -0.010218
v 0.062303 -0.007470 -0.010187
v 0.062303 -0.007713 -0.010137
v 0.062303 -0.007951 -0.010066
v 0.062303 -0.008182 -0.009976
v 0.062303 -0.008405 -0.009867
v 0.062303 -0.008618 -0.009740
v 0.062303 -0.008819 -0.009596
v 0.062303 -0.009009 -0.009436
v 0.062303 -0.009184 -0.009260
v 0.062303 -0.009344 -0.009071
v 0.062303 -0.009488 -0.008869
v 0.062303 -0.009615 -0.008656
v 0.062303 -0.009724 -0.008433
v 0.062303 -0.009814 -0.008202
v 0.062303 -0.009885 -0.007965
v 0.062303 -0.009936 -0.007722
v 0.062303 -0.009966 -0.007476
v 0.062303 -0.009977 -0.007228
v 0.062303 -0.009966 -0.006981
v 0.062303 -0.009936 -0.006735
v 0.062303 -0.009885 -0.006492
v 0.062303 -0.009814 -0.006254
v 0.062303 -0.009724 -0.006023
v 0.062303 -0.009615 -0.005801
v 0.062303 -0.009488 -0.005588
v 0.062303 -0.009344 -0.005386
v 0.062303 -0.009184 -0.005197
v 0.062303 -0.009009 -0.005021
v 0.062303 -0.008819 -0.004861
v 0.062303 -0.008618 -0.004717
v 0.062303 -0.008405 -0.004590
v 0.062303 -0.008182 -0.004481
v 0.062303 -0.007951 -0.004391
v 0.062303 -0.007713 -0.004320
v 0.062303 -0.007470 -0.004269
v 0.062303 -0.007224 -0.004239
v 0.062303 0.000342 0.002832
v 0.062303 0.004176 0.006666
v 0.062303 0.000094 0.002843
v 0.062303 0.004165 0.006914
v 0.062303 0.004176 0.007162
v 0.062303 0.004206 0.006420
v 0.062303 0.000588 0.002802
v 0.062303 0.004257 0.006177
v 0.062303 0.000831 0.002751
v 0.062303 0.004328 0.005940
v 0.062303 0.001068 0.002680
v 0.062303 0.004418 0.005709
v 0.062303 0.001299 0.002590
v 0.062303 0.004527 0.005486
v 0.062303 0.001522 0.002481
v 0.062303 0.004654 0.005273
v 0.062303 0.001735 0.002354
v 0.062303 0.004798 0.005071
v 0.062303 0.001937 0.002210
v 0.062303 0.004958 0.004882
v 0.062303 0.002126 0.002050
v 0.062303 0.005134 0.004707
v 0.062303 0.002302 0.001875
v 0.062303 0.005323 0.004546
v 0.062303 0.002462 0.001685
v 0.062303 0.005525 0.004402
v 0.062303 0.002606 0.001484
v 0.062303 0.005738 0.004275
v 0.062303 0.002733 0.001271
v 0.062303 0.005960 0.004166
v 0.062303 0.002842 0.001048
v 0.062303 0.006191 0.004076
v 0.062303 0.002932 0.000817
v 0.062303 0.006429 0.004006
v 0.062303 0.003003 0.000579
v 0.062303 0.006672 0.003955
v 0.062303 0.003053 0.000336
v 0.062303 0.006918 0.003924
v 0.062303 0.003084 0.000090
v 0.062303 0.007165 0.003914
v 0.062303 0.003094 -0.000157
v 0.062303 0.003084 -0.000405
v 0.062303 0.003053 -0.000651
v 0.062303 0.003003 -0.000894
v 0.062303 0.002932 -0.001131
v 0.062303 0.002842 -0.001362
v 0.062303 0.002733 -0.001585
v 0.062303 0.002606 -0.001798
v 0.062303 0.002462 -0.002000
v 0.062303 0.002302 -0.002189
v 0.062303 0.002126 -0.002364
v 0.062303 0.001937 -0.002525
v 0.062303 0.001735 -0.002669
v 0.062303 0.001522 -0.002796
v 0.062303 0.001299 -0.002905
v 0.062303 0.001068 -0.002995
v 0.062303 0.000831 -0.003066
v 0.062303 0.000588 -0.003116
v 0.062303 0.000342 -0.003147
v 0.062303 -0.002865 0.000336
v 0.062303 -0.002814 0.000579
v 0.062303 -0.002743 0.000817
v 0.062303 -0.002653 0.001048
v 0.062303 -0.002544 0.001271
v 0.062303 -0.002417 0.001484
v 0.062303 -0.002273 0.001685
v 0.062303 -0.002113 0.001875
v 0.062303 -0.001937 0.002050
v 0.062303 -0.001748 0.002210
v 0.062303 -0.001546 0.002354
v 0.062303 -0.001333 0.002481
v 0.062303 -0.001111 0.002590
v 0.062303 -0.000880 0.002680
v 0.062303 -0.000642 0.002751
v 0.062303 -0.000399 0.002802
v 0.062303 -0.000153 0.002832
v 0.062303 0.007413 0.009904
v 0.062303 0.007165 0.009914
v 0.062303 0.007659 0.009873
v 0.062303 0.007902 0.009822
v 0.062303 0.008140 0.009751
v 0.062303 0.008371 0.009661
v 0.062303 0.008593 0.009552
v 0.062303 0.008806 0.009425
v 0.062303 0.009008 0.009281
v 0.062303 0.009197 0.009121
v 0.062303 0.009373 0.008946
v 0.062303 0.009533 0.008756
v 0.062303 0.009677 0.008555
v 0.062303 0.009804 0.008342
v 0.062303 0.009913 0.008119
v 0.062303 0.010003 0.007888
v 0.062303 0.010074 0.007650
v 0.062303 0.010125 0.007408
v 0.062303 0.010155 0.007162
v 0.062303 0.010165 0.006914
v 0.062303 0.010155 0.006666
v 0.062303 0.010125 0.006420
v 0.062303 0.010074 0.006177
v 0.062303 0.010003 0.005940
v 0.062303 0.009913 0.005709
v 0.062303 0.009804 0.005486
v 0.062303 0.009677 0.005273
v 0.062303 0.009533 0.005071
v 0.062303 0.009373 0.004882
v 0.062303 0.009197 0.004707
v 0.062303 0.009008 0.004546
v 0.062303 0.008806 0.004402
v 0.062303 0.008593 0.004275
v 0.062303 0.008371 0.004166
v 0.062303 0.008140 0.004076
v 0.062303 0.007902 0.004006
v 0.062303 0.007659 0.003955
v 0.062303 0.007413 0.003924
v 0.062303 0.004206 0.007408
v 0.062303 0.004257 0.007650
v 0.062303 0.004328 0.007888
v 0.062303 0.004418 0.008119
v 0.062303 0.004527 0.008342
v 0.062303 0.004654 0.008555
v 0.062303 0.004798 0.008756
v 0.062303 0.004958 0.008946
v 0.062303 0.005134 0.009121
v 0.062303 0.005323 0.009281
v 0.062303 0.005525 0.009425
v 0.062303 0.005738 0.009552
v 0.062303 0.005960 0.009661
v 0.062303 0.006191 0.009751
v 0.062303 0.006429 0.009822
v 0.062303 0.006672 0.009873
v 0.062303 0.006918 0.009904
v 0.044314 0.000342 0.014843
v 0.044303 0.000094 0.014843
v 0.044344 0.000588 0.014843
v 0.044395 0.000831 0.014843
v 0.044466 0.001068 0.014843
v 0.044556 0.001299 0.014843
v 0.044665 0.001522 0.014843
v 0.044792 0.001735 0.014843
v 0.044936 0.001937 0.014843
v 0.045096 0.002126 0.014843
v 0.045271 0.002302 0.014843
v 0.045461 0.002462 0.014843
v 0.045662 0.002606 0.014843
v 0.045875 0.002733 0.014843
v 0.046098 0.002842 0.014843
v 0.046329 0.002932 0.014843
v 0.046567 0.003003 0.014843
v 0.046810 0.003053 0.014843
v 0.047056 0.003084 0.014843
v 0.047303 0.003094 0.014843
v 0.047551 0.003084 0.014843
v 0.047797 0.003053 0.014843
v 0.048040 0.003003 0.014843
v 0.048277 0.002932 0.014843
v 0.048508 0.002842 0.014843
v 0.048731 0.002733 0.014843
v 0.048944 0.002606 0.014843
v 0.049146 0.002462 0.014843
v 0.049335 0.002302 0.014843
v 0.049510 0.002126 0.014843
v 0.049671 0.001937 0.014843
v 0.049815 0.001735 0.014843
v 0.049942 0.001522 0.014843
v 0.050051 0.001299 0.014843
v 0.050141 0.001068 0.014843
v 0.050212 0.000831 0.014843
v 0.050262 0.000588 0.014843
v 0.050293 0.000342 0.014843
v 0.050303 0.000094 0.014843
v 0.050293 -0.000153 0.014843
v 0.050262 -0.000399 0.014843
v 0.050212 -0.000642 0.014843
v 0.050141 -0.000880 0.014843
v 0.050051 -0.001111 0.014843
v 0.049942 -0.001333 0.014843
v 0.049815 -0.001546 0.014843
v 0.049671 -0.001748 0.014843
v 0.049510 -0.001937 0.014843
v 0.049335 -0.002113 0.014843
v 0.049146 -0.002273 0.014843
v 0.048944 -0.002417 0.014843
v 0.048731 -0.002544 0.014843
v 0.048508 -0.002653 0.014843
v 0.048277 -0.002743 0.014843
v 0.048040 -0.002814 0.014843
v 0.047797 -0.002865 0.014843
v 0.047551 -0.002895 0.014843
v 0.047303 -0.002906 0.014843
v 0.047056 -0.002895 0.014843
v 0.046810 -0.002865 0.014843
v 0.046567 -0.002814 0.014843
v 0.046329 -0.002743 0.014843
v 0.046098 -0.002653 0.014843
v 0.045875 -0.002544 0.014843
v 0.045662 -0.002417 0.014843
v 0.045461 -0.002273 0.014843
v 0.045271 -0.002113 0.014843
v 0.045096 -0.001937 0.014843
v 0.044936 -0.001748 0.014843
v 0.044792 -0.001546 0.014843
v 0.044665 -0.001333 0.014843
v 0.044556 -0.001111 0.014843
v 0.044466 -0.000880 0.014843
v 0.044395 -0.000642 0.014843
v 0.044344 -0.000399 0.014843
v 0.044314 -0.000153 0.014843
v 0.032303 0.000094 -0.015157
v 0.032313 0.000642 -0.015157
v 0.032343 0.001189 -0.015157
v 0.032662 0.003356 -0.015157
v 0.032791 0.003888 -0.015157
v 0.033293 0.005453 -0.015157
v 0.033498 0.005961 -0.015157
v 0.034499 0.007909 -0.015157
v 0.036132 0.010104 -0.015157
v 0.036505 0.010506 -0.015157
v 0.041437 0.013900 -0.015157
v 0.042460 0.014291 -0.015157
v 0.042982 0.014458 -0.015157
v 0.043509 0.014607 -0.015157
v 0.044042 0.014736 -0.015157
v 0.045119 0.014935 -0.015157
v 0.046208 0.015054 -0.015157
v 0.046755 0.015088 -0.015154
v 0.047303 0.015094 -0.015157
v 0.040936 0.013676 -0.015157
v 0.040445 0.013435 -0.015157
v 0.039962 0.013175 -0.015157
v 0.039489 0.012898 -0.015157
v 0.039027 0.012604 -0.015157
v 0.038575 0.012294 -0.015157
v 0.038136 0.011967 -0.015157
v 0.037708 0.011624 -0.015157
v 0.037294 0.011266 -0.015157
v 0.036892 0.010893 -0.015157
v 0.035774 0.009690 -0.015157
v 0.035431 0.009262 -0.015157
v 0.035104 0.008822 -0.015157
v 0.034793 0.008371 -0.015157
v 0.048944 -0.014816 -0.015157
v 0.052147 -0.014102 -0.015157
v 0.052662 -0.013916 -0.015157
v 0.058475 -0.009915 -0.015157
v 0.058833 -0.009501 -0.015157
v 0.053670 -0.013487 -0.015157
v 0.054645 -0.012986 -0.015157
v 0.055117 -0.012709 -0.015157
v 0.055580 -0.012416 -0.015157
v 0.056031 -0.012105 -0.015157
v 0.056471 -0.011778 -0.015157
v 0.056898 -0.011435 -0.015157
v 0.057313 -0.011077 -0.015157
v 0.057714 -0.010704 -0.015157
v 0.058102 -0.010317 -0.015157
v 0.059176 -0.009073 -0.015157
v 0.059503 -0.008633 -0.015157
v 0.059813 -0.008182 -0.015157
v 0.061108 -0.005772 -0.015157
v 0.061314 -0.005264 -0.015157
v 0.061500 -0.004749 -0.015157
v 0.061667 -0.004227 -0.015157
v 0.061944 -0.003167 -0.015157
v 0.062054 -0.002630 -0.015157
v 0.062213 -0.001546 -0.015157
v 0.062303 0.000094 -0.015157
v 0.060107 -0.007720 -0.015157
v 0.060384 -0.007247 -0.015157
v 0.060643 -0.006764 -0.015157
v 0.060885 -0.006272 -0.015157
v 0.047851 0.015088 -0.015154
v 0.048398 0.015054 -0.015157
v 0.048944 0.015004 -0.015157
v 0.049487 0.014935 -0.015157
v 0.050028 0.014845 -0.015157
v 0.051625 0.014458 -0.015157
v 0.052662 0.014105 -0.015157
v 0.054162 0.013435 -0.015157
v 0.055117 0.012898 -0.015157
v 0.057313 0.011266 -0.015157
v 0.057714 0.010893 -0.015157
v 0.061314 0.005453 -0.015157
v 0.061500 0.004938 -0.015157
v 0.061816 0.003888 -0.015157
v 0.062143 0.002278 -0.015157
v 0.062213 0.001735 -0.015157
v 0.062293 0.000642 -0.015157
v 0.059813 0.008371 -0.015157
v 0.059176 0.009262 -0.015157
v 0.058475 0.010104 -0.015157
v 0.056898 0.011624 -0.015157
v 0.056471 0.011967 -0.015157
v 0.056031 0.012294 -0.015157
v 0.053670 0.013676 -0.015157
v 0.046208 -0.014866 -0.015157
v 0.045663 -0.014816 -0.015157
v 0.045119 -0.014746 -0.015157
v 0.044579 -0.014656 -0.015157
v 0.043509 -0.014418 -0.015157
v 0.042460 -0.014102 -0.015157
v 0.041437 -0.013711 -0.015157
v 0.039962 -0.012986 -0.015157
v 0.040445 -0.013246 -0.015157
v 0.039489 -0.012709 -0.015157
v 0.037294 -0.011077 -0.015157
v 0.036892 -0.010704 -0.015157
v 0.033498 -0.005772 -0.015157
v 0.033293 -0.005264 -0.015157
v 0.032791 -0.003700 -0.015157
v 0.032463 -0.002090 -0.015157
v 0.032313 -0.000453 -0.015157
v 0.033722 -0.006272 -0.015157
v 0.033963 -0.006764 -0.015157
v 0.034223 -0.007247 -0.015157
v 0.034499 -0.007720 -0.015157
v 0.034793 -0.008182 -0.015157
v 0.035431 -0.009073 -0.015157
v 0.036132 -0.009915 -0.015157
v 0.036505 -0.010317 -0.015157
v 0.038136 -0.011778 -0.015157
v 0.039027 -0.012416 -0.015157
v 0.054622 0.010155 -0.015157
v 0.054374 0.010165 -0.015157
v 0.054127 0.010155 -0.015157
v 0.053880 0.010124 -0.015157
v 0.053638 0.010074 -0.015157
v 0.053400 0.010003 -0.015157
v 0.053169 0.009913 -0.015157
v 0.052946 0.009804 -0.015157
v 0.052733 0.009677 -0.015157
v 0.052532 0.009533 -0.015157
v 0.052342 0.009373 -0.015157
v 0.052167 0.009197 -0.015157
v 0.052007 0.009008 -0.015157
v 0.051863 0.008806 -0.015157
v 0.051736 0.008593 -0.015157
v 0.051627 0.008371 -0.015157
v 0.042980 0.008371 -0.015157
v 0.042871 0.008593 -0.015157
v 0.042744 0.008806 -0.015157
v 0.042600 0.009008 -0.015157
v 0.042439 0.009197 -0.015157
v 0.042264 0.009373 -0.015157
v 0.042075 0.009533 -0.015157
v 0.041873 0.009677 -0.015157
v 0.041660 0.009804 -0.015157
v 0.041437 0.009913 -0.015157
v 0.041206 0.010003 -0.015157
v 0.040969 0.010074 -0.015157
v 0.040726 0.010124 -0.015157
v 0.040480 0.010155 -0.015157
v 0.040232 0.010165 -0.015157
v 0.039985 0.010155 -0.015157
v 0.043070 0.008140 -0.015157
v 0.051537 0.008140 -0.015157
v 0.043140 0.007902 -0.015157
v 0.051466 0.007902 -0.015157
v 0.043191 0.007659 -0.015157
v 0.051415 0.007659 -0.015157
v 0.043222 0.007413 -0.015157
v 0.051384 0.007413 -0.015157
v 0.043232 0.007165 -0.015157
v 0.051374 0.007165 -0.015157
v 0.043222 0.006918 -0.015157
v 0.051384 0.006918 -0.015157
v 0.043191 0.006672 -0.015157
v 0.051415 0.006672 -0.015157
v 0.043140 0.006429 -0.015157
v 0.051466 0.006429 -0.015157
v 0.043070 0.006191 -0.015157
v 0.051537 0.006191 -0.015157
v 0.042980 0.005960 -0.015157
v 0.051627 0.005960 -0.015157
v 0.042871 0.005738 -0.015157
v 0.051736 0.005738 -0.015157
v 0.042871 0.001522 -0.015157
v 0.051736 0.001522 -0.015157
v 0.042980 0.001299 -0.015157
v 0.051627 0.001299 -0.015157
v 0.043070 0.001069 -0.015157
v 0.051537 0.001069 -0.015157
v 0.043140 0.000831 -0.015157
v 0.051466 0.000831 -0.015157
v 0.043191 0.000588 -0.015157
v 0.051415 0.000588 -0.015157
v 0.043222 0.000342 -0.015157
v 0.051384 0.000342 -0.015157
v 0.043232 0.000094 -0.015157
v 0.051374 0.000094 -0.015157
v 0.043222 -0.000153 -0.015157
v 0.051384 -0.000153 -0.015157
v 0.043191 -0.000399 -0.015157
v 0.051415 -0.000399 -0.015157
v 0.043140 -0.000642 -0.015157
v 0.051466 -0.000642 -0.015157
v 0.043070 -0.000880 -0.015157
v 0.051537 -0.000880 -0.015157
v 0.042980 -0.001111 -0.015157
v 0.051627 -0.001111 -0.015157
v 0.042871 -0.001333 -0.015157
v 0.051736 -0.001333 -0.015157
v 0.042871 -0.005549 -0.015157
v 0.051736 -0.005549 -0.015157
v 0.042980 -0.005772 -0.015157
v 0.051627 -0.005772 -0.015157
v 0.043070 -0.006002 -0.015157
v 0.051537 -0.006002 -0.015157
v 0.043140 -0.006240 -0.015157
v 0.051466 -0.006240 -0.015157
v 0.043191 -0.006483 -0.015157
v 0.051415 -0.006483 -0.015157
v 0.043222 -0.006729 -0.015157
v 0.051384 -0.006729 -0.015157
v 0.043232 -0.006977 -0.015157
v 0.051374 -0.006977 -0.015157
v 0.043222 -0.007224 -0.015157
v 0.051384 -0.007224 -0.015157
v 0.043191 -0.007470 -0.015157
v 0.051415 -0.007470 -0.015157
v 0.043140 -0.007713 -0.015157
v 0.051466 -0.007713 -0.015157
v 0.043070 -0.007951 -0.015157
v 0.051537 -0.007951 -0.015157
v 0.042980 -0.008182 -0.015157
v 0.051627 -0.008182 -0.015157
v 0.051736 -0.008404 -0.015157
v 0.051863 -0.008617 -0.015157
v 0.052007 -0.008819 -0.015157
v 0.052167 -0.009008 -0.015157
v 0.052342 -0.009184 -0.015157
v 0.052532 -0.009344 -0.015157
v 0.052733 -0.009488 -0.015157
v 0.052946 -0.009615 -0.015157
v 0.053169 -0.009724 -0.015157
v 0.053400 -0.009814 -0.015157
v 0.053638 -0.009885 -0.015157
v 0.053880 -0.009936 -0.015157
v 0.054127 -0.009966 -0.015157
v 0.054374 -0.009977 -0.015157
v 0.054622 -0.009966 -0.015157
v 0.051863 0.005525 -0.015157
v 0.051863 0.001735 -0.015157
v 0.052007 0.005323 -0.015157
v 0.052007 0.001937 -0.015157
v 0.052167 0.005134 -0.015157
v 0.052167 0.002126 -0.015157
v 0.052342 0.004958 -0.015157
v 0.052342 0.002302 -0.015157
v 0.052532 0.004798 -0.015157
v 0.052532 0.002462 -0.015157
v 0.052733 0.004654 -0.015157
v 0.052733 0.002606 -0.015157
v 0.052946 0.004527 -0.015157
v 0.052946 0.002733 -0.015157
v 0.053169 0.004418 -0.015157
v 0.053169 0.002842 -0.015157
v 0.053400 0.004328 -0.015157
v 0.053400 0.002932 -0.015157
v 0.053638 0.004257 -0.015157
v 0.053638 0.003003 -0.015157
v 0.053880 0.004206 -0.015157
v 0.053880 0.003053 -0.015157
v 0.054127 0.004176 -0.015157
v 0.054127 0.003084 -0.015157
v 0.054374 0.004165 -0.015157
v 0.054374 0.003094 -0.015157
v 0.054622 0.003084 -0.015157
v 0.054622 0.004176 -0.015157
v 0.054868 0.003053 -0.015157
v 0.054868 0.004206 -0.015157
v 0.055111 0.003003 -0.015157
v 0.055111 0.004257 -0.015157
v 0.055348 0.002932 -0.015157
v 0.055348 0.004328 -0.015157
v 0.055579 0.002842 -0.015157
v 0.055579 0.004418 -0.015157
v 0.055802 0.002733 -0.015157
v 0.055802 0.004527 -0.015157
v 0.056015 0.004654 -0.015157
v 0.056015 0.002606 -0.015157
v 0.056217 0.004798 -0.015157
v 0.056217 0.002462 -0.015157
v 0.056406 0.004958 -0.015157
v 0.056406 0.002302 -0.015157
v 0.056581 0.005134 -0.015157
v 0.056581 0.002126 -0.015157
v 0.056742 0.005323 -0.015157
v 0.056742 0.001937 -0.015157
v 0.056886 0.001735 -0.015157
v 0.057013 0.001522 -0.015157
v 0.057122 0.001299 -0.015157
v 0.056886 0.005525 -0.015157
v 0.057013 0.005738 -0.015157
v 0.057122 0.005960 -0.015157
v 0.057212 0.006191 -0.015157
v 0.057282 0.006429 -0.015157
v 0.057333 0.006672 -0.015157
v 0.057364 0.006918 -0.015157
v 0.057374 0.007165 -0.015157
v 0.057364 0.007413 -0.015157
v 0.057333 0.007659 -0.015157
v 0.057282 0.007902 -0.015157
v 0.057212 0.008140 -0.015157
v 0.057122 0.008371 -0.015157
v 0.057013 0.008593 -0.015157
v 0.056886 0.008806 -0.015157
v 0.056742 0.009008 -0.015157
v 0.056581 0.009197 -0.015157
v 0.056406 0.009373 -0.015157
v 0.056217 0.009533 -0.015157
v 0.056015 0.009677 -0.015157
v 0.055802 0.009804 -0.015157
v 0.055579 0.009913 -0.015157
v 0.055348 0.010003 -0.015157
v 0.055111 0.010074 -0.015157
v 0.054868 0.010124 -0.015157
v 0.039738 0.010124 -0.015157
v 0.039496 0.010074 -0.015157
v 0.039258 0.010003 -0.015157
v 0.039027 0.009913 -0.015157
v 0.038804 0.009804 -0.015157
v 0.038591 0.009677 -0.015157
v 0.038390 0.009533 -0.015157
v 0.038200 0.009373 -0.015157
v 0.038025 0.009197 -0.015157
v 0.037865 0.009008 -0.015157
v 0.037721 0.008806 -0.015157
v 0.037594 0.008593 -0.015157
v 0.037485 0.008371 -0.015157
v 0.037395 0.008140 -0.015157
v 0.037324 0.007902 -0.015157
v 0.037273 0.007659 -0.015157
v 0.037242 0.007413 -0.015157
v 0.037232 0.007165 -0.015157
v 0.037242 0.006918 -0.015157
v 0.037273 0.006672 -0.015157
v 0.037324 0.006429 -0.015157
v 0.037395 0.006191 -0.015157
v 0.037485 0.005960 -0.015157
v 0.037594 0.005738 -0.015157
v 0.037721 0.005525 -0.015157
v 0.037865 0.005323 -0.015157
v 0.037865 0.001937 -0.015157
v 0.038025 0.005134 -0.015157
v 0.038025 0.002126 -0.015157
v 0.038200 0.004958 -0.015157
v 0.038200 0.002302 -0.015157
v 0.038390 0.004798 -0.015157
v 0.038390 0.002462 -0.015157
v 0.038591 0.004654 -0.015157
v 0.038591 0.002606 -0.015157
v 0.038804 0.004527 -0.015157
v 0.038804 0.002733 -0.015157
v 0.039027 0.002842 -0.015157
v 0.039027 0.004418 -0.015157
v 0.039258 0.002932 -0.015157
v 0.039258 0.004328 -0.015157
v 0.039496 0.003003 -0.015157
v 0.039496 0.004257 -0.015157
v 0.039738 0.003053 -0.015157
v 0.039738 0.004206 -0.015157
v 0.039985 0.003084 -0.015157
v 0.039985 0.004176 -0.015157
v 0.040232 0.003094 -0.015157
v 0.040232 0.004165 -0.015157
v 0.040480 0.003084 -0.015157
v 0.040480 0.004176 -0.015157
v 0.040726 0.003053 -0.015157
v 0.040726 0.004206 -0.015157
v 0.040969 0.003003 -0.015157
v 0.040969 0.004257 -0.015157
v 0.041206 0.002932 -0.015157
v 0.041206 0.004328 -0.015157
v 0.041437 0.002842 -0.015157
v 0.041437 0.004418 -0.015157
v 0.041660 0.002733 -0.015157
v 0.041660 0.004527 -0.015157
v 0.041873 0.002606 -0.015157
v 0.041873 0.004654 -0.015157
v 0.042075 0.004798 -0.015157
v 0.042075 0.002462 -0.015157
v 0.042264 0.004958 -0.015157
v 0.042264 0.002302 -0.015157
v 0.042439 0.005134 -0.015157
v 0.042439 0.002126 -0.015157
v 0.042600 0.005323 -0.015157
v 0.042600 0.001937 -0.015157
v 0.042744 0.005525 -0.015157
v 0.042744 0.001735 -0.015157
v 0.051863 -0.001546 -0.015157
v 0.051863 -0.005336 -0.015157
v 0.052007 -0.001748 -0.015157
v 0.052007 -0.005134 -0.015157
v 0.052167 -0.001937 -0.015157
v 0.052167 -0.004945 -0.015157
v 0.052342 -0.002113 -0.015157
v 0.052342 -0.004769 -0.015157
v 0.052532 -0.002273 -0.015157
v 0.052532 -0.004609 -0.015157
v 0.052733 -0.002417 -0.015157
v 0.052733 -0.004465 -0.015157
v 0.052946 -0.002544 -0.015157
v 0.052946 -0.004338 -0.015157
v 0.053169 -0.002653 -0.015157
v 0.053169 -0.004229 -0.015157
v 0.053400 -0.002743 -0.015157
v 0.053400 -0.004139 -0.015157
v 0.053638 -0.002814 -0.015157
v 0.053638 -0.004068 -0.015157
v 0.053880 -0.002865 -0.015157
v 0.053880 -0.004018 -0.015157
v 0.054127 -0.002895 -0.015157
v 0.054127 -0.003987 -0.015157
v 0.054374 -0.002906 -0.015157
v 0.054374 -0.003977 -0.015157
v 0.054622 -0.003987 -0.015157
v 0.054622 -0.002895 -0.015157
v 0.054868 -0.004018 -0.015157
v 0.054868 -0.002865 -0.015157
v 0.055111 -0.004068 -0.015157
v 0.055111 -0.002814 -0.015157
v 0.055348 -0.004139 -0.015157
v 0.055348 -0.002743 -0.015157
v 0.055579 -0.004229 -0.015157
v 0.055579 -0.002653 -0.015157
v 0.055802 -0.004338 -0.015157
v 0.055802 -0.002544 -0.015157
v 0.056015 -0.002417 -0.015157
v 0.056015 -0.004465 -0.015157
v 0.056217 -0.002273 -0.015157
v 0.056217 -0.004609 -0.015157
v 0.056406 -0.002113 -0.015157
v 0.056406 -0.004769 -0.015157
v 0.056581 -0.001937 -0.015157
v 0.056581 -0.004945 -0.015157
v 0.056742 -0.001748 -0.015157
v 0.056742 -0.005134 -0.015157
v 0.056886 -0.005336 -0.015157
v 0.057013 -0.005549 -0.015157
v 0.057122 -0.005772 -0.015157
v 0.057212 -0.006002 -0.015157
v 0.057282 -0.006240 -0.015157
v 0.057333 -0.006483 -0.015157
v 0.057364 -0.006729 -0.015157
v 0.057374 -0.006977 -0.015157
v 0.057364 -0.007224 -0.015157
v 0.057333 -0.007470 -0.015157
v 0.057282 -0.007713 -0.015157
v 0.057212 -0.007951 -0.015157
v 0.057122 -0.008182 -0.015157
v 0.057013 -0.008404 -0.015157
v 0.056886 -0.008617 -0.015157
v 0.056742 -0.008819 -0.015157
v 0.056581 -0.009008 -0.015157
v 0.056406 -0.009184 -0.015157
v 0.056217 -0.009344 -0.015157
v 0.056015 -0.009488 -0.015157
v 0.055802 -0.009615 -0.015157
v 0.055579 -0.009724 -0.015157
v 0.055348 -0.009814 -0.015157
v 0.055111 -0.009885 -0.015157
v 0.054868 -0.009936 -0.015157
v 0.056886 -0.001546 -0.015157
v 0.057013 -0.001333 -0.015157
v 0.057122 -0.001111 -0.015157
v 0.057212 -0.000880 -0.015157
v 0.057282 -0.000642 -0.015157
v 0.057333 -0.000399 -0.015157
v 0.057364 -0.000153 -0.015157
v 0.057374 0.000094 -0.015157
v 0.057364 0.000342 -0.015157
v 0.057333 0.000588 -0.015157
v 0.057282 0.000831 -0.015157
v 0.057212 0.001069 -0.015157
v 0.037721 0.001735 -0.015157
v 0.037594 0.001522 -0.015157
v 0.037485 0.001299 -0.015157
v 0.037395 0.001069 -0.015157
v 0.037324 0.000831 -0.015157
v 0.037273 0.000588 -0.015157
v 0.037242 0.000342 -0.015157
v 0.037232 0.000094 -0.015157
v 0.037242 -0.000153 -0.015157
v 0.037273 -0.000399 -0.015157
v 0.037324 -0.000642 -0.015157
v 0.037395 -0.000880 -0.015157
v 0.037485 -0.001111 -0.015157
v 0.037594 -0.001333 -0.015157
v 0.037721 -0.001546 -0.015157
v 0.037865 -0.001748 -0.015157
v 0.037865 -0.005134 -0.015157
v 0.038025 -0.001937 -0.015157
v 0.038025 -0.004945 -0.015157
v 0.038200 -0.002113 -0.015157
v 0.038200 -0.004769 -0.015157
v 0.038390 -0.002273 -0.015157
v 0.038390 -0.004609 -0.015157
v 0.038591 -0.002417 -0.015157
v 0.038591 -0.004465 -0.015157
v 0.038804 -0.002544 -0.015157
v 0.038804 -0.004338 -0.015157
v 0.039027 -0.004229 -0.015157
v 0.039027 -0.002653 -0.015157
v 0.039258 -0.004139 -0.015157
v 0.039258 -0.002743 -0.015157
v 0.039496 -0.004068 -0.015157
v 0.039496 -0.002814 -0.015157
v 0.039738 -0.004018 -0.015157
v 0.039738 -0.002865 -0.015157
v 0.039985 -0.003987 -0.015157
v 0.039985 -0.002895 -0.015157
v 0.040232 -0.003977 -0.015157
v 0.040232 -0.002906 -0.015157
v 0.040480 -0.003987 -0.015157
v 0.040480 -0.002895 -0.015157
v 0.040726 -0.004018 -0.015157
v 0.040726 -0.002865 -0.015157
v 0.040969 -0.004068 -0.015157
v 0.040969 -0.002814 -0.015157
v 0.041206 -0.004139 -0.015157
v 0.041206 -0.002743 -0.015157
v 0.041437 -0.004229 -0.015157
v 0.041437 -0.002653 -0.015157
v 0.041660 -0.004338 -0.015157
v 0.041660 -0.002544 -0.015157
v 0.041873 -0.004465 -0.015157
v 0.041873 -0.002417 -0.015157
v 0.042075 -0.002273 -0.015157
v 0.042075 -0.004609 -0.015157
v 0.042264 -0.002113 -0.015157
v 0.042264 -0.004769 -0.015157
v 0.042439 -0.001937 -0.015157
v 0.042439 -0.004945 -0.015157
v 0.042600 -0.001748 -0.015157
v 0.042600 -0.005134 -0.015157
v 0.042744 -0.001546 -0.015157
v 0.042744 -0.005336 -0.015157
v 0.037721 -0.005336 -0.015157
v 0.037594 -0.005549 -0.015157
v 0.037485 -0.005772 -0.015157
v 0.037395 -0.006002 -0.015157
v 0.037324 -0.006240 -0.015157
v 0.037273 -0.006483 -0.015157
v 0.037242 -0.006729 -0.015157
v 0.037232 -0.006977 -0.015157
v 0.037242 -0.007224 -0.015157
v 0.037273 -0.007470 -0.015157
v 0.037324 -0.007713 -0.015157
v 0.037395 -0.007951 -0.015157
v 0.037485 -0.008182 -0.015157
v 0.037594 -0.008404 -0.015157
v 0.037721 -0.008617 -0.015157
v 0.037865 -0.008819 -0.015157
v 0.038025 -0.009008 -0.015157
v 0.038200 -0.009184 -0.015157
v 0.038390 -0.009344 -0.015157
v 0.038591 -0.009488 -0.015157
v 0.038804 -0.009615 -0.015157
v 0.039027 -0.009724 -0.015157
v 0.039258 -0.009814 -0.015157
v 0.039496 -0.009885 -0.015157
v 0.039738 -0.009936 -0.015157
v 0.039985 -0.009966 -0.015157
v 0.040232 -0.009977 -0.015157
v 0.040480 -0.009966 -0.015157
v 0.040726 -0.009936 -0.015157
v 0.040969 -0.009885 -0.015157
v 0.041206 -0.009814 -0.015157
v 0.041437 -0.009724 -0.015157
v 0.041660 -0.009615 -0.015157
v 0.041873 -0.009488 -0.015157
v 0.042075 -0.009344 -0.015157
v 0.042264 -0.009184 -0.015157
v 0.042439 -0.009008 -0.015157
v 0.042600 -0.008819 -0.015157
v 0.042744 -0.008617 -0.015157
v 0.042871 -0.008404 -0.015157
vn -0.7071 0.7070 0.0129
vn -0.7066 0.7066 0.0388
vn -0.7056 0.7056 0.0646
vn -0.7042 0.7042 0.0905
vn -0.7023 0.7023 0.1165
vn -0.6999 0.6999 0.1425
vn -0.6970 0.6970 0.1687
vn -0.7245 0.6635 0.1865
vn -0.6954 0.6954 0.1811
vn -0.6636 0.7245 0.1865
vn -0.6938 0.6911 0.2028
vn -0.6702 0.7103 0.2151
vn -0.6793 0.6957 0.2334
vn -0.6675 0.7044 0.2414
vn -0.6672 0.6966 0.2639
vn -0.6625 0.6997 0.2674
vn -0.6551 0.6960 0.2940
vn -0.6562 0.6953 0.2931
vn -0.6536 0.6952 0.2992
vn -0.6292 0.7131 0.3091
vn -0.6409 0.6960 0.3239
vn -0.6249 0.7048 0.3359
vn -0.6259 0.6952 0.3535
vn -0.6177 0.6989 0.3604
vn -0.6118 0.6923 0.3826
vn -0.6036 0.6829 0.4115
vn -0.5947 0.6729 0.4399
vn -0.5853 0.6622 0.4679
vn -0.5753 0.6509 0.4954
vn -0.5647 0.6389 0.5225
vn -0.5535 0.6263 0.5490
vn -0.5418 0.6131 0.5750
vn -0.5296 0.5992 0.6004
vn -0.5169 0.5848 0.6252
vn -0.5036 0.5698 0.6494
vn -0.4898 0.5542 0.6730
vn -0.4763 0.5389 0.6948
vn -0.4682 0.5422 0.6978
vn -0.6911 0.6938 0.2028
vn -0.7103 0.6702 0.2151
vn -0.6957 0.6793 0.2334
vn -0.7044 0.6675 0.2414
vn -0.6966 0.6672 0.2639
vn -0.6997 0.6625 0.2674
vn -0.6962 0.6555 0.2928
vn -0.7131 0.6292 0.3091
vn -0.6952 0.6536 0.2992
vn -0.6953 0.6558 0.2940
vn -0.6759 0.6759 0.2940
vn -0.6821 0.6820 0.2638
vn -0.6960 0.6409 0.3239
vn -0.7048 0.6249 0.3358
vn -0.6952 0.6259 0.3535
vn -0.6989 0.6177 0.3604
vn -0.6923 0.6118 0.3826
vn -0.7006 0.6022 0.3827
vn -0.7008 0.6021 0.3827
vn -0.7120 0.6060 0.3548
vn -0.7030 0.5858 0.4032
vn -0.6963 0.5881 0.4115
vn -0.6829 0.6036 0.4115
vn -0.6640 0.6243 0.4115
vn -0.6445 0.6445 0.4115
vn -0.6243 0.6640 0.4115
vn -0.6976 0.5793 0.4217
vn -0.7234 0.5541 0.4119
vn -0.6945 0.5694 0.4399
vn -0.7035 0.5545 0.4445
vn -0.6956 0.5451 0.4679
vn -0.6965 0.5430 0.4690
vn -0.6851 0.5341 0.4954
vn -0.6959 0.5199 0.4955
vn -0.6978 0.5103 0.5027
vn -0.7102 0.4978 0.4978
vn -0.6982 0.4894 0.5225
vn -0.6998 0.4863 0.5232
vn -0.6977 0.4779 0.5337
vn -0.7174 0.4553 0.5272
vn -0.6963 0.4623 0.5490
vn -0.6999 0.4484 0.5559
vn -0.6889 0.4414 0.5750
vn -0.6986 0.4258 0.5750
vn -0.6973 0.4170 0.5830
vn -0.7103 0.3990 0.5798
vn -0.6953 0.3950 0.6004
vn -0.6967 0.3881 0.6033
vn -0.6818 0.3798 0.6252
vn -0.6932 0.3586 0.6252
vn -0.6754 0.3494 0.6494
vn -0.6859 0.3284 0.6494
vn -0.6671 0.3195 0.6730
vn -0.6766 0.2988 0.6730
vn -0.6572 0.2902 0.6956
vn -0.6654 0.2696 0.6961
vn -0.6653 0.2685 0.6967
vn -0.6742 0.2493 0.6952
vn -0.6739 0.2437 0.6974
vn -0.6820 0.2286 0.6947
vn -0.6820 0.2189 0.6978
vn -0.6889 0.2075 0.6945
vn -0.6896 0.1938 0.6978
vn -0.6947 0.1862 0.6947
vn -0.6970 0.1687 0.6970
vn -0.6999 0.1425 0.6999
vn -0.7023 0.1165 0.7023
vn -0.7042 0.0905 0.7042
vn -0.7056 0.0646 0.7056
vn -0.7057 0.0646 0.7056
vn -0.7066 0.0388 0.7066
vn -0.7065 0.0388 0.7066
vn -0.7069 0.0129 0.7072
vn -0.6964 0.5432 0.4691
vn -0.7072 0.5179 0.4814
vn -0.7068 0.4425 0.5519
vn -0.7032 0.4242 0.5706
vn -0.7015 0.3823 0.6015
vn -0.7017 0.3600 0.6148
vn -0.6938 0.3582 0.6248
vn -0.7009 0.3376 0.6282
vn -0.6993 0.3349 0.6315
vn -0.7072 0.3117 0.6346
vn -0.6946 0.3095 0.6494
vn -0.6944 0.3066 0.6510
vn -0.6855 0.2778 0.6730
vn -0.7015 0.2907 0.6507
vn -0.6984 0.2830 0.6574
vn -0.6935 0.2572 0.6730
vn -0.6935 0.2565 0.6733
vn -0.6993 0.2431 0.6722
vn -0.6970 0.2336 0.6780
vn -0.7043 0.2169 0.6760
vn -0.6998 0.2108 0.6826
vn -0.7092 0.1908 0.6787
vn -0.7083 0.2642 0.6546
vn -0.6546 0.2924 0.6971
vn -0.6486 0.3106 0.6949
vn -0.6570 0.3399 0.6730
vn -0.6643 0.3700 0.6494
vn -0.6698 0.4006 0.6252
vn -0.6863 0.4105 0.6004
vn -0.6734 0.4314 0.6004
vn -0.6750 0.4624 0.5750
vn -0.6896 0.4724 0.5490
vn -0.6747 0.4934 0.5490
vn -0.6883 0.5033 0.5225
vn -0.6724 0.5243 0.5225
vn -0.6683 0.5549 0.4954
vn -0.6799 0.5646 0.4679
vn -0.6622 0.5853 0.4679
vn -0.6729 0.5947 0.4399
vn -0.6543 0.6152 0.4399
vn -0.6430 0.3159 0.6977
vn -0.6390 0.3306 0.6945
vn -0.6462 0.3599 0.6730
vn -0.6526 0.3903 0.6494
vn -0.6572 0.4210 0.6252
vn -0.6598 0.4520 0.6004
vn -0.6604 0.4829 0.5750
vn -0.6592 0.5139 0.5490
vn -0.6560 0.5447 0.5225
vn -0.6509 0.5753 0.4954
vn -0.6439 0.6054 0.4679
vn -0.6350 0.6350 0.4399
vn -0.6309 0.3391 0.6978
vn -0.6285 0.3501 0.6946
vn -0.6348 0.3797 0.6730
vn -0.6403 0.4102 0.6494
vn -0.6439 0.4411 0.6252
vn -0.6598 0.4519 0.6004
vn -0.6455 0.4721 0.6004
vn -0.6604 0.4830 0.5750
vn -0.6453 0.5031 0.5750
vn -0.6430 0.5340 0.5490
vn -0.6389 0.5647 0.5225
vn -0.6329 0.5950 0.4954
vn -0.6249 0.6249 0.4679
vn -0.6152 0.6543 0.4399
vn -0.6183 0.3620 0.6976
vn -0.6171 0.3691 0.6950
vn -0.6228 0.3990 0.6730
vn -0.6274 0.4298 0.6494
vn -0.6300 0.4607 0.6252
vn -0.6307 0.4917 0.6004
vn -0.6295 0.5227 0.5750
vn -0.6263 0.5535 0.5490
vn -0.6212 0.5841 0.5225
vn -0.6142 0.6142 0.4954
vn -0.6054 0.6439 0.4679
vn -0.6052 0.3847 0.6970
vn -0.6048 0.3875 0.6957
vn -0.6102 0.4180 0.6730
vn -0.6138 0.4489 0.6494
vn -0.6155 0.4799 0.6252
vn -0.6153 0.5109 0.6004
vn -0.6131 0.5418 0.5750
vn -0.6090 0.5725 0.5490
vn -0.6029 0.6029 0.5225
vn -0.5950 0.6329 0.4954
vn -0.5924 0.4058 0.6960
vn -0.5909 0.4066 0.6968
vn -0.5803 0.4243 0.6951
vn -0.5751 0.4275 0.6975
vn -0.5673 0.4423 0.6946
vn -0.5588 0.4480 0.6978
vn -0.5535 0.4596 0.6945
vn -0.5422 0.4682 0.6977
vn -0.5389 0.4763 0.6948
vn -0.5250 0.4880 0.6973
vn -0.5235 0.4923 0.6954
vn -0.5074 0.5074 0.6964
vn -0.4922 0.5235 0.6954
vn -0.5067 0.5389 0.6730
vn -0.4880 0.5250 0.6973
vn -0.4596 0.5535 0.6945
vn -0.4480 0.5588 0.6978
vn -0.4423 0.5673 0.6946
vn -0.4275 0.5751 0.6975
vn -0.4243 0.5803 0.6951
vn -0.4066 0.5909 0.6968
vn -0.4058 0.5924 0.6960
vn -0.3875 0.6048 0.6957
vn -0.3990 0.6228 0.6730
vn -0.3797 0.6348 0.6730
vn -0.3903 0.6526 0.6494
vn -0.3700 0.6643 0.6494
vn -0.3798 0.6818 0.6252
vn -0.3586 0.6932 0.6252
vn -0.3582 0.6938 0.6248
vn -0.3376 0.7009 0.6282
vn -0.3349 0.6993 0.6315
vn -0.3117 0.7072 0.6346
vn -0.3095 0.6946 0.6494
vn -0.3066 0.6944 0.6510
vn -0.2988 0.6766 0.6730
vn -0.2902 0.6572 0.6956
vn -0.2696 0.6654 0.6961
vn -0.2685 0.6653 0.6967
vn -0.2493 0.6742 0.6952
vn -0.2437 0.6739 0.6974
vn -0.2286 0.6821 0.6947
vn -0.2189 0.6820 0.6978
vn -0.2075 0.6889 0.6945
vn -0.1938 0.6896 0.6978
vn -0.1862 0.6947 0.6947
vn -0.1687 0.6970 0.6970
vn -0.1425 0.6999 0.6999
vn -0.1165 0.7023 0.7023
vn -0.0905 0.7042 0.7042
vn -0.0646 0.7056 0.7056
vn -0.0388 0.7066 0.7066
vn -0.0388 0.7066 0.7065
vn -0.0129 0.7071 0.7070
vn -0.3847 0.6052 0.6970
vn -0.3691 0.6171 0.6950
vn -0.3599 0.6462 0.6730
vn -0.3494 0.6754 0.6494
vn -0.3620 0.6183 0.6976
vn -0.3501 0.6285 0.6946
vn -0.3399 0.6570 0.6730
vn -0.3284 0.6859 0.6494
vn -0.3391 0.6309 0.6978
vn -0.3306 0.6390 0.6945
vn -0.3195 0.6671 0.6730
vn -0.3159 0.6430 0.6977
vn -0.3106 0.6486 0.6949
vn -0.2924 0.6546 0.6971
vn -0.1908 0.7092 0.6787
vn -0.2108 0.6998 0.6826
vn -0.2169 0.7043 0.6760
vn -0.2336 0.6970 0.6780
vn -0.2431 0.6993 0.6722
vn -0.2565 0.6935 0.6733
vn -0.2571 0.6935 0.6730
vn -0.2642 0.7083 0.6546
vn -0.2830 0.6984 0.6574
vn -0.2907 0.7015 0.6507
vn -0.3600 0.7017 0.6148
vn -0.3823 0.7015 0.6015
vn -0.3881 0.6967 0.6033
vn -0.3950 0.6953 0.6004
vn -0.4105 0.6863 0.6004
vn -0.4314 0.6734 0.6004
vn -0.4520 0.6598 0.6004
vn -0.4721 0.6455 0.6004
vn -0.4917 0.6307 0.6004
vn -0.5109 0.6153 0.6004
vn -0.5109 0.6152 0.6004
vn -0.3990 0.7103 0.5798
vn -0.4170 0.6973 0.5830
vn -0.4258 0.6986 0.5750
vn -0.4242 0.7032 0.5706
vn -0.4425 0.7068 0.5519
vn -0.4553 0.7174 0.5273
vn -0.4623 0.6963 0.5490
vn -0.4484 0.6999 0.5559
vn -0.4414 0.6889 0.5750
vn -0.4779 0.6977 0.5337
vn -0.4863 0.6998 0.5232
vn -0.4894 0.6982 0.5225
vn -0.4978 0.7102 0.4978
vn -0.5103 0.6978 0.5027
vn -0.5199 0.6959 0.4955
vn -0.5341 0.6851 0.4954
vn -0.5549 0.6683 0.4954
vn -0.5179 0.7072 0.4813
vn -0.5432 0.6964 0.4691
vn -0.5430 0.6965 0.4690
vn -0.5451 0.6956 0.4679
vn -0.5646 0.6799 0.4679
vn -0.5545 0.7035 0.4446
vn -0.5694 0.6945 0.4399
vn -0.5737 0.6909 0.4399
vn -0.5541 0.7234 0.4119
vn -0.5793 0.6976 0.4217
vn -0.5881 0.6963 0.4115
vn -0.5858 0.7030 0.4031
vn -0.6021 0.7008 0.3827
vn -0.6022 0.7007 0.3827
vn -0.6060 0.7119 0.3548
vn -0.5230 0.5230 0.6730
vn -0.5389 0.5067 0.6730
vn -0.5542 0.4898 0.6730
vn -0.5691 0.4725 0.6730
vn -0.5833 0.4548 0.6730
vn -0.5971 0.4366 0.6730
vn -0.5377 0.5377 0.6494
vn -0.5540 0.5209 0.6494
vn -0.5698 0.5036 0.6494
vn -0.5850 0.4858 0.6494
vn -0.5997 0.4676 0.6494
vn -0.5209 0.5540 0.6494
vn -0.5346 0.5686 0.6252
vn -0.5478 0.5826 0.6004
vn -0.5605 0.5961 0.5750
vn -0.5725 0.6089 0.5490
vn -0.5841 0.6212 0.5225
vn -0.5519 0.5519 0.6252
vn -0.5686 0.5346 0.6252
vn -0.5848 0.5169 0.6252
vn -0.6004 0.4986 0.6252
vn -0.5655 0.5655 0.6004
vn -0.5826 0.5478 0.6004
vn -0.5992 0.5296 0.6004
vn -0.5785 0.5785 0.5750
vn -0.5961 0.5604 0.5750
vn -0.5961 0.5605 0.5750
vn -0.5910 0.5910 0.5490
vn -0.6089 0.5725 0.5490
vn -0.6533 0.6533 0.3826
vn -0.6731 0.6329 0.3826
vn -0.6615 0.6615 0.3534
vn -0.6815 0.6408 0.3534
vn -0.6329 0.6731 0.3826
vn -0.6690 0.6690 0.3239
vn -0.6893 0.6481 0.3239
vn -0.6408 0.6815 0.3534
vn -0.6481 0.6893 0.3239
vn -0.6820 0.6821 0.2638
vn -0.6876 0.6876 0.2334
vn -0.6924 0.6924 0.2028
vn -0.6909 0.5737 0.4399
vn -0.4725 0.5691 0.6730
vn -0.4548 0.5833 0.6730
vn -0.4366 0.5971 0.6730
vn -0.4180 0.6102 0.6730
vn -0.4986 0.6004 0.6252
vn -0.4858 0.5850 0.6494
vn -0.4676 0.5997 0.6494
vn -0.4489 0.6138 0.6494
vn -0.4298 0.6274 0.6494
vn -0.4102 0.6403 0.6494
vn -0.5227 0.6295 0.5750
vn -0.5031 0.6453 0.5750
vn -0.5031 0.6452 0.5750
vn -0.4830 0.6604 0.5750
vn -0.4624 0.6750 0.5750
vn -0.5447 0.6560 0.5225
vn -0.5340 0.6430 0.5490
vn -0.5139 0.6592 0.5490
vn -0.4934 0.6747 0.5490
vn -0.4724 0.6896 0.5490
vn -0.4799 0.6155 0.6252
vn -0.5243 0.6724 0.5225
vn -0.5243 0.6725 0.5225
vn -0.4607 0.6300 0.6252
vn -0.5033 0.6883 0.5225
vn -0.4411 0.6439 0.6252
vn -0.4210 0.6572 0.6252
vn -0.4006 0.6698 0.6252
vn -0.2778 0.6855 0.6730
vn 0.0388 0.7070 -0.7061
vn 0.0646 0.7060 -0.7052
vn 0.0646 0.7058 -0.7054
vn 0.0905 0.7044 -0.7040
vn 0.0905 0.7043 -0.7041
vn 0.1165 0.7024 -0.7022
vn 0.1425 0.7000 -0.6998
vn 0.1426 0.6999 -0.6998
vn 0.1687 0.6970 -0.6969
vn 0.1863 0.6948 -0.6947
vn 0.1938 0.6896 -0.6977
vn 0.2075 0.6890 -0.6945
vn 0.2189 0.6821 -0.6978
vn 0.2286 0.6821 -0.6946
vn 0.2438 0.6740 -0.6974
vn 0.2493 0.6742 -0.6952
vn 0.2685 0.6653 -0.6966
vn 0.2696 0.6654 -0.6961
vn 0.2902 0.6572 -0.6956
vn 0.2988 0.6766 -0.6730
vn 0.3066 0.6944 -0.6510
vn 0.3095 0.6946 -0.6494
vn 0.3117 0.7072 -0.6346
vn 0.3349 0.6993 -0.6315
vn 0.3376 0.7009 -0.6282
vn 0.3582 0.6938 -0.6248
vn 0.3600 0.7017 -0.6148
vn 0.3823 0.7015 -0.6015
vn 0.1908 0.7092 -0.6787
vn 0.2108 0.6998 -0.6826
vn 0.2169 0.7043 -0.6760
vn 0.2336 0.6970 -0.6780
vn 0.2431 0.6993 -0.6722
vn 0.2565 0.6935 -0.6733
vn 0.2572 0.6935 -0.6730
vn 0.2642 0.7083 -0.6546
vn 0.2830 0.6984 -0.6574
vn 0.2907 0.7015 -0.6507
vn 0.3990 0.7103 -0.5798
vn 0.3950 0.6953 -0.6004
vn 0.3881 0.6967 -0.6033
vn 0.3798 0.6818 -0.6252
vn 0.3700 0.6643 -0.6494
vn 0.3599 0.6462 -0.6730
vn 0.3501 0.6286 -0.6945
vn 0.3391 0.6309 -0.6978
vn 0.4242 0.7032 -0.5706
vn 0.4258 0.6986 -0.5750
vn 0.4170 0.6973 -0.5830
vn 0.4105 0.6863 -0.6004
vn 0.4006 0.6698 -0.6252
vn 0.3903 0.6526 -0.6494
vn 0.3797 0.6348 -0.6730
vn 0.3691 0.6171 -0.6949
vn 0.3620 0.6183 -0.6976
vn 0.4425 0.7068 -0.5519
vn 0.4484 0.6999 -0.5559
vn 0.4414 0.6889 -0.5750
vn 0.4624 0.6750 -0.5750
vn 0.4519 0.6598 -0.6004
vn 0.4721 0.6455 -0.6004
vn 0.4607 0.6300 -0.6252
vn 0.4799 0.6155 -0.6252
vn 0.4676 0.5997 -0.6494
vn 0.4858 0.5850 -0.6494
vn 0.4725 0.5691 -0.6730
vn 0.4898 0.5542 -0.6730
vn 0.4763 0.5389 -0.6947
vn 0.4880 0.5250 -0.6973
vn 0.4923 0.5236 -0.6954
vn 0.5075 0.5075 -0.6964
vn 0.5230 0.5230 -0.6730
vn 0.5377 0.5377 -0.6494
vn 0.5519 0.5519 -0.6252
vn 0.5655 0.5655 -0.6004
vn 0.5785 0.5785 -0.5750
vn 0.5910 0.5910 -0.5490
vn 0.6029 0.6029 -0.5225
vn 0.6142 0.6142 -0.4954
vn 0.6249 0.6249 -0.4679
vn 0.6350 0.6350 -0.4399
vn 0.6445 0.6445 -0.4115
vn 0.6533 0.6533 -0.3826
vn 0.6615 0.6615 -0.3534
vn 0.6690 0.6690 -0.3239
vn 0.6759 0.6759 -0.2940
vn 0.6820 0.6821 -0.2638
vn 0.6821 0.6820 -0.2638
vn 0.6876 0.6876 -0.2334
vn 0.6924 0.6924 -0.2028
vn 0.6954 0.6954 -0.1811
vn 0.6970 0.6970 -0.1687
vn 0.6999 0.6999 -0.1425
vn 0.7023 0.7023 -0.1165
vn 0.7042 0.7042 -0.0905
vn 0.7056 0.7056 -0.0646
vn 0.7066 0.7066 -0.0388
vn 0.7065 0.7066 -0.0388
vn 0.7071 0.7070 -0.0129
vn 0.4623 0.6963 -0.5490
vn 0.4553 0.7174 -0.5273
vn 0.4779 0.6977 -0.5337
vn 0.4863 0.6998 -0.5232
vn 0.4894 0.6982 -0.5225
vn 0.4978 0.7102 -0.4978
vn 0.5103 0.6978 -0.5027
vn 0.5199 0.6959 -0.4955
vn 0.5341 0.6851 -0.4954
vn 0.5549 0.6683 -0.4954
vn 0.5753 0.6509 -0.4954
vn 0.5950 0.6329 -0.4954
vn 0.5179 0.7072 -0.4814
vn 0.5432 0.6964 -0.4691
vn 0.5430 0.6965 -0.4690
vn 0.5451 0.6956 -0.4679
vn 0.5646 0.6799 -0.4679
vn 0.5853 0.6622 -0.4679
vn 0.6054 0.6439 -0.4679
vn 0.5545 0.7035 -0.4446
vn 0.5694 0.6945 -0.4399
vn 0.5737 0.6909 -0.4399
vn 0.5947 0.6729 -0.4399
vn 0.6152 0.6543 -0.4399
vn 0.5541 0.7234 -0.4119
vn 0.5793 0.6976 -0.4217
vn 0.5881 0.6963 -0.4115
vn 0.5858 0.7030 -0.4032
vn 0.6021 0.7008 -0.3827
vn 0.6022 0.7006 -0.3827
vn 0.6060 0.7120 -0.3548
vn 0.6177 0.6989 -0.3604
vn 0.6259 0.6952 -0.3535
vn 0.6408 0.6815 -0.3534
vn 0.6249 0.7048 -0.3358
vn 0.6409 0.6960 -0.3239
vn 0.6481 0.6893 -0.3239
vn 0.6292 0.7131 -0.3091
vn 0.6536 0.6952 -0.2992
vn 0.6562 0.6953 -0.2931
vn 0.6551 0.6960 -0.2940
vn 0.6625 0.6997 -0.2674
vn 0.6672 0.6966 -0.2639
vn 0.6675 0.7044 -0.2414
vn 0.6793 0.6957 -0.2334
vn 0.6702 0.7103 -0.2151
vn 0.6938 0.6911 -0.2028
vn 0.6635 0.7245 -0.1865
vn 0.7245 0.6636 -0.1865
vn 0.6911 0.6938 -0.2028
vn 0.7103 0.6702 -0.2151
vn 0.6957 0.6793 -0.2334
vn 0.7044 0.6675 -0.2414
vn 0.6966 0.6672 -0.2639
vn 0.6997 0.6625 -0.2674
vn 0.6962 0.6555 -0.2928
vn 0.6953 0.6558 -0.2940
vn 0.6952 0.6536 -0.2992
vn 0.6893 0.6481 -0.3239
vn 0.6960 0.6409 -0.3239
vn 0.7048 0.6249 -0.3358
vn 0.7131 0.6292 -0.3091
vn 0.7120 0.6060 -0.3548
vn 0.6989 0.6177 -0.3604
vn 0.6952 0.6259 -0.3535
vn 0.6815 0.6408 -0.3534
vn 0.7006 0.6022 -0.3827
vn 0.7008 0.6021 -0.3827
vn 0.6923 0.6118 -0.3826
vn 0.6731 0.6329 -0.3826
vn 0.7031 0.5858 -0.4031
vn 0.6963 0.5881 -0.4115
vn 0.6829 0.6036 -0.4115
vn 0.6640 0.6243 -0.4115
vn 0.6976 0.5793 -0.4217
vn 0.7234 0.5541 -0.4119
vn 0.6945 0.5694 -0.4399
vn 0.7035 0.5545 -0.4446
vn 0.6956 0.5451 -0.4679
vn 0.6965 0.5430 -0.4690
vn 0.6851 0.5341 -0.4954
vn 0.6959 0.5199 -0.4955
vn 0.6978 0.5103 -0.5027
vn 0.7102 0.4978 -0.4978
vn 0.6982 0.4894 -0.5225
vn 0.6998 0.4863 -0.5232
vn 0.6977 0.4779 -0.5337
vn 0.7174 0.4553 -0.5272
vn 0.6963 0.4623 -0.5490
vn 0.6999 0.4484 -0.5559
vn 0.6889 0.4414 -0.5750
vn 0.6986 0.4258 -0.5750
vn 0.6973 0.4170 -0.5830
vn 0.7103 0.3990 -0.5799
vn 0.6953 0.3950 -0.6004
vn 0.6967 0.3881 -0.6033
vn 0.6818 0.3798 -0.6252
vn 0.6932 0.3586 -0.6252
vn 0.6754 0.3494 -0.6494
vn 0.6859 0.3284 -0.6494
vn 0.6671 0.3195 -0.6730
vn 0.6766 0.2988 -0.6730
vn 0.6572 0.2902 -0.6956
vn 0.6654 0.2696 -0.6961
vn 0.6653 0.2685 -0.6967
vn 0.6742 0.2493 -0.6952
vn 0.6739 0.2437 -0.6974
vn 0.6821 0.2286 -0.6946
vn 0.6820 0.2189 -0.6978
vn 0.6889 0.2075 -0.6945
vn 0.6896 0.1938 -0.6978
vn 0.6947 0.1862 -0.6947
vn 0.6970 0.1687 -0.6970
vn 0.6999 0.1425 -0.6999
vn 0.7023 0.1165 -0.7023
vn 0.7042 0.0905 -0.7042
vn 0.7056 0.0646 -0.7056
vn 0.7057 0.0646 -0.7056
vn 0.7066 0.0388 -0.7066
vn 0.7067 0.0388 -0.7064
vn 0.7071 0.0129 -0.7070
vn 0.6964 0.5432 -0.4691
vn 0.7072 0.5179 -0.4813
vn 0.7068 0.4425 -0.5519
vn 0.7032 0.4242 -0.5706
vn 0.7015 0.3823 -0.6015
vn 0.7017 0.3600 -0.6148
vn 0.6938 0.3582 -0.6248
vn 0.7009 0.3376 -0.6282
vn 0.6993 0.3349 -0.6315
vn 0.7072 0.3117 -0.6346
vn 0.6946 0.3095 -0.6494
vn 0.6944 0.3066 -0.6510
vn 0.6855 0.2778 -0.6730
vn 0.7015 0.2907 -0.6507
vn 0.6984 0.2830 -0.6574
vn 0.6935 0.2572 -0.6730
vn 0.6935 0.2565 -0.6733
vn 0.6993 0.2431 -0.6722
vn 0.6970 0.2336 -0.6780
vn 0.7043 0.2169 -0.6760
vn 0.6998 0.2108 -0.6826
vn 0.7092 0.1908 -0.6787
vn 0.7083 0.2642 -0.6546
vn 0.6546 0.2924 -0.6971
vn 0.6486 0.3106 -0.6949
vn 0.6570 0.3399 -0.6730
vn 0.6643 0.3700 -0.6494
vn 0.6698 0.4006 -0.6252
vn 0.6863 0.4105 -0.6004
vn 0.6734 0.4314 -0.6004
vn 0.6750 0.4624 -0.5750
vn 0.6896 0.4724 -0.5490
vn 0.6747 0.4934 -0.5490
vn 0.6883 0.5033 -0.5225
vn 0.6724 0.5243 -0.5225
vn 0.6683 0.5549 -0.4954
vn 0.6799 0.5646 -0.4679
vn 0.6622 0.5853 -0.4679
vn 0.6729 0.5947 -0.4399
vn 0.6543 0.6152 -0.4399
vn 0.6430 0.3159 -0.6977
vn 0.6390 0.3306 -0.6945
vn 0.6462 0.3599 -0.6730
vn 0.6526 0.3903 -0.6494
vn 0.6572 0.4210 -0.6252
vn 0.6598 0.4520 -0.6004
vn 0.6604 0.4830 -0.5750
vn 0.6592 0.5139 -0.5490
vn 0.6560 0.5447 -0.5225
vn 0.6509 0.5753 -0.4954
vn 0.6439 0.6054 -0.4679
vn 0.6309 0.3391 -0.6978
vn 0.6285 0.3501 -0.6945
vn 0.6348 0.3797 -0.6730
vn 0.6403 0.4102 -0.6494
vn 0.6439 0.4411 -0.6252
vn 0.6598 0.4519 -0.6004
vn 0.6455 0.4721 -0.6004
vn 0.6453 0.5031 -0.5750
vn 0.6430 0.5340 -0.5490
vn 0.6560 0.5447 -0.5224
vn 0.6389 0.5647 -0.5225
vn 0.6329 0.5950 -0.4954
vn 0.6183 0.3620 -0.6976
vn 0.6171 0.3691 -0.6949
vn 0.6228 0.3990 -0.6730
vn 0.6274 0.4298 -0.6494
vn 0.6300 0.4607 -0.6252
vn 0.6307 0.4917 -0.6004
vn 0.6295 0.5227 -0.5750
vn 0.6263 0.5535 -0.5490
vn 0.6212 0.5841 -0.5225
vn 0.6052 0.3847 -0.6970
vn 0.6048 0.3875 -0.6957
vn 0.6102 0.4180 -0.6730
vn 0.6138 0.4489 -0.6494
vn 0.6155 0.4799 -0.6252
vn 0.6153 0.5109 -0.6004
vn 0.6131 0.5418 -0.5750
vn 0.6089 0.5725 -0.5490
vn 0.5924 0.4058 -0.6960
vn 0.5909 0.4066 -0.6968
vn 0.5803 0.4244 -0.6951
vn 0.5751 0.4275 -0.6975
vn 0.5674 0.4423 -0.6946
vn 0.5589 0.4481 -0.6978
vn 0.5536 0.4597 -0.6945
vn 0.5422 0.4682 -0.6977
vn 0.5389 0.4763 -0.6947
vn 0.5250 0.4880 -0.6973
vn 0.5236 0.4923 -0.6954
vn 0.4682 0.5422 -0.6977
vn 0.4597 0.5536 -0.6945
vn 0.4548 0.5833 -0.6730
vn 0.4489 0.6138 -0.6494
vn 0.4411 0.6439 -0.6252
vn 0.4314 0.6734 -0.6004
vn 0.4481 0.5589 -0.6978
vn 0.4423 0.5674 -0.6946
vn 0.4366 0.5971 -0.6730
vn 0.4298 0.6274 -0.6494
vn 0.4210 0.6572 -0.6252
vn 0.4275 0.5751 -0.6975
vn 0.4244 0.5803 -0.6951
vn 0.4180 0.6102 -0.6730
vn 0.4102 0.6403 -0.6494
vn 0.4066 0.5909 -0.6968
vn 0.4058 0.5924 -0.6960
vn 0.3990 0.6228 -0.6730
vn 0.3875 0.6048 -0.6957
vn 0.3847 0.6052 -0.6970
vn 0.3306 0.6391 -0.6945
vn 0.3159 0.6430 -0.6976
vn 0.3106 0.6486 -0.6949
vn 0.2924 0.6547 -0.6971
vn 0.2778 0.6855 -0.6730
vn 0.3195 0.6671 -0.6730
vn 0.3284 0.6859 -0.6494
vn 0.3494 0.6754 -0.6494
vn 0.3399 0.6570 -0.6730
vn 0.3586 0.6932 -0.6252
vn 0.4724 0.6896 -0.5490
vn 0.4934 0.6747 -0.5490
vn 0.5139 0.6592 -0.5490
vn 0.5340 0.6430 -0.5490
vn 0.5535 0.6263 -0.5490
vn 0.5725 0.6089 -0.5490
vn 0.5033 0.6883 -0.5225
vn 0.4830 0.6604 -0.5750
vn 0.4917 0.6307 -0.6004
vn 0.4986 0.6004 -0.6252
vn 0.5036 0.5698 -0.6494
vn 0.5067 0.5389 -0.6730
vn 0.5243 0.6724 -0.5225
vn 0.5243 0.6725 -0.5225
vn 0.5031 0.6453 -0.5750
vn 0.5227 0.6295 -0.5750
vn 0.5418 0.6131 -0.5750
vn 0.5604 0.5961 -0.5750
vn 0.5605 0.5961 -0.5750
vn 0.5447 0.6560 -0.5225
vn 0.5109 0.6153 -0.6004
vn 0.5169 0.5848 -0.6252
vn 0.5209 0.5540 -0.6494
vn 0.5109 0.6152 -0.6004
vn 0.6036 0.6829 -0.4115
vn 0.6118 0.6923 -0.3826
vn 0.6329 0.6731 -0.3826
vn 0.5647 0.6389 -0.5225
vn 0.5296 0.5992 -0.6004
vn 0.5478 0.5826 -0.6004
vn 0.6243 0.6640 -0.4115
vn 0.5841 0.6212 -0.5225
vn 0.5346 0.5686 -0.6252
vn 0.5961 0.5605 -0.5750
vn 0.5826 0.5478 -0.6004
vn 0.5686 0.5346 -0.6252
vn 0.5540 0.5209 -0.6494
vn 0.5389 0.5067 -0.6730
vn 0.5992 0.5296 -0.6004
vn 0.5848 0.5169 -0.6252
vn 0.5698 0.5036 -0.6494
vn 0.5542 0.4898 -0.6730
vn 0.6909 0.5737 -0.4399
vn 0.6004 0.4986 -0.6252
vn 0.5850 0.4858 -0.6494
vn 0.5691 0.4725 -0.6730
vn 0.5997 0.4676 -0.6494
vn 0.5833 0.4548 -0.6730
vn 0.5971 0.4366 -0.6730
vn -0.7068 -0.0129 -0.7073
vn -0.7064 -0.0388 -0.7067
vn -0.7066 -0.0388 -0.7066
vn -0.7056 -0.0646 -0.7057
vn -0.7042 -0.0905 -0.7042
vn -0.7023 -0.1165 -0.7023
vn -0.6999 -0.1425 -0.6999
vn -0.6970 -0.1687 -0.6970
vn -0.6947 -0.1862 -0.6947
vn -0.6896 -0.1938 -0.6978
vn -0.6889 -0.2075 -0.6945
vn -0.6820 -0.2189 -0.6978
vn -0.6820 -0.2286 -0.6947
vn -0.6739 -0.2437 -0.6975
vn -0.6742 -0.2493 -0.6952
vn -0.6652 -0.2685 -0.6967
vn -0.6653 -0.2696 -0.6961
vn -0.6572 -0.2902 -0.6956
vn -0.6766 -0.2988 -0.6730
vn -0.6671 -0.3195 -0.6730
vn -0.6859 -0.3284 -0.6494
vn -0.6754 -0.3494 -0.6494
vn -0.6932 -0.3586 -0.6252
vn -0.6818 -0.3798 -0.6252
vn -0.6967 -0.3881 -0.6033
vn -0.6953 -0.3950 -0.6004
vn -0.7103 -0.3990 -0.5799
vn -0.6973 -0.4170 -0.5830
vn -0.6986 -0.4258 -0.5750
vn -0.6889 -0.4414 -0.5750
vn -0.6999 -0.4484 -0.5559
vn -0.6963 -0.4623 -0.5490
vn -0.7174 -0.4553 -0.5272
vn -0.6977 -0.4779 -0.5337
vn -0.6998 -0.4863 -0.5232
vn -0.6982 -0.4894 -0.5225
vn -0.7102 -0.4978 -0.4978
vn -0.6978 -0.5103 -0.5027
vn -0.6959 -0.5199 -0.4955
vn -0.6851 -0.5341 -0.4954
vn -0.6965 -0.5430 -0.4690
vn -0.6956 -0.5451 -0.4679
vn -0.7035 -0.5545 -0.4446
vn -0.6945 -0.5694 -0.4399
vn -0.7234 -0.5541 -0.4119
vn -0.6976 -0.5793 -0.4217
vn -0.6963 -0.5881 -0.4115
vn -0.6829 -0.6036 -0.4115
vn -0.6923 -0.6118 -0.3826
vn -0.6731 -0.6329 -0.3826
vn -0.6815 -0.6408 -0.3534
vn -0.6615 -0.6615 -0.3534
vn -0.6690 -0.6690 -0.3239
vn -0.6481 -0.6893 -0.3239
vn -0.6536 -0.6952 -0.2992
vn -0.6292 -0.7131 -0.3091
vn -0.6409 -0.6960 -0.3239
vn -0.6249 -0.7048 -0.3359
vn -0.6259 -0.6952 -0.3535
vn -0.6177 -0.6989 -0.3604
vn -0.6118 -0.6923 -0.3826
vn -0.6036 -0.6829 -0.4115
vn -0.5947 -0.6729 -0.4399
vn -0.5853 -0.6622 -0.4679
vn -0.5753 -0.6509 -0.4954
vn -0.5647 -0.6389 -0.5225
vn -0.5535 -0.6263 -0.5490
vn -0.5418 -0.6131 -0.5750
vn -0.5296 -0.5992 -0.6004
vn -0.5169 -0.5848 -0.6252
vn -0.5036 -0.5698 -0.6494
vn -0.4898 -0.5542 -0.6730
vn -0.4763 -0.5389 -0.6948
vn -0.4682 -0.5421 -0.6978
vn -0.6546 -0.2924 -0.6971
vn -0.6486 -0.3106 -0.6949
vn -0.6570 -0.3399 -0.6730
vn -0.6643 -0.3700 -0.6494
vn -0.6698 -0.4006 -0.6252
vn -0.6863 -0.4105 -0.6004
vn -0.6734 -0.4314 -0.6004
vn -0.6750 -0.4624 -0.5750
vn -0.6896 -0.4724 -0.5490
vn -0.6747 -0.4934 -0.5490
vn -0.6883 -0.5033 -0.5225
vn -0.6725 -0.5243 -0.5225
vn -0.6683 -0.5549 -0.4954
vn -0.6799 -0.5646 -0.4679
vn -0.6622 -0.5853 -0.4679
vn -0.6729 -0.5947 -0.4399
vn -0.6543 -0.6152 -0.4399
vn -0.6640 -0.6243 -0.4115
vn -0.6445 -0.6445 -0.4115
vn -0.6533 -0.6533 -0.3826
vn -0.6329 -0.6731 -0.3826
vn -0.6408 -0.6815 -0.3534
vn -0.6430 -0.3159 -0.6977
vn -0.6390 -0.3306 -0.6945
vn -0.6462 -0.3599 -0.6730
vn -0.6526 -0.3903 -0.6494
vn -0.6572 -0.4210 -0.6252
vn -0.6598 -0.4520 -0.6004
vn -0.6604 -0.4830 -0.5750
vn -0.6592 -0.5139 -0.5490
vn -0.6724 -0.5243 -0.5225
vn -0.6560 -0.5447 -0.5225
vn -0.6509 -0.5753 -0.4954
vn -0.6439 -0.6054 -0.4679
vn -0.6350 -0.6350 -0.4399
vn -0.6243 -0.6640 -0.4115
vn -0.6309 -0.3391 -0.6979
vn -0.6285 -0.3501 -0.6946
vn -0.6348 -0.3797 -0.6730
vn -0.6403 -0.4102 -0.6494
vn -0.6439 -0.4411 -0.6252
vn -0.6455 -0.4721 -0.6004
vn -0.6604 -0.4829 -0.5750
vn -0.6453 -0.5031 -0.5750
vn -0.6430 -0.5340 -0.5490
vn -0.6389 -0.5647 -0.5225
vn -0.6329 -0.5950 -0.4954
vn -0.6249 -0.6249 -0.4679
vn -0.6152 -0.6543 -0.4399
vn -0.6183 -0.3620 -0.6976
vn -0.6171 -0.3691 -0.6950
vn -0.6228 -0.3990 -0.6730
vn -0.6274 -0.4298 -0.6494
vn -0.6300 -0.4607 -0.6252
vn -0.6307 -0.4917 -0.6004
vn -0.6295 -0.5227 -0.5750
vn -0.6263 -0.5535 -0.5490
vn -0.6212 -0.5841 -0.5225
vn -0.6142 -0.6142 -0.4954
vn -0.6054 -0.6439 -0.4679
vn -0.6051 -0.3847 -0.6970
vn -0.6048 -0.3875 -0.6958
vn -0.6102 -0.4180 -0.6730
vn -0.6138 -0.4489 -0.6494
vn -0.6155 -0.4799 -0.6252
vn -0.6153 -0.5109 -0.6004
vn -0.6131 -0.5418 -0.5750
vn -0.6089 -0.5725 -0.5490
vn -0.6029 -0.6029 -0.5225
vn -0.5950 -0.6329 -0.4954
vn -0.5924 -0.4058 -0.6960
vn -0.5909 -0.4066 -0.6968
vn -0.5803 -0.4243 -0.6951
vn -0.5751 -0.4275 -0.6975
vn -0.5673 -0.4423 -0.6946
vn -0.5588 -0.4480 -0.6978
vn -0.5535 -0.4596 -0.6945
vn -0.5421 -0.4682 -0.6978
vn -0.5389 -0.4763 -0.6948
vn -0.5250 -0.4880 -0.6973
vn -0.5235 -0.4922 -0.6954
vn -0.5074 -0.5074 -0.6965
vn -0.4922 -0.5235 -0.6954
vn -0.5067 -0.5389 -0.6730
vn -0.4880 -0.5250 -0.6973
vn -0.4596 -0.5535 -0.6945
vn -0.4480 -0.5588 -0.6979
vn -0.4423 -0.5673 -0.6946
vn -0.4275 -0.5751 -0.6975
vn -0.4243 -0.5803 -0.6951
vn -0.4066 -0.5908 -0.6968
vn -0.4058 -0.5924 -0.6960
vn -0.3875 -0.6048 -0.6958
vn -0.3990 -0.6228 -0.6730
vn -0.3797 -0.6348 -0.6730
vn -0.3903 -0.6526 -0.6494
vn -0.3700 -0.6643 -0.6494
vn -0.3798 -0.6818 -0.6252
vn -0.3586 -0.6932 -0.6252
vn -0.3582 -0.6938 -0.6248
vn -0.3376 -0.7009 -0.6282
vn -0.3349 -0.6993 -0.6315
vn -0.3117 -0.7072 -0.6346
vn -0.3095 -0.6946 -0.6494
vn -0.3066 -0.6944 -0.6510
vn -0.2988 -0.6766 -0.6730
vn -0.2902 -0.6572 -0.6957
vn -0.2696 -0.6653 -0.6962
vn -0.2685 -0.6652 -0.6967
vn -0.2493 -0.6742 -0.6952
vn -0.2437 -0.6739 -0.6975
vn -0.2286 -0.6820 -0.6947
vn -0.2188 -0.6820 -0.6978
vn -0.2075 -0.6889 -0.6945
vn -0.1938 -0.6896 -0.6978
vn -0.1862 -0.6947 -0.6948
vn -0.1687 -0.6969 -0.6970
vn -0.1425 -0.6998 -0.6999
vn -0.1426 -0.6998 -0.7000
vn -0.1165 -0.7022 -0.7024
vn -0.0905 -0.7041 -0.7043
vn -0.0906 -0.7040 -0.7044
vn -0.0646 -0.7054 -0.7058
vn -0.0647 -0.7052 -0.7061
vn -0.0387 -0.7061 -0.7070
vn -0.3846 -0.6051 -0.6970
vn -0.3691 -0.6171 -0.6950
vn -0.3599 -0.6462 -0.6730
vn -0.3494 -0.6754 -0.6494
vn -0.3620 -0.6183 -0.6977
vn -0.3501 -0.6285 -0.6946
vn -0.3399 -0.6570 -0.6730
vn -0.3284 -0.6859 -0.6494
vn -0.3391 -0.6309 -0.6979
vn -0.3306 -0.6390 -0.6946
vn -0.3195 -0.6671 -0.6730
vn -0.3159 -0.6430 -0.6977
vn -0.3106 -0.6486 -0.6949
vn -0.2924 -0.6546 -0.6971
vn -0.1908 -0.7092 -0.6787
vn -0.2108 -0.6998 -0.6826
vn -0.2169 -0.7043 -0.6760
vn -0.2336 -0.6970 -0.6780
vn -0.2431 -0.6993 -0.6722
vn -0.2565 -0.6935 -0.6733
vn -0.2572 -0.6935 -0.6730
vn -0.2642 -0.7083 -0.6546
vn -0.2830 -0.6984 -0.6574
vn -0.2907 -0.7015 -0.6507
vn -0.3600 -0.7017 -0.6148
vn -0.3823 -0.7015 -0.6015
vn -0.3881 -0.6967 -0.6033
vn -0.3950 -0.6953 -0.6004
vn -0.4105 -0.6863 -0.6004
vn -0.4314 -0.6734 -0.6004
vn -0.4519 -0.6598 -0.6004
vn -0.4520 -0.6598 -0.6004
vn -0.4721 -0.6455 -0.6004
vn -0.4917 -0.6307 -0.6004
vn -0.5109 -0.6153 -0.6004
vn -0.3990 -0.7103 -0.5799
vn -0.4170 -0.6973 -0.5830
vn -0.4258 -0.6986 -0.5750
vn -0.4242 -0.7032 -0.5706
vn -0.4425 -0.7068 -0.5519
vn -0.4553 -0.7174 -0.5273
vn -0.4623 -0.6963 -0.5490
vn -0.4484 -0.6999 -0.5559
vn -0.4414 -0.6889 -0.5750
vn -0.4779 -0.6977 -0.5337
vn -0.4863 -0.6998 -0.5232
vn -0.4894 -0.6982 -0.5225
vn -0.4978 -0.7102 -0.4978
vn -0.5103 -0.6978 -0.5027
vn -0.5199 -0.6959 -0.4955
vn -0.5341 -0.6851 -0.4954
vn -0.5549 -0.6683 -0.4954
vn -0.5179 -0.7072 -0.4813
vn -0.5432 -0.6964 -0.4691
vn -0.5430 -0.6965 -0.4690
vn -0.5451 -0.6956 -0.4679
vn -0.5646 -0.6799 -0.4679
vn -0.5545 -0.7035 -0.4446
vn -0.5694 -0.6945 -0.4399
vn -0.5737 -0.6909 -0.4399
vn -0.5541 -0.7234 -0.4119
vn -0.5793 -0.6976 -0.4217
vn -0.5881 -0.6963 -0.4115
vn -0.5858 -0.7030 -0.4032
vn -0.6021 -0.7008 -0.3827
vn -0.6022 -0.7006 -0.3827
vn -0.6060 -0.7120 -0.3548
vn -0.6562 -0.6953 -0.2931
vn -0.6551 -0.6960 -0.2940
vn -0.6759 -0.6759 -0.2940
vn -0.6953 -0.6558 -0.2940
vn -0.6962 -0.6555 -0.2928
vn -0.6997 -0.6625 -0.2674
vn -0.6966 -0.6672 -0.2639
vn -0.7044 -0.6675 -0.2414
vn -0.6957 -0.6793 -0.2334
vn -0.7103 -0.6702 -0.2151
vn -0.6911 -0.6938 -0.2028
vn -0.7245 -0.6636 -0.1865
vn -0.6954 -0.6954 -0.1811
vn -0.6970 -0.6970 -0.1687
vn -0.6625 -0.6997 -0.2674
vn -0.6672 -0.6966 -0.2639
vn -0.6821 -0.6820 -0.2638
vn -0.6675 -0.7044 -0.2414
vn -0.6793 -0.6957 -0.2334
vn -0.6876 -0.6876 -0.2334
vn -0.6702 -0.7103 -0.2151
vn -0.6938 -0.6911 -0.2028
vn -0.6924 -0.6924 -0.2028
vn -0.6635 -0.7245 -0.1865
vn -0.6999 -0.6999 -0.1425
vn -0.7023 -0.7023 -0.1165
vn -0.7042 -0.7042 -0.0905
vn -0.7056 -0.7056 -0.0646
vn -0.7066 -0.7066 -0.0388
vn -0.7069 -0.7071 -0.0129
vn -0.6952 -0.6536 -0.2992
vn -0.7131 -0.6292 -0.3091
vn -0.6960 -0.6409 -0.3239
vn -0.7048 -0.6249 -0.3359
vn -0.6952 -0.6259 -0.3535
vn -0.6989 -0.6177 -0.3604
vn -0.7008 -0.6021 -0.3827
vn -0.7030 -0.5858 -0.4032
vn -0.7119 -0.6060 -0.3548
vn -0.7006 -0.6022 -0.3827
vn -0.6964 -0.5432 -0.4691
vn -0.7072 -0.5179 -0.4814
vn -0.7068 -0.4425 -0.5519
vn -0.7032 -0.4242 -0.5706
vn -0.7015 -0.3823 -0.6015
vn -0.7017 -0.3600 -0.6148
vn -0.6938 -0.3582 -0.6248
vn -0.7009 -0.3376 -0.6282
vn -0.6993 -0.3349 -0.6315
vn -0.7072 -0.3117 -0.6346
vn -0.6946 -0.3095 -0.6494
vn -0.6944 -0.3066 -0.6510
vn -0.6855 -0.2778 -0.6730
vn -0.7015 -0.2907 -0.6507
vn -0.6984 -0.2830 -0.6574
vn -0.6935 -0.2572 -0.6730
vn -0.6935 -0.2565 -0.6733
vn -0.6993 -0.2431 -0.6722
vn -0.6970 -0.2336 -0.6780
vn -0.7043 -0.2169 -0.6760
vn -0.6998 -0.2108 -0.6826
vn -0.7092 -0.1908 -0.6787
vn -0.7083 -0.2642 -0.6546
vn -0.5971 -0.4366 -0.6730
vn -0.5997 -0.4676 -0.6494
vn -0.6004 -0.4986 -0.6252
vn -0.6152 -0.5109 -0.6004
vn -0.5992 -0.5296 -0.6004
vn -0.5961 -0.5605 -0.5750
vn -0.5910 -0.5910 -0.5490
vn -0.5841 -0.6212 -0.5224
vn -0.5833 -0.4548 -0.6730
vn -0.5691 -0.4725 -0.6730
vn -0.5542 -0.4898 -0.6730
vn -0.5389 -0.5067 -0.6730
vn -0.5230 -0.5230 -0.6730
vn -0.5850 -0.4858 -0.6494
vn -0.5848 -0.5169 -0.6252
vn -0.5826 -0.5478 -0.6004
vn -0.5785 -0.5785 -0.5750
vn -0.5725 -0.6089 -0.5490
vn -0.5841 -0.6212 -0.5225
vn -0.6909 -0.5737 -0.4399
vn -0.5698 -0.5036 -0.6494
vn -0.5540 -0.5209 -0.6494
vn -0.5377 -0.5377 -0.6494
vn -0.5209 -0.5540 -0.6494
vn -0.5686 -0.5346 -0.6252
vn -0.5655 -0.5655 -0.6004
vn -0.5605 -0.5961 -0.5750
vn -0.6893 -0.6481 -0.3239
vn -0.5519 -0.5519 -0.6252
vn -0.5346 -0.5686 -0.6252
vn -0.5478 -0.5826 -0.6004
vn -0.5604 -0.5961 -0.5750
vn -0.4725 -0.5691 -0.6730
vn -0.4548 -0.5833 -0.6730
vn -0.4366 -0.5971 -0.6730
vn -0.4180 -0.6102 -0.6730
vn -0.4986 -0.6004 -0.6252
vn -0.4858 -0.5850 -0.6494
vn -0.4676 -0.5997 -0.6494
vn -0.4489 -0.6138 -0.6494
vn -0.4298 -0.6274 -0.6494
vn -0.4102 -0.6403 -0.6494
vn -0.5227 -0.6295 -0.5750
vn -0.5031 -0.6453 -0.5750
vn -0.4830 -0.6604 -0.5750
vn -0.4829 -0.6604 -0.5750
vn -0.4624 -0.6750 -0.5750
vn -0.5447 -0.6560 -0.5225
vn -0.5340 -0.6430 -0.5490
vn -0.5139 -0.6592 -0.5490
vn -0.4934 -0.6747 -0.5490
vn -0.4724 -0.6896 -0.5490
vn -0.4799 -0.6155 -0.6252
vn -0.5243 -0.6724 -0.5225
vn -0.4607 -0.6300 -0.6252
vn -0.5033 -0.6883 -0.5225
vn -0.4411 -0.6439 -0.6252
vn -0.4210 -0.6572 -0.6252
vn -0.4006 -0.6698 -0.6252
vn -0.2778 -0.6855 -0.6730
vn -0.7069 -0.7071 0.0129
vn -0.7065 -0.7067 0.0388
vn -0.7066 -0.7066 0.0388
vn -0.7056 -0.7056 0.0646
vn -0.7042 -0.7042 0.0905
vn -0.7023 -0.7023 0.1165
vn -0.6999 -0.6999 0.1425
vn -0.6970 -0.6970 0.1687
vn -0.6636 -0.7245 0.1865
vn -0.6954 -0.6954 0.1811
vn -0.7245 -0.6636 0.1865
vn -0.6911 -0.6938 0.2028
vn -0.7103 -0.6702 0.2151
vn -0.6957 -0.6793 0.2334
vn -0.7044 -0.6675 0.2414
vn -0.6966 -0.6672 0.2639
vn -0.6997 -0.6625 0.2674
vn -0.6960 -0.6551 0.2940
vn -0.6953 -0.6562 0.2931
vn -0.6952 -0.6536 0.2992
vn -0.7131 -0.6292 0.3091
vn -0.6960 -0.6409 0.3239
vn -0.7048 -0.6249 0.3359
vn -0.6952 -0.6259 0.3535
vn -0.6989 -0.6177 0.3604
vn -0.6923 -0.6118 0.3826
vn -0.6829 -0.6036 0.4115
vn -0.6729 -0.5947 0.4399
vn -0.6622 -0.5853 0.4679
vn -0.6509 -0.5753 0.4954
vn -0.6389 -0.5647 0.5225
vn -0.6263 -0.5535 0.5490
vn -0.6131 -0.5418 0.5750
vn -0.5992 -0.5296 0.6004
vn -0.5848 -0.5169 0.6252
vn -0.5698 -0.5036 0.6494
vn -0.5542 -0.4898 0.6730
vn -0.5389 -0.4763 0.6948
vn -0.5422 -0.4682 0.6977
vn -0.6938 -0.6911 0.2028
vn -0.6702 -0.7103 0.2151
vn -0.6793 -0.6957 0.2334
vn -0.6675 -0.7044 0.2414
vn -0.6672 -0.6966 0.2639
vn -0.6625 -0.6997 0.2674
vn -0.6555 -0.6962 0.2928
vn -0.6292 -0.7131 0.3091
vn -0.6536 -0.6952 0.2992
vn -0.6558 -0.6953 0.2940
vn -0.6759 -0.6759 0.2940
vn -0.6821 -0.6820 0.2638
vn -0.6409 -0.6960 0.3239
vn -0.6249 -0.7048 0.3358
vn -0.6259 -0.6952 0.3535
vn -0.6177 -0.6989 0.3604
vn -0.6118 -0.6923 0.3826
vn -0.6022 -0.7006 0.3827
vn -0.6021 -0.7008 0.3827
vn -0.6060 -0.7119 0.3548
vn -0.5858 -0.7030 0.4032
vn -0.5881 -0.6963 0.4115
vn -0.6036 -0.6829 0.4115
vn -0.6243 -0.6640 0.4115
vn -0.6445 -0.6445 0.4115
vn -0.6640 -0.6243 0.4115
vn -0.5793 -0.6976 0.4217
vn -0.5541 -0.7234 0.4119
vn -0.5694 -0.6945 0.4399
vn -0.5545 -0.7035 0.4446
vn -0.5451 -0.6956 0.4679
vn -0.5430 -0.6965 0.4690
vn -0.5341 -0.6851 0.4954
vn -0.5199 -0.6959 0.4955
vn -0.5103 -0.6978 0.5027
vn -0.4978 -0.7102 0.4978
vn -0.4894 -0.6982 0.5225
vn -0.4863 -0.6998 0.5232
vn -0.4779 -0.6977 0.5337
vn -0.4553 -0.7174 0.5273
vn -0.4623 -0.6963 0.5490
vn -0.4484 -0.6999 0.5559
vn -0.4414 -0.6889 0.5750
vn -0.4258 -0.6986 0.5750
vn -0.4170 -0.6973 0.5830
vn -0.3990 -0.7103 0.5799
vn -0.3950 -0.6953 0.6004
vn -0.3881 -0.6967 0.6033
vn -0.3798 -0.6818 0.6252
vn -0.3586 -0.6932 0.6252
vn -0.3494 -0.6754 0.6494
vn -0.3284 -0.6859 0.6494
vn -0.3195 -0.6671 0.6730
vn -0.2988 -0.6766 0.6730
vn -0.2902 -0.6572 0.6956
vn -0.2696 -0.6654 0.6961
vn -0.2685 -0.6653 0.6967
vn -0.2493 -0.6742 0.6952
vn -0.2437 -0.6739 0.6974
vn -0.2286 -0.6821 0.6947
vn -0.2189 -0.6820 0.6978
vn -0.2075 -0.6889 0.6945
vn -0.1938 -0.6896 0.6978
vn -0.1862 -0.6947 0.6947
vn -0.1687 -0.6970 0.6970
vn -0.1425 -0.6999 0.6999
vn -0.1165 -0.7023 0.7023
vn -0.0905 -0.7042 0.7042
vn -0.0646 -0.7056 0.7056
vn -0.0388 -0.7066 0.7066
vn -0.0388 -0.7066 0.7065
vn -0.0129 -0.7071 0.7070
vn -0.5432 -0.6964 0.4691
vn -0.5179 -0.7072 0.4813
vn -0.4425 -0.7068 0.5519
vn -0.4242 -0.7032 0.5706
vn -0.3823 -0.7015 0.6015
vn -0.3600 -0.7017 0.6148
vn -0.3582 -0.6938 0.6248
vn -0.3376 -0.7009 0.6282
vn -0.3349 -0.6993 0.6315
vn -0.3117 -0.7072 0.6346
vn -0.3095 -0.6946 0.6494
vn -0.3066 -0.6944 0.6510
vn -0.2778 -0.6855 0.6730
vn -0.2907 -0.7015 0.6507
vn -0.2830 -0.6984 0.6574
vn -0.2572 -0.6935 0.6730
vn -0.2565 -0.6935 0.6733
vn -0.2431 -0.6993 0.6722
vn -0.2336 -0.6970 0.6780
vn -0.2169 -0.7043 0.6760
vn -0.2108 -0.6998 0.6826
vn -0.1908 -0.7092 0.6787
vn -0.2642 -0.7083 0.6546
vn -0.2924 -0.6546 0.6971
vn -0.3106 -0.6486 0.6949
vn -0.3399 -0.6570 0.6730
vn -0.3700 -0.6643 0.6494
vn -0.4006 -0.6698 0.6252
vn -0.4105 -0.6863 0.6004
vn -0.4314 -0.6734 0.6004
vn -0.4624 -0.6750 0.5750
vn -0.4724 -0.6896 0.5490
vn -0.4934 -0.6747 0.5490
vn -0.5033 -0.6883 0.5225
vn -0.5243 -0.6724 0.5225
vn -0.5549 -0.6683 0.4954
vn -0.5646 -0.6799 0.4679
vn -0.5853 -0.6622 0.4679
vn -0.5947 -0.6729 0.4399
vn -0.6152 -0.6543 0.4399
vn -0.3159 -0.6430 0.6977
vn -0.3306 -0.6390 0.6945
vn -0.3599 -0.6462 0.6730
vn -0.3903 -0.6526 0.6494
vn -0.4210 -0.6572 0.6252
vn -0.4520 -0.6598 0.6004
vn -0.4829 -0.6604 0.5750
vn -0.5139 -0.6592 0.5490
vn -0.5447 -0.6560 0.5225
vn -0.5753 -0.6509 0.4954
vn -0.6054 -0.6439 0.4679
vn -0.6350 -0.6350 0.4399
vn -0.3391 -0.6309 0.6978
vn -0.3501 -0.6285 0.6946
vn -0.3797 -0.6348 0.6730
vn -0.4102 -0.6403 0.6494
vn -0.4411 -0.6439 0.6252
vn -0.4519 -0.6598 0.6004
vn -0.4721 -0.6455 0.6004
vn -0.4830 -0.6604 0.5750
vn -0.5031 -0.6453 0.5750
vn -0.5340 -0.6430 0.5490
vn -0.5647 -0.6389 0.5225
vn -0.5950 -0.6329 0.4954
vn -0.6249 -0.6249 0.4679
vn -0.6543 -0.6152 0.4399
vn -0.3620 -0.6183 0.6976
vn -0.3691 -0.6171 0.6950
vn -0.3990 -0.6228 0.6730
vn -0.4298 -0.6274 0.6494
vn -0.4607 -0.6300 0.6252
vn -0.4917 -0.6307 0.6004
vn -0.5227 -0.6295 0.5750
vn -0.5535 -0.6263 0.5490
vn -0.5841 -0.6212 0.5225
vn -0.6142 -0.6142 0.4954
vn -0.6439 -0.6054 0.4679
vn -0.3847 -0.6052 0.6970
vn -0.3875 -0.6048 0.6957
vn -0.4180 -0.6102 0.6730
vn -0.4489 -0.6138 0.6494
vn -0.4799 -0.6155 0.6252
vn -0.5109 -0.6152 0.6004
vn -0.5418 -0.6131 0.5750
vn -0.5725 -0.6089 0.5490
vn -0.6029 -0.6029 0.5225
vn -0.6329 -0.5950 0.4954
vn -0.4058 -0.5924 0.6960
vn -0.4066 -0.5909 0.6968
vn -0.4243 -0.5803 0.6951
vn -0.4275 -0.5751 0.6975
vn -0.4423 -0.5673 0.6946
vn -0.4480 -0.5588 0.6978
vn -0.4596 -0.5535 0.6945
vn -0.4682 -0.5422 0.6978
vn -0.4763 -0.5389 0.6948
vn -0.4880 -0.5250 0.6973
vn -0.4922 -0.5235 0.6954
vn -0.5074 -0.5074 0.6964
vn -0.5235 -0.4923 0.6954
vn -0.5389 -0.5067 0.6730
vn -0.5250 -0.4880 0.6973
vn -0.5535 -0.4596 0.6945
vn -0.5588 -0.4480 0.6978
vn -0.5673 -0.4423 0.6946
vn -0.5751 -0.4275 0.6975
vn -0.5803 -0.4243 0.6951
vn -0.5909 -0.4066 0.6968
vn -0.5924 -0.4058 0.6960
vn -0.6048 -0.3875 0.6957
vn -0.6228 -0.3990 0.6730
vn -0.6348 -0.3797 0.6730
vn -0.6526 -0.3903 0.6494
vn -0.6643 -0.3700 0.6494
vn -0.6818 -0.3798 0.6252
vn -0.6932 -0.3586 0.6252
vn -0.6938 -0.3582 0.6248
vn -0.7009 -0.3376 0.6282
vn -0.6993 -0.3349 0.6315
vn -0.7072 -0.3117 0.6346
vn -0.6946 -0.3095 0.6494
vn -0.6944 -0.3066 0.6510
vn -0.6766 -0.2988 0.6730
vn -0.6572 -0.2902 0.6956
vn -0.6654 -0.2696 0.6961
vn -0.6653 -0.2685 0.6967
vn -0.6742 -0.2493 0.6952
vn -0.6739 -0.2437 0.6974
vn -0.6820 -0.2286 0.6947
vn -0.6820 -0.2189 0.6978
vn -0.6889 -0.2075 0.6945
vn -0.6896 -0.1938 0.6978
vn -0.6947 -0.1862 0.6947
vn -0.6970 -0.1687 0.6970
vn -0.6999 -0.1425 0.6999
vn -0.7023 -0.1165 0.7023
vn -0.7042 -0.0905 0.7042
vn -0.7056 -0.0646 0.7056
vn -0.7057 -0.0646 0.7056
vn -0.7066 -0.0388 0.7066
vn -0.7065 -0.0388 0.7066
vn -0.7069 -0.0129 0.7072
vn -0.6052 -0.3847 0.6970
vn -0.6171 -0.3691 0.6950
vn -0.6462 -0.3599 0.6730
vn -0.6754 -0.3494 0.6494
vn -0.6183 -0.3620 0.6976
vn -0.6285 -0.3501 0.6946
vn -0.6570 -0.3399 0.6730
vn -0.6859 -0.3284 0.6494
vn -0.6309 -0.3391 0.6978
vn -0.6390 -0.3306 0.6945
vn -0.6671 -0.3195 0.6730
vn -0.6430 -0.3159 0.6977
vn -0.6486 -0.3106 0.6949
vn -0.6546 -0.2924 0.6971
vn -0.7092 -0.1908 0.6787
vn -0.6998 -0.2108 0.6826
vn -0.7043 -0.2169 0.6760
vn -0.6970 -0.2336 0.6780
vn -0.6993 -0.2431 0.6722
vn -0.6935 -0.2565 0.6733
vn -0.6935 -0.2572 0.6730
vn -0.7083 -0.2642 0.6546
vn -0.6984 -0.2830 0.6574
vn -0.7015 -0.2907 0.6507
vn -0.7017 -0.3600 0.6148
vn -0.7015 -0.3823 0.6015
vn -0.6967 -0.3881 0.6033
vn -0.6953 -0.3950 0.6004
vn -0.6863 -0.4105 0.6004
vn -0.6734 -0.4314 0.6004
vn -0.6598 -0.4520 0.6004
vn -0.6455 -0.4721 0.6004
vn -0.6307 -0.4917 0.6004
vn -0.6152 -0.5109 0.6004
vn -0.6153 -0.5109 0.6004
vn -0.7103 -0.3990 0.5799
vn -0.6973 -0.4170 0.5830
vn -0.6986 -0.4258 0.5750
vn -0.7032 -0.4242 0.5706
vn -0.7068 -0.4425 0.5519
vn -0.7174 -0.4553 0.5273
vn -0.6963 -0.4623 0.5490
vn -0.6999 -0.4484 0.5559
vn -0.6889 -0.4414 0.5750
vn -0.6977 -0.4779 0.5337
vn -0.6998 -0.4863 0.5232
vn -0.6982 -0.4894 0.5225
vn -0.7102 -0.4978 0.4978
vn -0.6978 -0.5103 0.5027
vn -0.6959 -0.5199 0.4955
vn -0.6851 -0.5341 0.4954
vn -0.6683 -0.5549 0.4954
vn -0.7072 -0.5179 0.4813
vn -0.6964 -0.5432 0.4691
vn -0.6965 -0.5430 0.4690
vn -0.6956 -0.5451 0.4679
vn -0.6799 -0.5646 0.4679
vn -0.7035 -0.5545 0.4446
vn -0.6945 -0.5694 0.4399
vn -0.6909 -0.5737 0.4399
vn -0.7234 -0.5541 0.4119
vn -0.6976 -0.5793 0.4217
vn -0.6963 -0.5881 0.4115
vn -0.7030 -0.5858 0.4032
vn -0.7008 -0.6021 0.3827
vn -0.7006 -0.6022 0.3827
vn -0.7119 -0.6060 0.3548
vn -0.5230 -0.5230 0.6730
vn -0.5067 -0.5389 0.6730
vn -0.4898 -0.5542 0.6730
vn -0.4725 -0.5691 0.6730
vn -0.4548 -0.5833 0.6730
vn -0.4366 -0.5971 0.6730
vn -0.5377 -0.5377 0.6494
vn -0.5209 -0.5540 0.6494
vn -0.5036 -0.5698 0.6494
vn -0.4858 -0.5850 0.6494
vn -0.4676 -0.5997 0.6494
vn -0.5540 -0.5209 0.6494
vn -0.5686 -0.5346 0.6252
vn -0.5826 -0.5478 0.6004
vn -0.5961 -0.5605 0.5750
vn -0.5961 -0.5604 0.5750
vn -0.6089 -0.5725 0.5490
vn -0.6212 -0.5841 0.5225
vn -0.5519 -0.5519 0.6252
vn -0.5346 -0.5686 0.6252
vn -0.5169 -0.5848 0.6252
vn -0.4986 -0.6004 0.6252
vn -0.5655 -0.5655 0.6004
vn -0.5478 -0.5826 0.6004
vn -0.5296 -0.5992 0.6004
vn -0.5109 -0.6153 0.6004
vn -0.5785 -0.5785 0.5750
vn -0.5604 -0.5961 0.5750
vn -0.5605 -0.5961 0.5750
vn -0.5910 -0.5910 0.5490
vn -0.6533 -0.6533 0.3826
vn -0.6329 -0.6731 0.3826
vn -0.6615 -0.6615 0.3534
vn -0.6408 -0.6815 0.3534
vn -0.6731 -0.6329 0.3826
vn -0.6690 -0.6690 0.3239
vn -0.6481 -0.6893 0.3239
vn -0.6815 -0.6408 0.3534
vn -0.6893 -0.6481 0.3239
vn -0.6876 -0.6876 0.2334
vn -0.6924 -0.6924 0.2028
vn -0.5737 -0.6909 0.4399
vn -0.5691 -0.4725 0.6730
vn -0.5833 -0.4548 0.6730
vn -0.5971 -0.4366 0.6730
vn -0.6102 -0.4180 0.6730
vn -0.6004 -0.4986 0.6252
vn -0.5850 -0.4858 0.6494
vn -0.5997 -0.4676 0.6494
vn -0.6138 -0.4489 0.6494
vn -0.6274 -0.4298 0.6494
vn -0.6403 -0.4102 0.6494
vn -0.6295 -0.5227 0.5750
vn -0.6453 -0.5031 0.5750
vn -0.6604 -0.4829 0.5750
vn -0.6604 -0.4830 0.5750
vn -0.6750 -0.4624 0.5750
vn -0.6560 -0.5447 0.5225
vn -0.6430 -0.5340 0.5490
vn -0.6592 -0.5139 0.5490
vn -0.6747 -0.4934 0.5490
vn -0.6896 -0.4724 0.5490
vn -0.6155 -0.4799 0.6252
vn -0.6724 -0.5243 0.5225
vn -0.6725 -0.5243 0.5225
vn -0.6300 -0.4607 0.6252
vn -0.6883 -0.5033 0.5225
vn -0.6439 -0.4411 0.6252
vn -0.6572 -0.4210 0.6252
vn -0.6698 -0.4006 0.6252
vn -0.6855 -0.2778 0.6730
vn 0.0129 0.7071 0.7070
vn 0.0388 0.7066 0.7065
vn 0.0388 0.7066 0.7066
vn 0.0646 0.7056 0.7056
vn 0.0905 0.7042 0.7042
vn 0.1165 0.7023 0.7023
vn 0.1425 0.6999 0.6999
vn 0.1687 0.6970 0.6970
vn 0.1862 0.6947 0.6947
vn 0.1938 0.6896 0.6978
vn 0.2075 0.6889 0.6945
vn 0.2189 0.6820 0.6978
vn 0.2286 0.6820 0.6947
vn 0.2437 0.6739 0.6974
vn 0.2493 0.6742 0.6952
vn 0.2685 0.6653 0.6967
vn 0.2696 0.6654 0.6961
vn 0.2902 0.6572 0.6956
vn 0.2988 0.6766 0.6730
vn 0.3195 0.6671 0.6730
vn 0.3284 0.6859 0.6494
vn 0.3494 0.6754 0.6494
vn 0.3586 0.6932 0.6252
vn 0.3798 0.6818 0.6252
vn 0.3881 0.6967 0.6033
vn 0.3950 0.6953 0.6004
vn 0.3990 0.7103 0.5798
vn 0.4170 0.6973 0.5830
vn 0.4258 0.6986 0.5750
vn 0.4414 0.6889 0.5750
vn 0.4484 0.6999 0.5559
vn 0.4623 0.6963 0.5490
vn 0.4553 0.7174 0.5273
vn 0.4779 0.6977 0.5337
vn 0.4863 0.6998 0.5232
vn 0.4894 0.6982 0.5225
vn 0.4978 0.7102 0.4978
vn 0.5103 0.6978 0.5027
vn 0.5199 0.6959 0.4955
vn 0.5341 0.6851 0.4954
vn 0.5430 0.6965 0.4690
vn 0.5451 0.6956 0.4679
vn 0.5545 0.7035 0.4446
vn 0.5694 0.6945 0.4399
vn 0.5541 0.7234 0.4119
vn 0.5793 0.6976 0.4217
vn 0.5881 0.6963 0.4115
vn 0.6036 0.6829 0.4115
vn 0.6118 0.6923 0.3826
vn 0.6329 0.6731 0.3826
vn 0.6408 0.6815 0.3534
vn 0.6615 0.6615 0.3534
vn 0.6690 0.6690 0.3239
vn 0.6893 0.6481 0.3239
vn 0.6952 0.6536 0.2992
vn 0.7131 0.6292 0.3091
vn 0.6960 0.6409 0.3239
vn 0.7048 0.6249 0.3358
vn 0.6952 0.6259 0.3535
vn 0.6989 0.6177 0.3604
vn 0.6923 0.6118 0.3826
vn 0.6829 0.6036 0.4115
vn 0.6729 0.5947 0.4399
vn 0.6622 0.5853 0.4679
vn 0.6509 0.5753 0.4954
vn 0.6389 0.5647 0.5225
vn 0.6263 0.5535 0.5490
vn 0.6131 0.5418 0.5750
vn 0.5992 0.5296 0.6004
vn 0.5848 0.5169 0.6252
vn 0.5698 0.5036 0.6494
vn 0.5542 0.4898 0.6730
vn 0.5389 0.4763 0.6948
vn 0.5422 0.4682 0.6977
vn 0.2924 0.6546 0.6971
vn 0.3106 0.6486 0.6949
vn 0.3399 0.6570 0.6730
vn 0.3700 0.6643 0.6494
vn 0.4006 0.6698 0.6252
vn 0.4105 0.6863 0.6004
vn 0.4314 0.6734 0.6004
vn 0.4624 0.6750 0.5750
vn 0.4724 0.6896 0.5490
vn 0.4934 0.6747 0.5490
vn 0.5033 0.6883 0.5225
vn 0.5243 0.6724 0.5225
vn 0.5549 0.6683 0.4954
vn 0.5646 0.6799 0.4679
vn 0.5853 0.6622 0.4679
vn 0.5947 0.6729 0.4399
vn 0.6152 0.6543 0.4399
vn 0.6243 0.6640 0.4115
vn 0.6445 0.6445 0.4115
vn 0.6533 0.6533 0.3826
vn 0.6731 0.6329 0.3826
vn 0.6815 0.6408 0.3534
vn 0.3159 0.6430 0.6977
vn 0.3306 0.6390 0.6945
vn 0.3599 0.6462 0.6730
vn 0.3903 0.6526 0.6494
vn 0.4210 0.6572 0.6252
vn 0.4520 0.6598 0.6004
vn 0.4830 0.6604 0.5750
vn 0.5139 0.6592 0.5490
vn 0.5243 0.6725 0.5225
vn 0.5447 0.6560 0.5225
vn 0.5752 0.6509 0.4954
vn 0.6054 0.6439 0.4679
vn 0.6350 0.6350 0.4399
vn 0.6640 0.6243 0.4115
vn 0.3391 0.6309 0.6978
vn 0.3501 0.6285 0.6946
vn 0.3797 0.6348 0.6730
vn 0.4102 0.6403 0.6494
vn 0.4411 0.6439 0.6252
vn 0.4519 0.6598 0.6004
vn 0.4721 0.6455 0.6004
vn 0.5031 0.6453 0.5750
vn 0.5340 0.6430 0.5490
vn 0.5647 0.6389 0.5225
vn 0.5753 0.6509 0.4954
vn 0.5950 0.6329 0.4954
vn 0.6249 0.6249 0.4679
vn 0.6543 0.6152 0.4399
vn 0.3620 0.6183 0.6976
vn 0.3691 0.6171 0.6950
vn 0.3990 0.6228 0.6730
vn 0.4298 0.6274 0.6494
vn 0.4607 0.6300 0.6252
vn 0.4917 0.6307 0.6004
vn 0.5227 0.6295 0.5750
vn 0.5535 0.6263 0.5490
vn 0.5841 0.6212 0.5225
vn 0.6142 0.6142 0.4954
vn 0.6439 0.6054 0.4679
vn 0.3847 0.6052 0.6970
vn 0.3875 0.6048 0.6957
vn 0.4180 0.6102 0.6730
vn 0.4489 0.6138 0.6494
vn 0.4799 0.6155 0.6252
vn 0.5109 0.6153 0.6004
vn 0.5418 0.6131 0.5750
vn 0.5725 0.6089 0.5490
vn 0.6029 0.6029 0.5225
vn 0.6329 0.5950 0.4954
vn 0.4058 0.5924 0.6960
vn 0.4066 0.5909 0.6968
vn 0.4243 0.5803 0.6951
vn 0.4275 0.5751 0.6975
vn 0.4423 0.5673 0.6946
vn 0.4480 0.5588 0.6978
vn 0.4596 0.5535 0.6945
vn 0.4682 0.5422 0.6978
vn 0.4763 0.5389 0.6948
vn 0.4880 0.5250 0.6973
vn 0.4923 0.5235 0.6954
vn 0.5074 0.5074 0.6964
vn 0.5235 0.4922 0.6954
vn 0.5389 0.5067 0.6730
vn 0.5250 0.4880 0.6973
vn 0.5535 0.4596 0.6945
vn 0.5588 0.4480 0.6978
vn 0.5673 0.4423 0.6946
vn 0.5751 0.4275 0.6975
vn 0.5803 0.4243 0.6951
vn 0.5909 0.4066 0.6968
vn 0.5924 0.4058 0.6960
vn 0.6048 0.3875 0.6957
vn 0.6228 0.3990 0.6730
vn 0.6348 0.3797 0.6730
vn 0.6526 0.3903 0.6494
vn 0.6643 0.3700 0.6494
vn 0.6818 0.3798 0.6252
vn 0.6932 0.3586 0.6252
vn 0.6938 0.3582 0.6248
vn 0.7009 0.3376 0.6282
vn 0.6993 0.3349 0.6315
vn 0.7072 0.3117 0.6346
vn 0.6946 0.3095 0.6494
vn 0.6944 0.3066 0.6510
vn 0.6766 0.2988 0.6730
vn 0.6572 0.2902 0.6956
vn 0.6654 0.2696 0.6961
vn 0.6653 0.2685 0.6967
vn 0.6742 0.2493 0.6952
vn 0.6739 0.2437 0.6974
vn 0.6820 0.2286 0.6947
vn 0.6820 0.2189 0.6978
vn 0.6889 0.2075 0.6945
vn 0.6896 0.1938 0.6978
vn 0.6947 0.1862 0.6947
vn 0.6970 0.1687 0.6970
vn 0.6999 0.1425 0.6999
vn 0.7023 0.1165 0.7023
vn 0.7042 0.0905 0.7042
vn 0.7056 0.0646 0.7056
vn 0.7057 0.0646 0.7056
vn 0.7066 0.0388 0.7066
vn 0.7066 0.0388 0.7065
vn 0.7070 0.0129 0.7071
vn 0.6052 0.3847 0.6970
vn 0.6171 0.3691 0.6950
vn 0.6462 0.3599 0.6730
vn 0.6754 0.3494 0.6494
vn 0.6183 0.3620 0.6976
vn 0.6285 0.3501 0.6945
vn 0.6570 0.3399 0.6730
vn 0.6859 0.3284 0.6494
vn 0.6309 0.3391 0.6978
vn 0.6390 0.3306 0.6945
vn 0.6671 0.3195 0.6730
vn 0.6430 0.3159 0.6977
vn 0.6486 0.3106 0.6949
vn 0.6546 0.2924 0.6971
vn 0.7092 0.1908 0.6787
vn 0.6998 0.2108 0.6826
vn 0.7043 0.2169 0.6760
vn 0.6970 0.2336 0.6780
vn 0.6993 0.2431 0.6722
vn 0.6935 0.2565 0.6733
vn 0.6935 0.2572 0.6730
vn 0.7083 0.2642 0.6546
vn 0.6984 0.2830 0.6574
vn 0.7015 0.2907 0.6507
vn 0.7017 0.3600 0.6148
vn 0.7015 0.3823 0.6015
vn 0.6967 0.3881 0.6033
vn 0.6953 0.3950 0.6004
vn 0.6863 0.4105 0.6004
vn 0.6734 0.4314 0.6004
vn 0.6598 0.4520 0.6004
vn 0.6598 0.4519 0.6004
vn 0.6455 0.4721 0.6004
vn 0.6307 0.4917 0.6004
vn 0.6153 0.5109 0.6004
vn 0.7103 0.3990 0.5799
vn 0.6973 0.4170 0.5830
vn 0.6986 0.4258 0.5750
vn 0.7032 0.4242 0.5706
vn 0.7068 0.4425 0.5519
vn 0.7174 0.4553 0.5272
vn 0.6963 0.4623 0.5490
vn 0.6999 0.4484 0.5559
vn 0.6889 0.4414 0.5750
vn 0.6977 0.4779 0.5337
vn 0.6998 0.4863 0.5232
vn 0.6982 0.4894 0.5225
vn 0.7102 0.4978 0.4978
vn 0.6978 0.5103 0.5027
vn 0.6959 0.5199 0.4955
vn 0.6851 0.5341 0.4954
vn 0.6683 0.5549 0.4954
vn 0.7072 0.5179 0.4813
vn 0.6964 0.5432 0.4691
vn 0.6965 0.5430 0.4690
vn 0.6956 0.5451 0.4679
vn 0.6799 0.5646 0.4679
vn 0.7035 0.5545 0.4446
vn 0.6945 0.5694 0.4399
vn 0.6909 0.5737 0.4399
vn 0.7234 0.5541 0.4119
vn 0.6976 0.5793 0.4217
vn 0.6963 0.5881 0.4115
vn 0.7031 0.5858 0.4031
vn 0.7008 0.6021 0.3827
vn 0.7007 0.6022 0.3827
vn 0.7120 0.6060 0.3548
vn 0.6953 0.6562 0.2931
vn 0.6960 0.6551 0.2940
vn 0.6759 0.6759 0.2940
vn 0.6558 0.6953 0.2940
vn 0.6555 0.6962 0.2928
vn 0.6625 0.6997 0.2674
vn 0.6672 0.6966 0.2639
vn 0.6675 0.7044 0.2414
vn 0.6793 0.6957 0.2334
vn 0.6702 0.7103 0.2151
vn 0.6938 0.6911 0.2028
vn 0.6636 0.7245 0.1865
vn 0.6954 0.6954 0.1811
vn 0.7245 0.6635 0.1865
vn 0.6911 0.6938 0.2028
vn 0.7103 0.6702 0.2151
vn 0.6957 0.6793 0.2334
vn 0.7044 0.6675 0.2414
vn 0.6966 0.6672 0.2639
vn 0.6997 0.6625 0.2674
vn 0.6970 0.6970 0.1687
vn 0.6999 0.6999 0.1425
vn 0.7023 0.7023 0.1165
vn 0.7042 0.7042 0.0905
vn 0.7056 0.7056 0.0646
vn 0.7066 0.7066 0.0388
vn 0.7066 0.7065 0.0388
vn 0.7071 0.7070 0.0129
vn 0.6536 0.6952 0.2992
vn 0.6292 0.7131 0.3091
vn 0.6409 0.6960 0.3239
vn 0.6249 0.7048 0.3359
vn 0.6259 0.6952 0.3535
vn 0.6177 0.6989 0.3604
vn 0.6022 0.7006 0.3827
vn 0.6021 0.7008 0.3827
vn 0.6060 0.7119 0.3548
vn 0.5858 0.7030 0.4032
vn 0.5432 0.6964 0.4691
vn 0.5179 0.7072 0.4814
vn 0.4425 0.7068 0.5519
vn 0.4242 0.7032 0.5706
vn 0.3823 0.7015 0.6015
vn 0.3600 0.7017 0.6148
vn 0.3582 0.6938 0.6248
vn 0.3376 0.7009 0.6282
vn 0.3349 0.6993 0.6315
vn 0.3117 0.7072 0.6346
vn 0.3095 0.6946 0.6494
vn 0.3066 0.6944 0.6510
vn 0.2778 0.6855 0.6730
vn 0.2907 0.7015 0.6507
vn 0.2830 0.6984 0.6574
vn 0.2571 0.6935 0.6730
vn 0.2565 0.6935 0.6733
vn 0.2431 0.6993 0.6722
vn 0.2336 0.6970 0.6780
vn 0.2169 0.7043 0.6760
vn 0.2108 0.6998 0.6826
vn 0.1908 0.7092 0.6787
vn 0.2642 0.7083 0.6546
vn 0.4366 0.5971 0.6730
vn 0.4676 0.5997 0.6494
vn 0.4986 0.6004 0.6252
vn 0.5296 0.5992 0.6004
vn 0.5605 0.5961 0.5750
vn 0.5910 0.5910 0.5490
vn 0.6212 0.5841 0.5225
vn 0.4548 0.5833 0.6730
vn 0.4725 0.5691 0.6730
vn 0.4898 0.5542 0.6730
vn 0.5067 0.5389 0.6730
vn 0.5230 0.5230 0.6730
vn 0.4858 0.5850 0.6494
vn 0.5169 0.5848 0.6252
vn 0.5478 0.5826 0.6004
vn 0.5785 0.5785 0.5750
vn 0.6089 0.5725 0.5490
vn 0.5737 0.6909 0.4399
vn 0.5036 0.5698 0.6494
vn 0.5209 0.5540 0.6494
vn 0.5377 0.5377 0.6494
vn 0.5540 0.5209 0.6494
vn 0.5346 0.5686 0.6252
vn 0.5655 0.5655 0.6004
vn 0.5961 0.5604 0.5750
vn 0.6481 0.6893 0.3239
vn 0.5519 0.5519 0.6252
vn 0.5686 0.5346 0.6252
vn 0.6820 0.6821 0.2638
vn 0.6821 0.6821 0.2638
vn 0.6924 0.6924 0.2028
vn 0.6876 0.6876 0.2334
vn 0.5826 0.5478 0.6004
vn 0.5961 0.5605 0.5750
vn 0.5691 0.4725 0.6730
vn 0.5833 0.4548 0.6730
vn 0.5971 0.4366 0.6730
vn 0.6102 0.4180 0.6730
vn 0.6004 0.4986 0.6252
vn 0.5850 0.4858 0.6494
vn 0.5997 0.4676 0.6494
vn 0.6138 0.4489 0.6494
vn 0.6274 0.4298 0.6494
vn 0.6403 0.4102 0.6494
vn 0.6295 0.5227 0.5750
vn 0.6453 0.5031 0.5750
vn 0.6604 0.4829 0.5750
vn 0.6604 0.4830 0.5750
vn 0.6750 0.4624 0.5750
vn 0.6560 0.5447 0.5225
vn 0.6430 0.5340 0.5490
vn 0.6592 0.5139 0.5490
vn 0.6747 0.4934 0.5490
vn 0.6896 0.4724 0.5490
vn 0.6155 0.4799 0.6252
vn 0.6724 0.5243 0.5225
vn 0.6300 0.4607 0.6252
vn 0.6883 0.5033 0.5225
vn 0.6439 0.4411 0.6252
vn 0.6572 0.4210 0.6252
vn 0.6698 0.4006 0.6252
vn 0.6855 0.2778 0.6730
vn 0.7069 -0.0129 -0.7072
vn 0.7067 -0.0388 -0.7065
vn 0.7065 -0.0388 -0.7066
vn 0.7056 -0.0646 -0.7057
vn 0.7056 -0.0646 -0.7056
vn 0.7042 -0.0905 -0.7042
vn 0.7023 -0.1165 -0.7023
vn 0.6999 -0.1425 -0.6999
vn 0.6970 -0.1687 -0.6970
vn 0.6947 -0.1862 -0.6947
vn 0.6896 -0.1938 -0.6978
vn 0.6889 -0.2075 -0.6945
vn 0.6820 -0.2189 -0.6978
vn 0.6820 -0.2286 -0.6947
vn 0.6739 -0.2437 -0.6975
vn 0.6742 -0.2493 -0.6952
vn 0.6652 -0.2685 -0.6967
vn 0.6653 -0.2696 -0.6962
vn 0.6572 -0.2902 -0.6956
vn 0.6766 -0.2988 -0.6730
vn 0.6944 -0.3066 -0.6510
vn 0.6946 -0.3095 -0.6494
vn 0.7072 -0.3117 -0.6346
vn 0.6994 -0.3349 -0.6315
vn 0.7009 -0.3376 -0.6282
vn 0.6938 -0.3582 -0.6248
vn 0.7017 -0.3600 -0.6148
vn 0.7015 -0.3823 -0.6015
vn 0.7092 -0.1908 -0.6787
vn 0.6998 -0.2108 -0.6826
vn 0.7043 -0.2169 -0.6760
vn 0.6970 -0.2336 -0.6780
vn 0.6993 -0.2431 -0.6722
vn 0.6935 -0.2565 -0.6733
vn 0.6935 -0.2572 -0.6730
vn 0.7083 -0.2642 -0.6546
vn 0.6984 -0.2830 -0.6574
vn 0.7015 -0.2907 -0.6507
vn 0.7103 -0.3990 -0.5798
vn 0.6953 -0.3950 -0.6004
vn 0.6967 -0.3881 -0.6033
vn 0.6818 -0.3798 -0.6252
vn 0.6643 -0.3700 -0.6494
vn 0.6462 -0.3599 -0.6730
vn 0.6285 -0.3501 -0.6946
vn 0.6309 -0.3391 -0.6979
vn 0.7032 -0.4242 -0.5706
vn 0.6986 -0.4258 -0.5750
vn 0.6973 -0.4170 -0.5830
vn 0.6863 -0.4105 -0.6004
vn 0.6698 -0.4006 -0.6252
vn 0.6526 -0.3903 -0.6494
vn 0.6348 -0.3797 -0.6730
vn 0.6171 -0.3691 -0.6950
vn 0.6183 -0.3620 -0.6976
vn 0.7068 -0.4425 -0.5519
vn 0.6999 -0.4484 -0.5559
vn 0.6889 -0.4414 -0.5750
vn 0.6750 -0.4624 -0.5750
vn 0.6598 -0.4519 -0.6004
vn 0.6455 -0.4721 -0.6004
vn 0.6300 -0.4607 -0.6252
vn 0.6155 -0.4799 -0.6252
vn 0.5997 -0.4676 -0.6494
vn 0.5850 -0.4858 -0.6494
vn 0.5691 -0.4725 -0.6730
vn 0.5542 -0.4898 -0.6730
vn 0.5389 -0.4763 -0.6948
vn 0.5250 -0.4880 -0.6973
vn 0.5235 -0.4922 -0.6954
vn 0.5074 -0.5074 -0.6965
vn 0.5230 -0.5230 -0.6730
vn 0.5377 -0.5377 -0.6494
vn 0.5519 -0.5519 -0.6252
vn 0.5655 -0.5655 -0.6004
vn 0.5785 -0.5785 -0.5750
vn 0.5910 -0.5910 -0.5490
vn 0.6029 -0.6029 -0.5225
vn 0.6142 -0.6142 -0.4954
vn 0.6249 -0.6249 -0.4679
vn 0.6350 -0.6350 -0.4399
vn 0.6445 -0.6445 -0.4115
vn 0.6533 -0.6533 -0.3826
vn 0.6615 -0.6615 -0.3534
vn 0.6690 -0.6690 -0.3239
vn 0.6759 -0.6759 -0.2940
vn 0.6820 -0.6821 -0.2638
vn 0.6821 -0.6820 -0.2638
vn 0.6876 -0.6876 -0.2334
vn 0.6924 -0.6924 -0.2028
vn 0.6954 -0.6954 -0.1811
vn 0.6970 -0.6970 -0.1687
vn 0.6999 -0.6999 -0.1425
vn 0.7023 -0.7023 -0.1165
vn 0.7042 -0.7042 -0.0905
vn 0.7056 -0.7056 -0.0646
vn 0.7066 -0.7066 -0.0388
vn 0.7066 -0.7065 -0.0388
vn 0.7070 -0.7071 -0.0129
vn 0.6963 -0.4623 -0.5490
vn 0.7174 -0.4553 -0.5272
vn 0.6977 -0.4779 -0.5337
vn 0.6998 -0.4863 -0.5232
vn 0.6982 -0.4894 -0.5225
vn 0.7102 -0.4978 -0.4978
vn 0.6978 -0.5103 -0.5027
vn 0.6959 -0.5199 -0.4955
vn 0.6851 -0.5341 -0.4954
vn 0.6683 -0.5549 -0.4954
vn 0.6509 -0.5753 -0.4954
vn 0.6329 -0.5950 -0.4954
vn 0.7072 -0.5179 -0.4814
vn 0.6964 -0.5432 -0.4691
vn 0.6965 -0.5430 -0.4690
vn 0.6956 -0.5451 -0.4679
vn 0.6799 -0.5646 -0.4679
vn 0.6622 -0.5853 -0.4679
vn 0.6439 -0.6054 -0.4679
vn 0.7035 -0.5545 -0.4446
vn 0.6945 -0.5694 -0.4399
vn 0.6909 -0.5737 -0.4399
vn 0.6729 -0.5947 -0.4399
vn 0.6543 -0.6152 -0.4399
vn 0.7234 -0.5541 -0.4119
vn 0.6976 -0.5793 -0.4217
vn 0.6963 -0.5881 -0.4115
vn 0.7030 -0.5858 -0.4032
vn 0.7008 -0.6021 -0.3827
vn 0.7007 -0.6022 -0.3827
vn 0.7120 -0.6060 -0.3548
vn 0.6989 -0.6177 -0.3604
vn 0.6952 -0.6259 -0.3535
vn 0.6815 -0.6408 -0.3534
vn 0.7048 -0.6249 -0.3358
vn 0.6960 -0.6409 -0.3239
vn 0.6893 -0.6481 -0.3239
vn 0.7131 -0.6292 -0.3091
vn 0.6952 -0.6536 -0.2992
vn 0.6953 -0.6562 -0.2931
vn 0.6960 -0.6551 -0.2940
vn 0.6997 -0.6625 -0.2674
vn 0.6966 -0.6672 -0.2639
vn 0.7044 -0.6675 -0.2414
vn 0.6957 -0.6793 -0.2334
vn 0.7103 -0.6702 -0.2151
vn 0.6911 -0.6938 -0.2028
vn 0.7245 -0.6636 -0.1865
vn 0.6635 -0.7245 -0.1865
vn 0.6938 -0.6911 -0.2028
vn 0.6702 -0.7103 -0.2151
vn 0.6793 -0.6957 -0.2334
vn 0.6675 -0.7044 -0.2414
vn 0.6672 -0.6966 -0.2639
vn 0.6625 -0.6997 -0.2674
vn 0.6555 -0.6962 -0.2928
vn 0.6558 -0.6953 -0.2940
vn 0.6536 -0.6952 -0.2992
vn 0.6481 -0.6893 -0.3239
vn 0.6409 -0.6960 -0.3239
vn 0.6249 -0.7048 -0.3358
vn 0.6292 -0.7131 -0.3091
vn 0.6060 -0.7120 -0.3548
vn 0.6177 -0.6989 -0.3604
vn 0.6259 -0.6952 -0.3535
vn 0.6408 -0.6815 -0.3534
vn 0.6022 -0.7006 -0.3828
vn 0.6021 -0.7008 -0.3827
vn 0.6118 -0.6923 -0.3826
vn 0.6329 -0.6731 -0.3826
vn 0.5858 -0.7030 -0.4032
vn 0.5881 -0.6963 -0.4115
vn 0.6036 -0.6829 -0.4115
vn 0.6243 -0.6640 -0.4115
vn 0.5793 -0.6976 -0.4217
vn 0.5541 -0.7234 -0.4119
vn 0.5694 -0.6945 -0.4399
vn 0.5545 -0.7035 -0.4446
vn 0.5451 -0.6956 -0.4679
vn 0.5430 -0.6965 -0.4690
vn 0.5341 -0.6851 -0.4954
vn 0.5199 -0.6959 -0.4955
vn 0.5103 -0.6978 -0.5027
vn 0.4978 -0.7102 -0.4978
vn 0.4894 -0.6982 -0.5225
vn 0.4863 -0.6998 -0.5232
vn 0.4779 -0.6977 -0.5337
vn 0.4553 -0.7174 -0.5272
vn 0.4623 -0.6963 -0.5490
vn 0.4484 -0.6999 -0.5559
vn 0.4414 -0.6889 -0.5750
vn 0.4258 -0.6986 -0.5750
vn 0.4170 -0.6973 -0.5830
vn 0.3990 -0.7103 -0.5798
vn 0.3950 -0.6953 -0.6004
vn 0.3881 -0.6967 -0.6033
vn 0.3798 -0.6818 -0.6252
vn 0.3586 -0.6932 -0.6252
vn 0.3494 -0.6754 -0.6494
vn 0.3284 -0.6859 -0.6494
vn 0.3195 -0.6671 -0.6730
vn 0.2988 -0.6766 -0.6730
vn 0.2902 -0.6572 -0.6957
vn 0.2696 -0.6653 -0.6962
vn 0.2685 -0.6652 -0.6967
vn 0.2493 -0.6742 -0.6952
vn 0.2437 -0.6739 -0.6975
vn 0.2286 -0.6820 -0.6947
vn 0.2188 -0.6820 -0.6978
vn 0.2075 -0.6889 -0.6945
vn 0.1938 -0.6896 -0.6978
vn 0.1862 -0.6947 -0.6948
vn 0.1687 -0.6969 -0.6970
vn 0.1425 -0.6998 -0.6999
vn 0.1426 -0.6998 -0.7000
vn 0.1165 -0.7022 -0.7024
vn 0.0905 -0.7041 -0.7043
vn 0.0906 -0.7040 -0.7044
vn 0.0646 -0.7054 -0.7058
vn 0.0647 -0.7052 -0.7061
vn 0.0387 -0.7061 -0.7070
vn 0.5432 -0.6964 -0.4691
vn 0.5179 -0.7072 -0.4814
vn 0.4425 -0.7068 -0.5519
vn 0.4242 -0.7032 -0.5706
vn 0.3823 -0.7015 -0.6015
vn 0.3600 -0.7017 -0.6148
vn 0.3582 -0.6938 -0.6248
vn 0.3376 -0.7009 -0.6282
vn 0.3349 -0.6993 -0.6315
vn 0.3117 -0.7072 -0.6346
vn 0.3095 -0.6946 -0.6494
vn 0.3066 -0.6944 -0.6510
vn 0.2778 -0.6855 -0.6730
vn 0.2907 -0.7015 -0.6507
vn 0.2830 -0.6984 -0.6574
vn 0.2572 -0.6935 -0.6730
vn 0.2565 -0.6935 -0.6733
vn 0.2431 -0.6993 -0.6722
vn 0.2336 -0.6970 -0.6780
vn 0.2169 -0.7043 -0.6760
vn 0.2108 -0.6998 -0.6826
vn 0.1908 -0.7092 -0.6787
vn 0.2642 -0.7083 -0.6546
vn 0.2924 -0.6546 -0.6971
vn 0.3106 -0.6486 -0.6949
vn 0.3399 -0.6570 -0.6730
vn 0.3700 -0.6643 -0.6494
vn 0.4006 -0.6698 -0.6252
vn 0.4105 -0.6863 -0.6004
vn 0.4314 -0.6734 -0.6004
vn 0.4624 -0.6750 -0.5750
vn 0.4724 -0.6896 -0.5490
vn 0.4934 -0.6747 -0.5490
vn 0.5033 -0.6883 -0.5225
vn 0.5243 -0.6724 -0.5225
vn 0.5549 -0.6683 -0.4954
vn 0.5646 -0.6799 -0.4679
vn 0.5853 -0.6622 -0.4679
vn 0.5947 -0.6729 -0.4399
vn 0.6152 -0.6543 -0.4399
vn 0.3159 -0.6430 -0.6977
vn 0.3306 -0.6390 -0.6946
vn 0.3599 -0.6462 -0.6730
vn 0.3903 -0.6526 -0.6494
vn 0.4210 -0.6572 -0.6252
vn 0.4520 -0.6598 -0.6004
vn 0.4830 -0.6604 -0.5750
vn 0.5139 -0.6592 -0.5490
vn 0.5447 -0.6560 -0.5225
vn 0.5753 -0.6509 -0.4954
vn 0.6054 -0.6439 -0.4679
vn 0.3391 -0.6309 -0.6979
vn 0.3501 -0.6285 -0.6946
vn 0.3797 -0.6348 -0.6730
vn 0.4102 -0.6403 -0.6494
vn 0.4411 -0.6439 -0.6252
vn 0.4720 -0.6455 -0.6004
vn 0.4829 -0.6604 -0.5750
vn 0.5031 -0.6453 -0.5750
vn 0.5340 -0.6430 -0.5490
vn 0.5647 -0.6389 -0.5225
vn 0.5950 -0.6329 -0.4954
vn 0.3620 -0.6183 -0.6977
vn 0.3691 -0.6171 -0.6950
vn 0.3990 -0.6228 -0.6730
vn 0.4298 -0.6274 -0.6494
vn 0.4607 -0.6300 -0.6252
vn 0.4721 -0.6455 -0.6004
vn 0.4917 -0.6307 -0.6004
vn 0.5227 -0.6295 -0.5750
vn 0.5535 -0.6263 -0.5490
vn 0.5841 -0.6212 -0.5225
vn 0.3846 -0.6051 -0.6970
vn 0.3875 -0.6048 -0.6958
vn 0.4180 -0.6102 -0.6730
vn 0.4489 -0.6138 -0.6494
vn 0.4799 -0.6155 -0.6252
vn 0.5109 -0.6153 -0.6004
vn 0.5418 -0.6131 -0.5750
vn 0.5725 -0.6089 -0.5490
vn 0.4058 -0.5924 -0.6960
vn 0.4066 -0.5908 -0.6968
vn 0.4243 -0.5803 -0.6951
vn 0.4275 -0.5751 -0.6975
vn 0.4423 -0.5673 -0.6946
vn 0.4480 -0.5588 -0.6979
vn 0.4596 -0.5535 -0.6945
vn 0.4682 -0.5421 -0.6978
vn 0.4763 -0.5389 -0.6948
vn 0.4880 -0.5250 -0.6973
vn 0.4922 -0.5235 -0.6954
vn 0.5421 -0.4682 -0.6978
vn 0.5535 -0.4596 -0.6945
vn 0.5833 -0.4548 -0.6730
vn 0.6138 -0.4489 -0.6494
vn 0.6439 -0.4411 -0.6252
vn 0.6598 -0.4520 -0.6004
vn 0.6734 -0.4314 -0.6004
vn 0.5588 -0.4480 -0.6978
vn 0.5673 -0.4423 -0.6946
vn 0.5971 -0.4366 -0.6730
vn 0.6274 -0.4298 -0.6494
vn 0.6572 -0.4210 -0.6252
vn 0.5751 -0.4275 -0.6975
vn 0.5803 -0.4243 -0.6951
vn 0.6102 -0.4180 -0.6730
vn 0.6403 -0.4102 -0.6494
vn 0.5909 -0.4066 -0.6968
vn 0.5924 -0.4058 -0.6960
vn 0.6228 -0.3990 -0.6730
vn 0.6048 -0.3875 -0.6958
vn 0.6051 -0.3847 -0.6970
vn 0.6390 -0.3306 -0.6945
vn 0.6430 -0.3159 -0.6977
vn 0.6486 -0.3106 -0.6949
vn 0.6546 -0.2924 -0.6971
vn 0.6855 -0.2778 -0.6730
vn 0.6671 -0.3195 -0.6730
vn 0.6859 -0.3284 -0.6494
vn 0.6754 -0.3494 -0.6494
vn 0.6570 -0.3399 -0.6730
vn 0.6932 -0.3586 -0.6252
vn 0.6896 -0.4724 -0.5490
vn 0.6747 -0.4934 -0.5490
vn 0.6592 -0.5139 -0.5490
vn 0.6430 -0.5340 -0.5490
vn 0.6263 -0.5535 -0.5490
vn 0.6089 -0.5725 -0.5490
vn 0.6883 -0.5033 -0.5225
vn 0.6604 -0.4830 -0.5750
vn 0.6307 -0.4917 -0.6004
vn 0.6004 -0.4986 -0.6252
vn 0.5698 -0.5036 -0.6494
vn 0.5389 -0.5067 -0.6730
vn 0.6604 -0.4829 -0.5750
vn 0.6725 -0.5243 -0.5225
vn 0.6453 -0.5031 -0.5750
vn 0.6295 -0.5227 -0.5750
vn 0.6131 -0.5418 -0.5750
vn 0.5961 -0.5605 -0.5750
vn 0.6560 -0.5447 -0.5225
vn 0.6153 -0.5109 -0.6004
vn 0.5848 -0.5169 -0.6252
vn 0.5540 -0.5209 -0.6494
vn 0.6829 -0.6036 -0.4115
vn 0.6923 -0.6118 -0.3826
vn 0.6731 -0.6329 -0.3826
vn 0.6389 -0.5647 -0.5225
vn 0.5992 -0.5296 -0.6004
vn 0.5826 -0.5478 -0.6004
vn 0.6640 -0.6243 -0.4115
vn 0.6212 -0.5841 -0.5225
vn 0.5686 -0.5346 -0.6252
vn 0.5604 -0.5961 -0.5750
vn 0.5605 -0.5961 -0.5750
vn 0.5478 -0.5826 -0.6004
vn 0.5346 -0.5686 -0.6252
vn 0.5209 -0.5540 -0.6494
vn 0.5067 -0.5389 -0.6730
vn 0.5296 -0.5992 -0.6004
vn 0.5169 -0.5848 -0.6252
vn 0.5036 -0.5698 -0.6494
vn 0.4898 -0.5542 -0.6730
vn 0.5737 -0.6909 -0.4399
vn 0.5109 -0.6152 -0.6004
vn 0.4986 -0.6004 -0.6252
vn 0.4858 -0.5850 -0.6494
vn 0.4725 -0.5691 -0.6730
vn 0.4676 -0.5997 -0.6494
vn 0.4548 -0.5833 -0.6730
vn 0.4366 -0.5971 -0.6730
vn 0.0129 -0.7071 0.7070
vn 0.0388 -0.7066 0.7065
vn 0.0388 -0.7066 0.7066
vn 0.0646 -0.7056 0.7056
vn 0.0905 -0.7042 0.7042
vn 0.1165 -0.7023 0.7023
vn 0.1425 -0.6999 0.6999
vn 0.1687 -0.6970 0.6970
vn 0.1862 -0.6947 0.6947
vn 0.1938 -0.6896 0.6978
vn 0.2075 -0.6889 0.6945
vn 0.2189 -0.6820 0.6978
vn 0.2286 -0.6821 0.6947
vn 0.2437 -0.6739 0.6974
vn 0.2493 -0.6742 0.6952
vn 0.2685 -0.6653 0.6967
vn 0.2696 -0.6654 0.6961
vn 0.2902 -0.6572 0.6956
vn 0.2988 -0.6766 0.6730
vn 0.3066 -0.6944 0.6510
vn 0.3095 -0.6946 0.6494
vn 0.3117 -0.7072 0.6346
vn 0.3349 -0.6993 0.6315
vn 0.3376 -0.7009 0.6282
vn 0.3582 -0.6938 0.6248
vn 0.3600 -0.7017 0.6148
vn 0.3823 -0.7015 0.6015
vn 0.1908 -0.7092 0.6787
vn 0.2108 -0.6998 0.6826
vn 0.2169 -0.7043 0.6760
vn 0.2336 -0.6970 0.6780
vn 0.2431 -0.6993 0.6722
vn 0.2565 -0.6935 0.6733
vn 0.2572 -0.6935 0.6730
vn 0.2642 -0.7083 0.6546
vn 0.2830 -0.6984 0.6574
vn 0.2907 -0.7015 0.6507
vn 0.3990 -0.7103 0.5799
vn 0.3950 -0.6953 0.6004
vn 0.3881 -0.6967 0.6033
vn 0.3798 -0.6818 0.6252
vn 0.3700 -0.6643 0.6494
vn 0.3599 -0.6462 0.6730
vn 0.3501 -0.6285 0.6946
vn 0.3391 -0.6309 0.6978
vn 0.4242 -0.7032 0.5706
vn 0.4258 -0.6986 0.5750
vn 0.4170 -0.6973 0.5830
vn 0.4105 -0.6863 0.6004
vn 0.4006 -0.6698 0.6252
vn 0.3903 -0.6526 0.6494
vn 0.3797 -0.6348 0.6730
vn 0.3691 -0.6171 0.6950
vn 0.3620 -0.6183 0.6976
vn 0.4425 -0.7068 0.5519
vn 0.4484 -0.6999 0.5559
vn 0.4414 -0.6889 0.5750
vn 0.4624 -0.6750 0.5750
vn 0.4520 -0.6598 0.6004
vn 0.4721 -0.6455 0.6004
vn 0.4607 -0.6300 0.6252
vn 0.4799 -0.6155 0.6252
vn 0.4676 -0.5997 0.6494
vn 0.4858 -0.5850 0.6494
vn 0.4725 -0.5691 0.6730
vn 0.4898 -0.5542 0.6730
vn 0.4763 -0.5389 0.6948
vn 0.4880 -0.5250 0.6973
vn 0.4922 -0.5235 0.6954
vn 0.5074 -0.5074 0.6964
vn 0.5230 -0.5230 0.6730
vn 0.5377 -0.5377 0.6494
vn 0.5519 -0.5519 0.6252
vn 0.5655 -0.5655 0.6004
vn 0.5785 -0.5785 0.5750
vn 0.5910 -0.5910 0.5490
vn 0.6029 -0.6029 0.5225
vn 0.6142 -0.6142 0.4954
vn 0.6249 -0.6249 0.4679
vn 0.6350 -0.6350 0.4399
vn 0.6445 -0.6445 0.4115
vn 0.6533 -0.6533 0.3826
vn 0.6615 -0.6615 0.3534
vn 0.6690 -0.6690 0.3239
vn 0.6759 -0.6759 0.2940
vn 0.6820 -0.6821 0.2638
vn 0.6821 -0.6820 0.2638
vn 0.6876 -0.6876 0.2334
vn 0.6924 -0.6924 0.2028
vn 0.6954 -0.6954 0.1811
vn 0.7245 -0.6636 0.1865
vn 0.4623 -0.6963 0.5490
vn 0.4553 -0.7174 0.5273
vn 0.4779 -0.6977 0.5337
vn 0.4863 -0.6998 0.5232
vn 0.4894 -0.6982 0.5225
vn 0.4978 -0.7102 0.4978
vn 0.5103 -0.6978 0.5027
vn 0.5199 -0.6959 0.4955
vn 0.5341 -0.6851 0.4954
vn 0.5549 -0.6683 0.4954
vn 0.5753 -0.6509 0.4954
vn 0.5950 -0.6329 0.4954
vn 0.5179 -0.7072 0.4813
vn 0.5432 -0.6964 0.4691
vn 0.5430 -0.6965 0.4690
vn 0.5451 -0.6956 0.4679
vn 0.5646 -0.6799 0.4679
vn 0.5853 -0.6622 0.4679
vn 0.6054 -0.6439 0.4679
vn 0.5545 -0.7035 0.4446
vn 0.5694 -0.6945 0.4399
vn 0.5737 -0.6909 0.4399
vn 0.5947 -0.6729 0.4399
vn 0.6152 -0.6543 0.4399
vn 0.5541 -0.7234 0.4119
vn 0.5793 -0.6976 0.4217
vn 0.5881 -0.6963 0.4115
vn 0.5858 -0.7030 0.4032
vn 0.6021 -0.7008 0.3827
vn 0.6022 -0.7006 0.3827
vn 0.6060 -0.7119 0.3548
vn 0.6177 -0.6989 0.3604
vn 0.6259 -0.6952 0.3535
vn 0.6408 -0.6815 0.3534
vn 0.6249 -0.7048 0.3358
vn 0.6409 -0.6960 0.3239
vn 0.6481 -0.6893 0.3239
vn 0.6292 -0.7131 0.3091
vn 0.6536 -0.6952 0.2992
vn 0.6562 -0.6953 0.2931
vn 0.6551 -0.6960 0.2940
vn 0.6625 -0.6997 0.2674
vn 0.6672 -0.6966 0.2639
vn 0.6675 -0.7044 0.2414
vn 0.6793 -0.6957 0.2334
vn 0.6702 -0.7103 0.2151
vn 0.6938 -0.6911 0.2028
vn 0.6636 -0.7245 0.1865
vn 0.6970 -0.6970 0.1687
vn 0.6999 -0.6999 0.1425
vn 0.7023 -0.7023 0.1165
vn 0.7042 -0.7042 0.0905
vn 0.7056 -0.7056 0.0646
vn 0.7066 -0.7066 0.0388
vn 0.7065 -0.7066 0.0388
vn 0.7070 -0.7071 0.0129
vn 0.6911 -0.6938 0.2028
vn 0.7103 -0.6702 0.2151
vn 0.6957 -0.6793 0.2334
vn 0.7044 -0.6675 0.2414
vn 0.6966 -0.6672 0.2639
vn 0.6997 -0.6625 0.2674
vn 0.6962 -0.6555 0.2928
vn 0.7131 -0.6292 0.3091
vn 0.6952 -0.6536 0.2992
vn 0.6953 -0.6558 0.2940
vn 0.6960 -0.6409 0.3239
vn 0.7048 -0.6249 0.3359
vn 0.6952 -0.6259 0.3535
vn 0.6989 -0.6177 0.3604
vn 0.6923 -0.6118 0.3826
vn 0.7006 -0.6022 0.3827
vn 0.7008 -0.6021 0.3827
vn 0.7120 -0.6060 0.3548
vn 0.7030 -0.5858 0.4031
vn 0.6963 -0.5881 0.4115
vn 0.6829 -0.6036 0.4115
vn 0.6640 -0.6243 0.4115
vn 0.6976 -0.5793 0.4217
vn 0.7234 -0.5541 0.4119
vn 0.6945 -0.5694 0.4399
vn 0.7035 -0.5545 0.4446
vn 0.6956 -0.5451 0.4679
vn 0.6965 -0.5430 0.4690
vn 0.6851 -0.5341 0.4954
vn 0.6959 -0.5199 0.4955
vn 0.6978 -0.5103 0.5027
vn 0.7102 -0.4978 0.4978
vn 0.6982 -0.4894 0.5225
vn 0.6998 -0.4863 0.5232
vn 0.6977 -0.4779 0.5337
vn 0.7174 -0.4553 0.5273
vn 0.6963 -0.4623 0.5490
vn 0.6999 -0.4484 0.5559
vn 0.6889 -0.4414 0.5750
vn 0.6986 -0.4258 0.5750
vn 0.6973 -0.4170 0.5830
vn 0.7103 -0.3990 0.5799
vn 0.6953 -0.3950 0.6004
vn 0.6967 -0.3881 0.6033
vn 0.6818 -0.3798 0.6252
vn 0.6932 -0.3586 0.6252
vn 0.6754 -0.3494 0.6494
vn 0.6859 -0.3284 0.6494
vn 0.6671 -0.3195 0.6730
vn 0.6766 -0.2988 0.6730
vn 0.6572 -0.2902 0.6956
vn 0.6654 -0.2696 0.6961
vn 0.6653 -0.2685 0.6967
vn 0.6742 -0.2493 0.6952
vn 0.6739 -0.2437 0.6974
vn 0.6820 -0.2286 0.6947
vn 0.6820 -0.2189 0.6978
vn 0.6889 -0.2075 0.6945
vn 0.6896 -0.1938 0.6978
vn 0.6947 -0.1862 0.6947
vn 0.6970 -0.1687 0.6970
vn 0.6999 -0.1425 0.6999
vn 0.7023 -0.1165 0.7023
vn 0.7042 -0.0905 0.7042
vn 0.7056 -0.0646 0.7056
vn 0.7057 -0.0646 0.7056
vn 0.7066 -0.0388 0.7066
vn 0.7066 -0.0388 0.7065
vn 0.7070 -0.0129 0.7071
vn 0.6964 -0.5432 0.4691
vn 0.7072 -0.5179 0.4813
vn 0.7068 -0.4425 0.5519
vn 0.7032 -0.4242 0.5706
vn 0.7015 -0.3823 0.6015
vn 0.7017 -0.3600 0.6148
vn 0.6938 -0.3582 0.6248
vn 0.7009 -0.3376 0.6282
vn 0.6993 -0.3349 0.6315
vn 0.7072 -0.3117 0.6346
vn 0.6946 -0.3095 0.6494
vn 0.6944 -0.3066 0.6510
vn 0.6855 -0.2778 0.6730
vn 0.7015 -0.2907 0.6507
vn 0.6984 -0.2830 0.6574
vn 0.6935 -0.2572 0.6730
vn 0.6935 -0.2565 0.6733
vn 0.6993 -0.2431 0.6722
vn 0.6970 -0.2336 0.6780
vn 0.7043 -0.2169 0.6760
vn 0.6998 -0.2108 0.6826
vn 0.7092 -0.1908 0.6787
vn 0.7083 -0.2642 0.6546
vn 0.6546 -0.2924 0.6971
vn 0.6486 -0.3106 0.6949
vn 0.6570 -0.3399 0.6730
vn 0.6643 -0.3700 0.6494
vn 0.6698 -0.4006 0.6252
vn 0.6863 -0.4105 0.6004
vn 0.6734 -0.4314 0.6004
vn 0.6750 -0.4624 0.5750
vn 0.6896 -0.4724 0.5490
vn 0.6747 -0.4934 0.5490
vn 0.6883 -0.5033 0.5225
vn 0.6725 -0.5243 0.5225
vn 0.6683 -0.5549 0.4954
vn 0.6799 -0.5646 0.4679
vn 0.6622 -0.5853 0.4679
vn 0.6729 -0.5947 0.4399
vn 0.6543 -0.6152 0.4399
vn 0.6430 -0.3159 0.6977
vn 0.6390 -0.3306 0.6945
vn 0.6462 -0.3599 0.6730
vn 0.6526 -0.3903 0.6494
vn 0.6572 -0.4210 0.6252
vn 0.6598 -0.4520 0.6004
vn 0.6604 -0.4829 0.5750
vn 0.6592 -0.5139 0.5490
vn 0.6724 -0.5243 0.5225
vn 0.6560 -0.5447 0.5225
vn 0.6509 -0.5753 0.4954
vn 0.6439 -0.6054 0.4679
vn 0.6309 -0.3391 0.6978
vn 0.6285 -0.3501 0.6946
vn 0.6348 -0.3797 0.6730
vn 0.6403 -0.4102 0.6494
vn 0.6439 -0.4411 0.6252
vn 0.6455 -0.4721 0.6004
vn 0.6604 -0.4830 0.5750
vn 0.6453 -0.5031 0.5750
vn 0.6430 -0.5340 0.5490
vn 0.6389 -0.5647 0.5225
vn 0.6329 -0.5950 0.4954
vn 0.6183 -0.3620 0.6976
vn 0.6171 -0.3691 0.6950
vn 0.6228 -0.3990 0.6730
vn 0.6274 -0.4298 0.6494
vn 0.6300 -0.4607 0.6252
vn 0.6307 -0.4917 0.6004
vn 0.6295 -0.5227 0.5750
vn 0.6263 -0.5535 0.5490
vn 0.6212 -0.5841 0.5225
vn 0.6052 -0.3847 0.6970
vn 0.6048 -0.3875 0.6957
vn 0.6102 -0.4180 0.6730
vn 0.6138 -0.4489 0.6494
vn 0.6155 -0.4799 0.6252
vn 0.6153 -0.5109 0.6004
vn 0.6131 -0.5418 0.5750
vn 0.6089 -0.5725 0.5490
vn 0.5924 -0.4058 0.6960
vn 0.5909 -0.4066 0.6968
vn 0.5803 -0.4243 0.6951
vn 0.5751 -0.4275 0.6975
vn 0.5673 -0.4423 0.6946
vn 0.5588 -0.4480 0.6978
vn 0.5535 -0.4596 0.6945
vn 0.5422 -0.4682 0.6977
vn 0.5389 -0.4763 0.6948
vn 0.5250 -0.4880 0.6973
vn 0.5235 -0.4922 0.6954
vn 0.4682 -0.5422 0.6977
vn 0.4596 -0.5535 0.6945
vn 0.4548 -0.5833 0.6730
vn 0.4489 -0.6138 0.6494
vn 0.4411 -0.6439 0.6252
vn 0.4519 -0.6598 0.6004
vn 0.4314 -0.6734 0.6004
vn 0.4480 -0.5588 0.6978
vn 0.4423 -0.5673 0.6946
vn 0.4366 -0.5971 0.6730
vn 0.4298 -0.6274 0.6494
vn 0.4210 -0.6572 0.6252
vn 0.4275 -0.5751 0.6975
vn 0.4243 -0.5803 0.6951
vn 0.4180 -0.6102 0.6730
vn 0.4102 -0.6403 0.6494
vn 0.4066 -0.5909 0.6968
vn 0.4058 -0.5924 0.6960
vn 0.3990 -0.6228 0.6730
vn 0.3875 -0.6048 0.6957
vn 0.3847 -0.6052 0.6970
vn 0.3306 -0.6390 0.6945
vn 0.3159 -0.6430 0.6977
vn 0.3106 -0.6486 0.6949
vn 0.2924 -0.6546 0.6971
vn 0.2778 -0.6855 0.6730
vn 0.3195 -0.6671 0.6730
vn 0.3284 -0.6859 0.6494
vn 0.3494 -0.6754 0.6494
vn 0.3399 -0.6570 0.6730
vn 0.3586 -0.6932 0.6252
vn 0.4724 -0.6896 0.5490
vn 0.4934 -0.6747 0.5490
vn 0.5139 -0.6592 0.5490
vn 0.5340 -0.6430 0.5490
vn 0.5535 -0.6263 0.5490
vn 0.5725 -0.6089 0.5490
vn 0.5033 -0.6883 0.5225
vn 0.4829 -0.6604 0.5750
vn 0.4917 -0.6307 0.6004
vn 0.4986 -0.6004 0.6252
vn 0.5036 -0.5698 0.6494
vn 0.5067 -0.5389 0.6730
vn 0.4830 -0.6604 0.5750
vn 0.5243 -0.6724 0.5225
vn 0.5031 -0.6453 0.5750
vn 0.5227 -0.6295 0.5750
vn 0.5418 -0.6131 0.5750
vn 0.5604 -0.5961 0.5750
vn 0.5605 -0.5961 0.5750
vn 0.5447 -0.6560 0.5225
vn 0.5109 -0.6153 0.6004
vn 0.5169 -0.5848 0.6252
vn 0.5209 -0.5540 0.6494
vn 0.6036 -0.6829 0.4115
vn 0.6118 -0.6923 0.3826
vn 0.6329 -0.6731 0.3826
vn 0.5647 -0.6389 0.5225
vn 0.5296 -0.5992 0.6004
vn 0.5478 -0.5826 0.6004
vn 0.6243 -0.6640 0.4115
vn 0.5841 -0.6212 0.5225
vn 0.5168 -0.5848 0.6252
vn 0.5346 -0.5686 0.6252
vn 0.6893 -0.6481 0.3239
vn 0.6731 -0.6329 0.3826
vn 0.6815 -0.6408 0.3534
vn 0.5961 -0.5605 0.5750
vn 0.5826 -0.5478 0.6004
vn 0.5686 -0.5346 0.6252
vn 0.5540 -0.5209 0.6494
vn 0.5389 -0.5067 0.6730
vn 0.5992 -0.5296 0.6004
vn 0.5848 -0.5169 0.6252
vn 0.5698 -0.5036 0.6494
vn 0.5542 -0.4898 0.6730
vn 0.6909 -0.5737 0.4399
vn 0.6152 -0.5109 0.6004
vn 0.6004 -0.4986 0.6252
vn 0.5850 -0.4858 0.6494
vn 0.5691 -0.4725 0.6730
vn 0.5997 -0.4676 0.6494
vn 0.5833 -0.4548 0.6730
vn 0.5971 -0.4366 0.6730
vn -0.7071 0.0129 -0.7070
vn -0.7066 0.0388 -0.7065
vn -0.7057 0.0646 -0.7056
vn -0.7056 0.0646 -0.7056
vn -0.7042 0.0905 -0.7042
vn -0.7023 0.1165 -0.7023
vn -0.6999 0.1425 -0.6999
vn -0.6970 0.1687 -0.6970
vn -0.6947 0.1862 -0.6947
vn -0.6896 0.1938 -0.6978
vn -0.6889 0.2075 -0.6945
vn -0.6820 0.2189 -0.6978
vn -0.6821 0.2286 -0.6946
vn -0.6739 0.2437 -0.6974
vn -0.6742 0.2493 -0.6952
vn -0.6653 0.2685 -0.6967
vn -0.6654 0.2696 -0.6961
vn -0.6572 0.2902 -0.6956
vn -0.6766 0.2988 -0.6730
vn -0.6944 0.3066 -0.6510
vn -0.6946 0.3095 -0.6494
vn -0.7072 0.3117 -0.6346
vn -0.6993 0.3349 -0.6315
vn -0.7009 0.3376 -0.6282
vn -0.6938 0.3582 -0.6248
vn -0.7017 0.3600 -0.6148
vn -0.7015 0.3823 -0.6015
vn -0.7092 0.1908 -0.6787
vn -0.6998 0.2108 -0.6826
vn -0.7043 0.2169 -0.6760
vn -0.6970 0.2336 -0.6780
vn -0.6993 0.2431 -0.6722
vn -0.6935 0.2565 -0.6733
vn -0.6935 0.2572 -0.6730
vn -0.7083 0.2642 -0.6546
vn -0.6984 0.2830 -0.6574
vn -0.7015 0.2907 -0.6507
vn -0.7103 0.3990 -0.5799
vn -0.6953 0.3950 -0.6004
vn -0.6967 0.3881 -0.6033
vn -0.6818 0.3798 -0.6252
vn -0.6643 0.3700 -0.6494
vn -0.6462 0.3599 -0.6730
vn -0.6285 0.3501 -0.6945
vn -0.6309 0.3391 -0.6978
vn -0.7032 0.4242 -0.5706
vn -0.6986 0.4258 -0.5750
vn -0.6973 0.4170 -0.5830
vn -0.6863 0.4105 -0.6004
vn -0.6698 0.4006 -0.6252
vn -0.6526 0.3903 -0.6494
vn -0.6348 0.3797 -0.6730
vn -0.6171 0.3691 -0.6949
vn -0.6183 0.3620 -0.6976
vn -0.7068 0.4425 -0.5519
vn -0.6999 0.4484 -0.5559
vn -0.6889 0.4414 -0.5750
vn -0.6750 0.4624 -0.5750
vn -0.6598 0.4519 -0.6004
vn -0.6455 0.4721 -0.6004
vn -0.6300 0.4607 -0.6252
vn -0.6155 0.4799 -0.6252
vn -0.5997 0.4676 -0.6494
vn -0.5850 0.4858 -0.6494
vn -0.5691 0.4725 -0.6730
vn -0.5542 0.4898 -0.6730
vn -0.5389 0.4763 -0.6947
vn -0.5250 0.4880 -0.6973
vn -0.5236 0.4923 -0.6954
vn -0.5075 0.5075 -0.6964
vn -0.5230 0.5230 -0.6730
vn -0.5377 0.5377 -0.6494
vn -0.5519 0.5519 -0.6252
vn -0.5655 0.5655 -0.6004
vn -0.5785 0.5785 -0.5750
vn -0.5910 0.5910 -0.5490
vn -0.6029 0.6029 -0.5225
vn -0.6142 0.6142 -0.4954
vn -0.6249 0.6249 -0.4679
vn -0.6350 0.6350 -0.4399
vn -0.6445 0.6445 -0.4115
vn -0.6533 0.6533 -0.3826
vn -0.6615 0.6615 -0.3534
vn -0.6690 0.6690 -0.3239
vn -0.6759 0.6759 -0.2940
vn -0.6821 0.6820 -0.2638
vn -0.6820 0.6821 -0.2638
vn -0.6876 0.6876 -0.2334
vn -0.6924 0.6924 -0.2028
vn -0.6954 0.6954 -0.1811
vn -0.6970 0.6970 -0.1687
vn -0.6999 0.6999 -0.1425
vn -0.7023 0.7023 -0.1165
vn -0.7042 0.7042 -0.0905
vn -0.7056 0.7056 -0.0646
vn -0.7066 0.7066 -0.0388
vn -0.7065 0.7067 -0.0388
vn -0.7071 0.7070 -0.0129
vn -0.6963 0.4623 -0.5490
vn -0.7174 0.4553 -0.5272
vn -0.6977 0.4779 -0.5337
vn -0.6998 0.4863 -0.5232
vn -0.6982 0.4894 -0.5225
vn -0.7102 0.4978 -0.4978
vn -0.6978 0.5103 -0.5027
vn -0.6959 0.5199 -0.4955
vn -0.6851 0.5341 -0.4954
vn -0.6683 0.5549 -0.4954
vn -0.6509 0.5753 -0.4954
vn -0.6329 0.5950 -0.4954
vn -0.7072 0.5179 -0.4814
vn -0.6964 0.5432 -0.4691
vn -0.6965 0.5430 -0.4690
vn -0.6956 0.5451 -0.4679
vn -0.6799 0.5646 -0.4679
vn -0.6622 0.5853 -0.4679
vn -0.6439 0.6054 -0.4679
vn -0.7035 0.5545 -0.4446
vn -0.6945 0.5694 -0.4399
vn -0.6909 0.5737 -0.4399
vn -0.6729 0.5947 -0.4399
vn -0.6543 0.6152 -0.4399
vn -0.7234 0.5541 -0.4119
vn -0.6976 0.5793 -0.4217
vn -0.6963 0.5881 -0.4115
vn -0.7030 0.5858 -0.4032
vn -0.7008 0.6021 -0.3827
vn -0.7006 0.6022 -0.3827
vn -0.7120 0.6060 -0.3548
vn -0.6989 0.6177 -0.3604
vn -0.6952 0.6259 -0.3535
vn -0.6815 0.6408 -0.3534
vn -0.7048 0.6249 -0.3358
vn -0.6960 0.6409 -0.3239
vn -0.6893 0.6481 -0.3239
vn -0.7131 0.6292 -0.3091
vn -0.6952 0.6536 -0.2992
vn -0.6953 0.6562 -0.2931
vn -0.6960 0.6551 -0.2940
vn -0.6997 0.6625 -0.2674
vn -0.6966 0.6672 -0.2639
vn -0.7044 0.6675 -0.2414
vn -0.6957 0.6793 -0.2334
vn -0.7103 0.6702 -0.2151
vn -0.6911 0.6938 -0.2028
vn -0.7245 0.6636 -0.1865
vn -0.6635 0.7245 -0.1865
vn -0.6938 0.6911 -0.2028
vn -0.6702 0.7103 -0.2151
vn -0.6793 0.6957 -0.2334
vn -0.6675 0.7044 -0.2414
vn -0.6672 0.6966 -0.2639
vn -0.6625 0.6997 -0.2674
vn -0.6555 0.6962 -0.2928
vn -0.6558 0.6953 -0.2940
vn -0.6536 0.6952 -0.2992
vn -0.6481 0.6893 -0.3239
vn -0.6409 0.6960 -0.3239
vn -0.6249 0.7048 -0.3359
vn -0.6292 0.7131 -0.3091
vn -0.6060 0.7120 -0.3548
vn -0.6177 0.6989 -0.3604
vn -0.6259 0.6952 -0.3535
vn -0.6408 0.6815 -0.3534
vn -0.6022 0.7006 -0.3828
vn -0.6021 0.7008 -0.3827
vn -0.6118 0.6923 -0.3826
vn -0.6329 0.6731 -0.3826
vn -0.5858 0.7031 -0.4031
vn -0.5881 0.6963 -0.4115
vn -0.6036 0.6829 -0.4115
vn -0.6243 0.6640 -0.4115
vn -0.5793 0.6976 -0.4217
vn -0.5541 0.7234 -0.4119
vn -0.5694 0.6945 -0.4399
vn -0.5545 0.7035 -0.4446
vn -0.5451 0.6956 -0.4679
vn -0.5430 0.6965 -0.4690
vn -0.5341 0.6851 -0.4954
vn -0.5199 0.6959 -0.4955
vn -0.5103 0.6978 -0.5027
vn -0.4978 0.7102 -0.4978
vn -0.4894 0.6982 -0.5225
vn -0.4863 0.6998 -0.5232
vn -0.4779 0.6977 -0.5337
vn -0.4553 0.7174 -0.5273
vn -0.4623 0.6963 -0.5490
vn -0.4484 0.6999 -0.5559
vn -0.4414 0.6889 -0.5750
vn -0.4258 0.6986 -0.5750
vn -0.4170 0.6973 -0.5830
vn -0.3990 0.7103 -0.5799
vn -0.3950 0.6953 -0.6004
vn -0.3881 0.6967 -0.6033
vn -0.3798 0.6818 -0.6252
vn -0.3586 0.6932 -0.6252
vn -0.3494 0.6754 -0.6494
vn -0.3284 0.6859 -0.6494
vn -0.3195 0.6671 -0.6730
vn -0.2988 0.6766 -0.6730
vn -0.2902 0.6572 -0.6956
vn -0.2696 0.6654 -0.6961
vn -0.2685 0.6653 -0.6966
vn -0.2493 0.6742 -0.6952
vn -0.2438 0.6740 -0.6974
vn -0.2286 0.6821 -0.6946
vn -0.2189 0.6821 -0.6978
vn -0.2075 0.6890 -0.6945
vn -0.1938 0.6896 -0.6977
vn -0.1863 0.6948 -0.6947
vn -0.1687 0.6970 -0.6969
vn -0.1426 0.6999 -0.6998
vn -0.1425 0.7000 -0.6998
vn -0.1165 0.7024 -0.7022
vn -0.0905 0.7043 -0.7041
vn -0.0905 0.7044 -0.7040
vn -0.0646 0.7058 -0.7054
vn -0.0646 0.7060 -0.7052
vn -0.0388 0.7070 -0.7062
vn -0.5432 0.6964 -0.4691
vn -0.5179 0.7072 -0.4813
vn -0.4425 0.7068 -0.5519
vn -0.4242 0.7032 -0.5706
vn -0.3823 0.7015 -0.6015
vn -0.3600 0.7017 -0.6148
vn -0.3582 0.6938 -0.6248
vn -0.3376 0.7009 -0.6282
vn -0.3349 0.6993 -0.6315
vn -0.3117 0.7072 -0.6346
vn -0.3095 0.6946 -0.6494
vn -0.3066 0.6944 -0.6510
vn -0.2778 0.6855 -0.6730
vn -0.2907 0.7015 -0.6507
vn -0.2830 0.6984 -0.6574
vn -0.2572 0.6935 -0.6730
vn -0.2565 0.6935 -0.6733
vn -0.2431 0.6993 -0.6722
vn -0.2336 0.6970 -0.6780
vn -0.2169 0.7043 -0.6760
vn -0.2108 0.6998 -0.6826
vn -0.1908 0.7092 -0.6787
vn -0.2642 0.7083 -0.6546
vn -0.2924 0.6547 -0.6971
vn -0.3106 0.6486 -0.6949
vn -0.3399 0.6570 -0.6730
vn -0.3700 0.6643 -0.6494
vn -0.4006 0.6698 -0.6252
vn -0.4105 0.6863 -0.6004
vn -0.4314 0.6734 -0.6004
vn -0.4624 0.6750 -0.5750
vn -0.4724 0.6896 -0.5490
vn -0.4934 0.6747 -0.5490
vn -0.5033 0.6883 -0.5225
vn -0.5243 0.6725 -0.5225
vn -0.5549 0.6683 -0.4954
vn -0.5646 0.6799 -0.4679
vn -0.5853 0.6622 -0.4679
vn -0.5947 0.6729 -0.4399
vn -0.6152 0.6543 -0.4399
vn -0.3159 0.6430 -0.6976
vn -0.3306 0.6391 -0.6945
vn -0.3599 0.6462 -0.6730
vn -0.3903 0.6526 -0.6494
vn -0.4210 0.6572 -0.6252
vn -0.4520 0.6598 -0.6004
vn -0.4830 0.6604 -0.5750
vn -0.5139 0.6592 -0.5490
vn -0.5447 0.6560 -0.5225
vn -0.5752 0.6509 -0.4954
vn -0.6054 0.6439 -0.4679
vn -0.3391 0.6309 -0.6978
vn -0.3501 0.6286 -0.6945
vn -0.3797 0.6348 -0.6730
vn -0.4102 0.6403 -0.6494
vn -0.4411 0.6439 -0.6252
vn -0.4519 0.6598 -0.6004
vn -0.4721 0.6455 -0.6004
vn -0.4829 0.6604 -0.5750
vn -0.5031 0.6453 -0.5750
vn -0.5340 0.6430 -0.5490
vn -0.5647 0.6389 -0.5225
vn -0.5753 0.6509 -0.4954
vn -0.5950 0.6329 -0.4954
vn -0.3620 0.6183 -0.6976
vn -0.3691 0.6171 -0.6949
vn -0.3990 0.6228 -0.6730
vn -0.4298 0.6274 -0.6494
vn -0.4607 0.6300 -0.6252
vn -0.4917 0.6307 -0.6004
vn -0.5227 0.6295 -0.5750
vn -0.5535 0.6263 -0.5490
vn -0.5841 0.6212 -0.5225
vn -0.3847 0.6052 -0.6970
vn -0.3875 0.6048 -0.6957
vn -0.4180 0.6102 -0.6730
vn -0.4489 0.6138 -0.6494
vn -0.4799 0.6155 -0.6252
vn -0.5109 0.6153 -0.6004
vn -0.5418 0.6131 -0.5750
vn -0.5725 0.6089 -0.5490
vn -0.4058 0.5924 -0.6960
vn -0.4066 0.5909 -0.6968
vn -0.4244 0.5803 -0.6951
vn -0.4275 0.5751 -0.6975
vn -0.4423 0.5674 -0.6946
vn -0.4481 0.5589 -0.6978
vn -0.4597 0.5536 -0.6945
vn -0.4682 0.5422 -0.6977
vn -0.4763 0.5389 -0.6947
vn -0.4880 0.5250 -0.6973
vn -0.4923 0.5236 -0.6954
vn -0.5422 0.4682 -0.6977
vn -0.5536 0.4597 -0.6945
vn -0.5833 0.4548 -0.6730
vn -0.6138 0.4489 -0.6494
vn -0.6439 0.4411 -0.6252
vn -0.6598 0.4520 -0.6004
vn -0.6734 0.4314 -0.6004
vn -0.5589 0.4481 -0.6978
vn -0.5674 0.4423 -0.6946
vn -0.5971 0.4366 -0.6730
vn -0.6274 0.4298 -0.6494
vn -0.6572 0.4210 -0.6252
vn -0.5751 0.4275 -0.6975
vn -0.5803 0.4244 -0.6951
vn -0.6102 0.4180 -0.6730
vn -0.6403 0.4102 -0.6494
vn -0.5909 0.4066 -0.6968
vn -0.5924 0.4058 -0.6960
vn -0.6228 0.3990 -0.6730
vn -0.6048 0.3875 -0.6957
vn -0.6052 0.3847 -0.6970
vn -0.6390 0.3306 -0.6945
vn -0.6430 0.3159 -0.6977
vn -0.6486 0.3106 -0.6949
vn -0.6546 0.2924 -0.6971
vn -0.6855 0.2778 -0.6730
vn -0.6671 0.3195 -0.6730
vn -0.6859 0.3284 -0.6494
vn -0.6754 0.3494 -0.6494
vn -0.6570 0.3399 -0.6730
vn -0.6932 0.3586 -0.6252
vn -0.6896 0.4724 -0.5490
vn -0.6747 0.4934 -0.5490
vn -0.6592 0.5139 -0.5490
vn -0.6430 0.5340 -0.5490
vn -0.6263 0.5535 -0.5490
vn -0.6089 0.5725 -0.5490
vn -0.6883 0.5033 -0.5225
vn -0.6604 0.4830 -0.5750
vn -0.6307 0.4917 -0.6004
vn -0.6004 0.4986 -0.6252
vn -0.5698 0.5036 -0.6494
vn -0.5389 0.5067 -0.6730
vn -0.6724 0.5243 -0.5225
vn -0.6725 0.5243 -0.5225
vn -0.6453 0.5031 -0.5750
vn -0.6295 0.5227 -0.5750
vn -0.6131 0.5418 -0.5750
vn -0.5961 0.5605 -0.5750
vn -0.6560 0.5447 -0.5225
vn -0.6152 0.5109 -0.6004
vn -0.5848 0.5169 -0.6252
vn -0.5540 0.5209 -0.6494
vn -0.6829 0.6036 -0.4115
vn -0.6923 0.6118 -0.3826
vn -0.6731 0.6329 -0.3826
vn -0.6389 0.5647 -0.5225
vn -0.5992 0.5296 -0.6004
vn -0.5826 0.5478 -0.6004
vn -0.6640 0.6243 -0.4115
vn -0.6212 0.5841 -0.5225
vn -0.5686 0.5346 -0.6252
vn -0.5604 0.5961 -0.5750
vn -0.5605 0.5961 -0.5750
vn -0.5478 0.5826 -0.6004
vn -0.5346 0.5686 -0.6252
vn -0.5209 0.5540 -0.6494
vn -0.5067 0.5389 -0.6730
vn -0.5296 0.5992 -0.6004
vn -0.5169 0.5848 -0.6252
vn -0.5036 0.5698 -0.6494
vn -0.4898 0.5542 -0.6730
vn -0.5737 0.6909 -0.4399
vn -0.5109 0.6152 -0.6004
vn -0.4986 0.6004 -0.6252
vn -0.4858 0.5850 -0.6494
vn -0.4725 0.5691 -0.6730
vn -0.4676 0.5997 -0.6494
vn -0.4548 0.5833 -0.6730
vn -0.4366 0.5971 -0.6730
vn -0.0000 -1.0000 -0.0000
vn -0.0000 -0.9837 -0.1798
vn -0.0000 -0.4481 0.8940
vn -1.0000 -0.0000 -0.0000
vn -0.0000 1.0000 -0.0000
vn 0.0123 0.9998 -0.0177
vn -0.0132 0.9998 0.0162
vn 0.0132 0.9998 0.0161
vn -0.0123 0.9998 -0.0177
vn 1.0000 -0.0000 -0.0000
vn 1.0000 -0.0000 -0.0001
vn 1.0000 -0.0000 -0.0002
vn -0.0000 -0.0000 1.0000
vn -0.0000 -0.0000 -1.0000
vn -0.0063 -0.0033 -1.0000
vn -0.0005 0.0002 -1.0000
vn 0.0061 0.0039 -1.0000
vn -0.0061 0.0039 -1.0000
vn 0.0005 0.0002 -1.0000
vn 0.0063 -0.0033 -1.0000
vn 0.0061 -0.0039 -1.0000
vn -0.0005 -0.0002 -1.0000
vn -0.0063 0.0032 -1.0000
vn 0.0063 0.0033 -1.0000
vn 0.0005 -0.0002 -1.0000
vn -0.0061 -0.0039 -1.0000
vt 0.166667 0.333333
vt 0.160580 0.333333
vt 0.160580 0.333222
vt 0.154501 0.333333
vt 0.154501 0.332889
vt 0.148438 0.333333
vt 0.148438 0.332333
vt 0.142400 0.333333
vt 0.142400 0.331557
vt 0.136394 0.333333
vt 0.136394 0.330561
vt 0.130428 0.329346
vt 0.130428 0.333333
vt 0.124511 0.333333
vt 0.118650 0.673733
vt 0.122500 0.672159
vt 0.124511 0.672086
vt 0.122500 0.332883
vt 0.122500 0.327841
vt 0.124511 0.327914
vt 0.118650 0.326267
vt 0.118650 0.666667
vt 0.122500 0.667117
vt 0.115250 0.668195
vt 0.115250 0.326795
vt 0.112853 0.324407
vt 0.108050 0.325592
vt 0.107128 0.322336
vt 0.100908 0.324232
vt 0.101483 0.320058
vt 0.093831 0.322716
vt 0.095924 0.317575
vt 0.093831 0.317686
vt 0.090460 0.314890
vt 0.086825 0.316071
vt 0.085097 0.312008
vt 0.079899 0.314307
vt 0.079899 0.309250
vt 0.073058 0.312398
vt 0.073058 0.307406
vt 0.066309 0.310346
vt 0.066309 0.305424
vt 0.059660 0.308151
vt 0.059660 0.303304
vt 0.053116 0.305817
vt 0.053116 0.301050
vt 0.046684 0.303345
vt 0.046684 0.298663
vt 0.040371 0.300739
vt 0.040371 0.296146
vt 0.034182 0.298000
vt 0.034182 0.293501
vt 0.028124 0.295132
vt 0.028124 0.290731
vt 0.042602 0.644809
vt 0.038202 0.640920
vt 0.041197 0.637634
vt 0.045495 0.641433
vt 0.044316 0.634213
vt 0.048507 0.637917
vt 0.047555 0.630659
vt 0.051635 0.634265
vt 0.050913 0.626976
vt 0.054878 0.630481
vt 0.055447 0.624129
vt 0.060054 0.628108
vt 0.118650 0.333333
vt 0.115250 0.331805
vt 0.115250 0.673205
vt 0.112853 0.675593
vt 0.108050 0.674408
vt 0.107128 0.677664
vt 0.100908 0.675768
vt 0.101483 0.679942
vt 0.095924 0.682425
vt 0.090460 0.685110
vt 0.093831 0.682314
vt 0.093831 0.677284
vt 0.100908 0.670839
vt 0.108050 0.669436
vt 0.086825 0.683929
vt 0.085097 0.687992
vt 0.079899 0.685693
vt 0.079899 0.690750
vt 0.073058 0.692594
vt 0.079843 0.691068
vt 0.074705 0.694334
vt 0.069690 0.697785
vt 0.066310 0.694576
vt 0.073058 0.687602
vt 0.066310 0.689654
vt 0.073058 0.682748
vt 0.066310 0.684869
vt 0.073058 0.321963
vt 0.066309 0.319776
vt 0.073058 0.317252
vt 0.066309 0.315131
vt 0.066310 0.699629
vt 0.064804 0.701417
vt 0.059660 0.701672
vt 0.060054 0.705226
vt 0.053116 0.703844
vt 0.053116 0.708861
vt 0.046684 0.711072
vt 0.050988 0.713349
vt 0.046684 0.716115
vt 0.046683 0.717654
vt 0.040371 0.718351
vt 0.042538 0.722114
vt 0.040371 0.723407
vt 0.038559 0.726721
vt 0.034182 0.725653
vt 0.034182 0.730708
vt 0.028124 0.732949
vt 0.031118 0.736357
vt 0.028124 0.737990
vt 0.027667 0.741372
vt 0.022203 0.740213
vt 0.022203 0.745224
vt 0.016424 0.747414
vt 0.016424 0.752382
vt 0.010794 0.754526
vt 0.010794 0.759437
vt 0.008399 0.578808
vt 0.006047 0.573897
vt 0.010575 0.571814
vt 0.005317 0.761520
vt 0.005317 0.766361
vt 0.008437 0.566973
vt 0.013276 0.565184
vt 0.006450 0.562068
vt 0.010997 0.559538
vt 0.004614 0.557105
vt 0.008927 0.553813
vt 0.002933 0.552088
vt 0.007067 0.548016
vt 0.001406 0.547021
vt 0.005419 0.542156
vt 0.000000 0.542156
vt 0.003987 0.536238
vt 0.000000 0.536238
vt 0.002772 0.530273
vt -0.000000 0.803061
vt 0.003987 0.797095
vt 0.002772 0.803061
vt -0.000000 0.809066
vt 0.001776 0.524267
vt 0.000000 0.530273
vt 0.000000 0.524267
vt 0.001000 0.518229
vt 0.000000 0.518229
vt 0.000445 0.512166
vt -0.000000 0.821167
vt 0.001000 0.815105
vt 0.000445 0.821167
vt -0.000000 0.827246
vt 0.000111 0.506087
vt 0.000000 0.512166
vt 0.000000 0.506087
vt 0.000000 0.500000
vt 0.055447 0.709205
vt 0.034751 0.731471
vt 0.024401 0.746510
vt 0.021325 0.751764
vt 0.018443 0.757126
vt 0.016424 0.757427
vt 0.015759 0.762591
vt 0.010794 0.764418
vt 0.005317 0.771265
vt 0.013276 0.768149
vt 0.010794 0.769465
vt 0.010997 0.773795
vt 0.005317 0.776228
vt 0.008927 0.779520
vt 0.005317 0.781246
vt 0.007067 0.785317
vt 0.005317 0.786313
vt 0.005419 0.791178
vt 0.015759 0.570743
vt 0.012860 0.576587
vt 0.010901 0.583644
vt 0.010794 0.749689
vt 0.016424 0.742527
vt 0.022203 0.735290
vt 0.028124 0.728004
vt 0.034182 0.720699
vt 0.040371 0.713403
vt 0.046684 0.706144
vt 0.053116 0.698950
vt 0.059660 0.696696
vt 0.059660 0.691849
vt 0.018443 0.576207
vt 0.015292 0.581287
vt 0.013551 0.588401
vt 0.010794 0.744932
vt 0.016424 0.737727
vt 0.022203 0.730460
vt 0.028124 0.723159
vt 0.034182 0.715853
vt 0.040371 0.708569
vt 0.046684 0.701337
vt 0.053116 0.694183
vt 0.059660 0.687137
vt 0.059660 0.317437
vt 0.021325 0.581570
vt 0.017867 0.585910
vt 0.016346 0.593075
vt 0.010794 0.740259
vt 0.012257 0.595606
vt 0.015275 0.600316
vt 0.016424 0.733017
vt 0.022203 0.725728
vt 0.028124 0.718419
vt 0.034182 0.711118
vt 0.040371 0.703854
vt 0.046684 0.696655
vt 0.053116 0.689549
vt 0.053116 0.314950
vt 0.059660 0.312863
vt 0.024401 0.586823
vt 0.020583 0.590451
vt 0.019283 0.597660
vt 0.018436 0.604930
vt 0.016424 0.728403
vt 0.022203 0.721098
vt 0.028124 0.713787
vt 0.034182 0.706499
vt 0.040371 0.699261
vt 0.046684 0.692102
vt 0.046684 0.312316
vt 0.053116 0.310451
vt 0.027667 0.591961
vt 0.023437 0.594907
vt 0.022361 0.602152
vt 0.021737 0.609446
vt 0.016424 0.723888
vt 0.018043 0.612235
vt 0.021570 0.616759
vt 0.022203 0.716574
vt 0.028124 0.709269
vt 0.034182 0.702000
vt 0.040371 0.694796
vt 0.040371 0.309538
vt 0.046684 0.307898
vt 0.026428 0.599273
vt 0.031118 0.596976
vt 0.029552 0.603544
vt 0.034751 0.601862
vt 0.032805 0.607718
vt 0.038559 0.606612
vt 0.036186 0.611789
vt 0.042538 0.611220
vt 0.039690 0.615754
vt 0.046683 0.615679
vt 0.043315 0.619609
vt 0.050988 0.619984
vt 0.047057 0.623351
vt 0.058949 0.633861
vt 0.064804 0.631916
vt 0.063122 0.637115
vt 0.069690 0.635548
vt 0.067394 0.640239
vt 0.074705 0.639000
vt 0.071760 0.643229
vt 0.076215 0.646084
vt 0.073592 0.650321
vt 0.078265 0.653116
vt 0.010794 0.259741
vt 0.010794 0.255068
vt 0.016424 0.257473
vt 0.016424 0.252586
vt 0.022203 0.254776
vt 0.016424 0.247618
vt 0.021325 0.248236
vt 0.018443 0.242874
vt 0.016424 0.242573
vt 0.015759 0.237409
vt 0.010794 0.240563
vt 0.010794 0.235582
vt 0.005317 0.238480
vt 0.005317 0.233639
vt 0.099694 0.658230
vt 0.094853 0.656092
vt 0.101483 0.653391
vt 0.104598 0.660217
vt 0.107128 0.655669
vt 0.109562 0.662052
vt 0.112853 0.657740
vt 0.114579 0.663734
vt 0.118650 0.659600
vt 0.119646 0.665260
vt 0.124511 0.661247
vt 0.005317 0.213687
vt -0.000000 0.208822
vt 0.005419 0.208822
vt -0.000000 0.202905
vt 0.124511 0.666667
vt 0.130428 0.662679
vt 0.130428 0.666667
vt 0.136394 0.663894
vt 0.003987 0.202905
vt -0.000000 0.196939
vt 0.002772 0.196939
vt -0.000000 0.190934
vt 0.136394 0.666667
vt 0.142400 0.664891
vt 0.142400 0.666667
vt 0.148438 0.665667
vt 0.001776 0.190934
vt -0.000000 0.184895
vt 0.001000 0.184895
vt -0.000000 0.178833
vt 0.000445 0.178833
vt -0.000000 0.172754
vt 0.000111 0.172754
vt -0.000000 0.166667
vt 0.079843 0.642265
vt 0.080757 0.648800
vt 0.083022 0.655765
vt 0.010794 0.250311
vt 0.085097 0.645342
vt 0.085380 0.651375
vt 0.087859 0.658267
vt 0.010794 0.245474
vt 0.090460 0.648224
vt 0.090080 0.653807
vt 0.092770 0.660619
vt 0.095924 0.650908
vt 0.007067 0.214683
vt 0.005317 0.218754
vt 0.008927 0.220480
vt 0.005317 0.223772
vt 0.010997 0.226205
vt 0.005317 0.228735
vt 0.010794 0.230535
vt 0.013276 0.231851
vt 0.024401 0.253490
vt 0.027667 0.258628
vt 0.022203 0.259787
vt 0.028124 0.262010
vt 0.022203 0.264710
vt 0.028124 0.267051
vt 0.022203 0.269540
vt 0.028124 0.271996
vt 0.022203 0.274272
vt 0.028124 0.276841
vt 0.022203 0.278902
vt 0.028124 0.281581
vt 0.022203 0.283426
vt 0.028124 0.286213
vt 0.022203 0.287839
vt 0.031118 0.263643
vt 0.034182 0.269292
vt 0.034751 0.268529
vt 0.038559 0.273279
vt 0.042538 0.277886
vt 0.040371 0.276593
vt 0.034182 0.274347
vt 0.040371 0.281649
vt 0.046683 0.282346
vt 0.046684 0.283885
vt 0.050988 0.286651
vt 0.046684 0.288928
vt 0.053116 0.291139
vt 0.046684 0.293856
vt 0.053116 0.296156
vt 0.055447 0.290795
vt 0.060054 0.294775
vt 0.059660 0.298328
vt 0.064804 0.298583
vt 0.066310 0.300371
vt 0.069690 0.302215
vt 0.074705 0.305666
vt 0.079843 0.308932
vt 0.043588 0.626929
vt 0.039738 0.623078
vt 0.036008 0.619111
vt 0.032402 0.615031
vt 0.028923 0.610842
vt 0.025575 0.606548
vt 0.040241 0.630381
vt 0.036285 0.626426
vt 0.032454 0.622351
vt 0.028750 0.618160
vt 0.025176 0.613857
vt 0.037018 0.633705
vt 0.033923 0.636897
vt 0.028124 0.299410
vt 0.034182 0.302374
vt 0.040371 0.305204
vt 0.032962 0.629649
vt 0.029033 0.625470
vt 0.025234 0.621172
vt 0.029770 0.632744
vt 0.025747 0.628465
vt 0.021858 0.624065
vt 0.022203 0.712161
vt 0.028124 0.303563
vt 0.034182 0.306620
vt 0.028124 0.700590
vt 0.034182 0.697626
vt 0.028124 0.704868
vt 0.079899 0.319225
vt 0.079899 0.323997
vt 0.079899 0.680775
vt 0.086825 0.321047
vt 0.086825 0.674124
vt 0.086825 0.678953
vt 0.093831 0.672402
vt 0.086825 0.325876
vt 0.093831 0.327598
vt 0.055825 0.637744
vt 0.060119 0.641092
vt 0.064515 0.644306
vt 0.069007 0.647383
vt 0.049908 0.645097
vt 0.052810 0.641490
vt 0.057221 0.644929
vt 0.061736 0.648231
vt 0.066351 0.651392
vt 0.071060 0.654409
vt 0.016424 0.262273
vt 0.034182 0.288882
vt 0.034182 0.284147
vt 0.034182 0.279301
vt 0.040371 0.291431
vt 0.040371 0.286597
vt 0.054431 0.648624
vt 0.016424 0.276112
vt 0.016424 0.271597
vt 0.016424 0.266983
vt 0.333333 0.160580
vt 0.332889 0.154501
vt 0.333333 0.154501
vt 0.332333 0.148438
vt 0.333333 0.148438
vt 0.331557 0.142400
vt 0.333333 0.142400
vt 0.330561 0.136394
vt 0.333333 0.136394
vt 0.329346 0.130428
vt 0.333333 0.130428
vt 0.327914 0.124511
vt 0.333333 0.124511
vt 0.328016 0.119646
vt 0.542156 0.005419
vt 0.547021 0.001406
vt 0.548016 0.007067
vt 0.552088 0.002933
vt 0.553813 0.008927
vt 0.557105 0.004614
vt 0.559538 0.010997
vt 0.562068 0.006450
vt 0.565184 0.013276
vt 0.566973 0.008437
vt 0.571814 0.010575
vt 0.328016 0.094853
vt 0.328016 0.099694
vt 0.322539 0.097751
vt 0.322539 0.092770
vt 0.317575 0.095924
vt 0.316909 0.090760
vt 0.314890 0.090460
vt 0.316909 0.085715
vt 0.312008 0.085097
vt 0.311130 0.078557
vt 0.308932 0.079843
vt 0.305666 0.074705
vt 0.326267 0.118650
vt 0.328016 0.114579
vt 0.324407 0.112853
vt 0.328016 0.109562
vt 0.322336 0.107128
vt 0.328016 0.104598
vt 0.322539 0.102798
vt 0.320058 0.101483
vt 0.302215 0.069690
vt 0.305209 0.071323
vt 0.311130 0.073546
vt 0.316909 0.075861
vt 0.316909 0.080747
vt 0.322539 0.078265
vt 0.322539 0.083022
vt 0.583644 0.010901
vt 0.588401 0.013551
vt 0.585910 0.017867
vt 0.581287 0.015292
vt 0.581570 0.021325
vt 0.576207 0.018443
vt 0.298583 0.064804
vt 0.299151 0.064041
vt 0.305209 0.066283
vt 0.311130 0.068623
vt 0.316909 0.071060
vt 0.322539 0.073592
vt 0.593075 0.016346
vt 0.590451 0.020583
vt 0.586823 0.024401
vt 0.294775 0.060055
vt 0.299151 0.058986
vt 0.305209 0.061338
vt 0.305209 0.056493
vt 0.311130 0.059061
vt 0.311130 0.054431
vt 0.316909 0.057221
vt 0.609446 0.021737
vt 0.612235 0.018043
vt 0.613857 0.025177
vt 0.610842 0.028923
vt 0.615031 0.032402
vt 0.611789 0.036186
vt 0.615754 0.039690
vt 0.611220 0.042538
vt 0.615679 0.046683
vt 0.619609 0.043315
vt 0.623351 0.047057
vt 0.623078 0.039738
vt 0.626929 0.043588
vt 0.626426 0.036285
vt 0.630381 0.040241
vt 0.629649 0.032962
vt 0.633705 0.037018
vt 0.632744 0.029770
vt 0.636897 0.033923
vt 0.305209 0.029770
vt 0.305209 0.033923
vt 0.299151 0.030959
vt 0.299151 0.026714
vt 0.292962 0.028129
vt 0.292962 0.023795
vt 0.286649 0.025436
vt 0.286649 0.021018
vt 0.280217 0.022882
vt 0.280217 0.018384
vt 0.273673 0.020470
vt 0.273673 0.015896
vt 0.267024 0.018202
vt 0.267024 0.013558
vt 0.260275 0.016081
vt 0.260275 0.011370
vt 0.253434 0.014109
vt 0.253434 0.009336
vt 0.246508 0.012287
vt 0.246508 0.007457
vt 0.239503 0.010617
vt 0.239503 0.005735
vt 0.232425 0.009101
vt 0.232425 0.004172
vt 0.225283 0.007741
vt 0.225283 0.002769
vt 0.218084 0.006538
vt 0.558617 0.658925
vt 0.551417 0.665138
vt 0.551417 0.660129
vt 0.544166 0.666216
vt 0.218084 0.001528
vt 0.210833 0.005493
vt 0.210833 0.000450
vt 0.208822 0.005419
vt 0.208822 0.000000
vt 0.202905 0.003987
vt 0.202905 0.000000
vt 0.196939 0.002772
vt 0.196939 0.000000
vt 0.190934 0.001776
vt 0.190934 0.000000
vt 0.184895 0.001000
vt 0.184895 0.000000
vt 0.178833 0.000445
vt 0.178833 0.000000
vt 0.172754 0.000111
vt 0.172754 0.000000
vt 0.166667 0.000000
vt 0.292962 0.056741
vt 0.290795 0.055447
vt 0.292962 0.051684
vt 0.286651 0.050988
vt 0.286649 0.049449
vt 0.282346 0.046683
vt 0.286649 0.044405
vt 0.280217 0.042194
vt 0.286649 0.039477
vt 0.280217 0.037177
vt 0.286649 0.034670
vt 0.280217 0.032283
vt 0.286649 0.029988
vt 0.280217 0.027517
vt 0.277886 0.042538
vt 0.273279 0.038559
vt 0.273673 0.035005
vt 0.273673 0.030029
vt 0.273673 0.025182
vt 0.268529 0.034751
vt 0.267024 0.032963
vt 0.267024 0.027909
vt 0.267024 0.022988
vt 0.263643 0.031118
vt 0.260275 0.025927
vt 0.258628 0.027667
vt 0.253490 0.024401
vt 0.253434 0.024083
vt 0.248236 0.021325
vt 0.253434 0.019026
vt 0.246508 0.017263
vt 0.242874 0.018443
vt 0.239503 0.015647
vt 0.237409 0.015759
vt 0.231851 0.013276
vt 0.226205 0.010997
vt 0.220480 0.008927
vt 0.214683 0.007067
vt 0.548016 0.666667
vt 0.542156 0.661247
vt 0.548016 0.659600
vt 0.544166 0.661174
vt 0.214683 0.000000
vt 0.553813 0.657740
vt 0.559538 0.655669
vt 0.565759 0.657565
vt 0.565184 0.653391
vt 0.570743 0.650908
vt 0.572836 0.656050
vt 0.572836 0.651020
vt 0.579841 0.649404
vt 0.576207 0.648224
vt 0.581570 0.645342
vt 0.586823 0.642265
vt 0.586768 0.642583
vt 0.586768 0.647641
vt 0.579841 0.654380
vt 0.591961 0.639000
vt 0.593609 0.640740
vt 0.593609 0.645732
vt 0.586768 0.652558
vt 0.593609 0.650585
vt 0.596976 0.635548
vt 0.600357 0.638757
vt 0.600357 0.643679
vt 0.600357 0.648464
vt 0.600357 0.633704
vt 0.601862 0.631916
vt 0.607007 0.631662
vt 0.606612 0.628108
vt 0.613550 0.629490
vt 0.613550 0.624473
vt 0.619982 0.622262
vt 0.615679 0.619984
vt 0.619982 0.617218
vt 0.619984 0.615679
vt 0.626296 0.614983
vt 0.624129 0.611220
vt 0.626296 0.609926
vt 0.628108 0.606612
vt 0.632484 0.607681
vt 0.632484 0.602625
vt 0.638542 0.600384
vt 0.635548 0.596976
vt 0.638542 0.595344
vt 0.639000 0.591961
vt 0.644464 0.593121
vt 0.644464 0.588110
vt 0.650242 0.585919
vt 0.650242 0.580951
vt 0.655873 0.578808
vt 0.655873 0.573897
vt 0.658267 0.087859
vt 0.660619 0.092770
vt 0.656092 0.094853
vt 0.661349 0.571814
vt 0.661349 0.566973
vt 0.658230 0.099694
vt 0.653391 0.101483
vt 0.660217 0.104598
vt 0.655669 0.107128
vt 0.662052 0.109562
vt 0.657740 0.112853
vt 0.663734 0.114579
vt 0.659600 0.118650
vt 0.665260 0.119646
vt 0.661247 0.124511
vt 0.666667 0.542156
vt 0.661349 0.547021
vt 0.661247 0.542156
vt 0.666667 0.536238
vt 0.662679 0.536238
vt 0.666667 0.530273
vt 0.663894 0.530273
vt 0.666667 0.524267
vt 0.664891 0.524267
vt 0.666667 0.518229
vt 0.665667 0.518229
vt 0.666667 0.512166
vt 0.666222 0.512166
vt 0.666667 0.506087
vt 0.666555 0.506087
vt 0.666667 0.500000
vt 0.611220 0.624129
vt 0.631916 0.601862
vt 0.642265 0.586823
vt 0.645342 0.581570
vt 0.648224 0.576207
vt 0.650242 0.575906
vt 0.650908 0.570743
vt 0.655873 0.568915
vt 0.661349 0.562068
vt 0.653391 0.565184
vt 0.655873 0.563869
vt 0.655669 0.559538
vt 0.661349 0.557105
vt 0.657740 0.553813
vt 0.661349 0.552088
vt 0.659600 0.548016
vt 0.650908 0.095924
vt 0.653807 0.090080
vt 0.655765 0.083022
vt 0.655873 0.583644
vt 0.650242 0.590806
vt 0.644464 0.598043
vt 0.638542 0.605329
vt 0.632484 0.612634
vt 0.626296 0.619930
vt 0.619982 0.627190
vt 0.613550 0.634384
vt 0.607007 0.636638
vt 0.607007 0.641484
vt 0.648224 0.090460
vt 0.651375 0.085380
vt 0.653116 0.078265
vt 0.655873 0.588401
vt 0.650242 0.595606
vt 0.644464 0.602873
vt 0.638542 0.610174
vt 0.632484 0.617480
vt 0.626296 0.624764
vt 0.619982 0.631997
vt 0.613550 0.639150
vt 0.607007 0.646197
vt 0.645342 0.085097
vt 0.648800 0.080757
vt 0.650321 0.073592
vt 0.655873 0.593075
vt 0.654409 0.071060
vt 0.651392 0.066351
vt 0.650242 0.600316
vt 0.644464 0.607605
vt 0.638542 0.614915
vt 0.632484 0.622216
vt 0.626296 0.629480
vt 0.619982 0.636679
vt 0.613550 0.643785
vt 0.642265 0.079843
vt 0.646084 0.076215
vt 0.647383 0.069007
vt 0.648231 0.061736
vt 0.650242 0.604930
vt 0.644464 0.612235
vt 0.638542 0.619546
vt 0.632484 0.626835
vt 0.626296 0.634072
vt 0.619982 0.641231
vt 0.639000 0.074705
vt 0.643229 0.071760
vt 0.644306 0.064515
vt 0.644929 0.057221
vt 0.650242 0.609446
vt 0.648624 0.054431
vt 0.645097 0.049908
vt 0.644464 0.616759
vt 0.638542 0.624065
vt 0.632484 0.631333
vt 0.626296 0.638538
vt 0.640239 0.067394
vt 0.635548 0.069690
vt 0.637115 0.063122
vt 0.631916 0.064804
vt 0.633861 0.058949
vt 0.628108 0.060054
vt 0.630481 0.054878
vt 0.624129 0.055447
vt 0.626976 0.050913
vt 0.619984 0.050988
vt 0.606612 0.038559
vt 0.607718 0.032805
vt 0.606548 0.025575
vt 0.604930 0.018436
vt 0.316909 0.061736
vt 0.311130 0.063793
vt 0.601862 0.034751
vt 0.603544 0.029552
vt 0.602152 0.022361
vt 0.600316 0.015275
vt 0.316909 0.066351
vt 0.596976 0.031118
vt 0.599273 0.026428
vt 0.597660 0.019283
vt 0.595606 0.012257
vt 0.591961 0.027667
vt 0.594907 0.023437
vt 0.576587 0.012860
vt 0.570743 0.015759
vt 0.573897 0.006047
vt 0.322539 0.087859
vt 0.578808 0.008399
vt 0.299151 0.054033
vt 0.299151 0.049186
vt 0.292962 0.046736
vt 0.299151 0.044451
vt 0.292962 0.041903
vt 0.299151 0.039832
vt 0.292962 0.037187
vt 0.299151 0.035333
vt 0.292962 0.032595
vt 0.305209 0.051752
vt 0.311130 0.049908
vt 0.616759 0.021570
vt 0.618160 0.028750
vt 0.619111 0.036008
vt 0.305209 0.047120
vt 0.305209 0.042602
vt 0.305209 0.038202
vt 0.311130 0.045495
vt 0.621172 0.025234
vt 0.622351 0.032454
vt 0.260275 0.020935
vt 0.624065 0.021858
vt 0.625470 0.029033
vt 0.628465 0.025747
vt 0.632484 0.635708
vt 0.638542 0.628465
vt 0.638542 0.632744
vt 0.640920 0.038202
vt 0.637634 0.041197
vt 0.634213 0.044316
vt 0.630659 0.047555
vt 0.644809 0.042602
vt 0.641433 0.045495
vt 0.637917 0.048507
vt 0.634265 0.051635
vt 0.644464 0.621172
vt 0.641490 0.052810
vt 0.637744 0.055825
vt 0.641092 0.060119
vt 0.333333 0.166667
vt 0.333445 0.172754
vt 0.333333 0.172754
vt 0.333333 0.178833
vt 0.333778 0.178833
vt 0.333333 0.184895
vt 0.334333 0.184895
vt 0.333333 0.190934
vt 0.335109 0.190934
vt 0.333333 0.196939
vt 0.336106 0.196939
vt 0.333333 0.202905
vt 0.337321 0.202905
vt 0.333333 0.208822
vt 0.338753 0.208822
vt 0.334740 0.213687
vt 0.340400 0.214683
vt 0.336266 0.218754
vt 0.342260 0.220480
vt 0.337948 0.223772
vt 0.344331 0.226205
vt 0.339783 0.228735
vt 0.346609 0.231851
vt 0.341770 0.233639
vt 0.343908 0.238480
vt 0.328016 0.900306
vt 0.328016 0.905147
vt 0.322539 0.907230
vt 0.339381 0.240563
vt 0.341733 0.245474
vt 0.322539 0.912141
vt 0.316909 0.914285
vt 0.316909 0.919253
vt 0.311130 0.921443
vt 0.311130 0.926454
vt 0.305666 0.925295
vt 0.305209 0.928677
vt 0.302215 0.930310
vt 0.305209 0.933717
vt 0.299151 0.935959
vt 0.299151 0.941014
vt 0.294774 0.939946
vt 0.292962 0.943260
vt 0.290795 0.944553
vt 0.292962 0.948316
vt 0.286651 0.949012
vt 0.286649 0.950551
vt 0.282346 0.953317
vt 0.286649 0.955595
vt 0.280217 0.957806
vt 0.280217 0.962823
vt 0.273279 0.961441
vt 0.273673 0.964995
vt 0.268529 0.965249
vt 0.267024 0.967037
vt 0.263643 0.968882
vt 0.267024 0.972091
vt 0.260275 0.974073
vt 0.260275 0.979065
vt 0.253434 0.980974
vt 0.253434 0.985891
vt 0.246508 0.987713
vt 0.579841 0.674124
vt 0.586768 0.676003
vt 0.579841 0.678953
vt 0.572836 0.677284
vt 0.572836 0.682314
vt 0.570743 0.682425
vt 0.576207 0.685110
vt 0.579841 0.683929
vt 0.581570 0.687992
vt 0.586768 0.685693
vt 0.586768 0.690750
vt 0.593609 0.687602
vt 0.593609 0.692594
vt 0.600357 0.689654
vt 0.600357 0.694576
vt 0.607006 0.691849
vt 0.607006 0.696696
vt 0.613550 0.694183
vt 0.613550 0.698950
vt 0.619982 0.696655
vt 0.619982 0.701337
vt 0.626296 0.699261
vt 0.626296 0.703854
vt 0.632484 0.702000
vt 0.632484 0.706499
vt 0.638542 0.704868
vt 0.638542 0.709269
vt 0.375935 0.311475
vt 0.371535 0.307586
vt 0.374530 0.304301
vt 0.378828 0.308099
vt 0.377649 0.300879
vt 0.381840 0.304583
vt 0.380889 0.297326
vt 0.384969 0.300932
vt 0.384246 0.293643
vt 0.388211 0.297147
vt 0.388780 0.290795
vt 0.393388 0.294775
vt 0.349092 0.237409
vt 0.346193 0.243253
vt 0.344234 0.250311
vt 0.322539 0.916978
vt 0.316909 0.924139
vt 0.311130 0.931377
vt 0.305209 0.938662
vt 0.299151 0.945967
vt 0.292962 0.953264
vt 0.286649 0.960523
vt 0.280217 0.967717
vt 0.273673 0.969971
vt 0.273673 0.974818
vt 0.267024 0.977012
vt 0.267024 0.981798
vt 0.260275 0.983919
vt 0.593609 0.678037
vt 0.600357 0.680224
vt 0.593609 0.682748
vt 0.586768 0.680775
vt 0.351776 0.242874
vt 0.348625 0.247953
vt 0.346884 0.255068
vt 0.322539 0.921735
vt 0.316909 0.928940
vt 0.311130 0.936207
vt 0.305209 0.943507
vt 0.299151 0.950814
vt 0.292962 0.958097
vt 0.286649 0.965330
vt 0.280217 0.972484
vt 0.273673 0.979530
vt 0.607006 0.682563
vt 0.600357 0.684869
vt 0.354658 0.248236
vt 0.351200 0.252576
vt 0.349679 0.259741
vt 0.322539 0.926408
vt 0.345591 0.262273
vt 0.348608 0.266983
vt 0.316909 0.933649
vt 0.311130 0.940939
vt 0.305209 0.948248
vt 0.299151 0.955549
vt 0.292962 0.962813
vt 0.286649 0.970012
vt 0.280217 0.977118
vt 0.613550 0.685051
vt 0.607006 0.687137
vt 0.357734 0.253490
vt 0.353916 0.257118
vt 0.352617 0.264326
vt 0.351769 0.271597
vt 0.316909 0.938264
vt 0.311130 0.945569
vt 0.305209 0.952880
vt 0.299151 0.960168
vt 0.292962 0.967406
vt 0.286649 0.974564
vt 0.619982 0.687684
vt 0.613550 0.689549
vt 0.361000 0.258628
vt 0.356771 0.261574
vt 0.355694 0.268819
vt 0.355071 0.276112
vt 0.316909 0.942779
vt 0.351376 0.278902
vt 0.354903 0.283426
vt 0.311130 0.950092
vt 0.305209 0.957398
vt 0.299151 0.964667
vt 0.292962 0.971871
vt 0.626296 0.690462
vt 0.619982 0.692103
vt 0.359761 0.265940
vt 0.364452 0.263643
vt 0.362885 0.270211
vt 0.368084 0.268529
vt 0.366139 0.274384
vt 0.371892 0.273279
vt 0.369519 0.278456
vt 0.375871 0.277886
vt 0.373024 0.282421
vt 0.380016 0.282346
vt 0.376649 0.286276
vt 0.384321 0.286651
vt 0.380391 0.290018
vt 0.392282 0.300528
vt 0.398138 0.298583
vt 0.396456 0.303782
vt 0.403023 0.302215
vt 0.400727 0.306905
vt 0.408039 0.305666
vt 0.405093 0.309896
vt 0.409549 0.312751
vt 0.406925 0.316987
vt 0.411599 0.319782
vt 0.655873 0.740259
vt 0.655873 0.744932
vt 0.650242 0.742528
vt 0.650242 0.747414
vt 0.644463 0.745224
vt 0.650242 0.752382
vt 0.645342 0.751764
vt 0.648224 0.757126
vt 0.650242 0.757427
vt 0.650908 0.762591
vt 0.655873 0.759437
vt 0.655873 0.764418
vt 0.661349 0.761520
vt 0.661349 0.766361
vt 0.433027 0.324896
vt 0.428186 0.322759
vt 0.434816 0.320058
vt 0.437932 0.326884
vt 0.440461 0.322336
vt 0.442895 0.328719
vt 0.446187 0.324407
vt 0.447912 0.330401
vt 0.451983 0.326267
vt 0.452979 0.331927
vt 0.457844 0.327914
vt 0.457844 0.333333
vt 0.463762 0.329346
vt 0.463762 0.333333
vt 0.469727 0.330561
vt 0.662679 0.797095
vt 0.666667 0.803061
vt 0.663894 0.803061
vt 0.666667 0.809067
vt 0.469727 0.333333
vt 0.475733 0.331557
vt 0.475733 0.333333
vt 0.481771 0.332334
vt 0.481771 0.333333
vt 0.487834 0.332889
vt 0.487834 0.333333
vt 0.493913 0.333222
vt 0.413177 0.308932
vt 0.414090 0.315467
vt 0.416356 0.322432
vt 0.655873 0.749689
vt 0.418430 0.312008
vt 0.418713 0.318042
vt 0.421192 0.324934
vt 0.655873 0.754526
vt 0.423793 0.314890
vt 0.423413 0.320473
vt 0.426103 0.327286
vt 0.429257 0.317575
vt 0.661247 0.791178
vt 0.659600 0.785317
vt 0.661349 0.786313
vt 0.661349 0.781246
vt 0.657740 0.779520
vt 0.661349 0.776228
vt 0.655669 0.773795
vt 0.661349 0.771265
vt 0.655873 0.769465
vt 0.653391 0.768149
vt 0.642265 0.746510
vt 0.639000 0.741372
vt 0.644463 0.740213
vt 0.638542 0.737990
vt 0.644463 0.735290
vt 0.638542 0.732950
vt 0.644463 0.730460
vt 0.638542 0.728005
vt 0.644463 0.725728
vt 0.638542 0.723159
vt 0.644463 0.721098
vt 0.638542 0.718419
vt 0.644463 0.716574
vt 0.638542 0.713787
vt 0.644463 0.712161
vt 0.635548 0.736357
vt 0.632484 0.730708
vt 0.631916 0.731471
vt 0.628108 0.726721
vt 0.624129 0.722114
vt 0.626296 0.723407
vt 0.632484 0.725653
vt 0.626296 0.718351
vt 0.619984 0.717654
vt 0.619982 0.716115
vt 0.615679 0.713350
vt 0.619982 0.711072
vt 0.613550 0.708861
vt 0.619982 0.706144
vt 0.613550 0.703844
vt 0.611220 0.709205
vt 0.606612 0.705226
vt 0.607006 0.701672
vt 0.601862 0.701417
vt 0.600357 0.699629
vt 0.596976 0.697785
vt 0.591961 0.694334
vt 0.586823 0.691068
vt 0.565184 0.679942
vt 0.565759 0.675768
vt 0.572836 0.672402
vt 0.239503 0.989383
vt 0.232425 0.995828
vt 0.232425 0.990899
vt 0.237409 0.984241
vt 0.231851 0.986724
vt 0.226205 0.989003
vt 0.225283 0.992259
vt 0.220480 0.991073
vt 0.218083 0.993462
vt 0.214683 0.992934
vt 0.667678 0.038434
vt 0.666667 0.042022
vt 0.666667 0.034692
vt 0.210833 0.994507
vt 0.208822 0.994581
vt 0.542156 0.666667
vt 0.544166 0.667117
vt 0.542156 0.672086
vt 0.536238 0.670654
vt 0.559538 0.677664
vt 0.558617 0.674408
vt 0.225283 0.997231
vt 0.553813 0.675593
vt 0.551417 0.673205
vt 0.218083 0.998472
vt 0.548016 0.673733
vt 0.214683 1.000000
vt 0.210833 0.999550
vt 0.544166 0.672159
vt 0.208822 1.000000
vt 0.536238 0.666667
vt 0.530273 0.669439
vt 0.530273 0.666667
vt 0.524267 0.668443
vt 0.524267 0.666667
vt 0.518228 0.667667
vt 0.518228 0.666667
vt 0.512166 0.667111
vt 0.512166 0.666667
vt 0.506087 0.666778
vt 0.506087 0.666667
vt 0.500000 0.666667
vt 0.239503 0.984353
vt 0.242874 0.981557
vt 0.246508 0.982737
vt 0.248236 0.978675
vt 0.253434 0.975917
vt 0.258628 0.972333
vt 0.253490 0.975599
vt 0.277886 0.957462
vt 0.298583 0.935196
vt 0.308932 0.920157
vt 0.312008 0.914903
vt 0.314890 0.909540
vt 0.316909 0.909240
vt 0.317575 0.904076
vt 0.322539 0.902249
vt 0.328016 0.895402
vt 0.320058 0.898517
vt 0.322539 0.897202
vt 0.322336 0.892872
vt 0.328016 0.890438
vt 0.324407 0.887147
vt 0.328016 0.885421
vt 0.326267 0.881350
vt 0.328016 0.880354
vt 0.327914 0.875489
vt 0.358908 0.273214
vt 0.358510 0.280523
vt 0.358567 0.287839
vt 0.311130 0.954505
vt 0.355191 0.290731
vt 0.359080 0.295132
vt 0.305209 0.961798
vt 0.299151 0.969041
vt 0.632484 0.693380
vt 0.626296 0.694796
vt 0.362256 0.277509
vt 0.365735 0.281698
vt 0.369341 0.285778
vt 0.373071 0.289745
vt 0.376921 0.293596
vt 0.362083 0.284827
vt 0.362366 0.292137
vt 0.363103 0.299410
vt 0.305209 0.966077
vt 0.638542 0.696437
vt 0.632484 0.697626
vt 0.365787 0.289018
vt 0.369619 0.293093
vt 0.373574 0.297048
vt 0.366295 0.296316
vt 0.367256 0.303563
vt 0.638542 0.700590
vt 0.370351 0.300372
vt 0.389158 0.304410
vt 0.393452 0.307758
vt 0.397848 0.310973
vt 0.402340 0.314050
vt 0.383241 0.311764
vt 0.386143 0.308157
vt 0.390554 0.311596
vt 0.395069 0.314898
vt 0.399684 0.318059
vt 0.404394 0.321076
vt 0.650242 0.737727
vt 0.632484 0.711118
vt 0.632484 0.715853
vt 0.632484 0.720699
vt 0.626296 0.708569
vt 0.626296 0.713403
vt 0.387764 0.315290
vt 0.650242 0.723888
vt 0.650242 0.728403
vt 0.650242 0.733017
vt 0.493913 0.666778
vt 0.493913 0.666667
vt 0.487834 0.667111
vt 0.487834 0.666667
vt 0.481771 0.667667
vt 0.481771 0.666667
vt 0.475733 0.668443
vt 0.475733 0.666667
vt 0.469727 0.669439
vt 0.469727 0.666667
vt 0.463762 0.666667
vt 0.463762 0.670654
vt 0.457844 0.672086
vt 0.451983 0.673733
vt 0.455834 0.672159
vt 0.124511 1.000000
vt 0.122500 0.999550
vt 0.122500 0.994507
vt 0.455834 0.667117
vt 0.457844 0.666667
vt 0.124511 0.994581
vt 0.118650 0.992933
vt 0.667678 0.023619
vt 0.666667 0.027362
vt 0.666667 0.020031
vt 0.115250 0.993462
vt 0.112853 0.991073
vt 0.108050 0.992259
vt 0.107128 0.989003
vt 0.100908 0.990899
vt 0.101483 0.986724
vt 0.093831 0.989383
vt 0.095924 0.984241
vt 0.093831 0.984353
vt 0.090460 0.981557
vt 0.086825 0.982737
vt 0.085097 0.978675
vt 0.079899 0.980974
vt 0.079899 0.975917
vt 0.073058 0.979065
vt 0.073058 0.974073
vt 0.066309 0.977012
vt 0.066309 0.972091
vt 0.059660 0.974818
vt 0.059660 0.969971
vt 0.053116 0.972484
vt 0.053116 0.967717
vt 0.046684 0.970012
vt 0.046684 0.965330
vt 0.040371 0.967405
vt 0.040371 0.962813
vt 0.034182 0.964667
vt 0.034182 0.960168
vt 0.028124 0.961798
vt 0.028124 0.957398
vt 0.021858 0.375935
vt 0.025747 0.371535
vt 0.029033 0.374530
vt 0.025234 0.378828
vt 0.032454 0.377649
vt 0.028750 0.381840
vt 0.036008 0.380889
vt 0.032402 0.384969
vt 0.039690 0.384246
vt 0.036186 0.388211
vt 0.042538 0.388780
vt 0.038559 0.393388
vt 0.118650 1.000000
vt 0.115250 0.998472
vt 0.448583 0.673205
vt 0.446187 0.675593
vt 0.441383 0.674408
vt 0.440461 0.677664
vt 0.434241 0.675768
vt 0.434816 0.679942
vt 0.429257 0.682425
vt 0.423793 0.685110
vt 0.427164 0.682314
vt 0.427164 0.677284
vt 0.100908 0.995828
vt 0.093831 0.994265
vt 0.420159 0.683929
vt 0.418430 0.687992
vt 0.413232 0.685693
vt 0.413232 0.690750
vt 0.406391 0.692594
vt 0.413177 0.691068
vt 0.408039 0.694334
vt 0.403023 0.697785
vt 0.399643 0.694576
vt 0.406391 0.687602
vt 0.399643 0.689654
vt 0.406391 0.682748
vt 0.399643 0.684869
vt 0.406391 0.678037
vt 0.399643 0.680224
vt 0.073058 0.983919
vt 0.066309 0.981798
vt 0.399643 0.699629
vt 0.398138 0.701417
vt 0.392993 0.701672
vt 0.393388 0.705226
vt 0.386450 0.703844
vt 0.386450 0.708861
vt 0.380018 0.711072
vt 0.384321 0.713349
vt 0.380018 0.716115
vt 0.380016 0.717654
vt 0.373704 0.718351
vt 0.375871 0.722114
vt 0.373704 0.723407
vt 0.371892 0.726721
vt 0.367516 0.725653
vt 0.367516 0.730708
vt 0.361458 0.732950
vt 0.364452 0.736357
vt 0.361458 0.737990
vt 0.361000 0.741372
vt 0.355536 0.740213
vt 0.355536 0.745224
vt 0.349758 0.747414
vt 0.349758 0.752382
vt 0.344127 0.754526
vt 0.344127 0.759437
vt 0.087859 0.341733
vt 0.092770 0.339381
vt 0.094853 0.343908
vt 0.338651 0.761520
vt 0.338651 0.766361
vt 0.099694 0.341770
vt 0.101483 0.346609
vt 0.104598 0.339783
vt 0.107128 0.344331
vt 0.109562 0.337948
vt 0.112853 0.342260
vt 0.114579 0.336266
vt 0.118650 0.340400
vt 0.119646 0.334740
vt 0.124511 0.338753
vt 0.333333 0.791178
vt 0.338651 0.786313
vt 0.338753 0.791178
vt 0.333333 0.797095
vt 0.130428 0.337321
vt 0.124511 0.333333
vt 0.130428 0.333333
vt 0.136394 0.336106
vt 0.333333 0.803061
vt 0.337321 0.797095
vt 0.336106 0.803061
vt 0.333333 0.809067
vt 0.142400 0.335109
vt 0.136394 0.333333
vt 0.142400 0.333333
vt 0.148438 0.334333
vt 0.333333 0.815105
vt 0.335109 0.809067
vt 0.334333 0.815105
vt 0.333333 0.821168
vt 0.333778 0.821168
vt 0.333333 0.827246
vt 0.333444 0.827246
vt 0.333333 0.833333
vt 0.388780 0.709205
vt 0.368084 0.731471
vt 0.357734 0.746510
vt 0.354658 0.751764
vt 0.351776 0.757126
vt 0.349758 0.757427
vt 0.349092 0.762591
vt 0.344127 0.764418
vt 0.338651 0.771265
vt 0.346609 0.768149
vt 0.344127 0.769465
vt 0.344331 0.773795
vt 0.338651 0.776228
vt 0.342260 0.779520
vt 0.338651 0.781246
vt 0.340400 0.785317
vt 0.095924 0.349092
vt 0.090080 0.346193
vt 0.083022 0.344234
vt 0.344127 0.749689
vt 0.349758 0.742528
vt 0.355536 0.735290
vt 0.361458 0.728005
vt 0.367516 0.720699
vt 0.373704 0.713403
vt 0.380018 0.706144
vt 0.386450 0.698950
vt 0.392993 0.696696
vt 0.392993 0.691849
vt 0.090460 0.351776
vt 0.085380 0.348625
vt 0.078265 0.346884
vt 0.344127 0.744932
vt 0.349758 0.737727
vt 0.355536 0.730460
vt 0.361458 0.723159
vt 0.367516 0.715853
vt 0.373704 0.708569
vt 0.380018 0.701337
vt 0.386450 0.694183
vt 0.392993 0.687137
vt 0.085097 0.354658
vt 0.080757 0.351200
vt 0.073592 0.349679
vt 0.344127 0.740259
vt 0.071060 0.345591
vt 0.066351 0.348608
vt 0.349758 0.733017
vt 0.355536 0.725728
vt 0.361458 0.718419
vt 0.367516 0.711118
vt 0.373704 0.703854
vt 0.380018 0.696655
vt 0.386450 0.689549
vt 0.392993 0.682563
vt 0.059660 0.979530
vt 0.079843 0.357734
vt 0.076215 0.353916
vt 0.069007 0.352617
vt 0.061736 0.351769
vt 0.349758 0.728403
vt 0.355536 0.721098
vt 0.361458 0.713787
vt 0.367516 0.706499
vt 0.373704 0.699261
vt 0.380018 0.692103
vt 0.386450 0.685050
vt 0.053116 0.977118
vt 0.074705 0.361000
vt 0.071760 0.356771
vt 0.064515 0.355694
vt 0.057221 0.355071
vt 0.349758 0.723888
vt 0.054431 0.351376
vt 0.049908 0.354903
vt 0.355536 0.716574
vt 0.361458 0.709269
vt 0.367516 0.702000
vt 0.373704 0.694796
vt 0.380018 0.687684
vt 0.046684 0.974564
vt 0.067394 0.359761
vt 0.069690 0.364452
vt 0.063122 0.362885
vt 0.064804 0.368084
vt 0.058949 0.366139
vt 0.060055 0.371892
vt 0.054878 0.369519
vt 0.055447 0.375871
vt 0.050913 0.373024
vt 0.050988 0.380016
vt 0.047057 0.376649
vt 0.046683 0.384321
vt 0.043315 0.380391
vt 0.032805 0.392282
vt 0.034751 0.398138
vt 0.029552 0.396456
vt 0.031118 0.403024
vt 0.026428 0.400727
vt 0.027667 0.408039
vt 0.023437 0.405093
vt 0.020583 0.409549
vt 0.016346 0.406925
vt 0.013551 0.411599
vt 0.010794 0.926408
vt 0.010794 0.921735
vt 0.016424 0.924139
vt 0.016424 0.919253
vt 0.022203 0.921443
vt 0.016424 0.914285
vt 0.021325 0.914903
vt 0.018443 0.909540
vt 0.016424 0.909240
vt 0.015759 0.904076
vt 0.010794 0.907230
vt 0.010794 0.902249
vt 0.005317 0.905147
vt 0.005317 0.900306
vt 0.008437 0.433027
vt 0.010575 0.428186
vt 0.013276 0.434816
vt 0.006450 0.437932
vt 0.010997 0.440461
vt 0.004614 0.442895
vt 0.008927 0.446187
vt 0.002933 0.447912
vt 0.007067 0.451983
vt 0.001406 0.452979
vt 0.005419 0.457844
vt 0.000000 0.457844
vt 0.003987 0.463762
vt 0.000000 0.463762
vt 0.002772 0.469727
vt 0.003987 0.869572
vt -0.000000 0.863606
vt 0.002772 0.863606
vt -0.000000 0.857600
vt 0.000000 0.469727
vt 0.001776 0.475733
vt 0.000000 0.475733
vt 0.001000 0.481771
vt 0.000000 0.481771
vt 0.000445 0.487834
vt 0.001000 0.851562
vt -0.000000 0.845499
vt 0.000445 0.845499
vt -0.000000 0.839420
vt 0.000000 0.487834
vt 0.000111 0.493913
vt 0.000000 0.493913
vt 0.024401 0.413177
vt 0.017867 0.414090
vt 0.010901 0.416356
vt 0.010794 0.916978
vt 0.021325 0.418430
vt 0.015292 0.418713
vt 0.008399 0.421192
vt 0.010794 0.912141
vt 0.018443 0.423793
vt 0.012860 0.423413
vt 0.006047 0.426103
vt 0.015759 0.429257
vt 0.005419 0.875489
vt 0.007067 0.881350
vt 0.005317 0.880354
vt 0.005317 0.885421
vt 0.008927 0.887147
vt 0.005317 0.890438
vt 0.010997 0.892872
vt 0.005317 0.895402
vt 0.010794 0.897202
vt 0.013276 0.898517
vt 0.024401 0.920157
vt 0.027667 0.925295
vt 0.022203 0.926454
vt 0.028124 0.928677
vt 0.022203 0.931377
vt 0.028124 0.933717
vt 0.022203 0.936207
vt 0.028124 0.938662
vt 0.022203 0.940939
vt 0.028124 0.943507
vt 0.022203 0.945569
vt 0.028124 0.948248
vt 0.022203 0.950092
vt 0.028124 0.952880
vt 0.022203 0.954505
vt 0.031118 0.930310
vt 0.034182 0.935959
vt 0.034751 0.935196
vt 0.038559 0.939946
vt 0.042538 0.944553
vt 0.040371 0.943260
vt 0.034182 0.941014
vt 0.040371 0.948316
vt 0.046683 0.949012
vt 0.046684 0.950551
vt 0.050988 0.953317
vt 0.046684 0.955595
vt 0.053116 0.957806
vt 0.046684 0.960523
vt 0.053116 0.962823
vt 0.055447 0.957462
vt 0.060054 0.961441
vt 0.059660 0.964995
vt 0.064804 0.965249
vt 0.066309 0.967037
vt 0.069690 0.968882
vt 0.074705 0.972333
vt 0.079843 0.975599
vt 0.039738 0.376922
vt 0.043588 0.373071
vt 0.047555 0.369341
vt 0.051635 0.365735
vt 0.055825 0.362256
vt 0.060119 0.358908
vt 0.036285 0.373574
vt 0.040241 0.369619
vt 0.044316 0.365787
vt 0.048507 0.362083
vt 0.052810 0.358510
vt 0.032962 0.370351
vt 0.029770 0.367256
vt 0.028124 0.966077
vt 0.034182 0.969041
vt 0.040371 0.971871
vt 0.037018 0.366295
vt 0.041197 0.362366
vt 0.045495 0.358567
vt 0.033923 0.363103
vt 0.038202 0.359080
vt 0.042602 0.355191
vt 0.355536 0.712161
vt 0.361458 0.696437
vt 0.367516 0.693380
vt 0.361458 0.700590
vt 0.367516 0.697626
vt 0.361458 0.704868
vt 0.373704 0.690462
vt 0.413232 0.676003
vt 0.413232 0.680775
vt 0.420159 0.674124
vt 0.420159 0.678953
vt 0.079899 0.985891
vt 0.427164 0.672402
vt 0.086825 0.987713
vt 0.434241 0.670839
vt 0.108050 0.997231
vt 0.028923 0.389158
vt 0.025575 0.393452
vt 0.022361 0.397848
vt 0.019283 0.402340
vt 0.021570 0.383241
vt 0.025177 0.386143
vt 0.021737 0.390554
vt 0.018436 0.395069
vt 0.015275 0.399684
vt 0.012257 0.404394
vt 0.016424 0.928940
vt 0.034182 0.955549
vt 0.034182 0.950814
vt 0.034182 0.945967
vt 0.040371 0.958097
vt 0.040371 0.953264
vt 0.018043 0.387765
vt 0.016424 0.942779
vt 0.016424 0.938264
vt 0.016424 0.933649
vt -0.000000 0.160580
vt 0.000111 0.160580
vt 0.000445 0.154501
vt -0.000000 0.154501
vt 0.001000 0.148438
vt -0.000000 0.148438
vt 0.001776 0.142400
vt 0.190934 0.666667
vt 0.184895 0.665667
vt 0.190934 0.664891
vt 0.196939 0.666667
vt 0.002772 0.136394
vt -0.000000 0.142400
vt 0.000000 0.136394
vt 0.003987 0.130428
vt 0.202905 0.666667
vt 0.196939 0.663894
vt 0.202905 0.662679
vt 0.208822 0.666667
vt 0.005419 0.124511
vt 0.000000 0.130428
vt 0.000000 0.124511
vt 0.005317 0.119646
vt 0.213687 0.665260
vt 0.208822 0.661247
vt 0.214683 0.659600
vt 0.218754 0.663734
vt 0.220480 0.657740
vt 0.223772 0.662052
vt 0.226205 0.655669
vt 0.228735 0.660217
vt 0.231851 0.653391
vt 0.233639 0.658230
vt 0.238480 0.656092
vt 0.005317 0.099694
vt 0.005317 0.094853
vt 0.010794 0.092770
vt 0.240563 0.660619
vt 0.245474 0.658267
vt 0.010794 0.087859
vt 0.016424 0.085715
vt 0.016424 0.080747
vt 0.022203 0.078557
vt 0.022203 0.073546
vt 0.027667 0.074705
vt 0.028124 0.071323
vt 0.031118 0.069690
vt 0.028124 0.066283
vt 0.034182 0.064041
vt 0.034182 0.058986
vt 0.038559 0.060054
vt 0.040371 0.056741
vt 0.042538 0.055447
vt 0.040371 0.051684
vt 0.046683 0.050988
vt 0.046684 0.049449
vt 0.050988 0.046683
vt 0.046684 0.044405
vt 0.053116 0.042194
vt 0.053116 0.037177
vt 0.060054 0.038559
vt 0.059660 0.035005
vt 0.064804 0.034751
vt 0.066310 0.032963
vt 0.069690 0.031118
vt 0.066310 0.027909
vt 0.073058 0.025927
vt 0.073058 0.020935
vt 0.079899 0.019026
vt 0.079899 0.014109
vt 0.086825 0.012287
vt 0.086825 0.007457
vt 0.093831 0.005735
vt 0.427164 0.656050
vt 0.420159 0.654380
vt 0.427164 0.651020
vt 0.429257 0.650908
vt 0.423793 0.648224
vt 0.420159 0.649404
vt 0.418430 0.645342
vt 0.413232 0.647641
vt 0.413232 0.642583
vt 0.406391 0.645732
vt 0.406391 0.640740
vt 0.399643 0.643679
vt 0.399643 0.638757
vt 0.392993 0.641484
vt 0.392993 0.636638
vt 0.386450 0.639150
vt 0.386450 0.634383
vt 0.380018 0.636679
vt 0.380018 0.631997
vt 0.373704 0.634072
vt 0.373704 0.629480
vt 0.367516 0.631333
vt 0.367516 0.626835
vt 0.361458 0.628465
vt 0.361458 0.624065
vt 0.311475 0.624065
vt 0.307586 0.628465
vt 0.304301 0.625470
vt 0.308099 0.621172
vt 0.300879 0.622351
vt 0.304583 0.618160
vt 0.297326 0.619111
vt 0.300932 0.615031
vt 0.293643 0.615754
vt 0.297147 0.611789
vt 0.290795 0.611220
vt 0.294775 0.606612
vt 0.237409 0.650908
vt 0.243253 0.653807
vt 0.250311 0.655765
vt 0.010794 0.083022
vt 0.016424 0.075861
vt 0.022203 0.068623
vt 0.028124 0.061338
vt 0.034182 0.054033
vt 0.040371 0.046736
vt 0.046684 0.039477
vt 0.053116 0.032283
vt 0.059660 0.030029
vt 0.059660 0.025182
vt 0.066310 0.022988
vt 0.066310 0.018202
vt 0.073058 0.016081
vt 0.073058 0.011370
vt 0.079899 0.009336
vt 0.413232 0.652558
vt 0.406391 0.650585
vt 0.242874 0.648224
vt 0.247953 0.651375
vt 0.255068 0.653116
vt 0.010794 0.078265
vt 0.016424 0.071060
vt 0.022203 0.063793
vt 0.028124 0.056493
vt 0.034182 0.049186
vt 0.040371 0.041903
vt 0.046684 0.034670
vt 0.053116 0.027517
vt 0.059660 0.020470
vt 0.066310 0.013558
vt 0.399643 0.648464
vt 0.248236 0.645342
vt 0.252576 0.648800
vt 0.259741 0.650321
vt 0.010794 0.073592
vt 0.262273 0.654409
vt 0.266983 0.651392
vt 0.016424 0.066351
vt 0.022203 0.059061
vt 0.028124 0.051752
vt 0.034182 0.044451
vt 0.040371 0.037187
vt 0.046684 0.029988
vt 0.053116 0.022882
vt 0.059660 0.015896
vt 0.392993 0.646197
vt 0.253490 0.642265
vt 0.257118 0.646084
vt 0.264326 0.647383
vt 0.271597 0.648231
vt 0.016424 0.061736
vt 0.022203 0.054431
vt 0.028124 0.047120
vt 0.034182 0.039832
vt 0.040371 0.032594
vt 0.046684 0.025436
vt 0.053116 0.018384
vt 0.386450 0.643785
vt 0.258628 0.639000
vt 0.261574 0.643229
vt 0.268819 0.644306
vt 0.276112 0.644929
vt 0.016424 0.057221
vt 0.278902 0.648624
vt 0.283426 0.645097
vt 0.022203 0.049908
vt 0.028124 0.042602
vt 0.034182 0.035333
vt 0.040371 0.028129
vt 0.046684 0.021018
vt 0.380018 0.641231
vt 0.265940 0.640239
vt 0.263643 0.635548
vt 0.270211 0.637115
vt 0.268529 0.631916
vt 0.274384 0.633861
vt 0.273279 0.628108
vt 0.278456 0.630481
vt 0.277886 0.624129
vt 0.282421 0.626976
vt 0.282346 0.619984
vt 0.286276 0.623351
vt 0.286651 0.615679
vt 0.290018 0.619609
vt 0.300528 0.607718
vt 0.298583 0.601862
vt 0.303782 0.603544
vt 0.302215 0.596976
vt 0.306905 0.599273
vt 0.305666 0.591961
vt 0.309896 0.594907
vt 0.312751 0.590451
vt 0.316988 0.593075
vt 0.319782 0.588401
vt 0.344127 0.593075
vt 0.344127 0.588401
vt 0.349758 0.590806
vt 0.349758 0.585919
vt 0.355536 0.588110
vt 0.349758 0.580951
vt 0.354658 0.581570
vt 0.351776 0.576207
vt 0.349758 0.575906
vt 0.349092 0.570743
vt 0.344127 0.573897
vt 0.344127 0.568915
vt 0.338651 0.571814
vt 0.338651 0.566973
vt 0.324896 0.566973
vt 0.322759 0.571814
vt 0.320058 0.565184
vt 0.326884 0.562068
vt 0.322336 0.559538
vt 0.328719 0.557105
vt 0.324407 0.553813
vt 0.330401 0.552088
vt 0.326267 0.548016
vt 0.331927 0.547021
vt 0.327914 0.542156
vt 0.338651 0.547021
vt 0.333333 0.542156
vt 0.338753 0.542156
vt 0.333333 0.536238
vt 0.333333 0.542156
vt 0.329346 0.536238
vt 0.333333 0.536238
vt 0.330561 0.530273
vt 0.337321 0.536238
vt 0.333333 0.530273
vt 0.336106 0.530273
vt 0.333333 0.524267
vt 0.331557 0.524267
vt 0.332334 0.518229
vt 0.335109 0.524267
vt 0.333333 0.518228
vt 0.334333 0.518228
vt 0.333333 0.512166
vt 0.333778 0.512166
vt 0.333333 0.506087
vt 0.333445 0.506087
vt 0.333333 0.500000
vt 0.308932 0.586823
vt 0.315467 0.585910
vt 0.322432 0.583644
vt 0.344127 0.583644
vt 0.312008 0.581570
vt 0.318042 0.581287
vt 0.324934 0.578808
vt 0.344127 0.578808
vt 0.314890 0.576207
vt 0.320473 0.576587
vt 0.327286 0.573897
vt 0.317575 0.570743
vt 0.340400 0.548016
vt 0.338651 0.552088
vt 0.342260 0.553813
vt 0.338651 0.557105
vt 0.344331 0.559538
vt 0.338651 0.562068
vt 0.344127 0.563869
vt 0.346609 0.565184
vt 0.357734 0.586823
vt 0.361000 0.591961
vt 0.355536 0.593121
vt 0.361458 0.595344
vt 0.355536 0.598043
vt 0.361458 0.600384
vt 0.355536 0.602873
vt 0.361458 0.605329
vt 0.355536 0.607605
vt 0.361458 0.610174
vt 0.355536 0.612235
vt 0.361458 0.614915
vt 0.355536 0.616759
vt 0.361458 0.619546
vt 0.355536 0.621172
vt 0.364452 0.596976
vt 0.367516 0.602625
vt 0.368084 0.601862
vt 0.371892 0.606612
vt 0.375871 0.611220
vt 0.373704 0.609926
vt 0.367516 0.607681
vt 0.373704 0.614983
vt 0.380016 0.615679
vt 0.380018 0.617218
vt 0.384321 0.619984
vt 0.380018 0.622262
vt 0.386450 0.624473
vt 0.380018 0.627190
vt 0.386450 0.629489
vt 0.388780 0.624129
vt 0.393388 0.628108
vt 0.392993 0.631662
vt 0.398138 0.631916
vt 0.399643 0.633704
vt 0.403023 0.635548
vt 0.408039 0.639000
vt 0.413177 0.642265
vt 0.434816 0.653391
vt 0.434241 0.657565
vt 0.100908 0.004172
vt 0.093831 0.010617
vt 0.100908 0.009101
vt 0.095924 0.015759
vt 0.101483 0.013276
vt 0.107128 0.010997
vt 0.108050 0.007741
vt 0.112853 0.008927
vt 0.115250 0.006538
vt 0.118650 0.007067
vt 0.666667 0.060271
vt 0.667679 0.056683
vt 0.667679 0.064013
vt 0.122500 0.005493
vt 0.124511 0.005419
vt 0.122500 0.000450
vt 0.124511 -0.000000
vt 0.457844 0.661247
vt 0.455834 0.661174
vt 0.451983 0.659600
vt 0.667678 0.030950
vt 0.666667 0.034692
vt 0.666667 0.027362
vt 0.448583 0.660129
vt 0.446187 0.657740
vt 0.441383 0.658925
vt 0.440461 0.655669
vt 0.130428 -0.000000
vt 0.130428 0.003987
vt 0.136394 0.002772
vt 0.136394 -0.000000
vt 0.142400 0.000000
vt 0.142400 0.001776
vt 0.148438 0.000000
vt 0.148438 0.001000
vt 0.154501 0.000000
vt 0.154501 0.000445
vt 0.160580 0.000000
vt 0.160580 0.000111
vt 0.093831 0.015647
vt 0.090460 0.018443
vt 0.086825 0.017263
vt 0.085097 0.021325
vt 0.079899 0.024083
vt 0.079843 0.024401
vt 0.074705 0.027667
vt 0.055447 0.042538
vt 0.034751 0.064804
vt 0.024401 0.079843
vt 0.021325 0.085097
vt 0.018443 0.090460
vt 0.016424 0.090760
vt 0.015759 0.095924
vt 0.010794 0.097751
vt 0.005317 0.104598
vt 0.013276 0.101483
vt 0.010794 0.102798
vt 0.010997 0.107128
vt 0.005317 0.109562
vt 0.008927 0.112853
vt 0.005317 0.114579
vt 0.007067 0.118650
vt 0.273214 0.641092
vt 0.280523 0.641490
vt 0.287839 0.641433
vt 0.022203 0.045495
vt 0.290731 0.644809
vt 0.295132 0.640920
vt 0.028124 0.038202
vt 0.034182 0.030959
vt 0.040371 0.023795
vt 0.373704 0.638538
vt 0.277509 0.637744
vt 0.281698 0.634265
vt 0.285778 0.630659
vt 0.289745 0.626929
vt 0.293596 0.623078
vt 0.284827 0.637917
vt 0.292137 0.637634
vt 0.299410 0.636897
vt 0.028124 0.033923
vt 0.034182 0.026713
vt 0.367516 0.635708
vt 0.289018 0.634213
vt 0.293093 0.630381
vt 0.297048 0.626426
vt 0.296316 0.633705
vt 0.303563 0.632744
vt 0.028124 0.029770
vt 0.361458 0.632744
vt 0.300372 0.629649
vt 0.108050 0.002769
vt 0.115250 0.001528
vt 0.671105 -0.000000
vt 0.671105 0.008127
vt 0.666667 0.005803
vt 0.666817 0.014066
vt 0.304410 0.610842
vt 0.307758 0.606548
vt 0.310973 0.602152
vt 0.314050 0.597660
vt 0.311764 0.616759
vt 0.308157 0.613857
vt 0.311596 0.609446
vt 0.314898 0.604931
vt 0.318059 0.600316
vt 0.321076 0.595606
vt 0.349758 0.595606
vt 0.367516 0.622216
vt 0.367516 0.617480
vt 0.367516 0.612634
vt 0.373704 0.624764
vt 0.373704 0.619930
vt 0.315290 0.612235
vt 0.349758 0.609445
vt 0.349758 0.604930
vt 0.349758 0.600316
vt 0.666555 0.493913
vt 0.666667 0.493913
vt 0.666222 0.487834
vt 0.666667 0.487834
vt 0.665667 0.481771
vt 0.666667 0.481771
vt 0.664891 0.475733
vt 0.666667 0.475733
vt 0.663894 0.469727
vt 0.666667 0.469727
vt 0.662679 0.463762
vt 0.666667 0.463762
vt 0.661247 0.457844
vt 0.666667 0.457844
vt 0.661349 0.452979
vt 0.661247 0.208822
vt 0.665260 0.213687
vt 0.659600 0.214683
vt 0.663734 0.218754
vt 0.657740 0.220480
vt 0.662052 0.223772
vt 0.655669 0.226205
vt 0.660217 0.228735
vt 0.653391 0.231851
vt 0.658230 0.233640
vt 0.656092 0.238480
vt 0.661349 0.428186
vt 0.661349 0.433027
vt 0.655873 0.431085
vt 0.655873 0.426103
vt 0.650908 0.429257
vt 0.650242 0.424093
vt 0.648224 0.423793
vt 0.650242 0.419049
vt 0.645342 0.418430
vt 0.644464 0.411890
vt 0.642266 0.413177
vt 0.639000 0.408039
vt 0.659600 0.451983
vt 0.661349 0.447912
vt 0.657740 0.446187
vt 0.661349 0.442895
vt 0.655669 0.440462
vt 0.661349 0.437932
vt 0.655873 0.436131
vt 0.653391 0.434816
vt 0.635548 0.403024
vt 0.638542 0.404656
vt 0.644464 0.406879
vt 0.650242 0.409194
vt 0.650242 0.414081
vt 0.655873 0.411599
vt 0.655873 0.416356
vt 0.655765 0.250311
vt 0.653116 0.255068
vt 0.648800 0.252576
vt 0.651375 0.247953
vt 0.645342 0.248236
vt 0.648224 0.242874
vt 0.631916 0.398138
vt 0.632484 0.397375
vt 0.638542 0.399616
vt 0.644464 0.401957
vt 0.650242 0.404394
vt 0.655873 0.406925
vt 0.650321 0.259741
vt 0.646084 0.257118
vt 0.642265 0.253490
vt 0.628108 0.393388
vt 0.632484 0.392319
vt 0.638542 0.394671
vt 0.638542 0.389826
vt 0.644464 0.392395
vt 0.644464 0.387765
vt 0.650242 0.390554
vt 0.644929 0.276112
vt 0.648624 0.278902
vt 0.641490 0.280523
vt 0.637744 0.277509
vt 0.634265 0.281698
vt 0.630481 0.278456
vt 0.626976 0.282421
vt 0.624129 0.277886
vt 0.619984 0.282346
vt 0.623351 0.286276
vt 0.619609 0.290018
vt 0.626929 0.289745
vt 0.623078 0.293596
vt 0.630381 0.293093
vt 0.626426 0.297048
vt 0.633705 0.296316
vt 0.629649 0.300372
vt 0.636897 0.299410
vt 0.632744 0.303563
vt 0.638542 0.363103
vt 0.638542 0.367256
vt 0.632484 0.364292
vt 0.632484 0.360047
vt 0.626296 0.361462
vt 0.626296 0.357128
vt 0.619982 0.358769
vt 0.619982 0.354351
vt 0.613550 0.356215
vt 0.613550 0.351717
vt 0.607007 0.353803
vt 0.607007 0.349230
vt 0.600357 0.351536
vt 0.600357 0.346891
vt 0.593609 0.349414
vt 0.593609 0.344704
vt 0.586768 0.347442
vt 0.586768 0.342669
vt 0.579841 0.345620
vt 0.586768 0.985891
vt 0.579841 0.992543
vt 0.579841 0.987713
vt 0.572836 0.994265
vt 0.579841 0.340790
vt 0.572836 0.343950
vt 0.572836 0.339068
vt 0.565759 0.342435
vt 0.565759 0.337505
vt 0.558617 0.341075
vt 0.558617 0.336103
vt 0.551417 0.339871
vt 0.551417 0.334862
vt 0.544166 0.338826
vt 0.544166 0.333784
vt 0.542156 0.338753
vt 0.542156 0.333333
vt 0.536238 0.337321
vt 0.536238 0.333333
vt 0.530273 0.336106
vt 0.536238 0.996013
vt 0.530273 1.000000
vt 0.530273 0.997228
vt 0.524267 1.000000
vt 0.530273 0.333333
vt 0.524267 0.335109
vt 0.524267 0.333333
vt 0.518229 0.334333
vt 0.518229 0.333333
vt 0.512166 0.333778
vt 0.512166 0.333333
vt 0.506087 0.333444
vt 0.506087 0.333333
vt 0.500000 0.333333
vt 0.626296 0.390074
vt 0.624129 0.388780
vt 0.626296 0.385017
vt 0.619984 0.384321
vt 0.619982 0.382782
vt 0.615679 0.380016
vt 0.619982 0.377738
vt 0.613550 0.375527
vt 0.619982 0.372810
vt 0.613550 0.370510
vt 0.619982 0.368003
vt 0.613550 0.365616
vt 0.619982 0.363321
vt 0.613550 0.360850
vt 0.611220 0.375871
vt 0.606612 0.371892
vt 0.607007 0.368338
vt 0.607007 0.363362
vt 0.607007 0.358516
vt 0.601862 0.368084
vt 0.600357 0.366296
vt 0.600357 0.361243
vt 0.600357 0.356321
vt 0.596976 0.364452
vt 0.593609 0.359260
vt 0.591961 0.361000
vt 0.586823 0.357734
vt 0.586768 0.357417
vt 0.581570 0.354658
vt 0.586768 0.352359
vt 0.579841 0.350596
vt 0.576207 0.351776
vt 0.572836 0.348980
vt 0.570743 0.349092
vt 0.565184 0.346609
vt 0.559538 0.344331
vt 0.553813 0.342260
vt 0.548017 0.340400
vt 0.667678 0.078674
vt 0.666667 0.075086
vt 0.667678 0.071344
vt 0.542156 0.994581
vt 0.548016 0.992934
vt 0.544166 0.994507
vt 0.548017 0.333333
vt 0.553813 0.991073
vt 0.551417 0.993462
vt 0.558617 0.992259
vt 0.559538 0.989003
vt 0.565759 0.990899
vt 0.565184 0.986724
vt 0.570743 0.984241
vt 0.572836 0.989383
vt 0.572836 0.984353
vt 0.579841 0.982737
vt 0.576207 0.981557
vt 0.581570 0.978675
vt 0.586823 0.975599
vt 0.586768 0.975917
vt 0.586768 0.980974
vt 0.591961 0.972333
vt 0.593609 0.974073
vt 0.593609 0.979065
vt 0.593609 0.983919
vt 0.596976 0.968882
vt 0.600357 0.972091
vt 0.600357 0.977012
vt 0.600357 0.981798
vt 0.600357 0.967037
vt 0.601862 0.965249
vt 0.607006 0.964995
vt 0.606612 0.961441
vt 0.613550 0.962823
vt 0.613550 0.957806
vt 0.619982 0.955595
vt 0.615679 0.953317
vt 0.619982 0.950552
vt 0.619984 0.949012
vt 0.626296 0.948316
vt 0.624129 0.944553
vt 0.626296 0.943260
vt 0.628108 0.939946
vt 0.632484 0.941014
vt 0.632484 0.935959
vt 0.638542 0.933717
vt 0.635548 0.930310
vt 0.638542 0.928677
vt 0.639000 0.925295
vt 0.644463 0.926454
vt 0.644463 0.921443
vt 0.650242 0.919253
vt 0.650242 0.914285
vt 0.655873 0.912141
vt 0.655873 0.907230
vt 0.578808 0.324934
vt 0.573897 0.327286
vt 0.571814 0.322759
vt 0.661349 0.905147
vt 0.661349 0.900306
vt 0.566973 0.324896
vt 0.565184 0.320058
vt 0.562068 0.326884
vt 0.559538 0.322336
vt 0.557105 0.328719
vt 0.553813 0.324407
vt 0.552088 0.330401
vt 0.548016 0.326267
vt 0.547021 0.331927
vt 0.542156 0.327914
vt 0.542156 0.333333
vt 0.536238 0.329346
vt 0.536238 0.333333
vt 0.530273 0.330561
vt 0.666667 0.863606
vt 0.662679 0.869572
vt 0.663894 0.863606
vt 0.666667 0.857600
vt 0.664890 0.857600
vt 0.524267 0.331557
vt 0.524267 0.333333
vt 0.518229 0.332334
vt 0.518229 0.333333
vt 0.512166 0.332889
vt 0.512166 0.333333
vt 0.506087 0.333222
vt 0.611220 0.957462
vt 0.631916 0.935196
vt 0.642265 0.920157
vt 0.645341 0.914903
vt 0.648224 0.909540
vt 0.650242 0.909240
vt 0.650908 0.904076
vt 0.655873 0.902249
vt 0.661349 0.895402
vt 0.653391 0.898518
vt 0.655873 0.897202
vt 0.655669 0.892872
vt 0.661349 0.890438
vt 0.657740 0.887147
vt 0.661349 0.885421
vt 0.659600 0.881350
vt 0.661349 0.880354
vt 0.661247 0.875489
vt 0.570743 0.317575
vt 0.576587 0.320473
vt 0.583644 0.322432
vt 0.655873 0.916978
vt 0.650242 0.924139
vt 0.644463 0.931377
vt 0.638542 0.938662
vt 0.632484 0.945967
vt 0.626296 0.953264
vt 0.619982 0.960523
vt 0.613550 0.967717
vt 0.607006 0.969971
vt 0.607006 0.974818
vt 0.576207 0.314890
vt 0.581287 0.318042
vt 0.588401 0.319782
vt 0.655873 0.921735
vt 0.650242 0.928940
vt 0.644463 0.936207
vt 0.638542 0.943507
vt 0.632484 0.950814
vt 0.626296 0.958098
vt 0.619982 0.965330
vt 0.613550 0.972484
vt 0.607006 0.979530
vt 0.581570 0.312008
vt 0.585910 0.315467
vt 0.593075 0.316988
vt 0.655873 0.926408
vt 0.595606 0.321076
vt 0.600316 0.318059
vt 0.650242 0.933649
vt 0.644463 0.940939
vt 0.638542 0.948248
vt 0.632484 0.955549
vt 0.626296 0.962813
vt 0.619982 0.970012
vt 0.613550 0.977118
vt 0.586823 0.308932
vt 0.590451 0.312751
vt 0.597660 0.314050
vt 0.604930 0.314898
vt 0.650242 0.938264
vt 0.644463 0.945569
vt 0.638542 0.952880
vt 0.632484 0.960168
vt 0.626296 0.967406
vt 0.619982 0.974564
vt 0.591961 0.305666
vt 0.594907 0.309896
vt 0.602152 0.310973
vt 0.609446 0.311596
vt 0.650242 0.942779
vt 0.612235 0.315290
vt 0.616759 0.311764
vt 0.644463 0.950093
vt 0.638542 0.957398
vt 0.632484 0.964667
vt 0.626296 0.971871
vt 0.599273 0.306905
vt 0.596976 0.302215
vt 0.603544 0.303782
vt 0.601862 0.298583
vt 0.607718 0.300528
vt 0.606612 0.294775
vt 0.611789 0.297147
vt 0.611220 0.290795
vt 0.615754 0.293643
vt 0.615679 0.286651
vt 0.628108 0.273279
vt 0.633861 0.274384
vt 0.641092 0.273214
vt 0.648231 0.271597
vt 0.650242 0.395069
vt 0.644464 0.397127
vt 0.631916 0.268529
vt 0.637115 0.270211
vt 0.644306 0.268819
vt 0.651392 0.266983
vt 0.650242 0.399684
vt 0.635548 0.263643
vt 0.640239 0.265940
vt 0.647383 0.264326
vt 0.654409 0.262273
vt 0.639000 0.258628
vt 0.643229 0.261574
vt 0.653807 0.243253
vt 0.650908 0.237409
vt 0.660619 0.240563
vt 0.655873 0.421192
vt 0.658267 0.245475
vt 0.632484 0.387366
vt 0.632484 0.382520
vt 0.626296 0.380070
vt 0.632484 0.377784
vt 0.626296 0.375236
vt 0.632484 0.373165
vt 0.626296 0.370520
vt 0.632484 0.368667
vt 0.626296 0.365928
vt 0.638542 0.385085
vt 0.644464 0.383241
vt 0.645097 0.283426
vt 0.637917 0.284827
vt 0.630659 0.285778
vt 0.638542 0.380454
vt 0.638542 0.375935
vt 0.638542 0.371535
vt 0.644464 0.378828
vt 0.641433 0.287839
vt 0.634213 0.289018
vt 0.593609 0.354268
vt 0.644809 0.290731
vt 0.637634 0.292137
vt 0.640919 0.295132
vt 0.632484 0.969041
vt 0.638542 0.961798
vt 0.638542 0.966077
vt 0.628465 0.307586
vt 0.625470 0.304301
vt 0.622351 0.300879
vt 0.619111 0.297326
vt 0.624065 0.311475
vt 0.621172 0.308099
vt 0.618160 0.304584
vt 0.615031 0.300932
vt 0.644463 0.954505
vt 0.613857 0.308157
vt 0.610842 0.304410
vt 0.606548 0.307758
vt 0.333444 0.839420
vt 0.333333 0.839420
vt 0.333778 0.845499
vt 0.333333 0.845499
vt 0.334333 0.851562
vt 0.333333 0.851562
vt 0.335109 0.857600
vt 0.184895 0.334333
vt 0.190934 0.333333
vt 0.190934 0.335109
vt 0.196939 0.333333
vt 0.333333 0.857600
vt 0.336106 0.863606
vt 0.333333 0.863606
vt 0.337321 0.869572
vt 0.196939 0.336106
vt 0.202905 0.333333
vt 0.202905 0.337321
vt 0.208822 0.333333
vt 0.333333 0.869572
vt 0.338753 0.875489
vt 0.333333 0.875489
vt 0.338651 0.880354
vt 0.208822 0.338753
vt 0.213687 0.334740
vt 0.214683 0.340400
vt 0.218754 0.336266
vt 0.220480 0.342260
vt 0.223772 0.337948
vt 0.226205 0.344331
vt 0.228735 0.339783
vt 0.231851 0.346609
vt 0.233640 0.341770
vt 0.238480 0.343908
vt 0.338651 0.905147
vt 0.338651 0.900306
vt 0.344127 0.902249
vt 0.344127 0.907230
vt 0.349092 0.904076
vt 0.349758 0.909240
vt 0.351776 0.909540
vt 0.349758 0.914285
vt 0.354658 0.914903
vt 0.355536 0.921443
vt 0.357734 0.920157
vt 0.361000 0.925295
vt 0.340400 0.881350
vt 0.338651 0.885421
vt 0.342260 0.887147
vt 0.338651 0.890438
vt 0.344331 0.892872
vt 0.338651 0.895402
vt 0.344127 0.897202
vt 0.346609 0.898517
vt 0.364452 0.930310
vt 0.361458 0.928677
vt 0.355536 0.926454
vt 0.349758 0.924139
vt 0.349758 0.919253
vt 0.344127 0.921735
vt 0.344127 0.916978
vt 0.250311 0.344234
vt 0.255068 0.346884
vt 0.252576 0.351200
vt 0.247953 0.348625
vt 0.248236 0.354658
vt 0.242874 0.351776
vt 0.368084 0.935196
vt 0.367516 0.935959
vt 0.361458 0.933717
vt 0.355536 0.931377
vt 0.349758 0.928940
vt 0.344127 0.926408
vt 0.259741 0.349679
vt 0.257118 0.353916
vt 0.253490 0.357735
vt 0.371892 0.939946
vt 0.367516 0.941014
vt 0.361458 0.938662
vt 0.361458 0.943507
vt 0.355536 0.940939
vt 0.355536 0.945569
vt 0.349758 0.942779
vt 0.276112 0.355071
vt 0.278902 0.351376
vt 0.280523 0.358510
vt 0.277509 0.362256
vt 0.281698 0.365735
vt 0.278456 0.369519
vt 0.282421 0.373024
vt 0.277886 0.375871
vt 0.282346 0.380016
vt 0.286276 0.376649
vt 0.290018 0.380391
vt 0.289745 0.373071
vt 0.293596 0.376922
vt 0.293093 0.369619
vt 0.297048 0.373574
vt 0.296316 0.366295
vt 0.300372 0.370351
vt 0.299410 0.363103
vt 0.303563 0.367256
vt 0.361458 0.367256
vt 0.361458 0.363103
vt 0.367516 0.360047
vt 0.367516 0.364292
vt 0.373704 0.357128
vt 0.373704 0.361462
vt 0.380018 0.354351
vt 0.380018 0.358769
vt 0.386450 0.351717
vt 0.386450 0.356215
vt 0.392993 0.349230
vt 0.392993 0.353803
vt 0.399643 0.346891
vt 0.399643 0.351536
vt 0.406391 0.344704
vt 0.406391 0.349414
vt 0.413232 0.342669
vt 0.413232 0.347442
vt 0.420159 0.340790
vt 0.413232 0.990664
vt 0.420159 0.987713
vt 0.420159 0.992543
vt 0.427164 0.989383
vt 0.420159 0.345620
vt 0.427164 0.339068
vt 0.427164 0.343950
vt 0.434241 0.337505
vt 0.434241 0.342435
vt 0.441383 0.336103
vt 0.441383 0.341074
vt 0.448583 0.334862
vt 0.448583 0.339871
vt 0.455834 0.333784
vt 0.455834 0.338826
vt 0.457844 0.338753
vt 0.451983 0.340400
vt 0.373704 0.943260
vt 0.375871 0.944553
vt 0.373704 0.948316
vt 0.380016 0.949012
vt 0.380018 0.950552
vt 0.384321 0.953317
vt 0.380018 0.955595
vt 0.386449 0.957806
vt 0.380018 0.960523
vt 0.386449 0.962823
vt 0.380018 0.965330
vt 0.386449 0.967717
vt 0.380018 0.970012
vt 0.386449 0.972484
vt 0.380018 0.974564
vt 0.386449 0.977118
vt 0.388780 0.957462
vt 0.393388 0.961441
vt 0.392993 0.964995
vt 0.392993 0.969971
vt 0.392993 0.974818
vt 0.392993 0.979530
vt 0.398138 0.965249
vt 0.399643 0.967037
vt 0.399643 0.972091
vt 0.399643 0.977012
vt 0.399643 0.981798
vt 0.403023 0.968882
vt 0.406391 0.974073
vt 0.408039 0.972333
vt 0.413177 0.975599
vt 0.413232 0.975917
vt 0.418430 0.978675
vt 0.413232 0.980974
vt 0.420159 0.982737
vt 0.413232 0.985891
vt 0.423793 0.981557
vt 0.427164 0.984353
vt 0.429257 0.984241
vt 0.434816 0.986724
vt 0.434241 0.990899
vt 0.440461 0.989003
vt 0.441383 0.992259
vt 0.446187 0.991073
vt 0.448583 0.993462
vt 0.451983 0.992934
vt 0.451983 0.333333
vt 0.457844 0.994581
vt 0.455834 0.994507
vt 0.457844 0.333333
vt 0.463762 0.333333
vt 0.463762 0.337321
vt 0.469727 0.336106
vt 0.469727 1.000000
vt 0.463762 0.996013
vt 0.469727 0.997228
vt 0.475733 0.998224
vt 0.475733 0.333333
vt 0.475733 0.335109
vt 0.481771 0.333333
vt 0.481771 0.334333
vt 0.487834 0.333333
vt 0.487834 0.333778
vt 0.493913 0.333333
vt 0.493913 0.333444
vt 0.667678 0.071344
vt 0.666667 0.067601
vt 0.667678 0.064013
vt 0.446187 0.342260
vt 0.440462 0.344331
vt 0.434816 0.346609
vt 0.429257 0.349092
vt 0.423793 0.351776
vt 0.427164 0.348980
vt 0.420159 0.350596
vt 0.418430 0.354658
vt 0.413232 0.352359
vt 0.413232 0.357417
vt 0.406391 0.359260
vt 0.413177 0.357734
vt 0.408039 0.361000
vt 0.403024 0.364452
vt 0.399643 0.361243
vt 0.406391 0.354268
vt 0.399643 0.356321
vt 0.399643 0.366296
vt 0.398138 0.368084
vt 0.392993 0.368338
vt 0.393388 0.371892
vt 0.386450 0.370510
vt 0.386450 0.375527
vt 0.380018 0.377738
vt 0.384321 0.380016
vt 0.380018 0.382782
vt 0.380016 0.384321
vt 0.373704 0.385017
vt 0.375871 0.388780
vt 0.373704 0.390074
vt 0.371892 0.393388
vt 0.367516 0.392319
vt 0.367516 0.397375
vt 0.361458 0.399616
vt 0.364452 0.403023
vt 0.361458 0.404656
vt 0.361000 0.408039
vt 0.355536 0.406879
vt 0.355536 0.411890
vt 0.349758 0.414081
vt 0.349758 0.419049
vt 0.344127 0.421192
vt 0.344127 0.426103
vt 0.324934 0.421192
vt 0.327286 0.426103
vt 0.322759 0.428186
vt 0.338651 0.428186
vt 0.338651 0.433027
vt 0.324896 0.433027
vt 0.320058 0.434816
vt 0.326884 0.437932
vt 0.322336 0.440462
vt 0.328719 0.442895
vt 0.324407 0.446187
vt 0.330401 0.447912
vt 0.326267 0.451983
vt 0.331927 0.452979
vt 0.327914 0.457844
vt 0.333333 0.457844
vt 0.338651 0.452979
vt 0.338753 0.457844
vt 0.333333 0.463762
vt 0.329346 0.463762
vt 0.333333 0.457844
vt 0.333333 0.463762
vt 0.330561 0.469727
vt 0.333333 0.469727
vt 0.337321 0.463762
vt 0.336106 0.469727
vt 0.333333 0.475733
vt 0.331557 0.475733
vt 0.333333 0.469727
vt 0.333333 0.475733
vt 0.332334 0.481771
vt 0.333333 0.481771
vt 0.335109 0.475733
vt 0.334333 0.481771
vt 0.333333 0.487834
vt 0.333778 0.487834
vt 0.333333 0.493913
vt 0.333445 0.493913
vt 0.388780 0.375871
vt 0.368084 0.398138
vt 0.357734 0.413177
vt 0.354658 0.418430
vt 0.351776 0.423793
vt 0.349758 0.424093
vt 0.349092 0.429257
vt 0.344127 0.431085
vt 0.338651 0.437932
vt 0.346609 0.434816
vt 0.344127 0.436131
vt 0.344331 0.440461
vt 0.338651 0.442895
vt 0.342260 0.446187
vt 0.338651 0.447912
vt 0.340400 0.451983
vt 0.317575 0.429257
vt 0.320473 0.423413
vt 0.322432 0.416356
vt 0.344127 0.416356
vt 0.349758 0.409194
vt 0.355536 0.401957
vt 0.361458 0.394671
vt 0.367516 0.387366
vt 0.373704 0.380070
vt 0.380018 0.372810
vt 0.386450 0.365616
vt 0.392993 0.363362
vt 0.392993 0.358516
vt 0.314890 0.423793
vt 0.318042 0.418713
vt 0.319782 0.411599
vt 0.344127 0.411599
vt 0.349758 0.404394
vt 0.355536 0.397127
vt 0.361458 0.389826
vt 0.367516 0.382519
vt 0.373704 0.375236
vt 0.380018 0.368003
vt 0.386450 0.360850
vt 0.312008 0.418430
vt 0.315467 0.414090
vt 0.316988 0.406925
vt 0.344127 0.406925
vt 0.321076 0.404394
vt 0.318059 0.399684
vt 0.349758 0.399684
vt 0.355536 0.392395
vt 0.361458 0.385085
vt 0.367516 0.377784
vt 0.373704 0.370520
vt 0.380018 0.363321
vt 0.308932 0.413177
vt 0.312751 0.409549
vt 0.314050 0.402340
vt 0.314898 0.395070
vt 0.349758 0.395069
vt 0.355536 0.387764
vt 0.361458 0.380454
vt 0.367516 0.373165
vt 0.373704 0.365928
vt 0.305666 0.408039
vt 0.309896 0.405093
vt 0.310973 0.397848
vt 0.311596 0.390554
vt 0.349758 0.390554
vt 0.315290 0.387765
vt 0.311764 0.383241
vt 0.355536 0.383241
vt 0.361458 0.375935
vt 0.367516 0.368667
vt 0.306905 0.400727
vt 0.302215 0.403024
vt 0.303782 0.396456
vt 0.298583 0.398138
vt 0.300528 0.392282
vt 0.294775 0.393388
vt 0.297147 0.388211
vt 0.290795 0.388780
vt 0.293643 0.384246
vt 0.286651 0.384321
vt 0.273279 0.371892
vt 0.274384 0.366139
vt 0.273214 0.358908
vt 0.271597 0.351769
vt 0.349758 0.938264
vt 0.355536 0.936207
vt 0.268529 0.368084
vt 0.270211 0.362885
vt 0.268819 0.355694
vt 0.266983 0.348608
vt 0.349758 0.933649
vt 0.263643 0.364452
vt 0.265940 0.359761
vt 0.264326 0.352617
vt 0.262273 0.345591
vt 0.258628 0.361000
vt 0.261574 0.356771
vt 0.243253 0.346193
vt 0.237409 0.349092
vt 0.240563 0.339381
vt 0.344127 0.912141
vt 0.245475 0.341733
vt 0.367516 0.945967
vt 0.367516 0.950814
vt 0.373704 0.953264
vt 0.367516 0.955549
vt 0.373704 0.958098
vt 0.367516 0.960168
vt 0.373704 0.962813
vt 0.367516 0.964667
vt 0.373704 0.967406
vt 0.367516 0.969041
vt 0.373704 0.971871
vt 0.361458 0.948248
vt 0.355536 0.950092
vt 0.283426 0.354903
vt 0.284827 0.362083
vt 0.285778 0.369341
vt 0.361458 0.952880
vt 0.361458 0.957398
vt 0.361458 0.961798
vt 0.361458 0.966077
vt 0.355536 0.954505
vt 0.287839 0.358567
vt 0.289018 0.365787
vt 0.406391 0.979065
vt 0.406391 0.983919
vt 0.290731 0.355191
vt 0.292137 0.362366
vt 0.295132 0.359081
vt 0.361458 0.371535
vt 0.307586 0.371535
vt 0.304301 0.374530
vt 0.300879 0.377649
vt 0.297326 0.380889
vt 0.311475 0.375935
vt 0.308099 0.378828
vt 0.304584 0.381840
vt 0.300932 0.384969
vt 0.355536 0.378828
vt 0.308157 0.386143
vt 0.304410 0.389158
vt 0.307758 0.393452
vt 0.333333 0.160580
vt 0.333445 0.160580
vt 0.333333 0.154501
vt 0.333778 0.154501
vt 0.333333 0.148438
vt 0.334333 0.148438
vt 0.333333 0.142400
vt 0.335109 0.142400
vt 0.333333 0.136394
vt 0.336106 0.136394
vt 0.333333 0.130428
vt 0.337321 0.130428
vt 0.333333 0.124511
vt 0.338753 0.124511
vt 0.334740 0.119646
vt 0.340400 0.118650
vt 0.336266 0.114579
vt 0.342260 0.112853
vt 0.337948 0.109562
vt 0.344331 0.107128
vt 0.339783 0.104598
vt 0.346609 0.101483
vt 0.341770 0.099694
vt 0.343908 0.094853
vt 0.328016 0.761520
vt 0.328016 0.766361
vt 0.322539 0.764418
vt 0.322539 0.759437
vt 0.317575 0.762591
vt 0.316909 0.757427
vt 0.314890 0.757126
vt 0.316909 0.752382
vt 0.312008 0.751764
vt 0.311130 0.745224
vt 0.308932 0.746510
vt 0.305666 0.741372
vt 0.327914 0.791178
vt 0.326267 0.785317
vt 0.328016 0.786313
vt 0.328016 0.781246
vt 0.324407 0.779520
vt 0.328016 0.776228
vt 0.322336 0.773795
vt 0.328016 0.771265
vt 0.322539 0.769465
vt 0.320058 0.768149
vt 0.302215 0.736357
vt 0.305209 0.737990
vt 0.311130 0.740213
vt 0.316909 0.742528
vt 0.316909 0.747414
vt 0.322539 0.744932
vt 0.322539 0.749689
vt 0.344234 0.083022
vt 0.346884 0.078265
vt 0.351200 0.080757
vt 0.348625 0.085380
vt 0.354658 0.085097
vt 0.351776 0.090460
vt 0.298583 0.731471
vt 0.299151 0.730708
vt 0.305209 0.732950
vt 0.311130 0.735290
vt 0.316909 0.737727
vt 0.322539 0.740259
vt 0.349679 0.073592
vt 0.353916 0.076215
vt 0.357734 0.079843
vt 0.294774 0.726721
vt 0.299151 0.725653
vt 0.305209 0.728004
vt 0.305209 0.723159
vt 0.311130 0.725728
vt 0.311130 0.721098
vt 0.316909 0.723888
vt 0.355071 0.057221
vt 0.351376 0.054431
vt 0.358510 0.052810
vt 0.362256 0.055825
vt 0.365735 0.051635
vt 0.369519 0.054878
vt 0.373024 0.050913
vt 0.375871 0.055447
vt 0.380016 0.050988
vt 0.376649 0.047057
vt 0.380391 0.043315
vt 0.373071 0.043588
vt 0.376922 0.039738
vt 0.369619 0.040241
vt 0.373574 0.036285
vt 0.366295 0.037018
vt 0.370351 0.032962
vt 0.363103 0.033923
vt 0.367256 0.029770
vt 0.305209 0.299410
vt 0.305209 0.303563
vt 0.299151 0.306620
vt 0.299151 0.302374
vt 0.292962 0.309538
vt 0.292962 0.305204
vt 0.286649 0.312316
vt 0.286649 0.307898
vt 0.280217 0.314950
vt 0.280217 0.310451
vt 0.273673 0.317437
vt 0.273673 0.312863
vt 0.267024 0.319776
vt 0.267024 0.315131
vt 0.260275 0.321963
vt 0.260275 0.317252
vt 0.253434 0.323997
vt 0.253434 0.319225
vt 0.246508 0.325876
vt 0.253434 0.676003
vt 0.246508 0.678953
vt 0.246508 0.674124
vt 0.239503 0.677284
vt 0.246508 0.321047
vt 0.239503 0.327598
vt 0.239503 0.322716
vt 0.232425 0.329161
vt 0.239503 0.672402
vt 0.232425 0.675768
vt 0.232425 0.670839
vt 0.225283 0.674408
vt 0.225283 0.669436
vt 0.218084 0.673205
vt 0.218084 0.668195
vt 0.210833 0.672159
vt 0.218084 0.326795
vt 0.210833 0.332883
vt 0.210833 0.327841
vt 0.208822 0.333333
vt 0.208822 0.327914
vt 0.202905 0.333333
vt 0.202905 0.329346
vt 0.196939 0.333333
vt 0.196939 0.330561
vt 0.190933 0.333333
vt 0.190933 0.331557
vt 0.184895 0.333333
vt 0.184895 0.332334
vt 0.178833 0.333333
vt 0.178833 0.332889
vt 0.172754 0.333333
vt 0.172754 0.333222
vt 0.292962 0.723407
vt 0.290795 0.722114
vt 0.292962 0.718351
vt 0.286651 0.717654
vt 0.286649 0.716115
vt 0.282346 0.713349
vt 0.286649 0.711072
vt 0.280217 0.708861
vt 0.286649 0.706144
vt 0.280217 0.703844
vt 0.286649 0.701337
vt 0.280217 0.698950
vt 0.286649 0.696655
vt 0.280217 0.694183
vt 0.286649 0.692103
vt 0.280217 0.689549
vt 0.277886 0.709205
vt 0.273279 0.705226
vt 0.273673 0.701672
vt 0.273673 0.696696
vt 0.273673 0.691849
vt 0.273673 0.687137
vt 0.268529 0.701417
vt 0.267024 0.699629
vt 0.267024 0.694576
vt 0.267024 0.689654
vt 0.267024 0.684869
vt 0.263643 0.697785
vt 0.260275 0.692594
vt 0.258628 0.694334
vt 0.253490 0.691068
vt 0.253434 0.690750
vt 0.248236 0.687992
vt 0.253434 0.685693
vt 0.246508 0.683929
vt 0.253434 0.680775
vt 0.242874 0.685110
vt 0.239503 0.682314
vt 0.237409 0.682425
vt 0.231851 0.679942
vt 0.226205 0.677664
vt 0.220480 0.675593
vt 0.214683 0.673733
vt 0.667678 0.049353
vt 0.666667 0.045765
vt 0.667678 0.042022
vt 0.208822 0.672086
vt 0.214683 0.326267
vt 0.666667 0.049353
vt 0.667678 0.053095
vt 0.666667 0.056683
vt 0.220480 0.324407
vt 0.225283 0.325592
vt 0.226205 0.322336
vt 0.232425 0.324232
vt 0.231851 0.320058
vt 0.237409 0.317575
vt 0.239503 0.317686
vt 0.246508 0.316071
vt 0.242874 0.314890
vt 0.248236 0.312008
vt 0.253490 0.308932
vt 0.253434 0.309250
vt 0.253434 0.314307
vt 0.258628 0.305666
vt 0.260275 0.307406
vt 0.260275 0.312398
vt 0.263643 0.302215
vt 0.267024 0.305424
vt 0.267024 0.310346
vt 0.267024 0.300371
vt 0.268529 0.298583
vt 0.273673 0.298328
vt 0.273279 0.294775
vt 0.280217 0.296156
vt 0.280217 0.291139
vt 0.286649 0.288929
vt 0.282346 0.286651
vt 0.286649 0.283885
vt 0.286651 0.282346
vt 0.292962 0.281649
vt 0.290795 0.277886
vt 0.292962 0.276593
vt 0.294775 0.273279
vt 0.299151 0.274347
vt 0.299151 0.269292
vt 0.305209 0.267051
vt 0.302215 0.263643
vt 0.305209 0.262010
vt 0.305666 0.258628
vt 0.311130 0.259787
vt 0.311130 0.254776
vt 0.316909 0.252586
vt 0.316909 0.247618
vt 0.322539 0.245475
vt 0.322539 0.240563
vt 0.421192 0.008399
vt 0.426103 0.006047
vt 0.428186 0.010575
vt 0.328016 0.238480
vt 0.328016 0.233640
vt 0.433027 0.008437
vt 0.434816 0.013276
vt 0.437932 0.006450
vt 0.440462 0.010997
vt 0.442895 0.004614
vt 0.446187 0.008927
vt 0.447912 0.002933
vt 0.451983 0.007067
vt 0.452979 0.001406
vt 0.457844 0.005419
vt 0.333333 0.208822
vt 0.328016 0.213687
vt 0.327914 0.208822
vt 0.333333 0.202905
vt 0.329346 0.202905
vt 0.333333 0.196939
vt 0.666667 0.020031
vt 0.669439 0.014066
vt 0.669439 0.020031
vt 0.330561 0.196939
vt 0.333333 0.190934
vt 0.331557 0.190934
vt 0.333333 0.184895
vt 0.666667 0.084795
vt 0.666667 0.078674
vt 0.667653 0.084631
vt 0.332333 0.184895
vt 0.333333 0.178833
vt 0.332889 0.178833
vt 0.333333 0.172754
vt 0.277886 0.290795
vt 0.298583 0.268529
vt 0.308932 0.253490
vt 0.312008 0.248236
vt 0.314890 0.242874
vt 0.316909 0.242573
vt 0.317575 0.237409
vt 0.322539 0.235582
vt 0.328016 0.228735
vt 0.320058 0.231851
vt 0.322539 0.230535
vt 0.322336 0.226205
vt 0.328016 0.223772
vt 0.324407 0.220480
vt 0.328016 0.218754
vt 0.326267 0.214683
vt 0.429257 0.015759
vt 0.423413 0.012860
vt 0.416356 0.010901
vt 0.322539 0.250311
vt 0.316909 0.257473
vt 0.311130 0.264710
vt 0.305209 0.271996
vt 0.299151 0.279301
vt 0.292962 0.286597
vt 0.286649 0.293856
vt 0.280217 0.301050
vt 0.273673 0.303304
vt 0.273673 0.308151
vt 0.423793 0.018443
vt 0.418713 0.015292
vt 0.411599 0.013551
vt 0.322539 0.255068
vt 0.316909 0.262273
vt 0.311130 0.269540
vt 0.305209 0.276841
vt 0.299151 0.284147
vt 0.292962 0.291431
vt 0.286649 0.298663
vt 0.280217 0.305817
vt 0.418430 0.021325
vt 0.414090 0.017867
vt 0.406925 0.016346
vt 0.322539 0.259741
vt 0.404394 0.012257
vt 0.399684 0.015275
vt 0.316909 0.266983
vt 0.311130 0.274272
vt 0.305209 0.281581
vt 0.299151 0.288882
vt 0.292962 0.296146
vt 0.286649 0.303345
vt 0.413177 0.024401
vt 0.409549 0.020583
vt 0.402340 0.019283
vt 0.395069 0.018436
vt 0.316909 0.271597
vt 0.311130 0.278902
vt 0.305209 0.286213
vt 0.299151 0.293501
vt 0.292962 0.300739
vt 0.408039 0.027667
vt 0.405093 0.023437
vt 0.397848 0.022361
vt 0.390554 0.021737
vt 0.316909 0.276112
vt 0.387765 0.018043
vt 0.383241 0.021570
vt 0.311130 0.283426
vt 0.305209 0.290731
vt 0.299151 0.298000
vt 0.400727 0.026428
vt 0.403024 0.031118
vt 0.396456 0.029552
vt 0.398138 0.034751
vt 0.392282 0.032805
vt 0.393388 0.038559
vt 0.388211 0.036186
vt 0.388780 0.042538
vt 0.384246 0.039690
vt 0.384321 0.046683
vt 0.371892 0.060054
vt 0.366139 0.058949
vt 0.358908 0.060119
vt 0.351769 0.061736
vt 0.316909 0.728403
vt 0.311130 0.730460
vt 0.368084 0.064804
vt 0.362885 0.063122
vt 0.355694 0.064515
vt 0.348608 0.066351
vt 0.316909 0.733017
vt 0.364452 0.069690
vt 0.359761 0.067394
vt 0.352617 0.069007
vt 0.345591 0.071060
vt 0.361000 0.074705
vt 0.356771 0.071760
vt 0.346193 0.090080
vt 0.349092 0.095924
vt 0.339381 0.092770
vt 0.322539 0.754526
vt 0.341733 0.087859
vt 0.299151 0.720699
vt 0.299151 0.715853
vt 0.292962 0.713403
vt 0.299151 0.711118
vt 0.292962 0.708569
vt 0.299151 0.706499
vt 0.292962 0.703854
vt 0.299151 0.702000
vt 0.292962 0.699261
vt 0.299151 0.697626
vt 0.292962 0.694796
vt 0.305209 0.718419
vt 0.311130 0.716574
vt 0.354903 0.049908
vt 0.362083 0.048507
vt 0.369341 0.047555
vt 0.305209 0.713787
vt 0.305209 0.709269
vt 0.305209 0.704868
vt 0.305209 0.700590
vt 0.311130 0.712161
vt 0.358567 0.045495
vt 0.365787 0.044316
vt 0.260275 0.687602
vt 0.260275 0.682748
vt 0.355191 0.042602
vt 0.362366 0.041197
vt 0.359080 0.038202
vt 0.305209 0.295132
vt 0.371535 0.025747
vt 0.374530 0.029033
vt 0.377649 0.032454
vt 0.380889 0.036008
vt 0.375935 0.021858
vt 0.378828 0.025234
vt 0.381840 0.028750
vt 0.384969 0.032402
vt 0.311130 0.287839
vt 0.386143 0.025176
vt 0.389158 0.028923
vt 0.393452 0.025575
vt 0.545348 0.914653
vt 0.545234 0.911901
vt 0.545689 0.917387
vt 0.546254 0.920084
vt 0.547040 0.922724
vt 0.548042 0.925291
vt 0.549252 0.927766
vt 0.550662 0.930132
vt 0.552263 0.932375
vt 0.554043 0.934477
vt 0.555991 0.936425
vt 0.558094 0.938205
vt 0.560336 0.939806
vt 0.562702 0.941217
vt 0.565178 0.942427
vt 0.567744 0.943428
vt 0.570385 0.944214
vt 0.573081 0.944780
vt 0.575815 0.945120
vt 0.578567 0.945234
vt 0.581320 0.945120
vt 0.584054 0.944780
vt 0.586750 0.944214
vt 0.589391 0.943428
vt 0.591957 0.942427
vt 0.594432 0.941217
vt 0.596799 0.939806
vt 0.599041 0.938206
vt 0.601143 0.936425
vt 0.603091 0.934477
vt 0.604872 0.932375
vt 0.606473 0.930132
vt 0.607883 0.927766
vt 0.609093 0.925291
vt 0.610095 0.922724
vt 0.610881 0.920084
vt 0.611446 0.917387
vt 0.611787 0.914653
vt 0.611901 0.911901
vt 0.611787 0.909148
vt 0.611446 0.906414
vt 0.610881 0.903718
vt 0.610095 0.901078
vt 0.609093 0.898511
vt 0.607883 0.896036
vt 0.606473 0.893669
vt 0.604872 0.891427
vt 0.603091 0.889325
vt 0.601143 0.887377
vt 0.599041 0.885596
vt 0.596799 0.883995
vt 0.594432 0.882585
vt 0.591957 0.881375
vt 0.589391 0.880374
vt 0.586750 0.879587
vt 0.584054 0.879022
vt 0.581320 0.878681
vt 0.578567 0.878568
vt 0.575815 0.878681
vt 0.573081 0.879022
vt 0.570385 0.879587
vt 0.567744 0.880374
vt 0.565178 0.881375
vt 0.454311 0.760252
vt 0.453746 0.762949
vt 0.452960 0.765589
vt 0.451958 0.768156
vt 0.562702 0.882585
vt 0.450748 0.770631
vt 0.560336 0.883995
vt 0.449338 0.772998
vt 0.558094 0.885596
vt 0.447737 0.775240
vt 0.555991 0.887377
vt 0.445957 0.777342
vt 0.554043 0.889325
vt 0.444009 0.779290
vt 0.552263 0.891427
vt 0.441906 0.781071
vt 0.550662 0.893669
vt 0.439664 0.782672
vt 0.549252 0.896036
vt 0.437297 0.784082
vt 0.548042 0.898511
vt 0.434822 0.785292
vt 0.547040 0.901078
vt 0.432256 0.786293
vt 0.546254 0.903718
vt 0.429615 0.787079
vt 0.545689 0.906414
vt 0.545348 0.909148
vt 0.481771 0.999000
vt 0.487834 0.999555
vt 0.493913 0.999889
vt 0.500000 1.000000
vt 0.506087 0.999889
vt 0.512166 0.999555
vt 0.518228 0.999000
vt 0.524267 0.998224
vt 0.388213 0.757519
vt 0.388099 0.754766
vt 0.388554 0.760252
vt 0.389119 0.762949
vt 0.389905 0.765589
vt 0.390907 0.768156
vt 0.392117 0.770631
vt 0.393527 0.772998
vt 0.395128 0.775240
vt 0.396908 0.777342
vt 0.398856 0.779290
vt 0.400959 0.781071
vt 0.403201 0.782672
vt 0.405568 0.784082
vt 0.408043 0.785292
vt 0.410609 0.786293
vt 0.413250 0.787079
vt 0.415946 0.787645
vt 0.418680 0.787985
vt 0.421433 0.788099
vt 0.424185 0.787985
vt 0.426919 0.787645
vt 0.454652 0.757519
vt 0.454766 0.754766
vt 0.454652 0.752013
vt 0.454311 0.749279
vt 0.453746 0.746583
vt 0.452960 0.743943
vt 0.451958 0.741376
vt 0.450748 0.738901
vt 0.449338 0.736534
vt 0.447737 0.734292
vt 0.445957 0.732190
vt 0.444009 0.730242
vt 0.441906 0.728461
vt 0.439664 0.726860
vt 0.437297 0.725450
vt 0.434822 0.724240
vt 0.432256 0.723239
vt 0.429615 0.722453
vt 0.426919 0.721887
vt 0.424185 0.721546
vt 0.421433 0.721433
vt 0.418680 0.721546
vt 0.415946 0.721887
vt 0.413250 0.722453
vt 0.410609 0.723239
vt 0.408043 0.724240
vt 0.405568 0.725450
vt 0.403201 0.726860
vt 0.400959 0.728461
vt 0.398856 0.730242
vt 0.396908 0.732190
vt 0.395128 0.734292
vt 0.393527 0.736534
vt 0.392117 0.738901
vt 0.390907 0.741376
vt 0.389905 0.743943
vt 0.389119 0.746583
vt 0.388554 0.749279
vt 0.388213 0.752013
vt 0.664890 0.809067
vt 0.665667 0.851562
vt 0.665667 0.815105
vt 0.666222 0.845499
vt 0.666222 0.821168
vt 0.666555 0.839420
vt 0.666555 0.827246
vt 0.666667 0.833333
vt 0.212013 0.914652
vt 0.121319 0.914652
vt 0.211899 0.911899
vt 0.121433 0.911899
vt 0.212013 0.909147
vt 0.121319 0.909147
vt 0.212354 0.906413
vt 0.120978 0.906413
vt 0.212919 0.903716
vt 0.120413 0.903716
vt 0.213705 0.901076
vt 0.119626 0.901076
vt 0.214707 0.898509
vt 0.118625 0.898509
vt 0.215917 0.896034
vt 0.117415 0.896034
vt 0.217327 0.893668
vt 0.116005 0.893668
vt 0.218928 0.891426
vt 0.114404 0.891426
vt 0.220708 0.889323
vt 0.112623 0.889323
vt 0.110675 0.779290
vt 0.110675 0.887375
vt 0.108573 0.781071
vt 0.108573 0.885595
vt 0.106331 0.782672
vt 0.106331 0.883994
vt 0.103964 0.784082
vt 0.103964 0.882583
vt 0.101489 0.785292
vt 0.101489 0.881374
vt 0.098923 0.786293
vt 0.098923 0.880372
vt 0.096282 0.787079
vt 0.096282 0.879586
vt 0.093586 0.787645
vt 0.093586 0.879021
vt 0.090852 0.787985
vt 0.090852 0.878680
vt 0.088099 0.788099
vt 0.088099 0.878566
vt 0.085347 0.787985
vt 0.085347 0.878680
vt 0.082613 0.787645
vt 0.082613 0.879021
vt 0.079916 0.787079
vt 0.079916 0.879586
vt 0.077276 0.786293
vt 0.077276 0.880372
vt 0.074709 0.785292
vt 0.074709 0.881374
vt -0.000000 0.833333
vt 0.000111 0.839420
vt 0.072234 0.882583
vt 0.069868 0.883994
vt 0.001776 0.857600
vt 0.067625 0.885595
vt 0.065523 0.887375
vt 0.063575 0.889323
vt 0.061795 0.891426
vt 0.060194 0.893668
vt 0.058783 0.896034
vt 0.057573 0.898509
vt 0.056572 0.901076
vt 0.055786 0.903716
vt 0.055221 0.906413
vt 0.054880 0.909147
vt 0.054766 0.911899
vt 0.054880 0.914652
vt 0.120978 0.917386
vt 0.212354 0.917386
vt 0.120413 0.920082
vt 0.212919 0.920082
vt 0.119626 0.922723
vt 0.213705 0.922723
vt 0.118625 0.925289
vt 0.214707 0.925289
vt 0.166667 1.000000
vt 0.172754 0.999889
vt 0.215917 0.927764
vt 0.178833 0.999555
vt 0.217327 0.930131
vt 0.184895 0.999000
vt 0.190933 0.998224
vt 0.218928 0.932373
vt 0.196939 0.997228
vt 0.220708 0.934475
vt 0.202905 0.996013
vt 0.222656 0.936423
vt 0.224759 0.938204
vt 0.227001 0.939805
vt 0.229368 0.941215
vt 0.231843 0.942425
vt 0.234409 0.943427
vt 0.237050 0.944213
vt 0.239746 0.944778
vt 0.242480 0.945119
vt 0.245233 0.945233
vt 0.247985 0.945119
vt 0.250719 0.944778
vt 0.253415 0.944213
vt 0.256056 0.943427
vt 0.258622 0.942425
vt 0.261097 0.941215
vt 0.263464 0.939805
vt 0.265706 0.938204
vt 0.267809 0.936423
vt 0.269757 0.934475
vt 0.271537 0.932373
vt 0.273138 0.930131
vt 0.274548 0.927764
vt 0.275758 0.925289
vt 0.276760 0.922723
vt 0.277546 0.920082
vt 0.278111 0.917386
vt 0.278452 0.914652
vt 0.278566 0.911899
vt 0.278452 0.909147
vt 0.278111 0.906413
vt 0.277546 0.903716
vt 0.276760 0.901076
vt 0.275758 0.898509
vt 0.274548 0.896034
vt 0.273138 0.893668
vt 0.271537 0.891426
vt 0.269757 0.889323
vt 0.329346 0.869572
vt 0.267809 0.887375
vt 0.330561 0.863606
vt 0.265706 0.885595
vt 0.331557 0.857600
vt 0.263464 0.883994
vt 0.332333 0.851562
vt 0.332889 0.845499
vt 0.261097 0.882583
vt 0.333222 0.839420
vt 0.258622 0.881374
vt 0.258622 0.785292
vt 0.333222 0.827246
vt 0.261097 0.784082
vt 0.332889 0.821168
vt 0.263464 0.782672
vt 0.332333 0.815105
vt 0.265706 0.781071
vt 0.267809 0.779290
vt 0.256056 0.786293
vt 0.256056 0.880372
vt 0.253415 0.787079
vt 0.253415 0.879586
vt 0.250719 0.787645
vt 0.250719 0.879021
vt 0.247985 0.787985
vt 0.247985 0.878680
vt 0.245233 0.788099
vt 0.245233 0.878566
vt 0.242480 0.787985
vt 0.242480 0.878680
vt 0.239746 0.787645
vt 0.239746 0.879021
vt 0.237050 0.787079
vt 0.237050 0.879586
vt 0.234409 0.786293
vt 0.234409 0.880372
vt 0.231843 0.785292
vt 0.231843 0.881374
vt 0.229368 0.784082
vt 0.229368 0.882583
vt 0.227001 0.782672
vt 0.227001 0.883994
vt 0.224759 0.781071
vt 0.224759 0.885595
vt 0.222656 0.779290
vt 0.222656 0.887375
vt 0.220708 0.777342
vt 0.112623 0.777342
vt 0.114404 0.775240
vt 0.212013 0.752013
vt 0.211899 0.754766
vt 0.121433 0.754766
vt 0.212013 0.757519
vt 0.121319 0.757519
vt 0.212354 0.760252
vt 0.120978 0.760252
vt 0.212919 0.762949
vt 0.120413 0.762949
vt 0.213705 0.765589
vt 0.119626 0.765589
vt 0.214707 0.768156
vt 0.118625 0.768156
vt 0.215917 0.770631
vt 0.117415 0.770631
vt 0.217327 0.772998
vt 0.116005 0.772998
vt 0.218928 0.775240
vt 0.269757 0.777342
vt 0.271537 0.775240
vt 0.273138 0.772998
vt 0.274548 0.770631
vt 0.275758 0.768156
vt 0.276760 0.765589
vt 0.277546 0.762949
vt 0.330561 0.803061
vt 0.331557 0.809067
vt 0.278111 0.760252
vt 0.278452 0.757519
vt 0.278566 0.754766
vt 0.278452 0.752013
vt 0.278111 0.749279
vt 0.277546 0.746583
vt 0.276760 0.743943
vt 0.275758 0.741376
vt 0.274548 0.738901
vt 0.273138 0.736534
vt 0.271537 0.734292
vt 0.269757 0.732190
vt 0.267809 0.730242
vt 0.265706 0.728461
vt 0.263464 0.726860
vt 0.261097 0.725450
vt 0.258622 0.724240
vt 0.256056 0.723239
vt 0.253415 0.722453
vt 0.250719 0.721887
vt 0.247985 0.721546
vt 0.245233 0.721433
vt 0.242480 0.721546
vt 0.239746 0.721887
vt 0.237050 0.722453
vt 0.234409 0.723239
vt 0.231843 0.724240
vt 0.229368 0.725450
vt 0.227001 0.726860
vt 0.224759 0.728461
vt 0.222657 0.730242
vt 0.202905 0.670654
vt 0.220708 0.732190
vt 0.196939 0.669439
vt 0.218928 0.734292
vt 0.190933 0.668443
vt 0.217327 0.736534
vt 0.184895 0.667667
vt 0.178833 0.667111
vt 0.215917 0.738901
vt 0.172754 0.666778
vt 0.214707 0.741376
vt 0.166667 0.666667
vt 0.118625 0.741376
vt 0.160580 0.666778
vt 0.117415 0.738901
vt 0.154501 0.667111
vt 0.116005 0.736534
vt 0.148438 0.667667
vt 0.142400 0.668443
vt 0.114404 0.734292
vt 0.136394 0.669439
vt 0.112623 0.732190
vt 0.130428 0.670654
vt 0.110675 0.730242
vt 0.108573 0.728461
vt 0.106331 0.726860
vt 0.103964 0.725450
vt 0.101489 0.724240
vt 0.098923 0.723239
vt 0.096282 0.722453
vt 0.093586 0.721887
vt 0.090852 0.721546
vt 0.088099 0.721433
vt 0.085347 0.721546
vt 0.119626 0.743943
vt 0.213705 0.743943
vt 0.120413 0.746583
vt 0.212919 0.746583
vt 0.120978 0.749279
vt 0.212354 0.749279
vt 0.121319 0.752013
vt 0.055221 0.917386
vt 0.055786 0.920082
vt 0.056572 0.922723
vt 0.057573 0.925289
vt 0.058783 0.927764
vt 0.060194 0.930131
vt 0.061795 0.932373
vt 0.063575 0.934475
vt 0.065523 0.936423
vt 0.067625 0.938204
vt 0.069868 0.939805
vt 0.072234 0.941215
vt 0.074709 0.942425
vt 0.077276 0.943427
vt 0.079916 0.944213
vt 0.082613 0.944778
vt 0.085347 0.945119
vt 0.088099 0.945233
vt 0.090852 0.945119
vt 0.093586 0.944778
vt 0.096282 0.944213
vt 0.098923 0.943427
vt 0.101489 0.942425
vt 0.103964 0.941215
vt 0.106331 0.939805
vt 0.108573 0.938204
vt 0.110675 0.936423
vt 0.130428 0.996013
vt 0.112623 0.934475
vt 0.136394 0.997228
vt 0.114404 0.932373
vt 0.142400 0.998224
vt 0.116005 0.930131
vt 0.148438 0.999000
vt 0.154501 0.999555
vt 0.117415 0.927764
vt 0.160580 0.999889
vt 0.054880 0.752013
vt 0.054766 0.754766
vt 0.054880 0.757519
vt 0.055221 0.760252
vt 0.055786 0.762949
vt 0.056572 0.765589
vt 0.057573 0.768156
vt 0.058783 0.770631
vt 0.060194 0.772998
vt 0.061795 0.775240
vt 0.063575 0.777342
vt 0.065523 0.779290
vt 0.067625 0.781071
vt 0.001776 0.809066
vt 0.069868 0.782672
vt 0.072234 0.784082
vt 0.000111 0.827246
vt 0.082613 0.721887
vt 0.079916 0.722453
vt 0.077276 0.723239
vt 0.074709 0.724240
vt 0.072234 0.725450
vt 0.069868 0.726860
vt 0.067625 0.728461
vt 0.065523 0.730242
vt 0.063575 0.732190
vt 0.061795 0.734292
vt 0.060194 0.736534
vt 0.058783 0.738901
vt 0.057573 0.741376
vt 0.056572 0.743943
vt 0.055786 0.746583
vt 0.055221 0.749279
vt 0.329346 0.797095
vt 0.212013 0.247985
vt 0.211899 0.245233
vt 0.200000 0.166667
vt 0.212013 0.242480
vt 0.212354 0.239746
vt 0.212919 0.237050
vt 0.213705 0.234409
vt 0.214707 0.231843
vt 0.215917 0.229368
vt 0.217327 0.227001
vt 0.218928 0.224759
vt 0.220708 0.222657
vt 0.222657 0.220708
vt 0.224759 0.218928
vt 0.227001 0.217327
vt 0.229368 0.215917
vt 0.231843 0.214707
vt 0.234409 0.213705
vt 0.237050 0.212919
vt 0.239746 0.212354
vt 0.242480 0.212013
vt 0.245233 0.211899
vt 0.245233 0.121433
vt 0.247985 0.212013
vt 0.247985 0.121319
vt 0.250719 0.212354
vt 0.250719 0.120978
vt 0.253415 0.212919
vt 0.253415 0.120413
vt 0.256056 0.213705
vt 0.256056 0.119626
vt 0.258622 0.214707
vt 0.258622 0.118625
vt 0.261097 0.215917
vt 0.261097 0.117415
vt 0.263464 0.217327
vt 0.263464 0.116005
vt 0.265706 0.218928
vt 0.265706 0.114404
vt 0.267809 0.220708
vt 0.267809 0.112623
vt 0.269757 0.222657
vt 0.269757 0.110675
vt 0.271537 0.224759
vt 0.271537 0.108573
vt 0.273138 0.227001
vt 0.273138 0.106331
vt 0.274548 0.229368
vt 0.274548 0.103964
vt 0.275758 0.231843
vt 0.275758 0.101489
vt 0.276760 0.234409
vt 0.276760 0.098923
vt 0.277546 0.237050
vt 0.277546 0.096282
vt 0.278111 0.239746
vt 0.278111 0.093586
vt 0.278452 0.242480
vt 0.278452 0.090852
vt 0.278566 0.245233
vt 0.278566 0.088099
vt 0.333333 0.166667
vt 0.333222 0.160580
vt 0.278452 0.085347
vt 0.278111 0.082613
vt 0.212354 0.250719
vt 0.212919 0.253415
vt 0.213705 0.256056
vt 0.214707 0.258622
vt 0.215917 0.261097
vt 0.217327 0.263464
vt 0.218928 0.265706
vt 0.220708 0.267809
vt 0.222657 0.269757
vt 0.224759 0.271537
vt 0.227001 0.273138
vt 0.229368 0.274548
vt 0.231843 0.275758
vt 0.234409 0.276760
vt 0.237050 0.277546
vt 0.239746 0.278111
vt 0.242480 0.278452
vt 0.245233 0.278566
vt 0.247985 0.278452
vt 0.250719 0.278111
vt 0.253415 0.277546
vt 0.256056 0.276760
vt 0.258622 0.275758
vt 0.261097 0.274548
vt 0.263464 0.273138
vt 0.265706 0.271537
vt 0.267809 0.269757
vt 0.269757 0.267809
vt 0.271537 0.265706
vt 0.273138 0.263464
vt 0.274548 0.261097
vt 0.275758 0.258622
vt 0.276760 0.256056
vt 0.277546 0.253415
vt 0.278111 0.250719
vt 0.278452 0.247985
vt 0.333222 0.172754
vt 0.212013 0.090852
vt 0.166667 0.133333
vt 0.211899 0.088099
vt 0.121433 0.088099
vt 0.212013 0.085347
vt 0.212354 0.082613
vt 0.212919 0.079916
vt 0.213705 0.077276
vt 0.214707 0.074709
vt 0.169419 0.133447
vt 0.212354 0.093586
vt 0.172153 0.133788
vt 0.212919 0.096282
vt 0.174850 0.134353
vt 0.213705 0.098923
vt 0.177490 0.135139
vt 0.214707 0.101489
vt 0.180057 0.136141
vt 0.215917 0.103964
vt 0.182532 0.137351
vt 0.217327 0.106331
vt 0.184898 0.138761
vt 0.218928 0.108573
vt 0.187140 0.140362
vt 0.220708 0.110675
vt 0.189243 0.142143
vt 0.222657 0.112623
vt 0.191191 0.144091
vt 0.224759 0.114404
vt 0.192971 0.146193
vt 0.227001 0.116005
vt 0.194572 0.148435
vt 0.229368 0.117415
vt 0.195982 0.150802
vt 0.231843 0.118625
vt 0.197192 0.153277
vt 0.234409 0.119626
vt 0.198194 0.155843
vt 0.237050 0.120413
vt 0.198980 0.158484
vt 0.239746 0.120978
vt 0.199545 0.161180
vt 0.242480 0.121319
vt 0.199886 0.163914
vt 0.277546 0.079916
vt 0.276760 0.077276
vt 0.275758 0.074709
vt 0.274548 0.072234
vt 0.273138 0.069868
vt 0.271537 0.067626
vt 0.269757 0.065523
vt 0.267809 0.063575
vt 0.265706 0.061795
vt 0.263464 0.060194
vt 0.261097 0.058783
vt 0.258622 0.057573
vt 0.256056 0.056572
vt 0.253415 0.055786
vt 0.250719 0.055221
vt 0.247985 0.054880
vt 0.245233 0.054766
vt 0.242480 0.054880
vt 0.239746 0.055221
vt 0.237050 0.055786
vt 0.234409 0.056572
vt 0.231843 0.057573
vt 0.229368 0.058783
vt 0.227001 0.060194
vt 0.224759 0.061795
vt 0.222657 0.063575
vt 0.220708 0.065523
vt 0.218928 0.067626
vt 0.217327 0.069868
vt 0.215917 0.072234
vt 0.054880 0.242480
vt 0.054766 0.245233
vt 0.054880 0.247985
vt 0.055221 0.250719
vt 0.055786 0.253415
vt 0.056572 0.256056
vt 0.057573 0.258622
vt 0.058783 0.261097
vt 0.060194 0.263464
vt 0.061795 0.265706
vt 0.063575 0.267809
vt 0.065523 0.269757
vt 0.067625 0.271537
vt 0.069868 0.273138
vt 0.072234 0.274548
vt 0.074709 0.275758
vt 0.077276 0.276760
vt 0.079916 0.277546
vt 0.082613 0.278111
vt 0.085347 0.278452
vt 0.088099 0.278566
vt 0.090852 0.278452
vt 0.093586 0.278111
vt 0.096282 0.277546
vt 0.098923 0.276760
vt 0.101489 0.275758
vt 0.103964 0.274548
vt 0.106331 0.273138
vt 0.108573 0.271537
vt 0.110675 0.269757
vt 0.112623 0.267809
vt 0.114404 0.265706
vt 0.116005 0.263464
vt 0.117415 0.261097
vt 0.118625 0.258622
vt 0.119626 0.256056
vt 0.120413 0.253415
vt 0.120978 0.250719
vt 0.172153 0.199545
vt 0.169419 0.199886
vt 0.121319 0.247985
vt 0.166667 0.200000
vt 0.121433 0.245233
vt 0.163914 0.199886
vt 0.121319 0.242480
vt 0.161180 0.199545
vt 0.120978 0.239746
vt 0.158484 0.198980
vt 0.120413 0.237050
vt 0.155843 0.198194
vt 0.119626 0.234409
vt 0.153277 0.197192
vt 0.118625 0.231843
vt 0.150802 0.195982
vt 0.117415 0.229368
vt 0.148435 0.194572
vt 0.116005 0.227001
vt 0.146193 0.192971
vt 0.114404 0.224759
vt 0.144091 0.191191
vt 0.112623 0.222657
vt 0.142143 0.189243
vt 0.110675 0.220708
vt 0.140362 0.187140
vt 0.108573 0.218928
vt 0.138761 0.184898
vt 0.106331 0.217327
vt 0.137351 0.182532
vt 0.103964 0.215917
vt 0.136141 0.180057
vt 0.101489 0.214707
vt 0.135139 0.177490
vt 0.098923 0.213705
vt 0.134353 0.174850
vt 0.096282 0.212919
vt 0.133788 0.172153
vt 0.093586 0.212354
vt 0.133447 0.169419
vt 0.090852 0.212013
vt 0.133333 0.166667
vt 0.088099 0.211899
vt 0.088099 0.121433
vt 0.085347 0.121319
vt 0.085347 0.212013
vt 0.082613 0.120978
vt 0.082613 0.212354
vt 0.079916 0.120413
vt 0.079916 0.212919
vt 0.077276 0.119626
vt 0.077276 0.213705
vt 0.074709 0.118625
vt 0.074709 0.214707
vt 0.072234 0.215917
vt 0.069868 0.217327
vt 0.067625 0.218928
vt 0.065523 0.220708
vt 0.063575 0.222657
vt 0.061795 0.224759
vt 0.060194 0.227001
vt 0.058783 0.229368
vt 0.057573 0.231843
vt 0.056572 0.234409
vt 0.055786 0.237050
vt 0.055221 0.239746
vt 0.174850 0.198980
vt 0.177490 0.198194
vt 0.180057 0.197192
vt 0.182532 0.195982
vt 0.184898 0.194572
vt 0.187140 0.192971
vt 0.189243 0.191191
vt 0.191191 0.189243
vt 0.192971 0.187140
vt 0.194572 0.184898
vt 0.195982 0.182532
vt 0.197192 0.180057
vt 0.198194 0.177490
vt 0.198980 0.174850
vt 0.199545 0.172153
vt 0.199886 0.169419
vt 0.163914 0.133447
vt 0.121319 0.090852
vt 0.161180 0.133788
vt 0.120978 0.093586
vt 0.158484 0.134353
vt 0.120413 0.096282
vt 0.155843 0.135139
vt 0.119626 0.098923
vt 0.153277 0.136141
vt 0.118625 0.101489
vt 0.150802 0.137351
vt 0.148435 0.138761
vt 0.146193 0.140362
vt 0.144091 0.142143
vt 0.142143 0.144091
vt 0.140362 0.146193
vt 0.138761 0.148435
vt 0.137351 0.150802
vt 0.136141 0.153277
vt 0.135139 0.155843
vt 0.117415 0.103964
vt 0.116005 0.106331
vt 0.114404 0.108573
vt 0.112623 0.110675
vt 0.110675 0.112623
vt 0.108573 0.114404
vt 0.106331 0.116005
vt 0.103964 0.117415
vt 0.101489 0.118625
vt 0.098923 0.119626
vt 0.134353 0.158484
vt 0.096282 0.120413
vt 0.133788 0.161180
vt 0.093586 0.120978
vt 0.133447 0.163914
vt 0.090852 0.121319
vt 0.054880 0.085347
vt 0.054766 0.088099
vt 0.054880 0.090852
vt 0.055221 0.093586
vt 0.055786 0.096282
vt 0.056572 0.098923
vt 0.057573 0.101489
vt 0.058783 0.103964
vt 0.060194 0.106331
vt 0.061795 0.108573
vt 0.063575 0.110675
vt 0.065523 0.112623
vt 0.067625 0.114404
vt 0.069868 0.116005
vt 0.072234 0.117415
vt 0.121319 0.085347
vt 0.120978 0.082613
vt 0.120413 0.079916
vt 0.119626 0.077276
vt 0.118625 0.074709
vt 0.117415 0.072234
vt 0.116005 0.069868
vt 0.114404 0.067625
vt 0.112623 0.065523
vt 0.110675 0.063575
vt 0.108573 0.061795
vt 0.106331 0.060194
vt 0.103964 0.058783
vt 0.101489 0.057573
vt 0.098923 0.056572
vt 0.096282 0.055786
vt 0.093586 0.055221
vt 0.090852 0.054880
vt 0.088099 0.054766
vt 0.085347 0.054880
vt 0.082613 0.055221
vt 0.079916 0.055786
vt 0.077276 0.056572
vt 0.074709 0.057573
vt 0.072234 0.058783
vt 0.069868 0.060194
vt 0.067625 0.061795
vt 0.065523 0.063575
vt 0.063575 0.065523
vt 0.061795 0.067625
vt 0.060194 0.069868
vt 0.058783 0.072234
vt 0.057573 0.074709
vt 0.056572 0.077276
vt 0.055786 0.079916
vt 0.055221 0.082613
vt 0.545348 0.424185
vt 0.502753 0.466780
vt 0.545234 0.421433
vt 0.500000 0.466667
vt 0.497247 0.466780
vt 0.505486 0.467121
vt 0.545689 0.426919
vt 0.508183 0.467687
vt 0.546254 0.429615
vt 0.510823 0.468473
vt 0.547040 0.432256
vt 0.513390 0.469474
vt 0.548042 0.434822
vt 0.515865 0.470684
vt 0.549252 0.437297
vt 0.518232 0.472094
vt 0.550662 0.439664
vt 0.520474 0.473695
vt 0.552263 0.441906
vt 0.522576 0.475476
vt 0.554043 0.444009
vt 0.524524 0.477424
vt 0.555991 0.445957
vt 0.526305 0.479526
vt 0.558094 0.447737
vt 0.527906 0.481768
vt 0.560336 0.449338
vt 0.529316 0.484135
vt 0.530526 0.486610
vt 0.531527 0.489177
vt 0.532313 0.491817
vt 0.532879 0.494513
vt 0.533219 0.497247
vt 0.533333 0.500000
vt 0.562703 0.450748
vt 0.565178 0.451958
vt 0.567744 0.452960
vt 0.570385 0.453746
vt 0.573081 0.454311
vt 0.575815 0.454652
vt 0.578567 0.454766
vt 0.581320 0.454652
vt 0.584054 0.454311
vt 0.586750 0.453746
vt 0.589391 0.452960
vt 0.591957 0.451958
vt 0.594432 0.450748
vt 0.596799 0.449338
vt 0.599041 0.447737
vt 0.601143 0.445957
vt 0.603092 0.444009
vt 0.604872 0.441906
vt 0.606473 0.439664
vt 0.607883 0.437297
vt 0.609093 0.434822
vt 0.610095 0.432256
vt 0.610881 0.429615
vt 0.611446 0.426919
vt 0.611787 0.424185
vt 0.611901 0.421433
vt 0.611787 0.418680
vt 0.611446 0.415946
vt 0.610881 0.413250
vt 0.610095 0.410609
vt 0.609093 0.408043
vt 0.607883 0.405568
vt 0.606473 0.403201
vt 0.604872 0.400959
vt 0.603092 0.398856
vt 0.601143 0.396908
vt 0.599041 0.395128
vt 0.596799 0.393527
vt 0.594432 0.392117
vt 0.591957 0.390907
vt 0.589391 0.389905
vt 0.586750 0.389119
vt 0.584054 0.388554
vt 0.581320 0.388213
vt 0.578567 0.388099
vt 0.575815 0.388213
vt 0.573081 0.388554
vt 0.570385 0.389119
vt 0.567744 0.389905
vt 0.565178 0.390907
vt 0.562703 0.392117
vt 0.560336 0.393527
vt 0.558094 0.395128
vt 0.555991 0.396908
vt 0.554043 0.398856
vt 0.552263 0.400959
vt 0.550662 0.403201
vt 0.549252 0.405568
vt 0.548042 0.408043
vt 0.547040 0.410609
vt 0.546254 0.413250
vt 0.545689 0.415946
vt 0.545348 0.418680
vt 0.466781 0.502753
vt 0.424185 0.545348
vt 0.466667 0.500000
vt 0.421433 0.545234
vt 0.418680 0.545348
vt 0.426919 0.545689
vt 0.467121 0.505486
vt 0.429615 0.546254
vt 0.467687 0.508183
vt 0.432256 0.547040
vt 0.468473 0.510823
vt 0.434822 0.548042
vt 0.469474 0.513390
vt 0.437297 0.549252
vt 0.470684 0.515865
vt 0.439664 0.550662
vt 0.472094 0.518232
vt 0.441906 0.552263
vt 0.473695 0.520474
vt 0.444009 0.554043
vt 0.475476 0.522576
vt 0.445957 0.555991
vt 0.477424 0.524524
vt 0.447737 0.558094
vt 0.479526 0.526305
vt 0.449338 0.560336
vt 0.481768 0.527906
vt 0.450748 0.562702
vt 0.484135 0.529316
vt 0.451958 0.565178
vt 0.486610 0.530526
vt 0.452960 0.567744
vt 0.489177 0.531527
vt 0.453746 0.570385
vt 0.491817 0.532313
vt 0.454311 0.573081
vt 0.494514 0.532879
vt 0.454652 0.575815
vt 0.497247 0.533219
vt 0.454766 0.578567
vt 0.500000 0.533333
vt 0.502753 0.533219
vt 0.505486 0.532879
vt 0.530273 0.663894
vt 0.524267 0.664891
vt 0.536238 0.662679
vt 0.508183 0.532313
vt 0.510823 0.531527
vt 0.513390 0.530526
vt 0.515865 0.529316
vt 0.518232 0.527906
vt 0.520474 0.526305
vt 0.522576 0.524524
vt 0.524524 0.522576
vt 0.526305 0.520474
vt 0.527906 0.518232
vt 0.529316 0.515865
vt 0.530526 0.513390
vt 0.531527 0.510823
vt 0.532313 0.508183
vt 0.532879 0.505486
vt 0.533219 0.502753
vt 0.494514 0.467121
vt 0.491817 0.467687
vt 0.489177 0.468473
vt 0.486610 0.469474
vt 0.484135 0.470684
vt 0.481768 0.472094
vt 0.479526 0.473695
vt 0.477424 0.475476
vt 0.475476 0.477424
vt 0.473695 0.479526
vt 0.472094 0.481768
vt 0.470684 0.484135
vt 0.469474 0.486610
vt 0.468473 0.489177
vt 0.467687 0.491817
vt 0.467121 0.494513
vt 0.466781 0.497247
vt 0.388213 0.581320
vt 0.388099 0.578567
vt 0.388554 0.584054
vt 0.389119 0.586750
vt 0.389905 0.589391
vt 0.390907 0.591957
vt 0.392117 0.594432
vt 0.393527 0.596799
vt 0.395128 0.599041
vt 0.396908 0.601143
vt 0.398857 0.603092
vt 0.400959 0.604872
vt 0.403201 0.606473
vt 0.405568 0.607883
vt 0.408043 0.609093
vt 0.410609 0.610095
vt 0.413250 0.610881
vt 0.415946 0.611446
vt 0.418680 0.611787
vt 0.421433 0.611901
vt 0.424185 0.611787
vt 0.426919 0.611446
vt 0.429615 0.610881
vt 0.432256 0.610095
vt 0.434822 0.609093
vt 0.437297 0.607883
vt 0.439664 0.606473
vt 0.441906 0.604872
vt 0.444009 0.603092
vt 0.445957 0.601143
vt 0.447737 0.599041
vt 0.449338 0.596799
vt 0.450748 0.594432
vt 0.451958 0.591957
vt 0.452960 0.589391
vt 0.453746 0.586750
vt 0.454311 0.584054
vt 0.454652 0.581320
vt 0.415946 0.545689
vt 0.413250 0.546254
vt 0.410609 0.547040
vt 0.408043 0.548042
vt 0.405568 0.549252
vt 0.403201 0.550662
vt 0.400959 0.552263
vt 0.398857 0.554043
vt 0.396908 0.555991
vt 0.395128 0.558094
vt 0.393527 0.560336
vt 0.392117 0.562702
vt 0.390907 0.565178
vt 0.389905 0.567744
vt 0.389119 0.570385
vt 0.388554 0.573081
vt 0.388213 0.575815
vt 0.506087 0.666555
vt 0.500000 0.666667
vt 0.493913 0.666555
vt 0.487834 0.666222
vt 0.481771 0.665667
vt 0.475733 0.664891
vt 0.469727 0.663894
vt 0.463762 0.662679
vt 0.518229 0.665667
vt 0.512166 0.666222
vt 0.133447 0.502753
vt 0.133333 0.500000
vt 0.133788 0.505486
vt 0.134353 0.508183
vt 0.135139 0.510823
vt 0.136141 0.513390
vt 0.137351 0.515865
vt 0.138761 0.518232
vt 0.140362 0.520474
vt 0.142143 0.522576
vt 0.144091 0.524524
vt 0.146193 0.526305
vt 0.148435 0.527906
vt 0.150802 0.529316
vt 0.153277 0.530526
vt 0.155843 0.531527
vt 0.158484 0.532313
vt 0.161180 0.532879
vt 0.163914 0.533219
vt 0.154501 0.666222
vt 0.160580 0.666555
vt 0.166667 0.533333
vt 0.166667 0.666667
vt 0.172754 0.666555
vt 0.169419 0.533219
vt 0.178833 0.666222
vt 0.172153 0.532879
vt 0.174850 0.532313
vt 0.177490 0.531527
vt 0.180057 0.530526
vt 0.182532 0.529316
vt 0.184898 0.527906
vt 0.187140 0.526305
vt 0.189243 0.524524
vt 0.191191 0.522576
vt 0.192971 0.520474
vt 0.194572 0.518232
vt 0.195982 0.515865
vt 0.197192 0.513390
vt 0.198194 0.510823
vt 0.198980 0.508183
vt 0.199545 0.505486
vt 0.199886 0.502753
vt 0.200000 0.500000
vt 0.199886 0.497247
vt 0.333222 0.493913
vt 0.333333 0.500000
vt 0.333222 0.506087
vt 0.199545 0.494514
vt 0.332889 0.487834
vt 0.198980 0.491817
vt 0.198194 0.489177
vt 0.197192 0.486610
vt 0.195982 0.484135
vt 0.194572 0.481768
vt 0.192971 0.479526
vt 0.191191 0.477424
vt 0.189243 0.475476
vt 0.187140 0.473695
vt 0.184898 0.472094
vt 0.182532 0.470684
vt 0.180057 0.469474
vt 0.177490 0.468473
vt 0.174850 0.467687
vt 0.172153 0.467121
vt 0.169419 0.466781
vt 0.166667 0.466667
vt 0.172754 0.333445
vt 0.178833 0.333778
vt 0.163914 0.466781
vt 0.160580 0.333445
vt 0.166667 0.333333
vt 0.161180 0.467121
vt 0.154501 0.333778
vt 0.158484 0.467687
vt 0.155843 0.468473
vt 0.153277 0.469474
vt 0.150802 0.470684
vt 0.148435 0.472094
vt 0.146193 0.473695
vt 0.144091 0.475476
vt 0.142143 0.477424
vt 0.140362 0.479526
vt 0.138761 0.481768
vt 0.137351 0.484135
vt 0.136141 0.486610
vt 0.135139 0.489177
vt 0.134353 0.491817
vt 0.133788 0.494514
vt 0.133447 0.497247
vt 0.332889 0.512166
vt 0.611785 0.247985
vt 0.611899 0.245233
vt 0.611785 0.242480
vt 0.611445 0.239746
vt 0.610879 0.237050
vt 0.610093 0.234409
vt 0.609092 0.231843
vt 0.607882 0.229368
vt 0.606471 0.227001
vt 0.604871 0.224759
vt 0.603090 0.222657
vt 0.662679 0.202905
vt 0.601142 0.220708
vt 0.663894 0.196939
vt 0.599040 0.218928
vt 0.664891 0.190934
vt 0.596798 0.217327
vt 0.665667 0.184895
vt 0.666222 0.178833
vt 0.594431 0.215917
vt 0.666555 0.172754
vt 0.591956 0.214707
vt 0.666667 0.166667
vt 0.591956 0.118625
vt 0.666555 0.160580
vt 0.594431 0.117415
vt 0.666222 0.154501
vt 0.596798 0.116005
vt 0.665667 0.148438
vt 0.664891 0.142400
vt 0.599040 0.114404
vt 0.663894 0.136394
vt 0.601142 0.112623
vt 0.662679 0.130428
vt 0.603090 0.110675
vt 0.604871 0.108573
vt 0.606471 0.106331
vt 0.607882 0.103964
vt 0.609092 0.101489
vt 0.610093 0.098923
vt 0.610879 0.096282
vt 0.611445 0.093586
vt 0.611785 0.090852
vt 0.611899 0.088099
vt 0.611785 0.085347
vt 0.589389 0.119626
vt 0.589389 0.213705
vt 0.586749 0.120413
vt 0.586749 0.212919
vt 0.584052 0.120978
vt 0.584052 0.212354
vt 0.581319 0.121319
vt 0.581319 0.212013
vt 0.578566 0.121433
vt 0.578566 0.211899
vt 0.575813 0.121319
vt 0.575813 0.212013
vt 0.573079 0.120978
vt 0.573079 0.212354
vt 0.570383 0.120413
vt 0.570383 0.212919
vt 0.567743 0.119626
vt 0.567743 0.213705
vt 0.565176 0.118625
vt 0.565176 0.214707
vt 0.562701 0.117415
vt 0.562701 0.215917
vt 0.515864 0.117415
vt 0.515864 0.215917
vt 0.513389 0.118625
vt 0.513389 0.214707
vt 0.510823 0.119626
vt 0.510823 0.213705
vt 0.508182 0.120413
vt 0.508182 0.212919
vt 0.505486 0.120978
vt 0.505486 0.212354
vt 0.502752 0.121319
vt 0.502752 0.212013
vt 0.499999 0.121433
vt 0.499999 0.211899
vt 0.497247 0.121319
vt 0.497247 0.212013
vt 0.494513 0.120978
vt 0.494513 0.212354
vt 0.491816 0.120413
vt 0.491816 0.212919
vt 0.489176 0.119626
vt 0.489176 0.213705
vt 0.486609 0.118625
vt 0.486609 0.214707
vt 0.484134 0.117415
vt 0.484134 0.215917
vt 0.437297 0.117415
vt 0.437297 0.215917
vt 0.434822 0.118625
vt 0.434822 0.214707
vt 0.432256 0.119626
vt 0.432256 0.213705
vt 0.429615 0.120413
vt 0.429615 0.212919
vt 0.426919 0.120978
vt 0.426919 0.212354
vt 0.424185 0.121319
vt 0.424185 0.212013
vt 0.421433 0.121433
vt 0.421433 0.211899
vt 0.418680 0.121319
vt 0.418680 0.212013
vt 0.415946 0.120978
vt 0.415946 0.212354
vt 0.413250 0.120413
vt 0.413250 0.212919
vt 0.410609 0.119626
vt 0.410609 0.213705
vt 0.408043 0.118625
vt 0.408043 0.214707
vt 0.405568 0.215917
vt 0.403201 0.217327
vt 0.400959 0.218928
vt 0.398856 0.220708
vt 0.396908 0.222657
vt 0.395128 0.224759
vt 0.393527 0.227001
vt 0.392117 0.229368
vt 0.390907 0.231843
vt 0.389905 0.234409
vt 0.389119 0.237050
vt 0.388554 0.239746
vt 0.388213 0.242480
vt 0.388099 0.245233
vt 0.388213 0.247985
vt 0.560334 0.217327
vt 0.518231 0.217327
vt 0.558092 0.218928
vt 0.520473 0.218928
vt 0.555990 0.220708
vt 0.522575 0.220708
vt 0.554042 0.222657
vt 0.524523 0.222657
vt 0.552261 0.224759
vt 0.526304 0.224759
vt 0.550660 0.227001
vt 0.527905 0.227001
vt 0.549250 0.229368
vt 0.529315 0.229368
vt 0.548040 0.231843
vt 0.530525 0.231843
vt 0.547039 0.234409
vt 0.531526 0.234409
vt 0.546253 0.237050
vt 0.532313 0.237050
vt 0.545687 0.239746
vt 0.532878 0.239746
vt 0.545346 0.242480
vt 0.533219 0.242480
vt 0.545233 0.245233
vt 0.533333 0.245233
vt 0.533219 0.247985
vt 0.545346 0.247985
vt 0.532878 0.250719
vt 0.545687 0.250719
vt 0.532313 0.253415
vt 0.546253 0.253415
vt 0.531526 0.256056
vt 0.547039 0.256056
vt 0.530525 0.258622
vt 0.548040 0.258622
vt 0.529315 0.261097
vt 0.549250 0.261097
vt 0.550660 0.263464
vt 0.527905 0.263464
vt 0.552261 0.265706
vt 0.526304 0.265706
vt 0.554042 0.267809
vt 0.524523 0.267809
vt 0.555990 0.269757
vt 0.522575 0.269757
vt 0.558092 0.271537
vt 0.520473 0.271537
vt 0.518231 0.273138
vt 0.515864 0.274548
vt 0.513389 0.275758
vt 0.560334 0.273138
vt 0.562701 0.274548
vt 0.565176 0.275758
vt 0.567743 0.276760
vt 0.570383 0.277546
vt 0.573079 0.278111
vt 0.575813 0.278452
vt 0.578566 0.278566
vt 0.581319 0.278452
vt 0.584052 0.278111
vt 0.586749 0.277546
vt 0.589389 0.276760
vt 0.591956 0.275758
vt 0.594431 0.274548
vt 0.596797 0.273138
vt 0.599040 0.271537
vt 0.601142 0.269757
vt 0.603090 0.267809
vt 0.604871 0.265706
vt 0.606471 0.263464
vt 0.607882 0.261097
vt 0.609092 0.258622
vt 0.610093 0.256056
vt 0.610879 0.253415
vt 0.611445 0.250719
vt 0.611445 0.082613
vt 0.610879 0.079916
vt 0.610093 0.077276
vt 0.609092 0.074709
vt 0.607882 0.072234
vt 0.606471 0.069868
vt 0.604871 0.067626
vt 0.603090 0.065523
vt 0.601142 0.063575
vt 0.599040 0.061795
vt 0.596798 0.060194
vt 0.594431 0.058783
vt 0.591956 0.057573
vt 0.589389 0.056572
vt 0.586749 0.055786
vt 0.584052 0.055221
vt 0.581319 0.054880
vt 0.578566 0.054766
vt 0.575813 0.054880
vt 0.573079 0.055221
vt 0.570383 0.055786
vt 0.567743 0.056572
vt 0.565176 0.057573
vt 0.562701 0.058783
vt 0.560334 0.060194
vt 0.558092 0.061795
vt 0.520473 0.061795
vt 0.555990 0.063575
vt 0.522575 0.063575
vt 0.554042 0.065523
vt 0.524523 0.065523
vt 0.552261 0.067625
vt 0.526304 0.067625
vt 0.550660 0.069868
vt 0.527905 0.069868
vt 0.549250 0.072234
vt 0.529315 0.072234
vt 0.530525 0.074709
vt 0.548040 0.074709
vt 0.531527 0.077276
vt 0.547039 0.077276
vt 0.532313 0.079916
vt 0.546253 0.079916
vt 0.532878 0.082613
vt 0.545687 0.082613
vt 0.533219 0.085347
vt 0.545346 0.085347
vt 0.533333 0.088099
vt 0.545233 0.088099
vt 0.533219 0.090852
vt 0.545346 0.090852
vt 0.532878 0.093586
vt 0.545687 0.093586
vt 0.532313 0.096282
vt 0.546253 0.096282
vt 0.531526 0.098923
vt 0.547039 0.098923
vt 0.530525 0.101489
vt 0.548040 0.101489
vt 0.529315 0.103964
vt 0.549250 0.103964
vt 0.527905 0.106331
vt 0.550660 0.106331
vt 0.552261 0.108573
vt 0.526304 0.108573
vt 0.554042 0.110675
vt 0.524523 0.110675
vt 0.555990 0.112623
vt 0.522575 0.112623
vt 0.558092 0.114404
vt 0.520473 0.114404
vt 0.560334 0.116005
vt 0.518231 0.116005
vt 0.481768 0.217327
vt 0.439664 0.217327
vt 0.479525 0.218928
vt 0.441906 0.218928
vt 0.477423 0.220708
vt 0.444009 0.220708
vt 0.475475 0.222657
vt 0.445957 0.222657
vt 0.473695 0.224759
vt 0.447737 0.224759
vt 0.472094 0.227001
vt 0.449338 0.227001
vt 0.470683 0.229368
vt 0.450748 0.229368
vt 0.469473 0.231843
vt 0.451958 0.231843
vt 0.468472 0.234409
vt 0.452960 0.234409
vt 0.467686 0.237050
vt 0.453746 0.237050
vt 0.467120 0.239746
vt 0.454311 0.239746
vt 0.466780 0.242480
vt 0.454652 0.242480
vt 0.466666 0.245233
vt 0.454766 0.245233
vt 0.454652 0.247985
vt 0.466780 0.247985
vt 0.454311 0.250719
vt 0.467120 0.250719
vt 0.453746 0.253415
vt 0.467686 0.253415
vt 0.452960 0.256056
vt 0.468472 0.256056
vt 0.451958 0.258622
vt 0.469473 0.258622
vt 0.450748 0.261097
vt 0.470683 0.261097
vt 0.472094 0.263464
vt 0.449338 0.263464
vt 0.473695 0.265706
vt 0.447737 0.265706
vt 0.475475 0.267809
vt 0.445957 0.267809
vt 0.477423 0.269757
vt 0.444009 0.269757
vt 0.479525 0.271537
vt 0.441906 0.271537
vt 0.439664 0.273138
vt 0.437297 0.274548
vt 0.434822 0.275758
vt 0.432256 0.276760
vt 0.429615 0.277546
vt 0.426919 0.278111
vt 0.424185 0.278452
vt 0.421433 0.278566
vt 0.418680 0.278452
vt 0.415946 0.278111
vt 0.413250 0.277546
vt 0.410609 0.276760
vt 0.408043 0.275758
vt 0.405568 0.274548
vt 0.403201 0.273138
vt 0.400959 0.271537
vt 0.398856 0.269757
vt 0.396908 0.267809
vt 0.395128 0.265706
vt 0.393527 0.263464
vt 0.392117 0.261097
vt 0.390907 0.258622
vt 0.389905 0.256056
vt 0.389119 0.253415
vt 0.388554 0.250719
vt 0.481768 0.273138
vt 0.484134 0.274548
vt 0.486609 0.275758
vt 0.489176 0.276760
vt 0.491816 0.277546
vt 0.494513 0.278111
vt 0.497247 0.278452
vt 0.500000 0.333333
vt 0.499999 0.278566
vt 0.502752 0.278452
vt 0.505486 0.278111
vt 0.508182 0.277546
vt 0.510823 0.276760
vt 0.518231 0.060194
vt 0.515864 0.058783
vt 0.536238 0.003987
vt 0.513389 0.057573
vt 0.530273 0.002772
vt 0.524267 0.001776
vt 0.510823 0.056572
vt 0.518229 0.001000
vt 0.508182 0.055786
vt 0.512166 0.000445
vt 0.505486 0.055221
vt 0.506087 0.000111
vt 0.502752 0.054880
vt 0.500000 -0.000000
vt 0.499999 0.054766
vt 0.497247 0.054880
vt 0.493913 0.000111
vt 0.494513 0.055221
vt 0.487834 0.000445
vt 0.491816 0.055786
vt 0.481771 0.001000
vt 0.489176 0.056572
vt 0.475733 0.001776
vt 0.486609 0.057573
vt 0.469727 0.002772
vt 0.463762 0.003987
vt 0.484134 0.058783
vt 0.481768 0.060194
vt 0.479525 0.061795
vt 0.441906 0.061795
vt 0.477423 0.063575
vt 0.444009 0.063575
vt 0.475475 0.065523
vt 0.445957 0.065523
vt 0.473695 0.067625
vt 0.447737 0.067625
vt 0.472094 0.069868
vt 0.449338 0.069868
vt 0.470683 0.072234
vt 0.450748 0.072234
vt 0.451958 0.074709
vt 0.469473 0.074709
vt 0.452960 0.077276
vt 0.468472 0.077276
vt 0.453746 0.079916
vt 0.467686 0.079916
vt 0.454311 0.082613
vt 0.467121 0.082613
vt 0.454652 0.085347
vt 0.466780 0.085347
vt 0.454766 0.088099
vt 0.466666 0.088099
vt 0.454652 0.090852
vt 0.466780 0.090852
vt 0.454311 0.093586
vt 0.467121 0.093586
vt 0.453746 0.096282
vt 0.467686 0.096282
vt 0.452960 0.098923
vt 0.468472 0.098923
vt 0.451958 0.101489
vt 0.469473 0.101489
vt 0.450748 0.103964
vt 0.470683 0.103964
vt 0.449338 0.106331
vt 0.472094 0.106331
vt 0.473695 0.108573
vt 0.447737 0.108573
vt 0.475475 0.110675
vt 0.445957 0.110675
vt 0.477423 0.112623
vt 0.444009 0.112623
vt 0.479525 0.114404
vt 0.441906 0.114404
vt 0.481768 0.116005
vt 0.439664 0.116005
vt 0.439664 0.060194
vt 0.437297 0.058783
vt 0.434822 0.057573
vt 0.432256 0.056572
vt 0.429615 0.055786
vt 0.426919 0.055221
vt 0.424185 0.054880
vt 0.421433 0.054766
vt 0.418680 0.054880
vt 0.415946 0.055221
vt 0.413250 0.055786
vt 0.410609 0.056572
vt 0.408043 0.057573
vt 0.405568 0.058783
vt 0.403201 0.060194
vt 0.400959 0.061795
vt 0.398856 0.063575
vt 0.396908 0.065523
vt 0.395128 0.067625
vt 0.393527 0.069868
vt 0.392117 0.072234
vt 0.390907 0.074709
vt 0.389905 0.077276
vt 0.389119 0.079916
vt 0.388554 0.082613
vt 0.388213 0.085347
vt 0.388099 0.088099
vt 0.388213 0.090852
vt 0.388554 0.093586
vt 0.389119 0.096282
vt 0.389905 0.098923
vt 0.390907 0.101489
vt 0.392117 0.103964
vt 0.393527 0.106331
vt 0.395128 0.108573
vt 0.396908 0.110675
vt 0.398856 0.112623
vt 0.400959 0.114404
vt 0.403201 0.116005
vt 0.405568 0.117415
s 0
usemtl Material.001
f 1/1/1 2/2/1 3/3/1
f 3/3/2 2/2/2 4/4/2
f 3/3/2 4/4/2 5/5/2
f 5/5/3 4/4/3 6/6/3
f 5/5/3 6/6/3 7/7/3
f 7/7/4 6/6/4 8/8/4
f 7/7/4 8/8/4 9/9/4
f 9/9/5 8/8/5 10/10/5
f 9/9/5 10/10/5 11/11/5
f 11/11/6 10/10/6 12/12/6
f 12/12/6 10/10/6 13/13/6
f 12/12/7 13/13/7 14/14/7
f 15/15/8 16/16/8 14/17/8
f 14/14/9 16/18/9 17/19/9
f 14/14/9 17/19/9 18/20/9
f 18/20/10 17/19/10 19/21/10
f 19/22/11 17/23/11 20/24/11
f 19/21/12 20/25/12 21/26/12
f 21/26/13 20/25/13 22/27/13
f 21/26/14 22/27/14 23/28/14
f 23/28/15 22/27/15 24/29/15
f 23/28/16 24/29/16 25/30/16
f 25/30/17 24/29/17 26/31/17
f 25/30/18 26/31/18 27/32/18
f 27/32/19 26/31/19 28/33/19
f 27/32/20 28/33/20 29/34/20
f 29/34/21 28/33/21 30/35/21
f 29/34/22 30/35/22 31/36/22
f 31/36/23 30/35/23 32/37/23
f 31/36/24 32/37/24 33/38/24
f 33/38/25 32/37/25 34/39/25
f 33/38/25 34/39/25 35/40/25
f 35/40/26 34/39/26 36/41/26
f 35/40/26 36/41/26 37/42/26
f 37/42/27 36/41/27 38/43/27
f 37/42/27 38/43/27 39/44/27
f 39/44/28 38/43/28 40/45/28
f 39/44/28 40/45/28 41/46/28
f 41/46/29 40/45/29 42/47/29
f 41/46/29 42/47/29 43/48/29
f 43/48/30 42/47/30 44/49/30
f 43/48/30 44/49/30 45/50/30
f 45/50/31 44/49/31 46/51/31
f 45/50/31 46/51/31 47/52/31
f 47/52/32 46/51/32 48/53/32
f 47/52/32 48/53/32 49/54/32
f 49/55/33 48/56/33 50/57/33
f 49/55/33 50/57/33 51/58/33
f 51/58/34 50/57/34 52/59/34
f 51/58/34 52/59/34 53/60/34
f 53/60/35 52/59/35 54/61/35
f 53/60/35 54/61/35 55/62/35
f 55/62/36 54/61/36 56/63/36
f 55/62/36 56/63/36 57/64/36
f 57/64/37 56/63/37 58/65/37
f 57/64/38 58/65/38 59/66/38
f 16/18/39 15/67/39 60/68/39
f 60/69/40 15/15/40 61/70/40
f 60/69/41 61/70/41 62/71/41
f 62/71/42 61/70/42 63/72/42
f 62/71/43 63/72/43 64/73/43
f 64/73/44 63/72/44 65/74/44
f 64/73/45 65/74/45 66/75/45
f 67/76/46 68/77/46 66/75/46
f 66/75/47 68/77/47 69/78/47
f 66/75/48 69/78/48 64/73/48
f 64/73/49 69/78/49 24/79/49
f 64/73/50 24/79/50 22/80/50
f 68/77/51 67/76/51 70/81/51
f 70/81/52 67/76/52 71/82/52
f 70/81/53 71/82/53 72/83/53
f 72/83/54 71/82/54 73/84/54
f 72/83/55 73/84/55 74/85/55
f 74/85/56 73/84/56 75/86/56
f 74/85/57 75/86/57 76/87/57
f 71/82/58 75/86/58 73/84/58
f 76/87/59 77/88/59 74/85/59
f 74/85/60 77/88/60 78/89/60
f 74/85/61 78/89/61 79/90/61
f 79/90/61 78/89/61 80/91/61
f 79/90/62 80/91/62 81/92/62
f 81/92/62 80/91/62 82/93/62
f 81/94/63 82/95/63 83/96/63
f 83/96/63 82/95/63 84/97/63
f 83/96/64 84/97/64 34/39/64
f 34/39/64 84/97/64 36/41/64
f 78/89/65 77/88/65 85/98/65
f 85/98/66 77/88/66 86/99/66
f 85/98/67 86/99/67 87/100/67
f 87/100/68 86/99/68 88/101/68
f 87/100/69 88/101/69 89/102/69
f 89/102/70 88/101/70 90/103/70
f 89/102/71 90/103/71 91/104/71
f 91/104/72 90/103/72 92/105/72
f 91/104/73 92/105/73 93/106/73
f 93/106/74 92/105/74 94/107/74
f 93/106/75 94/107/75 95/108/75
f 95/108/76 94/107/76 96/109/76
f 95/108/77 96/109/77 97/110/77
f 97/110/78 96/109/78 98/111/78
f 97/110/79 98/111/79 99/112/79
f 99/112/80 98/111/80 100/113/80
f 99/112/81 100/113/81 101/114/81
f 101/114/82 100/113/82 102/115/82
f 101/114/83 102/115/83 103/116/83
f 103/116/84 102/115/84 104/117/84
f 103/116/85 104/117/85 105/118/85
f 105/118/86 104/117/86 106/119/86
f 105/118/87 106/119/87 107/120/87
f 107/120/88 106/119/88 108/121/88
f 107/120/89 108/121/89 109/122/89
f 109/122/90 108/121/90 110/123/90
f 109/124/91 110/125/91 111/126/91
f 111/127/92 110/123/92 112/128/92
f 111/126/93 112/129/93 113/130/93
f 113/130/94 112/129/94 114/131/94
f 113/130/95 114/131/95 115/132/95
f 115/132/96 114/131/96 116/133/96
f 115/132/97 116/133/97 117/134/97
f 117/134/98 116/133/98 118/135/98
f 117/134/99 118/135/99 119/136/99
f 119/136/100 118/135/100 120/137/100
f 119/136/101 120/137/101 121/138/101
f 121/138/102 120/137/102 122/139/102
f 121/138/103 122/139/103 123/140/103
f 123/140/103 122/139/103 124/141/103
f 123/140/104 124/141/104 125/142/104
f 125/143/104 124/144/104 126/145/104
f 125/143/105 126/145/105 127/146/105
f 127/147/105 126/148/105 128/149/105
f 127/147/106 128/149/106 129/150/106
f 129/150/106 128/149/106 130/151/106
f 129/150/107 130/151/107 131/152/107
f 131/153/108 130/154/108 132/155/108
f 131/153/109 132/155/109 133/156/109
f 133/157/110 132/158/110 134/159/110
f 133/157/111 134/159/111 135/160/111
f 88/101/112 136/161/112 90/103/112
f 90/103/113 136/161/113 92/105/113
f 98/111/114 137/162/114 100/113/114
f 100/113/115 137/162/115 102/115/115
f 104/117/116 138/163/116 106/119/116
f 106/119/117 138/163/117 139/164/117
f 106/119/118 139/164/118 108/121/118
f 108/121/119 139/164/119 140/165/119
f 108/121/120 140/165/120 141/166/120
f 141/166/121 140/165/121 142/167/121
f 141/166/122 142/167/122 110/123/122
f 110/123/123 142/167/123 143/168/123
f 110/123/92 143/168/92 112/128/92
f 112/128/124 143/168/124 114/169/124
f 142/167/125 144/170/125 143/168/125
f 143/168/126 144/170/126 145/171/126
f 143/168/124 145/171/124 114/169/124
f 114/169/127 145/171/127 146/172/127
f 114/169/128 146/172/128 116/173/128
f 116/173/129 146/172/129 147/174/129
f 116/173/130 147/174/130 118/175/130
f 118/175/131 147/174/131 148/176/131
f 118/175/132 148/176/132 120/177/132
f 120/177/133 148/176/133 122/178/133
f 144/170/134 146/172/134 145/171/134
f 113/130/135 149/179/135 111/126/135
f 111/126/136 149/179/136 150/180/136
f 111/126/91 150/180/91 109/124/91
f 109/124/137 150/180/137 151/181/137
f 109/122/89 151/182/89 107/120/89
f 107/120/138 151/182/138 152/183/138
f 107/120/87 152/183/87 105/118/87
f 105/118/139 152/183/139 153/184/139
f 105/118/140 153/184/140 101/114/140
f 101/114/141 153/184/141 154/185/141
f 101/114/81 154/185/81 99/112/81
f 99/112/142 154/185/142 155/186/142
f 99/112/143 155/186/143 95/108/143
f 95/108/144 155/186/144 156/187/144
f 95/108/145 156/187/145 91/104/145
f 91/104/146 156/187/146 157/188/146
f 91/104/71 157/188/71 89/102/71
f 89/102/147 157/188/147 158/189/147
f 89/102/148 158/189/148 159/190/148
f 159/190/149 158/189/149 160/191/149
f 159/190/150 160/191/150 80/91/150
f 80/91/151 160/191/151 82/93/151
f 149/179/152 161/192/152 150/180/152
f 150/180/153 161/192/153 162/193/153
f 150/180/137 162/193/137 151/181/137
f 151/181/154 162/193/154 163/194/154
f 151/182/138 163/195/138 152/183/138
f 152/183/155 163/195/155 164/196/155
f 152/183/139 164/196/139 153/184/139
f 153/184/156 164/196/156 165/197/156
f 153/184/141 165/197/141 154/185/141
f 154/185/157 165/197/157 166/198/157
f 154/185/142 166/198/142 155/186/142
f 155/186/158 166/198/158 167/199/158
f 155/186/144 167/199/144 156/187/144
f 156/187/159 167/199/159 168/200/159
f 156/187/146 168/200/146 157/188/146
f 157/188/160 168/200/160 169/201/160
f 157/188/147 169/201/147 158/189/147
f 158/189/161 169/201/161 170/202/161
f 158/189/149 170/202/149 160/191/149
f 160/191/162 170/202/162 171/203/162
f 160/191/151 171/203/151 82/93/151
f 82/95/163 171/204/163 84/97/163
f 161/192/164 172/205/164 162/193/164
f 162/193/165 172/205/165 173/206/165
f 162/193/154 173/206/154 163/194/154
f 163/194/166 173/206/166 174/207/166
f 163/195/155 174/208/155 164/196/155
f 164/209/167 174/207/167 175/210/167
f 164/196/156 175/211/156 165/197/156
f 165/197/168 175/211/168 176/212/168
f 165/197/169 176/212/169 166/198/169
f 166/198/170 176/212/170 177/213/170
f 166/198/171 177/213/171 167/199/171
f 167/199/172 177/213/172 178/214/172
f 167/199/159 178/214/159 168/200/159
f 168/200/173 178/214/173 179/215/173
f 168/200/160 179/215/160 169/201/160
f 169/201/174 179/215/174 180/216/174
f 169/201/161 180/216/161 170/202/161
f 170/202/175 180/216/175 181/217/175
f 170/202/162 181/217/162 171/203/162
f 171/204/176 181/218/176 182/219/176
f 171/204/163 182/219/163 84/97/163
f 84/97/177 182/219/177 36/41/177
f 172/205/178 183/220/178 173/206/178
f 173/206/179 183/220/179 184/221/179
f 173/206/166 184/221/166 174/207/166
f 174/207/180 184/221/180 185/222/180
f 174/207/167 185/222/167 175/210/167
f 175/210/181 185/222/181 186/223/181
f 175/211/168 186/224/168 176/212/168
f 176/212/182 186/224/182 187/225/182
f 176/212/170 187/225/170 177/213/170
f 177/213/183 187/225/183 188/226/183
f 177/213/172 188/226/172 178/214/172
f 178/214/184 188/226/184 189/227/184
f 178/214/173 189/227/173 179/215/173
f 179/215/185 189/227/185 190/228/185
f 179/215/174 190/228/174 180/216/174
f 180/216/186 190/228/186 191/229/186
f 180/216/175 191/229/175 181/217/175
f 181/218/187 191/230/187 192/231/187
f 181/218/176 192/231/176 182/219/176
f 182/219/188 192/231/188 38/43/188
f 182/219/177 38/43/177 36/41/177
f 183/220/189 193/232/189 184/221/189
f 184/221/190 193/232/190 194/233/190
f 184/221/180 194/233/180 185/222/180
f 185/222/191 194/233/191 195/234/191
f 185/222/181 195/234/181 186/223/181
f 186/223/192 195/234/192 196/235/192
f 186/224/182 196/236/182 187/225/182
f 187/237/193 196/235/193 197/238/193
f 187/225/183 197/239/183 188/226/183
f 188/226/194 197/239/194 198/240/194
f 188/226/184 198/240/184 189/227/184
f 189/227/195 198/240/195 199/241/195
f 189/227/185 199/241/185 190/228/185
f 190/228/196 199/241/196 200/242/196
f 190/228/186 200/242/186 191/229/186
f 191/230/197 200/243/197 201/244/197
f 191/230/187 201/244/187 192/231/187
f 192/231/198 201/244/198 40/45/198
f 192/231/188 40/45/188 38/43/188
f 194/233/199 193/232/199 202/245/199
f 202/245/200 193/232/200 203/246/200
f 202/245/201 203/246/201 204/247/201
f 204/247/202 203/246/202 205/248/202
f 204/247/203 205/248/203 206/249/203
f 206/249/204 205/248/204 207/250/204
f 206/249/205 207/250/205 208/251/205
f 208/251/206 207/250/206 209/252/206
f 208/251/207 209/252/207 210/253/207
f 210/253/208 209/252/208 211/254/208
f 210/253/209 211/254/209 212/255/209
f 212/255/210 211/254/210 213/256/210
f 212/255/210 213/256/210 214/257/210
f 214/257/211 213/256/211 56/63/211
f 214/257/212 56/63/212 54/61/212
f 213/256/213 58/65/213 56/63/213
f 57/64/214 59/66/214 215/258/214
f 215/258/215 59/66/215 216/259/215
f 215/258/216 216/259/216 217/260/216
f 217/260/217 216/259/217 218/261/217
f 217/260/218 218/261/218 219/262/218
f 219/262/219 218/261/219 220/263/219
f 219/262/220 220/263/220 221/264/220
f 221/264/221 220/263/221 222/265/221
f 221/264/222 222/265/222 223/266/222
f 223/266/223 222/265/223 224/267/223
f 223/268/224 224/269/224 225/270/224
f 225/270/225 224/269/225 226/271/225
f 225/270/226 226/271/226 227/272/226
f 227/272/227 226/271/227 228/273/227
f 227/272/228 228/273/228 229/274/228
f 229/274/229 228/273/229 230/275/229
f 230/275/230 228/273/230 231/276/230
f 230/275/231 231/276/231 232/277/231
f 232/277/232 231/276/232 233/278/232
f 232/277/233 233/278/233 234/279/233
f 234/279/234 233/278/234 235/280/234
f 234/279/234 235/280/234 236/281/234
f 236/282/235 235/283/235 237/284/235
f 236/282/236 237/284/236 238/285/236
f 238/285/237 237/284/237 239/286/237
f 238/285/238 239/286/238 240/287/238
f 240/287/239 239/286/239 241/288/239
f 240/287/240 241/288/240 242/289/240
f 242/289/241 241/288/241 243/290/241
f 242/289/242 243/290/242 244/291/242
f 244/291/243 243/290/243 245/292/243
f 244/293/244 245/294/244 246/295/244
f 246/295/245 245/294/245 247/296/245
f 246/297/245 247/298/245 248/299/245
f 248/299/246 247/298/246 249/300/246
f 248/301/246 249/302/246 250/303/246
f 250/303/247 249/302/247 251/304/247
f 250/305/247 251/306/247 252/307/247
f 252/307/248 251/306/248 253/308/248
f 252/309/248 253/310/248 254/311/248
f 254/311/249 253/310/249 255/312/249
f 254/311/249 255/312/249 256/313/249
f 256/313/250 255/312/250 257/314/250
f 256/313/251 257/314/251 258/315/251
f 258/315/252 257/314/252 259/316/252
f 220/263/253 260/317/253 222/265/253
f 222/265/254 260/317/254 261/318/254
f 222/265/223 261/318/223 224/267/223
f 224/267/255 261/318/255 262/319/255
f 224/269/225 262/320/225 226/271/225
f 226/271/256 262/320/256 228/273/256
f 260/317/257 263/321/257 261/318/257
f 261/318/258 263/321/258 264/322/258
f 261/318/255 264/322/255 262/319/255
f 262/319/259 264/322/259 265/323/259
f 262/320/256 265/324/256 228/273/256
f 228/273/260 265/324/260 231/276/260
f 263/321/261 266/325/261 264/322/261
f 264/322/262 266/325/262 267/326/262
f 264/322/259 267/326/259 265/323/259
f 265/323/263 267/326/263 233/327/263
f 265/324/260 233/278/260 231/276/260
f 266/325/264 268/328/264 267/326/264
f 267/326/265 268/328/265 235/283/265
f 267/326/263 235/283/263 233/327/263
f 268/328/266 237/284/266 235/283/266
f 246/295/267 269/329/267 244/293/267
f 244/293/268 269/329/268 242/330/268
f 269/329/269 270/331/269 242/330/269
f 242/330/270 270/331/270 240/332/270
f 270/331/271 271/333/271 240/332/271
f 240/332/272 271/333/272 238/334/272
f 238/334/273 271/333/273 272/335/273
f 272/335/274 271/333/274 273/336/274
f 272/335/275 273/336/275 234/279/275
f 234/279/276 273/336/276 232/277/276
f 229/274/277 274/337/277 227/272/277
f 227/272/278 274/337/278 275/338/278
f 227/272/279 275/338/279 276/339/279
f 276/339/280 275/338/280 277/340/280
f 276/339/281 277/340/281 278/341/281
f 278/341/281 277/340/281 279/342/281
f 278/341/282 279/342/282 280/343/282
f 280/343/282 279/342/282 281/344/282
f 280/343/283 281/344/283 282/345/283
f 282/345/283 281/344/283 283/346/283
f 282/345/284 283/346/284 284/347/284
f 284/347/284 283/346/284 285/348/284
f 284/347/285 285/348/285 286/349/285
f 286/349/285 285/348/285 287/350/285
f 286/349/286 287/350/286 51/351/286
f 51/351/287 287/350/287 49/54/287
f 275/338/288 288/352/288 277/340/288
f 277/340/289 288/352/289 279/342/289
f 279/342/290 288/352/290 289/353/290
f 289/353/291 288/352/291 290/354/291
f 289/353/292 290/354/292 291/355/292
f 292/356/293 293/357/293 291/355/293
f 291/355/294 293/357/294 294/358/294
f 291/355/295 294/358/295 289/353/295
f 289/353/296 294/358/296 281/344/296
f 289/353/296 281/344/296 279/342/296
f 293/357/297 292/356/297 295/359/297
f 295/359/298 292/356/298 296/360/298
f 295/359/299 296/360/299 297/361/299
f 297/361/300 296/360/300 298/362/300
f 297/361/301 298/362/301 299/363/301
f 299/363/302 298/362/302 300/364/302
f 299/363/303 300/364/303 301/365/303
f 301/365/303 300/364/303 302/366/303
f 301/365/304 302/366/304 43/48/304
f 43/48/304 302/366/304 41/46/304
f 298/362/305 303/367/305 300/364/305
f 300/364/306 303/367/306 304/368/306
f 300/364/307 304/368/307 302/366/307
f 302/366/308 304/368/308 305/369/308
f 302/366/309 305/369/309 41/46/309
f 41/46/309 305/369/309 39/44/309
f 304/368/310 306/370/310 305/369/310
f 305/369/311 306/370/311 307/371/311
f 305/369/312 307/371/312 39/44/312
f 39/44/312 307/371/312 37/42/312
f 306/370/313 308/372/313 307/371/313
f 307/371/314 308/372/314 37/42/314
f 37/42/315 308/372/315 35/40/315
f 35/40/316 308/372/316 309/373/316
f 35/40/317 309/373/317 310/374/317
f 35/40/318 310/374/318 33/38/318
f 33/38/319 310/374/319 31/36/319
f 18/20/7 12/12/7 14/14/7
f 214/257/320 311/375/320 212/255/320
f 212/255/320 311/375/320 312/376/320
f 212/255/321 312/376/321 210/253/321
f 210/253/321 312/376/321 313/377/321
f 210/253/322 313/377/322 208/251/322
f 208/251/322 313/377/322 314/378/322
f 208/251/323 314/378/323 206/249/323
f 206/249/323 314/378/323 315/379/323
f 206/249/324 315/379/324 204/247/324
f 204/247/324 315/379/324 316/380/324
f 204/247/325 316/380/325 202/245/325
f 202/245/325 316/380/325 195/234/325
f 202/245/191 195/234/191 194/233/191
f 311/375/326 317/381/326 312/376/326
f 312/376/326 317/381/326 318/382/326
f 312/376/327 318/382/327 313/377/327
f 313/377/327 318/382/327 319/383/327
f 313/377/328 319/383/328 314/378/328
f 314/378/328 319/383/328 320/384/328
f 314/378/329 320/384/329 315/379/329
f 315/379/329 320/384/329 321/385/329
f 315/379/330 321/385/330 316/380/330
f 316/380/330 321/385/330 196/235/330
f 316/380/192 196/235/192 195/234/192
f 214/257/212 54/61/212 311/375/212
f 311/375/331 54/61/331 52/59/331
f 311/375/331 52/59/331 317/381/331
f 317/381/332 52/59/332 50/57/332
f 317/381/332 50/57/332 322/386/332
f 322/386/333 50/57/333 48/56/333
f 322/386/333 48/56/333 323/387/333
f 323/388/334 48/53/334 46/51/334
f 323/388/334 46/51/334 324/389/334
f 324/389/335 46/51/335 44/49/335
f 324/389/335 44/49/335 325/390/335
f 325/390/336 44/49/336 42/47/336
f 325/390/336 42/47/336 201/244/336
f 201/244/198 42/47/198 40/45/198
f 317/381/337 322/386/337 318/382/337
f 318/382/337 322/386/337 326/391/337
f 318/382/338 326/391/338 319/383/338
f 319/383/338 326/391/338 327/392/338
f 319/383/339 327/392/339 320/384/339
f 320/384/339 327/392/339 328/393/339
f 320/384/340 328/393/340 321/385/340
f 321/385/340 328/393/340 197/238/340
f 321/385/193 197/238/193 196/235/193
f 322/386/341 323/387/341 326/391/341
f 326/391/341 323/387/341 329/394/341
f 326/391/342 329/394/342 327/392/342
f 327/392/342 329/394/342 330/395/342
f 327/392/343 330/395/343 328/393/343
f 328/393/343 330/395/343 198/396/343
f 328/397/194 198/240/194 197/239/194
f 323/388/344 324/389/344 329/398/344
f 329/398/344 324/389/344 331/399/344
f 329/400/345 331/401/345 330/402/345
f 330/402/346 331/401/346 199/241/346
f 330/402/195 199/241/195 198/240/195
f 324/389/347 325/390/347 331/399/347
f 331/399/347 325/390/347 200/243/347
f 331/401/348 200/242/348 199/241/348
f 325/390/197 201/244/197 200/243/197
f 83/96/349 332/403/349 81/94/349
f 81/94/349 332/403/349 333/404/349
f 81/92/350 333/405/350 79/90/350
f 79/90/350 333/405/350 72/83/350
f 79/90/55 72/83/55 74/85/55
f 332/403/351 334/406/351 333/404/351
f 333/405/351 334/407/351 335/408/351
f 333/405/352 335/408/352 72/83/352
f 72/83/352 335/408/352 70/81/352
f 34/39/353 32/37/353 83/96/353
f 83/96/353 32/37/353 332/403/353
f 334/407/354 26/409/354 335/408/354
f 335/410/354 26/31/354 69/411/354
f 335/408/355 69/78/355 70/81/355
f 70/81/355 69/78/355 68/77/355
f 32/37/356 30/35/356 332/403/356
f 332/403/356 30/35/356 334/406/356
f 26/31/49 24/29/49 69/411/49
f 30/35/357 28/33/357 334/406/357
f 334/406/357 28/33/357 26/31/357
f 62/71/358 64/73/358 22/80/358
f 60/69/359 62/71/359 20/24/359
f 20/24/359 62/71/359 22/80/359
f 16/18/360 60/68/360 17/19/360
f 17/23/360 60/69/360 20/24/360
f 159/190/150 80/91/150 78/89/150
f 85/98/361 87/100/361 78/89/361
f 78/89/361 87/100/361 159/190/361
f 87/100/148 89/102/148 159/190/148
f 93/106/145 95/108/145 91/104/145
f 97/110/143 99/112/143 95/108/143
f 103/116/140 105/118/140 101/114/140
f 141/166/90 110/123/90 108/121/90
f 55/62/362 57/64/362 336/412/362
f 336/412/362 57/64/362 215/258/362
f 336/412/363 215/258/363 337/413/363
f 337/413/363 215/258/363 217/260/363
f 337/413/364 217/260/364 338/414/364
f 338/414/364 217/260/364 219/262/364
f 338/414/365 219/262/365 339/415/365
f 339/415/365 219/262/365 221/264/365
f 339/415/222 221/264/222 223/266/222
f 286/416/366 51/58/366 53/60/366
f 53/60/367 55/62/367 340/417/367
f 340/417/367 55/62/367 336/412/367
f 340/417/368 336/412/368 341/418/368
f 341/418/368 336/412/368 337/413/368
f 341/418/369 337/413/369 342/419/369
f 342/419/369 337/413/369 338/414/369
f 342/419/370 338/414/370 343/420/370
f 343/420/370 338/414/370 339/415/370
f 343/420/371 339/415/371 344/421/371
f 344/421/371 339/415/371 223/266/371
f 344/422/224 223/268/224 225/270/224
f 47/52/372 49/54/372 345/423/372
f 345/423/372 49/54/372 287/350/372
f 345/423/373 287/350/373 346/424/373
f 346/424/374 287/350/374 285/348/374
f 346/424/375 285/348/375 347/425/375
f 347/425/375 285/348/375 283/346/375
f 347/425/376 283/346/376 294/358/376
f 294/358/376 283/346/376 281/344/376
f 301/365/377 43/48/377 45/50/377
f 45/50/378 47/52/378 348/426/378
f 348/426/378 47/52/378 345/423/378
f 348/426/379 345/423/379 349/427/379
f 349/427/379 345/423/379 346/424/379
f 349/427/380 346/424/380 295/359/380
f 295/359/380 346/424/380 347/425/380
f 295/359/381 347/425/381 293/357/381
f 293/357/381 347/425/381 294/358/381
f 284/428/382 286/416/382 340/417/382
f 340/417/366 286/416/366 53/60/366
f 284/428/382 340/417/382 341/418/382
f 299/363/383 301/365/383 348/426/383
f 348/426/377 301/365/377 45/50/377
f 299/363/384 348/426/384 349/427/384
f 282/345/385 284/347/385 341/429/385
f 282/345/385 341/429/385 342/430/385
f 297/361/386 299/363/386 349/427/386
f 297/361/386 349/427/386 295/359/386
f 280/343/387 282/345/387 342/430/387
f 280/343/387 342/430/387 343/431/387
f 280/343/388 343/431/388 278/341/388
f 278/341/388 343/431/388 344/422/388
f 278/341/389 344/422/389 276/339/389
f 276/339/389 344/422/389 225/270/389
f 276/339/226 225/270/226 227/272/226
f 272/335/390 234/279/390 236/281/390
f 238/334/390 272/335/390 236/281/390
f 3866/432/391 350/433/391 3867/434/391
f 3867/434/392 350/433/392 351/435/392
f 3867/434/393 351/435/393 3868/436/393
f 3868/436/394 351/435/394 352/437/394
f 3868/436/395 352/437/395 3869/438/395
f 3869/438/396 352/437/396 353/439/396
f 3869/438/396 353/439/396 3870/440/396
f 3870/440/397 353/439/397 354/441/397
f 3870/440/398 354/441/398 355/442/398
f 355/442/399 354/441/399 356/443/399
f 355/442/399 356/443/399 357/444/399
f 357/444/400 356/443/400 358/445/400
f 357/446/401 358/447/401 3871/448/401
f 3871/448/402 358/447/402 359/449/402
f 3871/448/403 359/449/403 360/450/403
f 360/450/404 359/449/404 361/451/404
f 360/450/405 361/451/405 3872/452/405
f 3872/452/406 361/451/406 362/453/406
f 3872/452/407 362/453/407 363/454/407
f 363/454/408 362/453/408 364/455/408
f 363/454/409 364/455/409 365/456/409
f 365/457/410 364/458/410 366/459/410
f 365/457/410 366/459/410 367/460/410
f 367/460/411 366/459/411 368/461/411
f 367/460/412 368/461/412 369/462/412
f 369/462/413 368/461/413 370/463/413
f 369/462/414 370/463/414 371/464/414
f 371/464/415 370/463/415 372/465/415
f 371/464/416 372/465/416 373/466/416
f 373/466/417 372/465/417 374/467/417
f 373/466/418 374/467/418 375/468/418
f 356/443/419 376/469/419 358/445/419
f 358/445/420 376/469/420 359/470/420
f 376/469/421 377/471/421 359/470/421
f 359/470/422 377/471/422 361/472/422
f 377/471/423 378/473/423 361/472/423
f 361/472/424 378/473/424 362/474/424
f 362/474/425 378/473/425 379/475/425
f 379/475/426 378/473/426 380/476/426
f 379/475/427 380/476/427 366/459/427
f 366/459/428 380/476/428 368/461/428
f 381/477/429 382/478/429 375/468/429
f 375/468/430 382/478/430 383/479/430
f 375/468/431 383/479/431 373/466/431
f 373/466/432 383/479/432 384/480/432
f 373/466/432 384/480/432 385/481/432
f 385/481/433 384/480/433 386/482/433
f 385/481/433 386/482/433 387/483/433
f 387/484/434 386/485/434 388/486/434
f 387/484/434 388/486/434 389/487/434
f 389/487/435 388/486/435 390/488/435
f 389/487/436 390/488/436 3873/489/436
f 391/490/437 392/491/437 381/477/437
f 381/477/438 392/491/438 393/492/438
f 381/477/439 393/492/439 382/478/439
f 382/478/440 393/492/440 394/493/440
f 382/478/440 394/493/440 383/479/440
f 383/479/441 394/493/441 395/494/441
f 383/479/441 395/494/441 384/480/441
f 384/480/442 395/494/442 396/495/442
f 384/480/442 396/495/442 386/482/442
f 386/485/443 396/496/443 397/497/443
f 386/485/443 397/497/443 388/486/443
f 388/486/444 397/497/444 3874/498/444
f 388/486/445 3874/498/445 390/488/445
f 391/490/446 398/499/446 392/491/446
f 392/491/447 398/499/447 399/500/447
f 392/491/448 399/500/448 400/501/448
f 400/501/449 399/500/449 401/502/449
f 400/501/450 401/502/450 402/503/450
f 402/503/451 401/502/451 403/504/451
f 402/503/452 403/504/452 404/505/452
f 404/506/453 403/507/453 405/508/453
f 404/506/454 405/508/454 406/509/454
f 406/509/455 405/508/455 407/510/455
f 406/509/456 407/510/456 408/511/456
f 408/511/457 407/510/457 409/512/457
f 408/511/458 409/512/458 3875/513/458
f 3875/513/459 409/512/459 3876/514/459
f 3876/514/460 409/512/460 410/515/460
f 3876/514/461 410/515/461 411/516/461
f 411/516/462 410/515/462 412/517/462
f 411/516/462 412/517/462 413/518/462
f 413/518/463 412/517/463 414/519/463
f 413/518/463 414/519/463 415/520/463
f 415/520/464 414/519/464 416/521/464
f 415/520/464 416/521/464 417/522/464
f 417/522/465 416/521/465 418/523/465
f 417/522/465 418/523/465 419/524/465
f 419/525/466 418/526/466 420/527/466
f 419/525/466 420/527/466 421/528/466
f 421/528/467 420/527/467 422/529/467
f 421/528/467 422/529/467 423/530/467
f 423/530/468 422/529/468 424/531/468
f 423/530/468 424/531/468 425/532/468
f 425/532/469 424/531/469 426/533/469
f 425/532/469 426/533/469 427/534/469
f 427/534/470 426/533/470 428/535/470
f 427/534/470 428/535/470 429/536/470
f 429/536/471 428/535/471 430/537/471
f 429/536/471 430/537/471 431/538/471
f 431/538/472 430/537/472 432/539/472
f 431/538/472 432/539/472 433/540/472
f 433/540/473 432/539/473 434/541/473
f 433/540/473 434/541/473 435/542/473
f 435/542/474 434/541/474 436/543/474
f 435/542/474 436/543/474 437/544/474
f 437/544/475 436/543/475 438/545/475
f 437/544/475 438/545/475 439/546/475
f 439/546/476 438/545/476 440/547/476
f 439/546/476 440/547/476 441/548/476
f 441/548/477 440/547/477 442/549/477
f 441/548/478 442/549/478 443/550/478
f 443/550/479 442/549/479 444/551/479
f 443/552/479 444/553/479 445/554/479
f 445/554/480 444/553/480 446/555/480
f 445/556/480 446/557/480 447/558/480
f 447/558/481 446/557/481 448/559/481
f 447/558/481 448/559/481 449/560/481
f 449/560/482 448/559/482 450/561/482
f 449/560/482 450/561/482 451/562/482
f 451/562/483 450/561/483 452/563/483
f 451/562/483 452/563/483 453/564/483
f 453/564/484 452/563/484 454/565/484
f 453/564/484 454/565/484 455/566/484
f 455/566/485 454/565/485 456/567/485
f 455/566/485 456/567/485 457/568/485
f 457/568/486 456/567/486 458/569/486
f 457/568/486 458/569/486 459/570/486
f 459/570/487 458/569/487 460/571/487
f 459/570/488 460/571/488 461/572/488
f 461/572/489 460/571/489 462/573/489
f 399/500/490 398/499/490 463/574/490
f 463/574/491 398/499/491 464/575/491
f 463/574/492 464/575/492 465/576/492
f 465/576/493 464/575/493 466/577/493
f 465/576/494 466/577/494 467/578/494
f 467/578/495 466/577/495 468/579/495
f 467/578/496 468/579/496 469/580/496
f 469/580/497 468/579/497 470/581/497
f 469/580/498 470/581/498 471/582/498
f 471/582/498 470/581/498 472/583/498
f 471/582/499 472/583/499 473/584/499
f 473/584/499 472/583/499 474/585/499
f 473/584/500 474/585/500 475/586/500
f 475/586/500 474/585/500 476/587/500
f 475/586/501 476/587/501 424/531/501
f 424/531/501 476/587/501 426/533/501
f 468/579/502 477/588/502 470/581/502
f 470/581/503 477/588/503 478/589/503
f 470/581/504 478/589/504 472/583/504
f 472/583/505 478/589/505 479/590/505
f 472/583/506 479/590/506 474/585/506
f 474/585/506 479/590/506 480/591/506
f 474/585/507 480/591/507 476/587/507
f 476/587/507 480/591/507 481/592/507
f 476/587/508 481/592/508 426/533/508
f 426/533/508 481/592/508 428/535/508
f 478/589/509 482/593/509 479/590/509
f 479/590/510 482/593/510 483/594/510
f 479/590/511 483/594/511 480/591/511
f 480/591/511 483/594/511 484/595/511
f 480/591/512 484/595/512 481/592/512
f 481/592/512 484/595/512 485/596/512
f 481/592/513 485/596/513 428/535/513
f 428/535/513 485/596/513 430/537/513
f 482/593/514 486/597/514 483/594/514
f 483/594/515 486/597/515 484/595/515
f 484/595/516 486/597/516 487/598/516
f 487/598/517 486/597/517 488/599/517
f 487/598/518 488/599/518 489/600/518
f 487/598/519 489/600/519 490/601/519
f 490/601/520 489/600/520 491/602/520
f 490/601/521 491/602/521 492/603/521
f 492/603/522 491/602/522 493/604/522
f 492/603/523 493/604/523 434/541/523
f 434/541/523 493/604/523 436/543/523
f 491/602/524 494/605/524 493/604/524
f 493/604/525 494/605/525 495/606/525
f 493/604/526 495/606/526 436/543/526
f 436/543/526 495/606/526 438/545/526
f 494/605/527 496/607/527 495/606/527
f 495/606/528 496/607/528 438/545/528
f 496/607/529 497/608/529 438/545/529
f 438/545/530 497/608/530 440/547/530
f 497/608/531 498/609/531 440/547/531
f 440/547/532 498/609/532 442/549/532
f 498/609/533 499/610/533 442/549/533
f 442/549/534 499/610/534 444/551/534
f 499/610/535 500/611/535 444/551/535
f 444/553/536 500/612/536 446/555/536
f 500/611/537 448/559/537 446/557/537
f 449/613/538 501/614/538 447/615/538
f 447/558/539 501/616/539 445/556/539
f 501/614/540 502/617/540 445/554/540
f 445/554/541 502/617/541 443/552/541
f 502/617/542 503/618/542 443/552/542
f 443/552/543 503/618/543 441/619/543
f 503/618/544 504/620/544 441/619/544
f 441/619/545 504/620/545 505/621/545
f 441/619/546 505/621/546 439/622/546
f 439/622/547 505/621/547 506/623/547
f 439/622/548 506/623/548 507/624/548
f 507/624/549 506/623/549 508/625/549
f 507/624/550 508/625/550 509/626/550
f 505/621/551 508/625/551 506/623/551
f 510/627/552 511/628/552 509/626/552
f 509/626/553 511/628/553 512/629/553
f 509/626/554 512/629/554 507/624/554
f 507/624/555 512/629/555 437/630/555
f 507/624/548 437/630/548 439/622/548
f 510/627/556 513/631/556 511/628/556
f 511/628/557 513/631/557 514/632/557
f 511/628/558 514/632/558 512/629/558
f 512/629/558 514/632/558 515/633/558
f 512/629/559 515/633/559 435/634/559
f 435/634/559 515/633/559 433/635/559
f 513/631/560 516/636/560 514/632/560
f 514/632/561 516/636/561 517/637/561
f 514/632/562 517/637/562 515/633/562
f 515/633/562 517/637/562 518/638/562
f 515/633/563 518/638/563 433/635/563
f 433/635/563 518/638/563 431/639/563
f 517/637/564 516/636/564 519/640/564
f 519/640/565 516/636/565 520/641/565
f 519/640/566 520/641/566 521/642/566
f 521/642/567 520/641/567 522/643/567
f 521/642/568 522/643/568 523/644/568
f 523/644/569 522/643/569 524/645/569
f 523/644/570 524/645/570 525/646/570
f 525/646/571 524/645/571 526/647/571
f 525/646/572 526/647/572 527/648/572
f 527/648/573 526/647/573 528/649/573
f 527/648/574 528/649/574 529/650/574
f 529/650/575 528/649/575 530/651/575
f 529/650/576 530/651/576 531/652/576
f 531/652/577 530/651/577 532/653/577
f 531/652/578 532/653/578 533/654/578
f 533/654/579 532/653/579 534/655/579
f 533/654/580 534/655/580 535/656/580
f 535/656/581 534/655/581 536/657/581
f 535/656/582 536/657/582 537/658/582
f 537/658/583 536/657/583 538/659/583
f 537/658/584 538/659/584 539/660/584
f 539/660/585 538/659/585 540/661/585
f 539/660/586 540/661/586 541/662/586
f 541/662/587 540/661/587 542/663/587
f 541/662/588 542/663/588 543/664/588
f 543/664/589 542/663/589 544/665/589
f 543/666/590 544/667/590 545/668/590
f 545/669/591 544/665/591 546/670/591
f 545/668/592 546/671/592 547/672/592
f 547/672/593 546/671/593 548/673/593
f 547/672/594 548/673/594 3877/674/594
f 3877/674/595 548/673/595 549/675/595
f 3877/674/596 549/675/596 3878/676/596
f 3878/676/597 549/675/597 550/677/597
f 3878/676/598 550/677/598 551/678/598
f 551/678/599 550/677/599 552/679/599
f 551/678/600 552/679/600 3879/680/600
f 3879/681/601 552/682/601 553/683/601
f 3879/681/602 553/683/602 554/684/602
f 554/684/602 553/683/602 555/685/602
f 554/684/603 555/685/603 556/686/603
f 556/686/603 555/685/603 557/687/603
f 556/686/604 557/687/604 3880/688/604
f 3880/688/604 557/687/604 558/689/604
f 3880/688/605 558/689/605 3881/690/605
f 3881/690/605 558/689/605 559/691/605
f 3881/690/606 559/691/606 560/692/606
f 560/692/607 559/691/607 561/693/607
f 560/692/608 561/693/608 3882/694/608
f 3882/694/609 561/693/609 562/695/609
f 3882/694/610 562/695/610 3861/696/610
f 522/643/611 563/697/611 524/645/611
f 524/645/612 563/697/612 526/647/612
f 532/653/613 564/698/613 534/655/613
f 534/655/614 564/698/614 536/657/614
f 538/659/615 565/699/615 540/661/615
f 540/661/616 565/699/616 566/700/616
f 540/661/617 566/700/617 542/663/617
f 542/663/618 566/700/618 567/701/618
f 542/663/619 567/701/619 568/702/619
f 568/702/620 567/701/620 569/703/620
f 568/702/621 569/703/621 544/665/621
f 544/665/622 569/703/622 570/704/622
f 544/665/591 570/704/591 546/670/591
f 546/670/623 570/704/623 548/705/623
f 569/703/624 571/706/624 570/704/624
f 570/704/625 571/706/625 572/707/625
f 570/704/623 572/707/623 548/705/623
f 548/705/626 572/707/626 573/708/626
f 548/705/627 573/708/627 549/709/627
f 549/709/628 573/708/628 574/710/628
f 549/709/629 574/710/629 550/711/629
f 550/711/630 574/710/630 575/712/630
f 550/711/631 575/712/631 552/682/631
f 552/682/632 575/712/632 553/683/632
f 571/706/633 573/708/633 572/707/633
f 547/672/634 576/713/634 545/668/634
f 545/668/635 576/713/635 577/714/635
f 545/668/590 577/714/590 543/666/590
f 543/666/636 577/714/636 578/715/636
f 543/664/588 578/716/588 541/662/588
f 541/662/637 578/716/637 579/717/637
f 541/662/586 579/717/586 539/660/586
f 539/660/638 579/717/638 580/718/638
f 539/660/639 580/718/639 535/656/639
f 535/656/640 580/718/640 581/719/640
f 535/656/580 581/719/580 533/654/580
f 533/654/641 581/719/641 582/720/641
f 533/654/642 582/720/642 529/650/642
f 529/650/643 582/720/643 583/721/643
f 529/650/644 583/721/644 525/646/644
f 525/646/645 583/721/645 584/722/645
f 525/646/570 584/722/570 523/644/570
f 523/644/646 584/722/646 585/723/646
f 523/644/647 585/723/647 586/724/647
f 586/724/648 585/723/648 587/725/648
f 586/724/649 587/725/649 518/638/649
f 518/638/650 587/725/650 431/639/650
f 576/713/651 588/726/651 577/714/651
f 577/714/652 588/726/652 589/727/652
f 577/714/636 589/727/636 578/715/636
f 578/715/653 589/727/653 590/728/653
f 578/716/637 590/729/637 579/717/637
f 579/717/654 590/729/654 591/730/654
f 579/717/638 591/730/638 580/718/638
f 580/718/655 591/730/655 592/731/655
f 580/718/640 592/731/640 581/719/640
f 581/719/656 592/731/656 593/732/656
f 581/719/641 593/732/641 582/720/641
f 582/720/657 593/732/657 594/733/657
f 582/720/643 594/733/643 583/721/643
f 583/721/658 594/733/658 595/734/658
f 583/721/645 595/734/645 584/722/645
f 584/722/659 595/734/659 596/735/659
f 584/722/646 596/735/646 585/723/646
f 585/723/660 596/735/660 597/736/660
f 585/723/648 597/736/648 587/725/648
f 587/725/661 597/736/661 429/737/661
f 587/725/650 429/737/650 431/639/650
f 588/726/662 598/738/662 589/727/662
f 589/727/663 598/738/663 599/739/663
f 589/727/653 599/739/653 590/728/653
f 590/728/664 599/739/664 600/740/664
f 590/729/654 600/741/654 591/730/654
f 591/742/665 600/740/665 601/743/665
f 591/730/655 601/744/655 592/731/655
f 592/731/666 601/744/666 602/745/666
f 592/731/667 602/745/667 593/732/667
f 593/732/668 602/745/668 603/746/668
f 593/732/657 603/746/657 594/733/657
f 594/733/669 603/746/669 604/747/669
f 594/733/658 604/747/658 595/734/658
f 595/734/670 604/747/670 605/748/670
f 595/734/671 605/748/671 596/735/671
f 596/735/672 605/748/672 606/749/672
f 596/735/660 606/749/660 597/736/660
f 597/736/673 606/749/673 427/750/673
f 597/736/661 427/750/661 429/737/661
f 598/738/674 607/751/674 599/739/674
f 599/739/675 607/751/675 608/752/675
f 599/739/664 608/752/664 600/740/664
f 600/740/676 608/752/676 609/753/676
f 600/740/665 609/753/665 601/743/665
f 601/743/677 609/753/677 610/754/677
f 601/744/666 610/755/666 602/745/666
f 602/745/678 610/755/678 611/756/678
f 602/745/668 611/756/668 603/746/668
f 603/746/679 611/756/679 612/757/679
f 603/746/669 612/757/669 604/747/669
f 604/747/680 612/757/680 613/758/680
f 604/747/670 613/758/670 605/748/670
f 605/748/681 613/758/681 614/759/681
f 605/748/672 614/759/672 606/749/672
f 606/749/682 614/759/682 425/760/682
f 606/749/673 425/760/673 427/750/673
f 607/751/683 3883/761/683 608/752/683
f 608/752/684 3883/761/684 615/762/684
f 608/752/676 615/762/676 609/753/676
f 609/753/685 615/762/685 616/763/685
f 609/753/677 616/763/677 610/754/677
f 610/754/686 616/763/686 617/764/686
f 610/755/678 617/765/678 611/756/678
f 611/766/687 617/764/687 618/767/687
f 611/756/679 618/768/679 612/757/679
f 612/757/688 618/768/688 619/769/688
f 612/757/680 619/769/680 613/758/680
f 613/758/689 619/769/689 620/770/689
f 613/758/681 620/770/681 614/759/681
f 614/759/690 620/770/690 423/771/690
f 614/759/682 423/771/682 425/760/682
f 615/762/691 3883/761/691 621/772/691
f 621/772/692 3883/761/692 622/773/692
f 621/772/693 622/773/693 623/774/693
f 623/774/694 622/773/694 3884/775/694
f 623/774/695 3884/775/695 624/776/695
f 624/776/696 3884/775/696 625/777/696
f 624/776/697 625/777/697 626/778/697
f 626/778/698 625/777/698 3885/779/698
f 626/778/699 3885/779/699 627/780/699
f 627/780/700 3885/779/700 628/781/700
f 627/780/701 628/781/701 411/516/701
f 411/516/461 628/781/461 3876/514/461
f 3875/513/702 3886/782/702 408/511/702
f 408/511/703 3886/782/703 629/783/703
f 408/511/456 629/783/456 406/509/456
f 406/509/704 629/783/704 630/784/704
f 406/509/454 630/784/454 404/506/454
f 404/506/705 630/784/705 631/785/705
f 404/505/452 631/786/452 402/503/452
f 402/503/706 631/786/706 632/787/706
f 402/503/450 632/787/450 400/501/450
f 400/501/707 632/787/707 393/492/707
f 400/501/448 393/492/448 392/491/448
f 3886/782/708 3887/788/708 629/783/708
f 629/783/709 3887/788/709 633/789/709
f 629/783/704 633/789/704 630/784/704
f 630/784/710 633/789/710 634/790/710
f 630/784/705 634/790/705 631/785/705
f 631/785/711 634/790/711 635/791/711
f 631/786/706 635/792/706 632/787/706
f 632/787/712 635/792/712 394/493/712
f 632/787/707 394/493/707 393/492/707
f 3887/788/713 3888/793/713 633/789/713
f 633/789/714 3888/793/714 636/794/714
f 633/789/710 636/794/710 634/790/710
f 634/790/715 636/794/715 637/795/715
f 634/790/711 637/795/711 635/791/711
f 635/791/716 637/795/716 395/796/716
f 635/792/712 395/494/712 394/493/712
f 3888/793/717 638/797/717 636/794/717
f 636/794/718 638/797/718 639/798/718
f 636/794/715 639/798/715 637/795/715
f 637/795/719 639/798/719 396/496/719
f 637/795/716 396/496/716 395/796/716
f 639/798/720 638/797/720 397/497/720
f 397/497/721 638/797/721 3874/498/721
f 389/487/722 3873/489/722 640/799/722
f 640/799/723 3873/489/723 3889/800/723
f 640/799/724 3889/800/724 365/456/724
f 365/456/725 3889/800/725 363/454/725
f 364/458/726 362/474/726 379/475/726
f 366/459/726 364/458/726 379/475/726
f 640/799/727 365/456/727 367/801/727
f 367/460/728 369/462/728 641/802/728
f 641/802/728 369/462/728 371/464/728
f 641/802/729 371/464/729 387/483/729
f 387/483/729 371/464/729 385/481/729
f 389/487/730 640/799/730 641/803/730
f 641/803/727 640/799/727 367/801/727
f 389/487/730 641/803/730 387/484/730
f 373/466/731 385/481/731 371/464/731
f 639/798/719 397/497/719 396/496/719
f 399/500/732 463/574/732 642/804/732
f 642/804/732 463/574/732 465/576/732
f 642/804/733 465/576/733 643/805/733
f 643/805/733 465/576/733 644/806/733
f 643/805/734 644/806/734 645/807/734
f 645/807/734 644/806/734 646/808/734
f 645/807/735 646/808/735 647/809/735
f 647/809/735 646/808/735 648/810/735
f 647/809/736 648/810/736 649/811/736
f 649/811/736 648/810/736 650/812/736
f 649/811/737 650/812/737 420/527/737
f 420/527/737 650/812/737 422/529/737
f 644/806/738 465/576/738 467/578/738
f 399/500/449 642/804/449 401/502/449
f 401/502/739 642/804/739 651/813/739
f 401/502/451 651/813/451 403/504/451
f 403/504/740 651/813/740 652/814/740
f 403/507/453 652/815/453 405/508/453
f 405/508/741 652/815/741 653/816/741
f 405/508/455 653/816/455 407/510/455
f 407/510/742 653/816/742 654/817/742
f 407/510/457 654/817/457 409/512/457
f 409/512/743 654/817/743 410/515/743
f 651/813/739 642/804/739 643/805/739
f 646/808/744 644/806/744 469/580/744
f 469/580/738 644/806/738 467/578/738
f 646/808/745 469/580/745 471/582/745
f 651/813/746 643/805/746 655/818/746
f 655/818/746 643/805/746 645/807/746
f 655/818/747 645/807/747 656/819/747
f 656/819/747 645/807/747 647/809/747
f 656/819/748 647/809/748 657/820/748
f 657/820/748 647/809/748 649/811/748
f 657/820/749 649/811/749 418/526/749
f 418/526/750 649/811/750 420/527/750
f 648/810/751 646/808/751 471/582/751
f 648/810/751 471/582/751 473/584/751
f 651/813/740 655/818/740 652/814/740
f 652/814/752 655/818/752 658/821/752
f 652/815/741 658/822/741 653/816/741
f 653/816/753 658/822/753 659/823/753
f 653/816/742 659/823/742 654/817/742
f 654/817/754 659/823/754 412/517/754
f 654/817/743 412/517/743 410/515/743
f 658/821/755 655/818/755 656/819/755
f 485/596/756 484/595/756 487/598/756
f 487/598/757 490/601/757 660/824/757
f 660/824/757 490/601/757 492/603/757
f 660/824/758 492/603/758 432/539/758
f 432/539/758 492/603/758 434/541/758
f 650/812/759 648/810/759 473/584/759
f 650/812/759 473/584/759 475/586/759
f 658/822/760 656/825/760 661/826/760
f 661/826/760 656/825/760 657/827/760
f 661/826/761 657/827/761 416/521/761
f 416/521/761 657/827/761 418/523/761
f 430/537/762 485/596/762 660/824/762
f 660/824/756 485/596/756 487/598/756
f 430/537/762 660/824/762 432/539/762
f 422/529/763 650/812/763 475/586/763
f 422/529/763 475/586/763 424/531/763
f 658/822/753 661/826/753 659/823/753
f 659/823/764 661/826/764 414/519/764
f 659/823/754 414/519/754 412/517/754
f 414/519/764 661/826/764 416/521/764
f 512/629/555 435/634/555 437/630/555
f 423/771/690 620/770/690 421/828/690
f 421/828/765 620/770/765 662/829/765
f 421/828/765 662/829/765 419/830/765
f 419/524/766 662/831/766 663/832/766
f 419/524/766 663/832/766 417/522/766
f 417/522/767 663/832/767 664/833/767
f 417/522/767 664/833/767 415/520/767
f 415/520/768 664/833/768 665/834/768
f 415/520/768 665/834/768 413/518/768
f 413/518/769 665/834/769 627/780/769
f 413/518/769 627/780/769 411/516/769
f 586/724/649 518/638/649 517/637/649
f 620/770/689 619/769/689 662/829/689
f 662/831/770 619/835/770 666/836/770
f 662/831/770 666/836/770 663/832/770
f 663/832/771 666/836/771 667/837/771
f 663/832/771 667/837/771 664/833/771
f 664/833/772 667/837/772 668/838/772
f 664/833/772 668/838/772 665/834/772
f 665/834/773 668/838/773 626/778/773
f 665/834/773 626/778/773 627/780/773
f 519/640/774 521/642/774 517/637/774
f 517/637/774 521/642/774 586/724/774
f 521/642/647 523/644/647 586/724/647
f 619/769/688 618/768/688 666/839/688
f 666/836/775 618/767/775 669/840/775
f 666/836/775 669/840/775 667/837/775
f 667/837/776 669/840/776 670/841/776
f 667/837/776 670/841/776 668/838/776
f 668/838/777 670/841/777 624/776/777
f 668/838/777 624/776/777 626/778/777
f 618/767/687 617/764/687 669/840/687
f 669/840/778 617/764/778 671/842/778
f 669/840/778 671/842/778 670/841/778
f 670/841/779 671/842/779 623/774/779
f 670/841/779 623/774/779 624/776/779
f 527/648/644 529/650/644 525/646/644
f 621/772/780 623/774/780 671/842/780
f 621/772/780 671/842/780 616/763/780
f 616/763/686 671/842/686 617/764/686
f 531/652/642 533/654/642 529/650/642
f 615/762/685 621/772/685 616/763/685
f 537/658/639 539/660/639 535/656/639
f 568/702/589 544/665/589 542/663/589
f 3803/843/781 3906/844/781 672/845/781
f 672/845/782 3906/844/782 673/846/782
f 673/846/783 3906/844/783 674/847/783
f 673/846/784 674/847/784 675/848/784
f 675/848/784 674/847/784 676/849/784
f 675/848/785 676/849/785 677/850/785
f 677/850/785 676/849/785 3905/851/785
f 677/850/786 3905/851/786 678/852/786
f 678/852/786 3905/851/786 679/853/786
f 678/852/787 679/853/787 680/854/787
f 680/854/787 679/853/787 681/855/787
f 680/854/788 681/855/788 682/856/788
f 682/856/788 681/855/788 3904/857/788
f 682/856/789 3904/857/789 683/858/789
f 683/858/790 3904/857/790 684/859/790
f 683/858/791 684/859/791 685/860/791
f 685/860/792 684/859/792 686/861/792
f 685/860/793 686/861/793 687/862/793
f 687/862/794 686/861/794 3903/863/794
f 687/862/795 3903/863/795 688/864/795
f 688/864/796 3903/863/796 3902/865/796
f 688/864/797 3902/865/797 689/866/797
f 689/866/798 3902/865/798 690/867/798
f 689/868/799 690/869/799 691/870/799
f 691/871/800 690/867/800 692/872/800
f 691/870/801 692/873/801 693/874/801
f 693/874/802 692/873/802 694/875/802
f 693/874/803 694/875/803 695/876/803
f 695/876/804 694/875/804 696/877/804
f 695/876/805 696/877/805 697/878/805
f 697/878/806 696/877/806 698/879/806
f 697/878/807 698/879/807 699/880/807
f 699/880/808 698/879/808 700/881/808
f 699/880/809 700/881/809 701/882/809
f 701/882/810 700/881/810 702/883/810
f 701/882/811 702/883/811 703/884/811
f 703/884/812 702/883/812 704/885/812
f 703/884/813 704/885/813 705/886/813
f 705/886/814 704/885/814 706/887/814
f 705/886/815 706/887/815 707/888/815
f 707/888/816 706/887/816 708/889/816
f 707/888/817 708/889/817 709/890/817
f 709/890/818 708/889/818 710/891/818
f 709/890/819 710/891/819 711/892/819
f 711/892/820 710/891/820 712/893/820
f 711/892/821 712/893/821 713/894/821
f 713/894/822 712/893/822 714/895/822
f 713/894/823 714/895/823 715/896/823
f 715/896/824 714/895/824 716/897/824
f 715/896/825 716/897/825 717/898/825
f 717/898/826 716/897/826 718/899/826
f 717/898/827 718/899/827 719/900/827
f 719/900/828 718/899/828 720/901/828
f 719/900/829 720/901/829 721/902/829
f 721/902/830 720/901/830 722/903/830
f 721/902/831 722/903/831 723/904/831
f 723/905/832 722/906/832 724/907/832
f 723/905/833 724/907/833 725/908/833
f 725/908/834 724/907/834 726/909/834
f 725/908/835 726/909/835 727/910/835
f 727/910/836 726/909/836 728/911/836
f 728/911/837 726/909/837 729/912/837
f 728/911/838 729/912/838 730/913/838
f 730/913/839 729/912/839 731/914/839
f 730/913/840 731/914/840 732/915/840
f 732/915/841 731/914/841 733/916/841
f 732/915/841 733/916/841 734/917/841
f 734/917/842 733/916/842 735/918/842
f 734/917/842 735/918/842 736/919/842
f 736/919/843 735/918/843 737/920/843
f 736/919/843 737/920/843 738/921/843
f 738/921/844 737/920/844 739/922/844
f 738/921/844 739/922/844 740/923/844
f 740/923/845 739/922/845 741/924/845
f 740/923/845 741/924/845 742/925/845
f 742/925/846 741/924/846 743/926/846
f 742/925/846 743/926/846 744/927/846
f 744/927/847 743/926/847 745/928/847
f 744/927/847 745/928/847 746/929/847
f 746/929/848 745/928/848 747/930/848
f 746/929/848 747/930/848 748/931/848
f 748/932/849 747/933/849 749/934/849
f 748/932/849 749/934/849 750/935/849
f 750/935/850 749/934/850 751/936/850
f 750/935/850 751/936/850 752/937/850
f 752/937/851 751/936/851 753/938/851
f 752/937/851 753/938/851 754/939/851
f 754/939/852 753/938/852 755/940/852
f 754/939/852 755/940/852 756/941/852
f 756/941/853 755/940/853 3900/942/853
f 756/941/854 3900/942/854 757/943/854
f 3902/865/855 3907/944/855 690/867/855
f 690/867/856 3907/944/856 758/945/856
f 690/867/800 758/945/800 692/872/800
f 692/872/857 758/945/857 759/946/857
f 692/873/802 759/947/802 694/875/802
f 694/875/858 759/947/858 760/948/858
f 694/875/804 760/948/804 696/877/804
f 696/877/859 760/948/859 761/949/859
f 696/877/860 761/949/860 700/881/860
f 700/881/861 761/949/861 762/950/861
f 700/881/810 762/950/810 702/883/810
f 702/883/862 762/950/862 763/951/862
f 702/883/863 763/951/863 706/887/863
f 706/887/864 763/951/864 764/952/864
f 706/887/865 764/952/865 710/891/865
f 710/891/866 764/952/866 765/953/866
f 710/891/820 765/953/820 712/893/820
f 712/893/867 765/953/867 766/954/867
f 712/893/868 766/954/868 767/955/868
f 767/955/869 766/954/869 768/956/869
f 767/955/870 768/956/870 769/957/870
f 769/957/871 768/956/871 770/958/871
f 769/957/872 770/958/872 771/959/872
f 771/960/873 770/961/873 772/962/873
f 771/960/874 772/962/874 773/963/874
f 773/963/875 772/962/875 731/914/875
f 773/963/876 731/914/876 729/912/876
f 3907/944/877 3908/964/877 758/945/877
f 758/945/878 3908/964/878 774/965/878
f 758/945/857 774/965/857 759/946/857
f 759/946/879 774/965/879 775/966/879
f 759/947/858 775/967/858 760/948/858
f 760/948/880 775/967/880 776/968/880
f 760/948/859 776/968/859 761/949/859
f 761/949/881 776/968/881 777/969/881
f 761/949/861 777/969/861 762/950/861
f 762/950/882 777/969/882 778/970/882
f 762/950/862 778/970/862 763/951/862
f 763/951/883 778/970/883 779/971/883
f 763/951/864 779/971/864 764/952/864
f 764/952/884 779/971/884 780/972/884
f 764/952/885 780/972/885 765/953/885
f 765/953/886 780/972/886 781/973/886
f 765/953/867 781/973/867 766/954/867
f 766/954/887 781/973/887 782/974/887
f 766/954/869 782/974/869 768/956/869
f 768/956/888 782/974/888 783/975/888
f 768/956/871 783/975/871 770/958/871
f 770/961/889 783/976/889 784/977/889
f 770/961/873 784/977/873 772/962/873
f 772/962/890 784/977/890 733/916/890
f 772/962/875 733/916/875 731/914/875
f 3908/964/891 3909/978/891 774/965/891
f 774/965/892 3909/978/892 785/979/892
f 774/965/879 785/979/879 775/966/879
f 775/966/893 785/979/893 786/980/893
f 775/967/880 786/981/880 776/968/880
f 776/982/894 786/980/894 787/983/894
f 776/968/881 787/984/881 777/969/881
f 777/969/895 787/984/895 788/985/895
f 777/969/882 788/985/882 778/970/882
f 778/970/896 788/985/896 789/986/896
f 778/970/897 789/986/897 779/971/897
f 779/971/898 789/986/898 790/987/898
f 779/971/884 790/987/884 780/972/884
f 780/972/899 790/987/899 791/988/899
f 780/972/886 791/988/886 781/973/886
f 781/973/900 791/988/900 792/989/900
f 781/973/887 792/989/887 782/974/887
f 782/974/901 792/989/901 793/990/901
f 782/974/888 793/990/888 783/975/888
f 783/976/902 793/991/902 794/992/902
f 783/976/889 794/992/889 784/977/889
f 784/977/903 794/992/903 735/918/903
f 784/977/890 735/918/890 733/916/890
f 3909/978/904 3910/993/904 785/979/904
f 785/979/905 3910/993/905 795/994/905
f 785/979/893 795/994/893 786/980/893
f 786/980/906 795/994/906 796/995/906
f 786/980/894 796/995/894 787/983/894
f 787/983/907 796/995/907 797/996/907
f 787/984/895 797/997/895 788/985/895
f 788/985/908 797/997/908 798/998/908
f 788/985/896 798/998/896 789/986/896
f 789/986/909 798/998/909 799/999/909
f 789/986/898 799/999/898 790/987/898
f 790/987/910 799/999/910 800/1000/910
f 790/987/899 800/1000/899 791/988/899
f 791/988/911 800/1000/911 801/1001/911
f 791/988/900 801/1001/900 792/989/900
f 792/989/912 801/1001/912 802/1002/912
f 792/989/901 802/1002/901 793/990/901
f 793/991/913 802/1003/913 803/1004/913
f 793/991/902 803/1004/902 794/992/902
f 794/992/914 803/1004/914 737/920/914
f 794/992/903 737/920/903 735/918/903
f 3910/993/915 3911/1005/915 795/994/915
f 795/994/916 3911/1005/916 804/1006/916
f 795/994/906 804/1006/906 796/995/906
f 796/995/917 804/1006/917 805/1007/917
f 796/995/907 805/1007/907 797/996/907
f 797/996/918 805/1007/918 806/1008/918
f 797/997/908 806/1009/908 798/998/908
f 798/1010/919 806/1008/919 807/1011/919
f 798/998/909 807/1012/909 799/999/909
f 799/999/920 807/1012/920 808/1013/920
f 799/999/910 808/1013/910 800/1000/910
f 800/1000/921 808/1013/921 809/1014/921
f 800/1000/911 809/1014/911 801/1001/911
f 801/1001/922 809/1014/922 810/1015/922
f 801/1001/912 810/1015/912 802/1002/912
f 802/1003/923 810/1016/923 811/1017/923
f 802/1003/913 811/1017/913 803/1004/913
f 803/1004/924 811/1017/924 739/922/924
f 803/1004/914 739/922/914 737/920/914
f 804/1006/925 3911/1005/925 812/1018/925
f 812/1018/926 3911/1005/926 813/1019/926
f 812/1018/927 813/1019/927 814/1020/927
f 814/1020/928 813/1019/928 3912/1021/928
f 814/1020/929 3912/1021/929 815/1022/929
f 815/1022/930 3912/1021/930 816/1023/930
f 815/1022/931 816/1023/931 817/1024/931
f 817/1024/932 816/1023/932 3913/1025/932
f 817/1024/933 3913/1025/933 818/1026/933
f 818/1026/934 3913/1025/934 3914/1027/934
f 818/1026/935 3914/1027/935 819/1028/935
f 819/1028/936 3914/1027/936 3901/1029/936
f 819/1028/936 3901/1029/936 820/1030/936
f 820/1030/937 3901/1029/937 755/940/937
f 820/1030/938 755/940/938 753/938/938
f 3901/1029/939 3900/942/939 755/940/939
f 756/941/940 757/943/940 821/1031/940
f 821/1031/941 757/943/941 3915/1032/941
f 821/1031/942 3915/1032/942 822/1033/942
f 822/1033/943 3915/1032/943 823/1034/943
f 822/1033/944 823/1034/944 824/1035/944
f 824/1035/945 823/1034/945 3916/1036/945
f 824/1035/946 3916/1036/946 825/1037/946
f 825/1037/947 3916/1036/947 826/1038/947
f 825/1037/948 826/1038/948 827/1039/948
f 827/1039/949 826/1038/949 828/1040/949
f 827/1041/950 828/1042/950 829/1043/950
f 829/1043/951 828/1042/951 830/1044/951
f 829/1043/952 830/1044/952 831/1045/952
f 831/1045/953 830/1044/953 832/1046/953
f 831/1045/954 832/1046/954 833/1047/954
f 833/1047/955 832/1046/955 834/1048/955
f 834/1048/956 832/1046/956 835/1049/956
f 834/1048/957 835/1049/957 836/1050/957
f 836/1050/958 835/1049/958 837/1051/958
f 836/1050/959 837/1051/959 838/1052/959
f 838/1052/960 837/1051/960 839/1053/960
f 838/1052/960 839/1053/960 840/1054/960
f 840/1055/961 839/1056/961 3896/1057/961
f 840/1055/962 3896/1057/962 841/1058/962
f 841/1058/963 3896/1057/963 842/1059/963
f 841/1058/964 842/1059/964 843/1060/964
f 843/1060/965 842/1059/965 3895/1061/965
f 843/1060/966 3895/1061/966 844/1062/966
f 844/1062/967 3895/1061/967 845/1063/967
f 844/1062/968 845/1063/968 846/1064/968
f 846/1064/969 845/1063/969 3894/1065/969
f 846/1064/970 3894/1065/970 847/1066/970
f 847/1066/971 3894/1065/971 848/1067/971
f 847/1066/971 848/1067/971 849/1068/971
f 849/1068/972 848/1067/972 3893/1069/972
f 849/1070/973 3893/1071/973 850/1072/973
f 850/1072/974 3893/1071/974 3892/1073/974
f 850/1074/974 3892/1075/974 851/1076/974
f 851/1076/975 3892/1075/975 3891/1077/975
f 851/1076/976 3891/1077/976 852/1078/976
f 852/1078/977 3891/1077/977 3890/1079/977
f 852/1078/978 3890/1079/978 853/1080/978
f 853/1080/979 3890/1079/979 854/1081/979
f 3916/1036/980 3899/1082/980 826/1038/980
f 826/1038/981 3899/1082/981 856/1083/981
f 826/1038/949 856/1083/949 828/1040/949
f 828/1040/982 856/1083/982 857/1084/982
f 828/1042/951 857/1085/951 830/1044/951
f 830/1044/983 857/1085/983 832/1046/983
f 3899/1082/984 3897/1086/984 856/1083/984
f 856/1083/985 3897/1086/985 858/1087/985
f 856/1083/982 858/1087/982 857/1084/982
f 857/1084/986 858/1087/986 859/1088/986
f 857/1085/983 859/1089/983 832/1046/983
f 832/1046/987 859/1089/987 835/1049/987
f 3897/1086/988 3898/1090/988 858/1087/988
f 858/1087/989 3898/1090/989 860/1091/989
f 858/1087/986 860/1091/986 859/1088/986
f 859/1088/990 860/1091/990 837/1092/990
f 859/1089/987 837/1051/987 835/1049/987
f 3898/1090/991 861/1093/991 860/1091/991
f 860/1091/992 861/1093/992 839/1056/992
f 860/1091/990 839/1056/990 837/1092/990
f 861/1093/993 3896/1057/993 839/1056/993
f 847/1094/994 862/1095/994 846/1096/994
f 846/1096/995 862/1095/995 844/1097/995
f 862/1095/996 863/1098/996 844/1097/996
f 844/1097/997 863/1098/997 843/1099/997
f 863/1098/998 864/1100/998 843/1099/998
f 843/1099/999 864/1100/999 841/1101/999
f 841/1101/1000 864/1100/1000 865/1102/1000
f 865/1102/1001 864/1100/1001 866/1103/1001
f 865/1102/1002 866/1103/1002 838/1052/1002
f 838/1052/1003 866/1103/1003 836/1050/1003
f 833/1047/1004 867/1104/1004 831/1045/1004
f 831/1045/1005 867/1104/1005 868/1105/1005
f 831/1045/1006 868/1105/1006 869/1106/1006
f 869/1106/1007 868/1105/1007 870/1107/1007
f 869/1106/1008 870/1107/1008 871/1108/1008
f 871/1108/1008 870/1107/1008 872/1109/1008
f 871/1108/1009 872/1109/1009 873/1110/1009
f 873/1110/1009 872/1109/1009 874/1111/1009
f 873/1110/1010 874/1111/1010 875/1112/1010
f 875/1112/1011 874/1111/1011 876/1113/1011
f 875/1112/1012 876/1113/1012 877/1114/1012
f 877/1114/1012 876/1113/1012 878/1115/1012
f 877/1114/1013 878/1115/1013 879/1116/1013
f 879/1116/1013 878/1115/1013 880/1117/1013
f 879/1116/1014 880/1117/1014 750/1118/1014
f 750/1118/1014 880/1117/1014 748/931/1014
f 868/1105/1015 881/1119/1015 870/1107/1015
f 870/1107/1016 881/1119/1016 872/1109/1016
f 872/1109/1017 881/1119/1017 882/1120/1017
f 882/1120/1018 881/1119/1018 883/1121/1018
f 882/1120/1019 883/1121/1019 884/1122/1019
f 885/1123/1020 886/1124/1020 884/1122/1020
f 884/1122/1021 886/1124/1021 887/1125/1021
f 884/1122/1022 887/1125/1022 882/1120/1022
f 882/1120/1023 887/1125/1023 874/1111/1023
f 882/1120/1023 874/1111/1023 872/1109/1023
f 886/1124/1024 885/1123/1024 888/1126/1024
f 888/1126/1025 885/1123/1025 889/1127/1025
f 888/1126/1026 889/1127/1026 890/1128/1026
f 890/1128/1027 889/1127/1027 891/1129/1027
f 890/1128/1028 891/1129/1028 892/1130/1028
f 892/1130/1029 891/1129/1029 893/1131/1029
f 892/1130/1030 893/1131/1030 894/1132/1030
f 894/1132/1030 893/1131/1030 895/1133/1030
f 894/1132/1031 895/1133/1031 742/925/1031
f 742/925/1031 895/1133/1031 740/923/1031
f 891/1129/1032 896/1134/1032 893/1131/1032
f 893/1131/1033 896/1134/1033 897/1135/1033
f 893/1131/1034 897/1135/1034 895/1133/1034
f 895/1133/1035 897/1135/1035 898/1136/1035
f 895/1133/1036 898/1136/1036 740/923/1036
f 740/923/1036 898/1136/1036 738/921/1036
f 897/1135/1037 899/1137/1037 898/1136/1037
f 898/1136/1038 899/1137/1038 900/1138/1038
f 898/1136/1039 900/1138/1039 738/921/1039
f 738/921/1039 900/1138/1039 736/919/1039
f 899/1137/1040 901/1139/1040 900/1138/1040
f 900/1138/1041 901/1139/1041 736/919/1041
f 736/919/1042 901/1139/1042 734/917/1042
f 734/917/1043 901/1139/1043 902/1140/1043
f 734/917/1044 902/1140/1044 903/1141/1044
f 734/917/1045 903/1141/1045 732/915/1045
f 732/915/1046 903/1141/1046 730/913/1046
f 727/910/1047 904/1142/1047 725/908/1047
f 725/908/1048 904/1142/1048 905/1143/1048
f 725/908/1049 905/1143/1049 906/1144/1049
f 906/1145/1049 905/1146/1049 907/1147/1049
f 906/1145/1050 907/1147/1050 908/1148/1050
f 908/1148/1051 907/1147/1051 909/1149/1051
f 909/1149/1052 907/1147/1052 910/1150/1052
f 910/1150/1053 907/1147/1053 911/1151/1053
f 910/1150/1054 911/1151/1054 912/1152/1054
f 912/1152/1055 911/1151/1055 913/1153/1055
f 912/1152/1056 913/1153/1056 914/1154/1056
f 914/1155/1057 913/1156/1057 915/1157/1057
f 914/1154/1058 915/1158/1058 916/1159/1058
f 916/1160/1059 915/1161/1059 917/1162/1059
f 916/1160/1060 917/1162/1060 918/1163/1060
f 904/1142/1061 919/1164/1061 905/1143/1061
f 905/1143/1062 919/1164/1062 920/1165/1062
f 905/1146/1063 920/1166/1063 907/1147/1063
f 907/1147/1063 920/1166/1063 911/1151/1063
f 919/1164/1064 921/1167/1064 920/1165/1064
f 920/1165/1065 921/1167/1065 922/1168/1065
f 920/1166/1066 922/1169/1066 911/1151/1066
f 911/1151/1066 922/1169/1066 913/1153/1066
f 921/1167/1067 923/1170/1067 922/1168/1067
f 922/1169/1068 923/1171/1068 924/1172/1068
f 922/1169/1069 924/1172/1069 913/1153/1069
f 913/1153/1069 924/1172/1069 915/1158/1069
f 923/1170/1070 917/1162/1070 924/1173/1070
f 924/1172/1059 917/1174/1059 915/1158/1059
f 916/1160/1060 918/1163/1060 925/1175/1060
f 925/1175/1071 918/1163/1071 926/1176/1071
f 925/1175/1071 926/1176/1071 927/1177/1071
f 927/1177/1072 926/1176/1072 928/1178/1072
f 927/1177/1072 928/1178/1072 929/1179/1072
f 929/1179/1073 928/1178/1073 930/1180/1073
f 929/1179/1073 930/1180/1073 931/1181/1073
f 931/1181/1074 930/1180/1074 932/1182/1074
f 931/1181/1074 932/1182/1074 933/1183/1074
f 933/1183/1075 932/1182/1075 934/1184/1075
f 933/1183/1075 934/1184/1075 935/1185/1075
f 935/1185/1076 934/1184/1076 936/1186/1076
f 906/1145/1077 908/1148/1077 937/1187/1077
f 937/1187/1078 908/1148/1078 938/1188/1078
f 937/1187/1079 938/1188/1079 939/1189/1079
f 939/1189/1080 938/1188/1080 940/1190/1080
f 939/1189/1081 940/1190/1081 721/902/1081
f 721/902/1082 940/1190/1082 941/1191/1082
f 721/902/829 941/1191/829 719/900/829
f 719/900/1083 941/1191/1083 942/1192/1083
f 719/900/1084 942/1192/1084 717/898/1084
f 940/1190/1085 943/1193/1085 941/1191/1085
f 941/1191/1086 943/1193/1086 942/1192/1086
f 713/894/1087 944/1194/1087 711/892/1087
f 711/892/1088 944/1194/1088 709/890/1088
f 703/884/1089 945/1195/1089 701/882/1089
f 701/882/1090 945/1195/1090 699/880/1090
f 697/878/1091 946/1196/1091 695/876/1091
f 695/876/1092 946/1196/1092 947/1197/1092
f 695/876/1093 947/1197/1093 693/874/1093
f 693/874/1094 947/1197/1094 948/1198/1094
f 693/874/1095 948/1198/1095 949/1199/1095
f 949/1199/1096 948/1198/1096 950/1200/1096
f 949/1199/1097 950/1200/1097 691/870/1097
f 691/870/1098 950/1200/1098 951/1201/1098
f 691/870/799 951/1201/799 689/868/799
f 689/868/1099 951/1201/1099 688/1202/1099
f 950/1200/1100 952/1203/1100 951/1201/1100
f 951/1201/1101 952/1203/1101 953/1204/1101
f 951/1201/1099 953/1204/1099 688/1202/1099
f 688/1202/1102 953/1204/1102 954/1205/1102
f 688/1202/1103 954/1205/1103 687/1206/1103
f 687/1206/1104 954/1205/1104 955/1207/1104
f 687/1206/1105 955/1207/1105 685/1208/1105
f 685/1208/1106 955/1207/1106 956/1209/1106
f 685/1208/1107 956/1209/1107 683/1210/1107
f 683/1210/1108 956/1209/1108 682/1211/1108
f 952/1203/1109 954/1205/1109 953/1204/1109
f 693/874/801 949/1199/801 691/870/801
f 700/881/860 698/879/860 696/877/860
f 706/887/863 704/885/863 702/883/863
f 814/1020/1110 957/1212/1110 812/1018/1110
f 812/1018/1110 957/1212/1110 805/1007/1110
f 812/1018/917 805/1007/917 804/1006/917
f 805/1007/918 957/1212/918 806/1008/918
f 806/1008/1111 957/1212/1111 958/1213/1111
f 806/1008/919 958/1213/919 807/1011/919
f 807/1011/1112 958/1213/1112 959/1214/1112
f 807/1012/1113 959/1215/1113 808/1013/1113
f 808/1216/1114 959/1214/1114 960/1217/1114
f 808/1013/921 960/1218/921 809/1014/921
f 809/1014/1115 960/1218/1115 961/1219/1115
f 809/1014/922 961/1219/922 810/1015/922
f 810/1016/1116 961/1220/1116 962/1221/1116
f 810/1016/923 962/1221/923 811/1017/923
f 811/1017/1117 962/1221/1117 741/924/1117
f 811/1017/924 741/924/924 739/922/924
f 957/1212/1118 814/1020/1118 963/1222/1118
f 963/1222/1118 814/1020/1118 815/1022/1118
f 963/1222/1119 815/1022/1119 964/1223/1119
f 964/1223/1119 815/1022/1119 817/1024/1119
f 964/1223/1120 817/1024/1120 965/1224/1120
f 965/1224/1120 817/1024/1120 818/1026/1120
f 965/1224/1121 818/1026/1121 966/1225/1121
f 966/1225/1121 818/1026/1121 819/1028/1121
f 966/1225/1122 819/1028/1122 967/1226/1122
f 967/1226/1122 819/1028/1122 820/1030/1122
f 967/1226/938 820/1030/938 753/938/938
f 708/889/865 706/887/865 710/891/865
f 957/1212/1111 963/1222/1111 958/1213/1111
f 958/1213/1123 963/1222/1123 968/1227/1123
f 958/1213/1112 968/1227/1112 959/1214/1112
f 959/1214/1124 968/1227/1124 969/1228/1124
f 959/1214/1114 969/1228/1114 960/1217/1114
f 960/1217/1125 969/1228/1125 970/1229/1125
f 960/1218/1115 970/1230/1115 961/1219/1115
f 961/1220/1126 970/1231/1126 971/1232/1126
f 961/1220/1116 971/1232/1116 962/1221/1116
f 962/1221/1127 971/1232/1127 743/926/1127
f 962/1221/1128 743/926/1128 741/924/1128
f 968/1227/1123 963/1222/1123 964/1223/1123
f 718/899/1129 716/897/1129 714/895/1129
f 718/899/1129 714/895/1129 767/955/1129
f 767/955/868 714/895/868 712/893/868
f 968/1227/1130 964/1223/1130 972/1233/1130
f 972/1233/1130 964/1223/1130 965/1224/1130
f 972/1233/1131 965/1224/1131 973/1234/1131
f 973/1234/1131 965/1224/1131 966/1225/1131
f 973/1234/1132 966/1225/1132 974/1235/1132
f 974/1235/1132 966/1225/1132 967/1226/1132
f 974/1235/1133 967/1226/1133 751/936/1133
f 751/936/1133 967/1226/1133 753/938/1133
f 720/901/828 718/899/828 769/957/828
f 769/957/870 718/899/870 767/955/870
f 968/1227/1124 972/1233/1124 969/1228/1124
f 969/1228/1134 972/1233/1134 975/1236/1134
f 969/1228/1125 975/1236/1125 970/1229/1125
f 970/1229/1135 975/1236/1135 976/1237/1135
f 970/1231/1126 976/1238/1126 971/1232/1126
f 971/1232/1136 976/1238/1136 745/928/1136
f 971/1232/1127 745/928/1127 743/926/1127
f 975/1236/1134 972/1233/1134 973/1234/1134
f 722/903/830 720/901/830 771/959/830
f 771/959/872 720/901/872 769/957/872
f 906/1145/1137 937/1187/1137 939/1189/1137
f 906/1145/1137 939/1189/1137 723/904/1137
f 723/904/831 939/1189/831 721/902/831
f 975/1236/1138 973/1234/1138 977/1239/1138
f 977/1239/1138 973/1234/1138 974/1235/1138
f 977/1239/1139 974/1235/1139 749/934/1139
f 749/934/1139 974/1235/1139 751/936/1139
f 724/907/832 722/906/832 773/963/832
f 773/963/874 722/906/874 771/960/874
f 725/908/833 906/1144/833 723/905/833
f 749/934/1140 747/933/1140 977/1239/1140
f 977/1239/1140 747/933/1140 976/1237/1140
f 977/1239/1135 976/1237/1135 975/1236/1135
f 747/930/1141 745/928/1141 976/1238/1141
f 724/907/876 773/963/876 729/912/876
f 729/912/834 726/909/834 724/907/834
f 754/939/1142 756/941/1142 978/1240/1142
f 978/1240/1142 756/941/1142 821/1031/1142
f 978/1240/1143 821/1031/1143 979/1241/1143
f 979/1241/1143 821/1031/1143 822/1033/1143
f 979/1241/1144 822/1033/1144 980/1242/1144
f 980/1242/1144 822/1033/1144 824/1035/1144
f 980/1242/1145 824/1035/1145 981/1243/1145
f 981/1243/1145 824/1035/1145 825/1037/1145
f 981/1243/948 825/1037/948 827/1039/948
f 879/1244/1146 750/935/1146 752/937/1146
f 752/937/1147 754/939/1147 982/1245/1147
f 982/1245/1147 754/939/1147 978/1240/1147
f 982/1245/1148 978/1240/1148 983/1246/1148
f 983/1246/1148 978/1240/1148 979/1241/1148
f 983/1246/1149 979/1241/1149 984/1247/1149
f 984/1247/1149 979/1241/1149 980/1242/1149
f 984/1247/1150 980/1242/1150 985/1248/1150
f 985/1248/1150 980/1242/1150 981/1243/1150
f 985/1248/1151 981/1243/1151 986/1249/1151
f 986/1249/1151 981/1243/1151 827/1039/1151
f 986/1250/950 827/1041/950 829/1043/950
f 746/929/1152 748/931/1152 987/1251/1152
f 987/1251/1152 748/931/1152 880/1117/1152
f 987/1251/1153 880/1117/1153 988/1252/1153
f 988/1252/1153 880/1117/1153 878/1115/1153
f 988/1252/1154 878/1115/1154 989/1253/1154
f 989/1253/1155 878/1115/1155 876/1113/1155
f 989/1253/1156 876/1113/1156 887/1125/1156
f 887/1125/1156 876/1113/1156 874/1111/1156
f 894/1132/1157 742/925/1157 744/927/1157
f 744/927/1158 746/929/1158 990/1254/1158
f 990/1254/1158 746/929/1158 987/1251/1158
f 990/1254/1159 987/1251/1159 991/1255/1159
f 991/1255/1159 987/1251/1159 988/1252/1159
f 991/1255/1160 988/1252/1160 888/1126/1160
f 888/1126/1160 988/1252/1160 989/1253/1160
f 888/1126/1161 989/1253/1161 886/1124/1161
f 886/1124/1161 989/1253/1161 887/1125/1161
f 877/1256/1162 879/1244/1162 982/1245/1162
f 982/1245/1146 879/1244/1146 752/937/1146
f 877/1256/1162 982/1245/1162 983/1246/1162
f 892/1130/1163 894/1132/1163 990/1254/1163
f 990/1254/1157 894/1132/1157 744/927/1157
f 892/1130/1163 990/1254/1163 991/1255/1163
f 875/1112/1164 877/1114/1164 983/1257/1164
f 875/1112/1164 983/1257/1164 984/1258/1164
f 890/1128/1165 892/1130/1165 991/1255/1165
f 890/1128/1165 991/1255/1165 888/1126/1165
f 873/1110/1166 875/1112/1166 984/1258/1166
f 873/1110/1166 984/1258/1166 985/1259/1166
f 873/1110/1167 985/1259/1167 871/1108/1167
f 871/1108/1167 985/1259/1167 986/1250/1167
f 871/1108/1168 986/1250/1168 869/1106/1168
f 869/1106/1168 986/1250/1168 829/1043/1168
f 869/1106/952 829/1043/952 831/1045/952
f 865/1102/1169 838/1052/1169 840/1054/1169
f 841/1101/1169 865/1102/1169 840/1054/1169
f 936/1186/1170 992/1260/1170 993/1261/1170
f 993/1261/1171 992/1260/1171 994/1262/1171
f 993/1261/1172 994/1262/1172 995/1263/1172
f 995/1263/1173 994/1262/1173 996/1264/1173
f 995/1263/1173 996/1264/1173 997/1265/1173
f 997/1265/1174 996/1264/1174 998/1266/1174
f 997/1265/1174 998/1266/1174 999/1267/1174
f 999/1267/1175 998/1266/1175 1000/1268/1175
f 999/1267/1175 1000/1268/1175 1001/1269/1175
f 1001/1269/1176 1000/1268/1176 1002/1270/1176
f 1002/1270/1176 1000/1268/1176 1003/1271/1176
f 1002/1270/1177 1003/1271/1177 1004/1272/1177
f 1005/1273/1178 1006/1274/1178 1004/1272/1178
f 1004/1275/1179 1006/1276/1179 1007/1277/1179
f 1004/1272/1179 1007/1278/1179 1008/1279/1179
f 1008/1280/1180 1007/1277/1180 1009/1281/1180
f 1009/1282/1181 1007/1283/1181 1010/1284/1181
f 1009/1281/1182 1010/1285/1182 1011/1286/1182
f 1011/1286/1183 1010/1285/1183 1012/1287/1183
f 1011/1286/1184 1012/1287/1184 1013/1288/1184
f 1013/1288/1185 1012/1287/1185 1014/1289/1185
f 1013/1288/1186 1014/1289/1186 1015/1290/1186
f 1015/1290/1187 1014/1289/1187 1016/1291/1187
f 1015/1290/1188 1016/1291/1188 1017/1292/1188
f 1017/1292/1189 1016/1291/1189 1018/1293/1189
f 1017/1292/1190 1018/1293/1190 1019/1294/1190
f 1019/1294/1191 1018/1293/1191 1020/1295/1191
f 1019/1294/1192 1020/1295/1192 1021/1296/1192
f 1021/1296/1193 1020/1295/1193 1022/1297/1193
f 1021/1296/1194 1022/1297/1194 1023/1298/1194
f 1023/1298/1195 1022/1297/1195 1024/1299/1195
f 1023/1298/1195 1024/1299/1195 1025/1300/1195
f 1025/1300/1196 1024/1299/1196 1026/1301/1196
f 1025/1300/1196 1026/1301/1196 1027/1302/1196
f 1027/1302/1197 1026/1301/1197 1028/1303/1197
f 1027/1302/1197 1028/1303/1197 1029/1304/1197
f 1029/1304/1198 1028/1303/1198 1030/1305/1198
f 1029/1304/1198 1030/1305/1198 1031/1306/1198
f 1031/1306/1199 1030/1305/1199 1032/1307/1199
f 1031/1306/1199 1032/1307/1199 1033/1308/1199
f 1033/1308/1200 1032/1307/1200 1034/1309/1200
f 1033/1308/1200 1034/1309/1200 1035/1310/1200
f 1035/1310/1201 1034/1309/1201 1036/1311/1201
f 1035/1310/1201 1036/1311/1201 1037/1312/1201
f 1037/1312/1202 1036/1311/1202 1038/1313/1202
f 1037/1312/1202 1038/1313/1202 1039/1314/1202
f 1039/1315/1203 1038/1316/1203 1040/1317/1203
f 1039/1315/1203 1040/1317/1203 1041/1318/1203
f 1041/1318/1204 1040/1317/1204 1042/1319/1204
f 1041/1318/1204 1042/1319/1204 1043/1320/1204
f 1043/1320/1205 1042/1319/1205 1044/1321/1205
f 1043/1320/1205 1044/1321/1205 1045/1322/1205
f 1045/1322/1206 1044/1321/1206 1046/1323/1206
f 1045/1322/1206 1046/1323/1206 1047/1324/1206
f 1047/1324/1207 1046/1323/1207 1048/1325/1207
f 1047/1324/1208 1048/1325/1208 1049/1326/1208
f 1006/1276/1209 1005/1327/1209 1050/1328/1209
f 1050/1329/1210 1005/1273/1210 1051/1330/1210
f 1050/1329/1211 1051/1330/1211 1052/1331/1211
f 1052/1331/1212 1051/1330/1212 1053/1332/1212
f 1052/1331/1213 1053/1332/1213 1054/1333/1213
f 1054/1333/1214 1053/1332/1214 1055/1334/1214
f 1054/1333/1215 1055/1334/1215 1056/1335/1215
f 1057/1336/1216 1058/1337/1216 1056/1335/1216
f 1056/1335/1217 1058/1337/1217 1059/1338/1217
f 1056/1335/1218 1059/1338/1218 1054/1333/1218
f 1054/1339/1219 1059/1340/1219 1014/1289/1219
f 1054/1339/1220 1014/1289/1220 1012/1287/1220
f 1058/1337/1221 1057/1336/1221 1060/1341/1221
f 1060/1341/1222 1057/1336/1222 1061/1342/1222
f 1060/1341/1223 1061/1342/1223 1062/1343/1223
f 1062/1343/1224 1061/1342/1224 1063/1344/1224
f 1062/1343/1225 1063/1344/1225 1064/1345/1225
f 1064/1345/1226 1063/1344/1226 1065/1346/1226
f 1064/1345/1227 1065/1346/1227 1066/1347/1227
f 1061/1342/1228 1065/1346/1228 1063/1344/1228
f 1066/1347/1229 1067/1348/1229 1064/1345/1229
f 1064/1345/1230 1067/1348/1230 1068/1349/1230
f 1064/1345/1231 1068/1349/1231 1069/1350/1231
f 1069/1350/1231 1068/1349/1231 1070/1351/1231
f 1069/1350/1232 1070/1351/1232 1071/1352/1232
f 1071/1352/1232 1070/1351/1232 1072/1353/1232
f 1071/1352/1233 1072/1353/1233 1073/1354/1233
f 1073/1354/1233 1072/1353/1233 1074/1355/1233
f 1073/1356/1234 1074/1357/1234 1024/1299/1234
f 1024/1299/1234 1074/1357/1234 1026/1301/1234
f 1068/1349/1235 1067/1348/1235 1075/1358/1235
f 1075/1358/1236 1067/1348/1236 1076/1359/1236
f 1075/1358/1237 1076/1359/1237 1077/1360/1237
f 1077/1360/1238 1076/1359/1238 1078/1361/1238
f 1077/1360/1239 1078/1361/1239 1079/1362/1239
f 1079/1362/1240 1078/1361/1240 1080/1363/1240
f 1079/1362/1241 1080/1363/1241 1081/1364/1241
f 1081/1364/1242 1080/1363/1242 1082/1365/1242
f 1081/1364/1243 1082/1365/1243 1083/1366/1243
f 1083/1366/1244 1082/1365/1244 1084/1367/1244
f 1083/1366/1245 1084/1367/1245 1085/1368/1245
f 1085/1368/1246 1084/1367/1246 1086/1369/1246
f 1085/1368/1247 1086/1369/1247 1087/1370/1247
f 1087/1370/1248 1086/1369/1248 1088/1371/1248
f 1087/1370/1249 1088/1371/1249 1089/1372/1249
f 1089/1372/1250 1088/1371/1250 1090/1373/1250
f 1089/1372/1251 1090/1373/1251 1091/1374/1251
f 1091/1374/1252 1090/1373/1252 1092/1375/1252
f 1091/1374/1253 1092/1375/1253 1093/1376/1253
f 1093/1376/1254 1092/1375/1254 1094/1377/1254
f 1093/1376/1255 1094/1377/1255 1095/1378/1255
f 1095/1378/1256 1094/1377/1256 1096/1379/1256
f 1095/1378/1257 1096/1379/1257 1097/1380/1257
f 1097/1380/1258 1096/1379/1258 1098/1381/1258
f 1097/1380/1259 1098/1381/1259 1099/1382/1259
f 1099/1382/1260 1098/1381/1260 1100/1383/1260
f 1099/1384/1261 1100/1385/1261 1101/1386/1261
f 1101/1387/1262 1100/1383/1262 1102/1388/1262
f 1101/1386/1263 1102/1389/1263 1103/1390/1263
f 1103/1390/1264 1102/1389/1264 1104/1391/1264
f 1103/1390/1265 1104/1391/1265 1105/1392/1265
f 1105/1392/1266 1104/1391/1266 1106/1393/1266
f 1105/1392/1267 1106/1393/1267 1107/1394/1267
f 1107/1394/1268 1106/1393/1268 1108/1395/1268
f 1107/1394/1269 1108/1395/1269 1109/1396/1269
f 1109/1396/1270 1108/1395/1270 1110/1397/1270
f 1109/1396/1271 1110/1397/1271 1111/1398/1271
f 1111/1399/1272 1110/1400/1272 1112/1401/1272
f 1111/1399/1273 1112/1401/1273 1113/1402/1273
f 1113/1403/1273 1112/1404/1273 1114/1405/1273
f 1113/1403/1274 1114/1405/1274 1115/1406/1274
f 1115/1407/1274 1114/1408/1274 1116/1409/1274
f 1115/1407/1275 1116/1409/1275 1117/1410/1275
f 1117/1411/1275 1116/1412/1275 1118/1413/1275
f 1117/1411/1276 1118/1413/1276 1119/1414/1276
f 1119/1415/1276 1118/1416/1276 1120/1417/1276
f 1119/1415/1277 1120/1417/1277 1121/1418/1277
f 1121/1418/1277 1120/1417/1277 1122/1419/1277
f 1121/1418/1278 1122/1419/1278 1123/1420/1278
f 1123/1420/1279 1122/1419/1279 1124/1421/1279
f 1123/1420/1280 1124/1421/1280 1125/1422/1280
f 1078/1361/1281 1126/1423/1281 1080/1363/1281
f 1080/1363/1282 1126/1423/1282 1082/1365/1282
f 1088/1371/1283 1127/1424/1283 1090/1373/1283
f 1090/1373/1284 1127/1424/1284 1092/1375/1284
f 1094/1377/1285 1128/1425/1285 1096/1379/1285
f 1096/1379/1286 1128/1425/1286 1129/1426/1286
f 1096/1379/1287 1129/1426/1287 1098/1381/1287
f 1098/1381/1288 1129/1426/1288 1130/1427/1288
f 1098/1381/1289 1130/1427/1289 1131/1428/1289
f 1131/1428/1290 1130/1427/1290 1132/1429/1290
f 1131/1428/1291 1132/1429/1291 1100/1383/1291
f 1100/1383/1292 1132/1429/1292 1133/1430/1292
f 1100/1383/1262 1133/1430/1262 1102/1388/1262
f 1102/1388/1293 1133/1430/1293 1104/1431/1293
f 1132/1429/1294 1134/1432/1294 1133/1430/1294
f 1133/1430/1295 1134/1432/1295 1135/1433/1295
f 1133/1430/1293 1135/1433/1293 1104/1431/1293
f 1104/1431/1296 1135/1433/1296 1136/1434/1296
f 1104/1431/1297 1136/1434/1297 1106/1435/1297
f 1106/1435/1298 1136/1434/1298 1137/1436/1298
f 1106/1435/1299 1137/1436/1299 1108/1437/1299
f 1108/1437/1300 1137/1436/1300 1138/1438/1300
f 1108/1437/1301 1138/1438/1301 1110/1400/1301
f 1110/1400/1302 1138/1438/1302 1112/1401/1302
f 1134/1432/1303 1136/1434/1303 1135/1433/1303
f 1103/1390/1304 1139/1439/1304 1101/1386/1304
f 1101/1386/1305 1139/1439/1305 1140/1440/1305
f 1101/1386/1261 1140/1440/1261 1099/1384/1261
f 1099/1384/1306 1140/1440/1306 1141/1441/1306
f 1099/1382/1259 1141/1442/1259 1097/1380/1259
f 1097/1380/1307 1141/1442/1307 1142/1443/1307
f 1097/1380/1257 1142/1443/1257 1095/1378/1257
f 1095/1378/1308 1142/1443/1308 1143/1444/1308
f 1095/1378/1309 1143/1444/1309 1091/1374/1309
f 1091/1374/1310 1143/1444/1310 1144/1445/1310
f 1091/1374/1251 1144/1445/1251 1089/1372/1251
f 1089/1372/1311 1144/1445/1311 1145/1446/1311
f 1089/1372/1312 1145/1446/1312 1085/1368/1312
f 1085/1368/1313 1145/1446/1313 1146/1447/1313
f 1085/1368/1314 1146/1447/1314 1081/1364/1314
f 1081/1364/1315 1146/1447/1315 1147/1448/1315
f 1081/1364/1241 1147/1448/1241 1079/1362/1241
f 1079/1362/1316 1147/1448/1316 1148/1449/1316
f 1079/1362/1317 1148/1449/1317 1149/1450/1317
f 1149/1450/1318 1148/1449/1318 1150/1451/1318
f 1149/1450/1319 1150/1451/1319 1070/1351/1319
f 1070/1351/1320 1150/1451/1320 1072/1353/1320
f 1139/1439/1321 1151/1452/1321 1140/1440/1321
f 1140/1440/1322 1151/1452/1322 1152/1453/1322
f 1140/1440/1306 1152/1453/1306 1141/1441/1306
f 1141/1441/1323 1152/1453/1323 1153/1454/1323
f 1141/1442/1307 1153/1455/1307 1142/1443/1307
f 1142/1443/1324 1153/1455/1324 1154/1456/1324
f 1142/1443/1308 1154/1456/1308 1143/1444/1308
f 1143/1444/1325 1154/1456/1325 1155/1457/1325
f 1143/1444/1310 1155/1457/1310 1144/1445/1310
f 1144/1445/1326 1155/1457/1326 1156/1458/1326
f 1144/1445/1311 1156/1458/1311 1145/1446/1311
f 1145/1446/1327 1156/1458/1327 1157/1459/1327
f 1145/1446/1313 1157/1459/1313 1146/1447/1313
f 1146/1447/1328 1157/1459/1328 1158/1460/1328
f 1146/1447/1315 1158/1460/1315 1147/1448/1315
f 1147/1448/1329 1158/1460/1329 1159/1461/1329
f 1147/1448/1316 1159/1461/1316 1148/1449/1316
f 1148/1449/1330 1159/1461/1330 1160/1462/1330
f 1148/1449/1318 1160/1462/1318 1150/1451/1318
f 1150/1451/1331 1160/1462/1331 1161/1463/1331
f 1150/1451/1320 1161/1463/1320 1072/1353/1320
f 1072/1353/1332 1161/1463/1332 1074/1355/1332
f 1151/1452/1333 1162/1464/1333 1152/1453/1333
f 1152/1453/1334 1162/1464/1334 1163/1465/1334
f 1152/1453/1323 1163/1465/1323 1153/1454/1323
f 1153/1454/1335 1163/1465/1335 1164/1466/1335
f 1153/1455/1324 1164/1467/1324 1154/1456/1324
f 1154/1468/1336 1164/1466/1336 1165/1469/1336
f 1154/1456/1325 1165/1470/1325 1155/1457/1325
f 1155/1457/1337 1165/1470/1337 1166/1471/1337
f 1155/1457/1338 1166/1471/1338 1156/1458/1338
f 1156/1458/1339 1166/1471/1339 1167/1472/1339
f 1156/1458/1340 1167/1472/1340 1157/1459/1340
f 1157/1459/1341 1167/1472/1341 1168/1473/1341
f 1157/1459/1328 1168/1473/1328 1158/1460/1328
f 1158/1460/1342 1168/1473/1342 1169/1474/1342
f 1158/1460/1329 1169/1474/1329 1159/1461/1329
f 1159/1461/1343 1169/1474/1343 1170/1475/1343
f 1159/1461/1330 1170/1475/1330 1160/1462/1330
f 1160/1462/1344 1170/1475/1344 1171/1476/1344
f 1160/1462/1331 1171/1476/1331 1161/1463/1331
f 1161/1463/1345 1171/1476/1345 1172/1477/1345
f 1161/1463/1332 1172/1477/1332 1074/1355/1332
f 1074/1357/1346 1172/1478/1346 1026/1301/1346
f 1162/1464/1347 1173/1479/1347 1163/1465/1347
f 1163/1465/1348 1173/1479/1348 1174/1480/1348
f 1163/1465/1335 1174/1480/1335 1164/1466/1335
f 1164/1466/1349 1174/1480/1349 1175/1481/1349
f 1164/1466/1336 1175/1481/1336 1165/1469/1336
f 1165/1469/1350 1175/1481/1350 1176/1482/1350
f 1165/1470/1337 1176/1483/1337 1166/1471/1337
f 1166/1471/1351 1176/1483/1351 1177/1484/1351
f 1166/1471/1339 1177/1484/1339 1167/1472/1339
f 1167/1472/1352 1177/1484/1352 1178/1485/1352
f 1167/1472/1341 1178/1485/1341 1168/1473/1341
f 1168/1473/1353 1178/1485/1353 1179/1486/1353
f 1168/1473/1342 1179/1486/1342 1169/1474/1342
f 1169/1474/1354 1179/1486/1354 1180/1487/1354
f 1169/1474/1343 1180/1487/1343 1170/1475/1343
f 1170/1475/1355 1180/1487/1355 1181/1488/1355
f 1170/1475/1344 1181/1488/1344 1171/1476/1344
f 1171/1476/1356 1181/1488/1356 1182/1489/1356
f 1171/1476/1345 1182/1489/1345 1172/1477/1345
f 1172/1478/1357 1182/1490/1357 1028/1303/1357
f 1172/1478/1346 1028/1303/1346 1026/1301/1346
f 1173/1479/1358 1183/1491/1358 1174/1480/1358
f 1174/1480/1359 1183/1491/1359 1184/1492/1359
f 1174/1480/1349 1184/1492/1349 1175/1481/1349
f 1175/1481/1360 1184/1492/1360 1185/1493/1360
f 1175/1481/1350 1185/1493/1350 1176/1482/1350
f 1176/1482/1361 1185/1493/1361 1186/1494/1361
f 1176/1483/1351 1186/1495/1351 1177/1484/1351
f 1177/1496/1362 1186/1494/1362 1187/1497/1362
f 1177/1484/1352 1187/1498/1352 1178/1485/1352
f 1178/1485/1363 1187/1498/1363 1188/1499/1363
f 1178/1485/1353 1188/1499/1353 1179/1486/1353
f 1179/1486/1364 1188/1499/1364 1189/1500/1364
f 1179/1486/1354 1189/1500/1354 1180/1487/1354
f 1180/1487/1365 1189/1500/1365 1190/1501/1365
f 1180/1487/1355 1190/1501/1355 1181/1488/1355
f 1181/1488/1366 1190/1501/1366 1191/1502/1366
f 1181/1488/1356 1191/1502/1356 1182/1489/1356
f 1182/1490/1367 1191/1503/1367 1030/1305/1367
f 1182/1490/1357 1030/1305/1357 1028/1303/1357
f 1184/1492/1368 1183/1491/1368 1192/1504/1368
f 1192/1504/1369 1183/1491/1369 1193/1505/1369
f 1192/1504/1370 1193/1505/1370 1194/1506/1370
f 1194/1506/1371 1193/1505/1371 1195/1507/1371
f 1194/1506/1372 1195/1507/1372 1196/1508/1372
f 1196/1508/1373 1195/1507/1373 1197/1509/1373
f 1196/1508/1374 1197/1509/1374 1198/1510/1374
f 1198/1510/1375 1197/1509/1375 1199/1511/1375
f 1198/1510/1376 1199/1511/1376 1200/1512/1376
f 1200/1512/1377 1199/1511/1377 1201/1513/1377
f 1200/1512/1378 1201/1513/1378 1202/1514/1378
f 1202/1514/1379 1201/1513/1379 1203/1515/1379
f 1202/1514/1379 1203/1515/1379 1204/1516/1379
f 1204/1516/1380 1203/1515/1380 1046/1323/1380
f 1204/1516/1381 1046/1323/1381 1044/1321/1381
f 1203/1515/1382 1048/1325/1382 1046/1323/1382
f 1047/1324/1383 1049/1326/1383 1205/1517/1383
f 1205/1517/1384 1049/1326/1384 1206/1518/1384
f 1205/1517/1385 1206/1518/1385 1207/1519/1385
f 1207/1519/1386 1206/1518/1386 1208/1520/1386
f 1207/1519/1387 1208/1520/1387 1209/1521/1387
f 1209/1521/1388 1208/1520/1388 1210/1522/1388
f 1209/1521/1389 1210/1522/1389 1211/1523/1389
f 1211/1523/1390 1210/1522/1390 1212/1524/1390
f 1211/1523/1391 1212/1524/1391 1213/1525/1391
f 1213/1525/1392 1212/1524/1392 1214/1526/1392
f 1213/1527/1393 1214/1528/1393 1215/1529/1393
f 1215/1529/1394 1214/1528/1394 1216/1530/1394
f 1215/1529/1395 1216/1530/1395 1217/1531/1395
f 1217/1531/1396 1216/1530/1396 1218/1532/1396
f 1217/1531/1397 1218/1532/1397 1219/1533/1397
f 1219/1533/1398 1218/1532/1398 1220/1534/1398
f 1220/1534/1399 1218/1532/1399 1221/1535/1399
f 1220/1534/1400 1221/1535/1400 1222/1536/1400
f 1222/1536/1401 1221/1535/1401 1223/1537/1401
f 1222/1536/1402 1223/1537/1402 1224/1538/1402
f 1224/1538/1403 1223/1537/1403 1225/1539/1403
f 1224/1538/1403 1225/1539/1403 1226/1540/1403
f 1226/1541/1404 1225/1542/1404 1227/1543/1404
f 1226/1541/1405 1227/1543/1405 1228/1544/1405
f 1228/1544/1406 1227/1543/1406 1229/1545/1406
f 1228/1544/1407 1229/1545/1407 1230/1546/1407
f 1230/1546/1408 1229/1545/1408 1231/1547/1408
f 1230/1546/1409 1231/1547/1409 1232/1548/1409
f 1232/1548/1410 1231/1547/1410 1233/1549/1410
f 1232/1548/1411 1233/1549/1411 1234/1550/1411
f 1234/1550/1412 1233/1549/1412 1235/1551/1412
f 1234/1550/1413 1235/1551/1413 1236/1552/1413
f 1236/1552/1414 1235/1551/1414 1237/1553/1414
f 1236/1552/1414 1237/1553/1414 1238/1554/1414
f 1238/1554/1415 1237/1553/1415 1239/1555/1415
f 1238/1556/1415 1239/1557/1415 1240/1558/1415
f 1240/1558/1416 1239/1557/1416 1241/1559/1416
f 1240/1560/1416 1241/1561/1416 1242/1562/1416
f 1242/1562/1417 1241/1561/1417 1243/1563/1417
f 1242/1562/1417 1243/1563/1417 1244/1564/1417
f 1244/1564/1418 1243/1563/1418 1245/1565/1418
f 1244/1566/1419 1245/1567/1419 1246/1568/1419
f 1246/1568/1420 1245/1567/1420 1247/1569/1420
f 1246/1570/1421 1247/1571/1421 1248/1572/1421
f 1248/1572/1422 1247/1571/1422 135/160/1422
f 1210/1522/1423 1249/1573/1423 1212/1524/1423
f 1212/1524/1424 1249/1573/1424 1250/1574/1424
f 1212/1524/1392 1250/1574/1392 1214/1526/1392
f 1214/1526/1425 1250/1574/1425 1251/1575/1425
f 1214/1528/1394 1251/1576/1394 1216/1530/1394
f 1216/1530/1426 1251/1576/1426 1218/1532/1426
f 1249/1573/1427 1252/1577/1427 1250/1574/1427
f 1250/1574/1428 1252/1577/1428 1253/1578/1428
f 1250/1574/1425 1253/1578/1425 1251/1575/1425
f 1251/1575/1429 1253/1578/1429 1254/1579/1429
f 1251/1576/1426 1254/1580/1426 1218/1532/1426
f 1218/1532/1430 1254/1580/1430 1221/1535/1430
f 1252/1577/1431 1255/1581/1431 1253/1578/1431
f 1253/1578/1432 1255/1581/1432 1256/1582/1432
f 1253/1578/1429 1256/1582/1429 1254/1579/1429
f 1254/1579/1433 1256/1582/1433 1223/1583/1433
f 1254/1580/1430 1223/1537/1430 1221/1535/1430
f 1255/1581/1434 1257/1584/1434 1256/1582/1434
f 1256/1582/1435 1257/1584/1435 1225/1542/1435
f 1256/1582/1433 1225/1542/1433 1223/1583/1433
f 1257/1584/1436 1227/1543/1436 1225/1542/1436
f 1236/1585/1437 1258/1586/1437 1234/1587/1437
f 1234/1587/1438 1258/1586/1438 1232/1588/1438
f 1258/1586/1439 1259/1589/1439 1232/1588/1439
f 1232/1588/1440 1259/1589/1440 1230/1590/1440
f 1259/1589/1441 1260/1591/1441 1230/1590/1441
f 1230/1590/1442 1260/1591/1442 1228/1592/1442
f 1228/1592/1443 1260/1591/1443 1261/1593/1443
f 1261/1593/1444 1260/1591/1444 1262/1594/1444
f 1261/1593/1445 1262/1594/1445 1224/1538/1445
f 1224/1538/1446 1262/1594/1446 1222/1536/1446
f 1219/1533/1447 1263/1595/1447 1217/1531/1447
f 1217/1531/1448 1263/1595/1448 1264/1596/1448
f 1217/1531/1449 1264/1596/1449 1265/1597/1449
f 1265/1597/1450 1264/1596/1450 1266/1598/1450
f 1265/1597/1451 1266/1598/1451 1267/1599/1451
f 1267/1599/1451 1266/1598/1451 1268/1600/1451
f 1267/1599/1452 1268/1600/1452 1269/1601/1452
f 1269/1601/1452 1268/1600/1452 1270/1602/1452
f 1269/1601/1453 1270/1602/1453 1271/1603/1453
f 1271/1603/1453 1270/1602/1453 1272/1604/1453
f 1271/1603/1454 1272/1604/1454 1273/1605/1454
f 1273/1605/1454 1272/1604/1454 1274/1606/1454
f 1273/1605/1455 1274/1606/1455 1275/1607/1455
f 1275/1607/1455 1274/1606/1455 1276/1608/1455
f 1275/1607/1456 1276/1608/1456 1041/1609/1456
f 1041/1609/1457 1276/1608/1457 1039/1314/1457
f 1264/1596/1458 1277/1610/1458 1266/1598/1458
f 1266/1598/1459 1277/1610/1459 1268/1600/1459
f 1268/1600/1460 1277/1610/1460 1278/1611/1460
f 1278/1611/1461 1277/1610/1461 1279/1612/1461
f 1278/1611/1462 1279/1612/1462 1280/1613/1462
f 1281/1614/1463 1282/1615/1463 1280/1613/1463
f 1280/1613/1464 1282/1615/1464 1283/1616/1464
f 1280/1613/1465 1283/1616/1465 1278/1611/1465
f 1278/1611/1466 1283/1616/1466 1270/1602/1466
f 1278/1611/1466 1270/1602/1466 1268/1600/1466
f 1282/1615/1467 1281/1614/1467 1284/1617/1467
f 1284/1617/1468 1281/1614/1468 1285/1618/1468
f 1284/1617/1469 1285/1618/1469 1286/1619/1469
f 1286/1619/1470 1285/1618/1470 1287/1620/1470
f 1286/1619/1471 1287/1620/1471 1288/1621/1471
f 1288/1621/1472 1287/1620/1472 1289/1622/1472
f 1288/1621/1473 1289/1622/1473 1290/1623/1473
f 1290/1623/1473 1289/1622/1473 1291/1624/1473
f 1290/1623/1474 1291/1624/1474 1033/1308/1474
f 1033/1308/1474 1291/1624/1474 1031/1306/1474
f 1287/1620/1475 1292/1625/1475 1289/1622/1475
f 1289/1622/1476 1292/1625/1476 1293/1626/1476
f 1289/1622/1477 1293/1626/1477 1291/1624/1477
f 1291/1624/1478 1293/1626/1478 1294/1627/1478
f 1291/1624/1479 1294/1627/1479 1031/1306/1479
f 1031/1306/1479 1294/1627/1479 1029/1304/1479
f 1293/1626/1480 1295/1628/1480 1294/1627/1480
f 1294/1627/1481 1295/1628/1481 1296/1629/1481
f 1294/1627/1482 1296/1629/1482 1029/1304/1482
f 1029/1304/1482 1296/1629/1482 1027/1302/1482
f 1295/1628/1483 1297/1630/1483 1296/1629/1483
f 1296/1629/1484 1297/1630/1484 1027/1302/1484
f 1027/1302/1485 1297/1630/1485 1025/1300/1485
f 1025/1300/1486 1297/1630/1486 1298/1631/1486
f 1025/1300/1487 1298/1631/1487 1299/1632/1487
f 1025/1300/1488 1299/1632/1488 1023/1298/1488
f 1023/1298/1489 1299/1632/1489 1021/1296/1489
f 1008/1279/1177 1002/1270/1177 1004/1272/1177
f 1204/1516/1490 1300/1633/1490 1202/1514/1490
f 1202/1514/1490 1300/1633/1490 1301/1634/1490
f 1202/1514/1491 1301/1634/1491 1200/1512/1491
f 1200/1512/1491 1301/1634/1491 1302/1635/1491
f 1200/1512/1492 1302/1635/1492 1198/1510/1492
f 1198/1510/1492 1302/1635/1492 1303/1636/1492
f 1198/1510/1493 1303/1636/1493 1196/1508/1493
f 1196/1508/1493 1303/1636/1493 1304/1637/1493
f 1196/1508/1494 1304/1637/1494 1194/1506/1494
f 1194/1506/1494 1304/1637/1494 1305/1638/1494
f 1194/1506/1495 1305/1638/1495 1192/1504/1495
f 1192/1504/1495 1305/1638/1495 1185/1493/1495
f 1192/1504/1360 1185/1493/1360 1184/1492/1360
f 1300/1633/1496 1306/1639/1496 1301/1634/1496
f 1301/1634/1496 1306/1639/1496 1307/1640/1496
f 1301/1634/1497 1307/1640/1497 1302/1635/1497
f 1302/1635/1497 1307/1640/1497 1308/1641/1497
f 1302/1635/1498 1308/1641/1498 1303/1636/1498
f 1303/1636/1498 1308/1641/1498 1309/1642/1498
f 1303/1636/1499 1309/1642/1499 1304/1637/1499
f 1304/1637/1499 1309/1642/1499 1310/1643/1499
f 1304/1637/1500 1310/1643/1500 1305/1638/1500
f 1305/1638/1500 1310/1643/1500 1186/1494/1500
f 1305/1638/1361 1186/1494/1361 1185/1493/1361
f 1204/1516/1381 1044/1321/1381 1300/1633/1381
f 1300/1633/1501 1044/1321/1501 1042/1319/1501
f 1300/1633/1501 1042/1319/1501 1306/1639/1501
f 1306/1639/1502 1042/1319/1502 1040/1317/1502
f 1306/1639/1502 1040/1317/1502 1311/1644/1502
f 1311/1644/1503 1040/1317/1503 1038/1316/1503
f 1311/1644/1503 1038/1316/1503 1312/1645/1503
f 1312/1646/1504 1038/1313/1504 1036/1311/1504
f 1312/1646/1505 1036/1311/1505 1313/1647/1505
f 1313/1647/1506 1036/1311/1506 1034/1309/1506
f 1313/1647/1506 1034/1309/1506 1314/1648/1506
f 1314/1648/1507 1034/1309/1507 1032/1307/1507
f 1314/1648/1507 1032/1307/1507 1191/1503/1507
f 1191/1503/1367 1032/1307/1367 1030/1305/1367
f 1306/1639/1508 1311/1644/1508 1307/1640/1508
f 1307/1640/1508 1311/1644/1508 1315/1649/1508
f 1307/1640/1509 1315/1649/1509 1308/1641/1509
f 1308/1641/1509 1315/1649/1509 1316/1650/1509
f 1308/1641/1510 1316/1650/1510 1309/1642/1510
f 1309/1642/1510 1316/1650/1510 1317/1651/1510
f 1309/1642/1511 1317/1651/1511 1310/1643/1511
f 1310/1643/1511 1317/1651/1511 1187/1497/1511
f 1310/1643/1362 1187/1497/1362 1186/1494/1362
f 1311/1644/1512 1312/1645/1512 1315/1649/1512
f 1315/1649/1512 1312/1645/1512 1318/1652/1512
f 1315/1649/1513 1318/1652/1513 1316/1650/1513
f 1316/1650/1513 1318/1652/1513 1319/1653/1513
f 1316/1650/1514 1319/1653/1514 1317/1651/1514
f 1317/1651/1514 1319/1653/1514 1188/1654/1514
f 1317/1655/1515 1188/1499/1515 1187/1498/1515
f 1312/1656/1516 1313/1657/1516 1318/1658/1516
f 1318/1658/1516 1313/1657/1516 1320/1659/1516
f 1318/1658/1517 1320/1659/1517 1319/1660/1517
f 1319/1660/1518 1320/1659/1518 1189/1500/1518
f 1319/1660/1364 1189/1500/1364 1188/1499/1364
f 1313/1657/1519 1314/1661/1519 1320/1659/1519
f 1320/1659/1519 1314/1661/1519 1190/1501/1519
f 1320/1659/1365 1190/1501/1365 1189/1500/1365
f 1314/1661/1366 1191/1502/1366 1190/1501/1366
f 1073/1354/1520 1321/1662/1520 1071/1352/1520
f 1071/1352/1520 1321/1662/1520 1322/1663/1520
f 1071/1352/1521 1322/1663/1521 1069/1350/1521
f 1069/1350/1521 1322/1663/1521 1062/1343/1521
f 1069/1350/1225 1062/1343/1225 1064/1345/1225
f 1321/1662/1522 1323/1664/1522 1322/1663/1522
f 1322/1663/1522 1323/1664/1522 1324/1665/1522
f 1322/1663/1523 1324/1665/1523 1062/1343/1523
f 1062/1343/1523 1324/1665/1523 1060/1341/1523
f 1024/1299/1524 1022/1297/1524 1073/1356/1524
f 1073/1356/1524 1022/1297/1524 1321/1666/1524
f 1323/1664/1525 1016/1667/1525 1324/1665/1525
f 1324/1665/1525 1016/1667/1525 1059/1338/1525
f 1324/1665/1526 1059/1338/1526 1060/1341/1526
f 1060/1341/1526 1059/1338/1526 1058/1337/1526
f 1022/1297/1527 1020/1295/1527 1321/1666/1527
f 1321/1666/1527 1020/1295/1527 1323/1668/1527
f 1016/1667/1219 1014/1669/1219 1059/1338/1219
f 1020/1295/1528 1018/1293/1528 1323/1668/1528
f 1323/1668/1528 1018/1293/1528 1016/1291/1528
f 1052/1670/1220 1054/1339/1220 1012/1287/1220
f 1050/1328/1529 1052/1670/1529 1010/1285/1529
f 1010/1285/1529 1052/1670/1529 1012/1287/1529
f 1006/1276/1530 1050/1328/1530 1007/1277/1530
f 1007/1277/1530 1050/1328/1530 1010/1285/1530
f 1149/1450/1319 1070/1351/1319 1068/1349/1319
f 1075/1358/1531 1077/1360/1531 1068/1349/1531
f 1068/1349/1531 1077/1360/1531 1149/1450/1531
f 1077/1360/1317 1079/1362/1317 1149/1450/1317
f 1083/1366/1314 1085/1368/1314 1081/1364/1314
f 1087/1370/1312 1089/1372/1312 1085/1368/1312
f 1093/1376/1309 1095/1378/1309 1091/1374/1309
f 1131/1428/1260 1100/1383/1260 1098/1381/1260
f 1045/1322/1532 1047/1324/1532 1325/1671/1532
f 1325/1671/1532 1047/1324/1532 1205/1517/1532
f 1325/1671/1533 1205/1517/1533 1326/1672/1533
f 1326/1672/1533 1205/1517/1533 1207/1519/1533
f 1326/1672/1534 1207/1519/1534 1327/1673/1534
f 1327/1673/1534 1207/1519/1534 1209/1521/1534
f 1327/1673/1535 1209/1521/1535 1328/1674/1535
f 1328/1674/1535 1209/1521/1535 1211/1523/1535
f 1328/1674/1391 1211/1523/1391 1213/1525/1391
f 1275/1675/1536 1041/1318/1536 1043/1320/1536
f 1043/1320/1537 1045/1322/1537 1329/1676/1537
f 1329/1676/1537 1045/1322/1537 1325/1671/1537
f 1329/1676/1538 1325/1671/1538 1330/1677/1538
f 1330/1677/1538 1325/1671/1538 1326/1672/1538
f 1330/1677/1539 1326/1672/1539 1331/1678/1539
f 1331/1678/1539 1326/1672/1539 1327/1673/1539
f 1331/1678/1540 1327/1673/1540 1332/1679/1540
f 1332/1679/1540 1327/1673/1540 1328/1674/1540
f 1332/1679/1541 1328/1674/1541 1333/1680/1541
f 1333/1680/1541 1328/1674/1541 1213/1525/1541
f 1333/1681/1393 1213/1527/1393 1215/1529/1393
f 1037/1312/1542 1039/1314/1542 1334/1682/1542
f 1334/1682/1542 1039/1314/1542 1276/1608/1542
f 1334/1682/1543 1276/1608/1543 1335/1683/1543
f 1335/1683/1543 1276/1608/1543 1274/1606/1543
f 1335/1683/1544 1274/1606/1544 1336/1684/1544
f 1336/1684/1545 1274/1606/1545 1272/1604/1545
f 1336/1684/1546 1272/1604/1546 1283/1616/1546
f 1283/1616/1546 1272/1604/1546 1270/1602/1546
f 1290/1623/1547 1033/1308/1547 1035/1310/1547
f 1035/1310/1548 1037/1312/1548 1337/1685/1548
f 1337/1685/1548 1037/1312/1548 1334/1682/1548
f 1337/1685/1549 1334/1682/1549 1338/1686/1549
f 1338/1686/1549 1334/1682/1549 1335/1683/1549
f 1338/1686/1550 1335/1683/1550 1284/1617/1550
f 1284/1617/1550 1335/1683/1550 1336/1684/1550
f 1284/1617/1551 1336/1684/1551 1282/1615/1551
f 1282/1615/1551 1336/1684/1551 1283/1616/1551
f 1273/1687/1552 1275/1675/1552 1329/1676/1552
f 1329/1676/1536 1275/1675/1536 1043/1320/1536
f 1273/1687/1552 1329/1676/1552 1330/1677/1552
f 1288/1621/1553 1290/1623/1553 1337/1685/1553
f 1337/1685/1547 1290/1623/1547 1035/1310/1547
f 1288/1621/1554 1337/1685/1554 1338/1686/1554
f 1271/1603/1555 1273/1605/1555 1330/1688/1555
f 1271/1603/1555 1330/1688/1555 1331/1689/1555
f 1286/1619/1556 1288/1621/1556 1338/1686/1556
f 1286/1619/1556 1338/1686/1556 1284/1617/1556
f 1269/1601/1557 1271/1603/1557 1331/1689/1557
f 1269/1601/1557 1331/1689/1557 1332/1690/1557
f 1269/1601/1558 1332/1690/1558 1267/1599/1558
f 1267/1599/1558 1332/1690/1558 1333/1681/1558
f 1267/1599/1559 1333/1681/1559 1265/1597/1559
f 1265/1597/1559 1333/1681/1559 1215/1529/1559
f 1265/1597/1395 1215/1529/1395 1217/1531/1395
f 1261/1593/1560 1224/1538/1560 1226/1540/1560
f 1228/1592/1560 1261/1593/1560 1226/1540/1560
f 259/316/1561 1339/1691/1561 1340/1692/1561
f 1340/1692/1562 1339/1691/1562 1341/1693/1562
f 1341/1693/1563 1339/1691/1563 1342/1694/1563
f 1341/1693/1564 1342/1694/1564 1343/1695/1564
f 1343/1695/1564 1342/1694/1564 1344/1696/1564
f 1343/1695/1565 1344/1696/1565 1345/1697/1565
f 1345/1698/1565 1344/1699/1565 1346/1700/1565
f 1345/1698/1566 1346/1700/1566 1347/1701/1566
f 1347/1702/1566 1346/1703/1566 1348/1704/1566
f 1347/1702/1567 1348/1704/1567 1349/1705/1567
f 1349/1706/1567 1348/1707/1567 1350/1708/1567
f 1349/1706/1568 1350/1708/1568 1351/1709/1568
f 1351/1710/1568 1350/1711/1568 1352/1712/1568
f 1351/1710/1569 1352/1712/1569 1353/1713/1569
f 1353/1714/1570 1352/1715/1570 1354/1716/1570
f 1353/1714/1571 1354/1716/1571 1355/1717/1571
f 1355/1717/1572 1354/1716/1572 1356/1718/1572
f 1355/1717/1573 1356/1718/1573 1357/1719/1573
f 1357/1719/1574 1356/1718/1574 1358/1720/1574
f 1357/1719/1575 1358/1720/1575 1359/1721/1575
f 1359/1721/1576 1358/1720/1576 1360/1722/1576
f 1359/1721/1577 1360/1722/1577 1361/1723/1577
f 1361/1723/1578 1360/1722/1578 1362/1724/1578
f 1361/1725/1579 1362/1726/1579 1363/1727/1579
f 1363/1728/1580 1362/1724/1580 1364/1729/1580
f 1363/1727/1581 1364/1730/1581 1365/1731/1581
f 1365/1731/1582 1364/1730/1582 1366/1732/1582
f 1365/1731/1583 1366/1732/1583 1367/1733/1583
f 1367/1733/1584 1366/1732/1584 1368/1734/1584
f 1367/1733/1585 1368/1734/1585 1369/1735/1585
f 1369/1735/1586 1368/1734/1586 1370/1736/1586
f 1369/1735/1587 1370/1736/1587 1371/1737/1587
f 1371/1737/1588 1370/1736/1588 1372/1738/1588
f 1371/1737/1589 1372/1738/1589 1373/1739/1589
f 1373/1739/1590 1372/1738/1590 1374/1740/1590
f 1373/1739/1591 1374/1740/1591 1375/1741/1591
f 1375/1741/1592 1374/1740/1592 1376/1742/1592
f 1375/1741/1593 1376/1742/1593 1377/1743/1593
f 1377/1743/1594 1376/1742/1594 1378/1744/1594
f 1377/1743/1595 1378/1744/1595 1379/1745/1595
f 1379/1745/1596 1378/1744/1596 1380/1746/1596
f 1379/1745/1597 1380/1746/1597 1381/1747/1597
f 1381/1747/1598 1380/1746/1598 1382/1748/1598
f 1381/1747/1599 1382/1748/1599 1383/1749/1599
f 1383/1749/1600 1382/1748/1600 1384/1750/1600
f 1383/1749/1601 1384/1750/1601 1385/1751/1601
f 1385/1751/1602 1384/1750/1602 1386/1752/1602
f 1385/1751/1603 1386/1752/1603 1387/1753/1603
f 1387/1753/1604 1386/1752/1604 1388/1754/1604
f 1387/1753/1605 1388/1754/1605 1389/1755/1605
f 1389/1755/1606 1388/1754/1606 1390/1756/1606
f 1389/1755/1607 1390/1756/1607 1391/1757/1607
f 1391/1757/1608 1390/1756/1608 1392/1758/1608
f 1391/1757/1609 1392/1758/1609 1393/1759/1609
f 1393/1759/1610 1392/1758/1610 1394/1760/1610
f 1393/1759/1611 1394/1760/1611 1395/1761/1611
f 1395/1761/1612 1394/1760/1612 1396/1762/1612
f 1395/1761/1613 1396/1762/1613 1397/1763/1613
f 1397/1764/1614 1396/1765/1614 1398/1766/1614
f 1397/1764/1615 1398/1766/1615 1399/1767/1615
f 1399/1767/1616 1398/1766/1616 1400/1768/1616
f 1400/1768/1617 1398/1766/1617 1401/1769/1617
f 1400/1768/1618 1401/1769/1618 1402/1770/1618
f 1402/1770/1619 1401/1769/1619 1403/1771/1619
f 1402/1770/1620 1403/1771/1620 1404/1772/1620
f 1404/1772/1621 1403/1771/1621 1405/1773/1621
f 1404/1772/1621 1405/1773/1621 1406/1774/1621
f 1406/1774/1622 1405/1773/1622 1407/1775/1622
f 1406/1774/1622 1407/1775/1622 1408/1776/1622
f 1408/1776/1623 1407/1775/1623 1409/1777/1623
f 1408/1776/1623 1409/1777/1623 1410/1778/1623
f 1410/1778/1624 1409/1777/1624 1411/1779/1624
f 1410/1778/1624 1411/1779/1624 1412/1780/1624
f 1412/1780/1625 1411/1779/1625 1413/1781/1625
f 1412/1780/1625 1413/1781/1625 1414/1782/1625
f 1414/1782/1626 1413/1781/1626 1415/1783/1626
f 1414/1782/1626 1415/1783/1626 1416/1784/1626
f 1416/1784/1627 1415/1783/1627 1417/1785/1627
f 1416/1784/1627 1417/1785/1627 1418/1786/1627
f 1418/1786/1628 1417/1785/1628 1419/1787/1628
f 1418/1786/1628 1419/1787/1628 1420/1788/1628
f 1420/1789/1629 1419/1790/1629 1421/1791/1629
f 1420/1789/1629 1421/1791/1629 1422/1792/1629
f 1422/1792/1630 1421/1791/1630 1423/1793/1630
f 1422/1792/1630 1423/1793/1630 1424/1794/1630
f 1424/1794/1631 1423/1793/1631 1425/1795/1631
f 1424/1794/1631 1425/1795/1631 1426/1796/1631
f 1426/1796/1632 1425/1795/1632 1427/1797/1632
f 1426/1796/1632 1427/1797/1632 1428/1798/1632
f 1428/1798/1633 1427/1797/1633 1429/1799/1633
f 1428/1798/1634 1429/1799/1634 1430/1800/1634
f 1360/1722/1635 1431/1801/1635 1362/1724/1635
f 1362/1724/1636 1431/1801/1636 1432/1802/1636
f 1362/1724/1580 1432/1802/1580 1364/1729/1580
f 1364/1729/1637 1432/1802/1637 1433/1803/1637
f 1364/1730/1582 1433/1804/1582 1366/1732/1582
f 1366/1732/1638 1433/1804/1638 1434/1805/1638
f 1366/1732/1584 1434/1805/1584 1368/1734/1584
f 1368/1734/1639 1434/1805/1639 1435/1806/1639
f 1368/1734/1640 1435/1806/1640 1372/1738/1640
f 1372/1738/1641 1435/1806/1641 1436/1807/1641
f 1372/1738/1590 1436/1807/1590 1374/1740/1590
f 1374/1740/1642 1436/1807/1642 1437/1808/1642
f 1374/1740/1643 1437/1808/1643 1378/1744/1643
f 1378/1744/1644 1437/1808/1644 1438/1809/1644
f 1378/1744/1645 1438/1809/1645 1382/1748/1645
f 1382/1748/1646 1438/1809/1646 1439/1810/1646
f 1382/1748/1600 1439/1810/1600 1384/1750/1600
f 1384/1750/1647 1439/1810/1647 1440/1811/1647
f 1384/1750/1648 1440/1811/1648 1441/1812/1648
f 1441/1812/1649 1440/1811/1649 1442/1813/1649
f 1441/1812/1650 1442/1813/1650 1443/1814/1650
f 1443/1814/1651 1442/1813/1651 1444/1815/1651
f 1443/1814/1652 1444/1815/1652 1445/1816/1652
f 1445/1816/1653 1444/1815/1653 1446/1817/1653
f 1445/1816/1654 1446/1817/1654 1447/1818/1654
f 1447/1819/1655 1446/1820/1655 1403/1771/1655
f 1447/1819/1656 1403/1771/1656 1401/1769/1656
f 1431/1801/1657 1448/1821/1657 1432/1802/1657
f 1432/1802/1658 1448/1821/1658 1449/1822/1658
f 1432/1802/1637 1449/1822/1637 1433/1803/1637
f 1433/1803/1659 1449/1822/1659 1450/1823/1659
f 1433/1804/1638 1450/1824/1638 1434/1805/1638
f 1434/1805/1660 1450/1824/1660 1451/1825/1660
f 1434/1805/1639 1451/1825/1639 1435/1806/1639
f 1435/1806/1661 1451/1825/1661 1452/1826/1661
f 1435/1806/1641 1452/1826/1641 1436/1807/1641
f 1436/1807/1662 1452/1826/1662 1453/1827/1662
f 1436/1807/1642 1453/1827/1642 1437/1808/1642
f 1437/1808/1663 1453/1827/1663 1454/1828/1663
f 1437/1808/1644 1454/1828/1644 1438/1809/1644
f 1438/1809/1664 1454/1828/1664 1455/1829/1664
f 1438/1809/1665 1455/1829/1665 1439/1810/1665
f 1439/1810/1666 1455/1829/1666 1456/1830/1666
f 1439/1810/1647 1456/1830/1647 1440/1811/1647
f 1440/1811/1667 1456/1830/1667 1457/1831/1667
f 1440/1811/1649 1457/1831/1649 1442/1813/1649
f 1442/1813/1668 1457/1831/1668 1458/1832/1668
f 1442/1813/1651 1458/1832/1651 1444/1815/1651
f 1444/1815/1669 1458/1832/1669 1459/1833/1669
f 1444/1815/1653 1459/1833/1653 1446/1817/1653
f 1446/1820/1670 1459/1834/1670 1405/1773/1670
f 1446/1820/1655 1405/1773/1655 1403/1771/1655
f 1448/1821/1671 1460/1835/1671 1449/1822/1671
f 1449/1822/1672 1460/1835/1672 1461/1836/1672
f 1449/1822/1659 1461/1836/1659 1450/1823/1659
f 1450/1823/1673 1461/1836/1673 1462/1837/1673
f 1450/1824/1660 1462/1838/1660 1451/1825/1660
f 1451/1839/1674 1462/1837/1674 1463/1840/1674
f 1451/1825/1661 1463/1841/1661 1452/1826/1661
f 1452/1826/1675 1463/1841/1675 1464/1842/1675
f 1452/1826/1676 1464/1842/1676 1453/1827/1676
f 1453/1827/1677 1464/1842/1677 1465/1843/1677
f 1453/1827/1663 1465/1843/1663 1454/1828/1663
f 1454/1828/1678 1465/1843/1678 1466/1844/1678
f 1454/1828/1664 1466/1844/1664 1455/1829/1664
f 1455/1829/1679 1466/1844/1679 1467/1845/1679
f 1455/1829/1666 1467/1845/1666 1456/1830/1666
f 1456/1830/1680 1467/1845/1680 1468/1846/1680
f 1456/1830/1681 1468/1846/1681 1457/1831/1681
f 1457/1831/1682 1468/1846/1682 1469/1847/1682
f 1457/1831/1668 1469/1847/1668 1458/1832/1668
f 1458/1832/1683 1469/1847/1683 1470/1848/1683
f 1458/1832/1669 1470/1848/1669 1459/1833/1669
f 1459/1834/1684 1470/1849/1684 1407/1775/1684
f 1459/1834/1670 1407/1775/1670 1405/1773/1670
f 1460/1835/1685 1471/1850/1685 1461/1836/1685
f 1461/1836/1686 1471/1850/1686 1472/1851/1686
f 1461/1836/1673 1472/1851/1673 1462/1837/1673
f 1462/1837/1687 1472/1851/1687 1473/1852/1687
f 1462/1837/1674 1473/1852/1674 1463/1840/1674
f 1463/1840/1688 1473/1852/1688 1474/1853/1688
f 1463/1841/1675 1474/1854/1675 1464/1842/1675
f 1464/1842/1689 1474/1854/1689 1475/1855/1689
f 1464/1842/1677 1475/1855/1677 1465/1843/1677
f 1465/1843/1690 1475/1855/1690 1476/1856/1690
f 1465/1843/1678 1476/1856/1678 1466/1844/1678
f 1466/1844/1691 1476/1856/1691 1477/1857/1691
f 1466/1844/1679 1477/1857/1679 1467/1845/1679
f 1467/1845/1692 1477/1857/1692 1478/1858/1692
f 1467/1845/1680 1478/1858/1680 1468/1846/1680
f 1468/1846/1693 1478/1858/1693 1479/1859/1693
f 1468/1846/1682 1479/1859/1682 1469/1847/1682
f 1469/1847/1694 1479/1859/1694 1480/1860/1694
f 1469/1847/1683 1480/1860/1683 1470/1848/1683
f 1470/1849/1695 1480/1861/1695 1409/1777/1695
f 1470/1849/1684 1409/1777/1684 1407/1775/1684
f 1471/1850/1696 1481/1862/1696 1472/1851/1696
f 1472/1851/1697 1481/1862/1697 1482/1863/1697
f 1472/1851/1687 1482/1863/1687 1473/1852/1687
f 1473/1852/1698 1482/1863/1698 1483/1864/1698
f 1473/1852/1688 1483/1864/1688 1474/1853/1688
f 1474/1853/1699 1483/1864/1699 1484/1865/1699
f 1474/1854/1689 1484/1866/1689 1475/1855/1689
f 1475/1867/1700 1484/1865/1700 1485/1868/1700
f 1475/1855/1690 1485/1869/1690 1476/1856/1690
f 1476/1856/1701 1485/1869/1701 1486/1870/1701
f 1476/1856/1691 1486/1870/1691 1477/1857/1691
f 1477/1857/1702 1486/1870/1702 1487/1871/1702
f 1477/1857/1692 1487/1871/1692 1478/1858/1692
f 1478/1858/1703 1487/1871/1703 1488/1872/1703
f 1478/1858/1693 1488/1872/1693 1479/1859/1693
f 1479/1859/1704 1488/1872/1704 1489/1873/1704
f 1479/1859/1694 1489/1873/1694 1480/1860/1694
f 1480/1861/1705 1489/1874/1705 1411/1779/1705
f 1480/1861/1695 1411/1779/1695 1409/1777/1695
f 1482/1863/1706 1481/1862/1706 1490/1875/1706
f 1490/1875/1707 1481/1862/1707 1491/1876/1707
f 1490/1875/1708 1491/1876/1708 1492/1877/1708
f 1492/1877/1709 1491/1876/1709 1493/1878/1709
f 1492/1877/1710 1493/1878/1710 1494/1879/1710
f 1494/1879/1711 1493/1878/1711 1495/1880/1711
f 1494/1879/1712 1495/1880/1712 1496/1881/1712
f 1496/1881/1713 1495/1880/1713 1497/1882/1713
f 1496/1881/1714 1497/1882/1714 1498/1883/1714
f 1498/1883/1715 1497/1882/1715 1499/1884/1715
f 1498/1883/1716 1499/1884/1716 1500/1885/1716
f 1500/1885/1717 1499/1884/1717 1501/1886/1717
f 1500/1885/1717 1501/1886/1717 1502/1887/1717
f 1502/1887/1718 1501/1886/1718 1427/1797/1718
f 1502/1887/1719 1427/1797/1719 1425/1795/1719
f 1501/1886/1720 1429/1799/1720 1427/1797/1720
f 1428/1798/1721 1430/1800/1721 1503/1888/1721
f 1503/1888/1722 1430/1800/1722 1504/1889/1722
f 1503/1888/1723 1504/1889/1723 1505/1890/1723
f 1505/1890/1724 1504/1889/1724 1506/1891/1724
f 1505/1890/1725 1506/1891/1725 1507/1892/1725
f 1507/1892/1726 1506/1891/1726 1508/1893/1726
f 1507/1892/1727 1508/1893/1727 1509/1894/1727
f 1509/1894/1728 1508/1893/1728 1510/1895/1728
f 1509/1894/1729 1510/1895/1729 1511/1896/1729
f 1511/1896/1730 1510/1895/1730 1512/1897/1730
f 1511/1898/1731 1512/1899/1731 1513/1900/1731
f 1513/1900/1732 1512/1899/1732 1514/1901/1732
f 1513/1900/1733 1514/1901/1733 1515/1902/1733
f 1515/1902/1734 1514/1901/1734 1516/1903/1734
f 1515/1902/1735 1516/1903/1735 1517/1904/1735
f 1517/1904/1736 1516/1903/1736 1518/1905/1736
f 1518/1905/1737 1516/1903/1737 1519/1906/1737
f 1518/1905/1738 1519/1906/1738 1520/1907/1738
f 1520/1907/1739 1519/1906/1739 1521/1908/1739
f 1520/1907/1740 1521/1908/1740 1522/1909/1740
f 1522/1909/1741 1521/1908/1741 1523/1910/1741
f 1522/1909/1741 1523/1910/1741 1524/1911/1741
f 1524/1912/1742 1523/1913/1742 1525/1914/1742
f 1524/1912/1743 1525/1914/1743 1526/1915/1743
f 1526/1915/1744 1525/1914/1744 1527/1916/1744
f 1526/1915/1745 1527/1916/1745 1528/1917/1745
f 1528/1917/1746 1527/1916/1746 1529/1918/1746
f 1528/1917/1747 1529/1918/1747 1530/1919/1747
f 1530/1919/1748 1529/1918/1748 1531/1920/1748
f 1530/1919/1749 1531/1920/1749 1532/1921/1749
f 1532/1921/1750 1531/1920/1750 1533/1922/1750
f 1532/1923/1751 1533/1924/1751 1534/1925/1751
f 1534/1925/1752 1533/1924/1752 1535/1926/1752
f 1534/1927/1752 1535/1928/1752 1536/1929/1752
f 1536/1929/1753 1535/1928/1753 1537/1930/1753
f 1536/1931/1753 1537/1932/1753 1538/1933/1753
f 1538/1933/1754 1537/1932/1754 1539/1934/1754
f 1538/1932/1754 1539/1935/1754 1540/1934/1754
f 1540/1934/1755 1539/1935/1755 1541/1936/1755
f 1540/1937/1755 1541/1938/1755 1542/1939/1755
f 1542/1939/1756 1541/1938/1756 1543/1940/1756
f 1542/1939/1757 1543/1940/1757 1544/1941/1757
f 1544/1941/1758 1543/1940/1758 1545/1942/1758
f 1544/1941/1759 1545/1942/1759 1546/1943/1759
f 1546/1943/1760 1545/1942/1760 1547/1944/1760
f 1508/1893/1761 1548/1945/1761 1510/1895/1761
f 1510/1895/1762 1548/1945/1762 1549/1946/1762
f 1510/1895/1730 1549/1946/1730 1512/1897/1730
f 1512/1897/1763 1549/1946/1763 1550/1947/1763
f 1512/1899/1732 1550/1948/1732 1514/1901/1732
f 1514/1901/1764 1550/1948/1764 1516/1903/1764
f 1548/1945/1765 1551/1949/1765 1549/1946/1765
f 1549/1946/1766 1551/1949/1766 1552/1950/1766
f 1549/1946/1763 1552/1950/1763 1550/1947/1763
f 1550/1947/1767 1552/1950/1767 1553/1951/1767
f 1550/1948/1764 1553/1952/1764 1516/1903/1764
f 1516/1903/1768 1553/1952/1768 1519/1906/1768
f 1551/1949/1769 1554/1953/1769 1552/1950/1769
f 1552/1950/1770 1554/1953/1770 1555/1954/1770
f 1552/1950/1767 1555/1954/1767 1553/1951/1767
f 1553/1951/1771 1555/1954/1771 1521/1955/1771
f 1553/1952/1768 1521/1908/1768 1519/1906/1768
f 1554/1953/1772 1556/1956/1772 1555/1954/1772
f 1555/1954/1773 1556/1956/1773 1523/1913/1773
f 1555/1954/1771 1523/1913/1771 1521/1955/1771
f 1556/1956/1774 1525/1914/1774 1523/1913/1774
f 1534/1925/1775 1557/1957/1775 1532/1923/1775
f 1532/1923/1776 1557/1957/1776 1530/1958/1776
f 1557/1957/1777 1558/1959/1777 1530/1958/1777
f 1530/1958/1778 1558/1959/1778 1528/1960/1778
f 1558/1959/1779 1559/1961/1779 1528/1960/1779
f 1528/1960/1780 1559/1961/1780 1526/1962/1780
f 1526/1962/1781 1559/1961/1781 1560/1963/1781
f 1560/1963/1782 1559/1961/1782 1561/1964/1782
f 1560/1963/1783 1561/1964/1783 1522/1909/1783
f 1522/1909/1784 1561/1964/1784 1520/1907/1784
f 1517/1904/1785 1562/1965/1785 1515/1902/1785
f 1515/1902/1786 1562/1965/1786 1563/1966/1786
f 1515/1902/1787 1563/1966/1787 1564/1967/1787
f 1564/1967/1788 1563/1966/1788 1565/1968/1788
f 1564/1967/1789 1565/1968/1789 1566/1969/1789
f 1566/1969/1789 1565/1968/1789 1567/1970/1789
f 1566/1969/1790 1567/1970/1790 1568/1971/1790
f 1568/1971/1790 1567/1970/1790 1569/1972/1790
f 1568/1971/1791 1569/1972/1791 1570/1973/1791
f 1570/1973/1792 1569/1972/1792 1571/1974/1792
f 1570/1973/1793 1571/1974/1793 1572/1975/1793
f 1572/1975/1793 1571/1974/1793 1573/1976/1793
f 1572/1975/1794 1573/1976/1794 1574/1977/1794
f 1574/1977/1794 1573/1976/1794 1575/1978/1794
f 1574/1977/1795 1575/1978/1795 1422/1979/1795
f 1422/1979/1795 1575/1978/1795 1420/1788/1795
f 1563/1966/1796 1576/1980/1796 1565/1968/1796
f 1565/1968/1797 1576/1980/1797 1567/1970/1797
f 1567/1970/1798 1576/1980/1798 1577/1981/1798
f 1577/1981/1799 1576/1980/1799 1578/1982/1799
f 1577/1981/1800 1578/1982/1800 1579/1983/1800
f 1580/1984/1801 1581/1985/1801 1579/1983/1801
f 1579/1983/1802 1581/1985/1802 1582/1986/1802
f 1579/1983/1803 1582/1986/1803 1577/1981/1803
f 1577/1981/1804 1582/1986/1804 1569/1972/1804
f 1577/1981/1804 1569/1972/1804 1567/1970/1804
f 1581/1985/1805 1580/1984/1805 1583/1987/1805
f 1583/1987/1806 1580/1984/1806 1584/1988/1806
f 1583/1987/1807 1584/1988/1807 1585/1989/1807
f 1585/1989/1808 1584/1988/1808 1586/1990/1808
f 1585/1989/1809 1586/1990/1809 1587/1991/1809
f 1587/1991/1810 1586/1990/1810 1588/1992/1810
f 1587/1991/1811 1588/1992/1811 1589/1993/1811
f 1589/1993/1811 1588/1992/1811 1590/1994/1811
f 1589/1993/1812 1590/1994/1812 1414/1782/1812
f 1414/1782/1812 1590/1994/1812 1412/1780/1812
f 1586/1990/1813 1591/1995/1813 1588/1992/1813
f 1588/1992/1814 1591/1995/1814 1592/1996/1814
f 1588/1992/1815 1592/1996/1815 1590/1994/1815
f 1590/1994/1816 1592/1996/1816 1593/1997/1816
f 1590/1994/1817 1593/1997/1817 1412/1780/1817
f 1412/1780/1817 1593/1997/1817 1410/1778/1817
f 1592/1996/1818 1594/1998/1818 1593/1997/1818
f 1593/1997/1819 1594/1998/1819 1595/1999/1819
f 1593/1997/1820 1595/1999/1820 1410/1778/1820
f 1410/1778/1820 1595/1999/1820 1408/1776/1820
f 1594/1998/1821 1596/2000/1821 1595/1999/1821
f 1595/1999/1822 1596/2000/1822 1408/1776/1822
f 1408/1776/1823 1596/2000/1823 1406/1774/1823
f 1406/1774/1824 1596/2000/1824 1597/2001/1824
f 1406/1774/1825 1597/2001/1825 1598/2002/1825
f 1406/1774/1826 1598/2002/1826 1404/1772/1826
f 1404/1772/1827 1598/2002/1827 1402/1770/1827
f 1399/1767/1828 1599/2003/1828 1397/1764/1828
f 1397/1764/1829 1599/2003/1829 1600/2004/1829
f 1397/1763/1830 1600/2005/1830 1601/2006/1830
f 1601/2006/1830 1600/2005/1830 1602/2007/1830
f 1601/2006/1831 1602/2007/1831 1603/2008/1831
f 1603/2008/1832 1602/2007/1832 1604/2009/1832
f 1604/2009/1833 1602/2007/1833 1605/2010/1833
f 1605/2010/1834 1602/2007/1834 1606/2011/1834
f 1605/2010/1835 1606/2011/1835 1607/2012/1835
f 1607/2012/1836 1606/2011/1836 1608/2013/1836
f 1607/2012/1837 1608/2013/1837 1609/2014/1837
f 1609/2015/1838 1608/2016/1838 1610/2017/1838
f 1609/2014/1839 1610/2018/1839 1611/2019/1839
f 1611/2019/1840 1610/2018/1840 1612/2020/1840
f 1611/2019/1840 1612/2020/1840 1613/2021/1840
f 1613/2022/1841 1612/2023/1841 1614/2024/1841
f 1614/2025/1842 1612/2026/1842 1615/2027/1842
f 1614/2024/1843 1615/2028/1843 1616/2029/1843
f 1616/2029/1844 1615/2028/1844 1617/2030/1844
f 1616/2029/1845 1617/2030/1845 1618/2031/1845
f 1618/2031/1846 1617/2030/1846 1600/2004/1846
f 1618/2031/1847 1600/2004/1847 1599/2003/1847
f 1613/2021/1848 1619/2032/1848 1611/2019/1848
f 1611/2019/1848 1619/2032/1848 1620/2033/1848
f 1620/2033/1849 1619/2032/1849 1621/2034/1849
f 1621/2034/1849 1619/2032/1849 1622/2035/1849
f 1621/2034/1850 1622/2035/1850 1623/2036/1850
f 1621/2034/1850 1623/2036/1850 1624/2037/1850
f 1624/2037/1851 1623/2036/1851 1625/2038/1851
f 1624/2037/1851 1625/2038/1851 1626/2039/1851
f 1626/2039/1852 1625/2038/1852 1627/2040/1852
f 1626/2039/1852 1627/2040/1852 1628/2041/1852
f 1628/2041/1853 1627/2040/1853 1629/2042/1853
f 1628/2041/1854 1629/2042/1854 1630/2043/1854
f 1630/2043/1855 1629/2042/1855 462/573/1855
f 1601/2006/1856 1603/2008/1856 1631/2044/1856
f 1631/2044/1857 1603/2008/1857 1632/2045/1857
f 1631/2044/1858 1632/2045/1858 1633/2046/1858
f 1633/2046/1859 1632/2045/1859 1634/2047/1859
f 1633/2046/1860 1634/2047/1860 1393/1759/1860
f 1393/1759/1861 1634/2047/1861 1635/2048/1861
f 1393/1759/1609 1635/2048/1609 1391/1757/1609
f 1391/1757/1862 1635/2048/1862 1636/2049/1862
f 1391/1757/1863 1636/2049/1863 1637/2050/1863
f 1634/2047/1864 1636/2049/1864 1635/2048/1864
f 1637/2050/1865 1389/1755/1865 1391/1757/1865
f 1385/1751/1866 1638/2051/1866 1383/1749/1866
f 1383/1749/1867 1638/2051/1867 1381/1747/1867
f 1375/1741/1868 1639/2052/1868 1373/1739/1868
f 1373/1739/1869 1639/2052/1869 1371/1737/1869
f 1369/1735/1870 1640/2053/1870 1367/1733/1870
f 1367/1733/1871 1640/2053/1871 1641/2054/1871
f 1367/1733/1872 1641/2054/1872 1365/1731/1872
f 1365/1731/1873 1641/2054/1873 1642/2055/1873
f 1365/1731/1874 1642/2055/1874 1643/2056/1874
f 1643/2056/1875 1642/2055/1875 1644/2057/1875
f 1643/2056/1876 1644/2057/1876 1363/1727/1876
f 1363/1727/1877 1644/2057/1877 1645/2058/1877
f 1363/1727/1579 1645/2058/1579 1361/1725/1579
f 1361/1725/1878 1645/2058/1878 1359/2059/1878
f 1644/2057/1879 1646/2060/1879 1645/2058/1879
f 1645/2058/1880 1646/2060/1880 1647/2061/1880
f 1645/2058/1878 1647/2061/1878 1359/2059/1878
f 1359/2059/1881 1647/2061/1881 1648/2062/1881
f 1359/2059/1882 1648/2062/1882 1357/2063/1882
f 1357/2063/1883 1648/2062/1883 1649/2064/1883
f 1357/2063/1884 1649/2064/1884 1355/2065/1884
f 1355/2065/1885 1649/2064/1885 1650/2066/1885
f 1355/2065/1886 1650/2066/1886 1353/1713/1886
f 1353/1713/1887 1650/2066/1887 1351/1710/1887
f 1646/2060/1888 1648/2062/1888 1647/2061/1888
f 1365/1731/1581 1643/2056/1581 1363/1727/1581
f 1372/1738/1640 1370/1736/1640 1368/1734/1640
f 1378/1744/1643 1376/1742/1643 1374/1740/1643
f 1492/1877/1889 1651/2067/1889 1490/1875/1889
f 1490/1875/1889 1651/2067/1889 1483/1864/1889
f 1490/1875/1698 1483/1864/1698 1482/1863/1698
f 1483/1864/1699 1651/2067/1699 1484/1865/1699
f 1484/1865/1890 1651/2067/1890 1652/2068/1890
f 1484/1865/1700 1652/2068/1700 1485/1868/1700
f 1485/1868/1891 1652/2068/1891 1653/2069/1891
f 1485/1869/1701 1653/2070/1701 1486/1870/1701
f 1486/2071/1892 1653/2069/1892 1654/2072/1892
f 1486/1870/1702 1654/2073/1702 1487/1871/1702
f 1487/1871/1893 1654/2073/1893 1655/2074/1893
f 1487/1871/1703 1655/2074/1703 1488/1872/1703
f 1488/1872/1894 1655/2074/1894 1656/2075/1894
f 1488/1872/1704 1656/2075/1704 1489/1873/1704
f 1489/1874/1895 1656/2076/1895 1413/1781/1895
f 1489/1874/1705 1413/1781/1705 1411/1779/1705
f 1651/2067/1896 1492/1877/1896 1657/2077/1896
f 1657/2077/1896 1492/1877/1896 1494/1879/1896
f 1657/2077/1897 1494/1879/1897 1658/2078/1897
f 1658/2078/1897 1494/1879/1897 1496/1881/1897
f 1658/2078/1898 1496/1881/1898 1659/2079/1898
f 1659/2079/1898 1496/1881/1898 1498/1883/1898
f 1659/2079/1899 1498/1883/1899 1660/2080/1899
f 1660/2080/1899 1498/1883/1899 1500/1885/1899
f 1660/2080/1900 1500/1885/1900 1661/2081/1900
f 1661/2081/1900 1500/1885/1900 1502/1887/1900
f 1661/2081/1719 1502/1887/1719 1425/1795/1719
f 1380/1746/1645 1378/1744/1645 1382/1748/1645
f 1651/2067/1890 1657/2077/1890 1652/2068/1890
f 1652/2068/1901 1657/2077/1901 1662/2082/1901
f 1652/2068/1891 1662/2082/1891 1653/2069/1891
f 1653/2069/1902 1662/2082/1902 1663/2083/1902
f 1653/2069/1892 1663/2083/1892 1654/2072/1892
f 1654/2072/1903 1663/2083/1903 1664/2084/1903
f 1654/2073/1893 1664/2085/1893 1655/2074/1893
f 1655/2074/1904 1664/2085/1904 1665/2086/1904
f 1655/2074/1894 1665/2086/1894 1656/2075/1894
f 1656/2076/1905 1665/2087/1905 1415/1783/1905
f 1656/2076/1895 1415/1783/1895 1413/1781/1895
f 1662/2082/1901 1657/2077/1901 1658/2078/1901
f 1390/1756/1906 1388/1754/1906 1386/1752/1906
f 1390/1756/1906 1386/1752/1906 1441/1812/1906
f 1441/1812/1648 1386/1752/1648 1384/1750/1648
f 1662/2082/1907 1658/2078/1907 1666/2088/1907
f 1666/2088/1907 1658/2078/1907 1659/2079/1907
f 1666/2088/1908 1659/2079/1908 1667/2089/1908
f 1667/2089/1908 1659/2079/1908 1660/2080/1908
f 1667/2089/1909 1660/2080/1909 1668/2090/1909
f 1668/2090/1909 1660/2080/1909 1661/2081/1909
f 1668/2090/1910 1661/2081/1910 1423/1793/1910
f 1423/1793/1910 1661/2081/1910 1425/1795/1910
f 1392/1758/1608 1390/1756/1608 1443/1814/1608
f 1443/1814/1650 1390/1756/1650 1441/1812/1650
f 1662/2082/1902 1666/2088/1902 1663/2083/1902
f 1663/2083/1911 1666/2088/1911 1669/2091/1911
f 1663/2083/1903 1669/2091/1903 1664/2084/1903
f 1664/2084/1912 1669/2091/1912 1670/2092/1912
f 1664/2085/1904 1670/2093/1904 1665/2086/1904
f 1665/2087/1913 1670/2094/1913 1417/1785/1913
f 1665/2087/1905 1417/1785/1905 1415/1783/1905
f 1669/2091/1911 1666/2088/1911 1667/2089/1911
f 1394/1760/1610 1392/1758/1610 1445/1816/1610
f 1445/1816/1652 1392/1758/1652 1443/1814/1652
f 1601/2006/1914 1631/2044/1914 1633/2046/1914
f 1601/2006/1914 1633/2046/1914 1395/1761/1914
f 1395/1761/1611 1633/2046/1611 1393/1759/1611
f 1669/2091/1915 1667/2089/1915 1671/2095/1915
f 1671/2095/1915 1667/2089/1915 1668/2090/1915
f 1671/2095/1916 1668/2090/1916 1421/1791/1916
f 1421/1791/1916 1668/2090/1916 1423/1793/1916
f 1396/1762/1612 1394/1760/1612 1447/1818/1612
f 1447/1818/1654 1394/1760/1654 1445/1816/1654
f 1397/1763/1613 1601/2006/1613 1395/1761/1613
f 1600/2005/1917 1617/2096/1917 1602/2007/1917
f 1602/2007/1918 1617/2096/1918 1606/2011/1918
f 1612/2020/1919 1610/2018/1919 1608/2013/1919
f 1617/2096/1920 1615/2097/1920 1606/2011/1920
f 1606/2098/1920 1615/2099/1920 1608/2100/1920
f 1615/2099/1919 1612/2101/1919 1608/2100/1919
f 1421/1791/1921 1419/1790/1921 1671/2095/1921
f 1671/2095/1921 1419/1790/1921 1670/2092/1921
f 1671/2095/1912 1670/2092/1912 1669/2091/1912
f 1419/1787/1922 1417/1785/1922 1670/2094/1922
f 1396/1765/1656 1447/1819/1656 1401/1769/1656
f 1401/1769/1614 1398/1766/1614 1396/1765/1614
f 1426/1796/1923 1428/1798/1923 1672/2102/1923
f 1672/2102/1923 1428/1798/1923 1503/1888/1923
f 1672/2102/1924 1503/1888/1924 1673/2103/1924
f 1673/2103/1924 1503/1888/1924 1505/1890/1924
f 1673/2103/1925 1505/1890/1925 1674/2104/1925
f 1674/2104/1925 1505/1890/1925 1507/1892/1925
f 1674/2104/1926 1507/1892/1926 1675/2105/1926
f 1675/2105/1926 1507/1892/1926 1509/1894/1926
f 1675/2105/1729 1509/1894/1729 1511/1896/1729
f 1574/2106/1927 1422/1792/1927 1424/1794/1927
f 1424/1794/1928 1426/1796/1928 1676/2107/1928
f 1676/2107/1928 1426/1796/1928 1672/2102/1928
f 1676/2107/1929 1672/2102/1929 1677/2108/1929
f 1677/2108/1929 1672/2102/1929 1673/2103/1929
f 1677/2108/1930 1673/2103/1930 1678/2109/1930
f 1678/2109/1930 1673/2103/1930 1674/2104/1930
f 1678/2109/1931 1674/2104/1931 1679/2110/1931
f 1679/2110/1931 1674/2104/1931 1675/2105/1931
f 1679/2110/1932 1675/2105/1932 1680/2111/1932
f 1680/2111/1932 1675/2105/1932 1511/1896/1932
f 1680/2112/1731 1511/1898/1731 1513/1900/1731
f 1418/1786/1933 1420/1788/1933 1681/2113/1933
f 1681/2113/1933 1420/1788/1933 1575/1978/1933
f 1681/2113/1934 1575/1978/1934 1682/2114/1934
f 1682/2114/1934 1575/1978/1934 1573/1976/1934
f 1682/2114/1935 1573/1976/1935 1683/2115/1935
f 1683/2115/1936 1573/1976/1936 1571/1974/1936
f 1683/2115/1937 1571/1974/1937 1582/1986/1937
f 1582/1986/1937 1571/1974/1937 1569/1972/1937
f 1589/1993/1938 1414/1782/1938 1416/1784/1938
f 1416/1784/1939 1418/1786/1939 1684/2116/1939
f 1684/2116/1939 1418/1786/1939 1681/2113/1939
f 1684/2116/1940 1681/2113/1940 1685/2117/1940
f 1685/2117/1940 1681/2113/1940 1682/2114/1940
f 1685/2117/1941 1682/2114/1941 1583/1987/1941
f 1583/1987/1941 1682/2114/1941 1683/2115/1941
f 1583/1987/1942 1683/2115/1942 1581/1985/1942
f 1581/1985/1942 1683/2115/1942 1582/1986/1942
f 1572/2118/1943 1574/2106/1943 1676/2107/1943
f 1676/2107/1927 1574/2106/1927 1424/1794/1927
f 1572/2118/1943 1676/2107/1943 1677/2108/1943
f 1587/1991/1944 1589/1993/1944 1684/2116/1944
f 1684/2116/1938 1589/1993/1938 1416/1784/1938
f 1587/1991/1944 1684/2116/1944 1685/2117/1944
f 1570/1973/1945 1572/1975/1945 1677/2119/1945
f 1570/1973/1945 1677/2119/1945 1678/2120/1945
f 1585/1989/1946 1587/1991/1946 1685/2117/1946
f 1585/1989/1946 1685/2117/1946 1583/1987/1946
f 1568/1971/1947 1570/1973/1947 1678/2120/1947
f 1568/1971/1947 1678/2120/1947 1679/2121/1947
f 1568/1971/1948 1679/2121/1948 1566/1969/1948
f 1566/1969/1948 1679/2121/1948 1680/2112/1948
f 1566/1969/1949 1680/2112/1949 1564/1967/1949
f 1564/1967/1949 1680/2112/1949 1513/1900/1949
f 1564/1967/1733 1513/1900/1733 1515/1902/1733
f 1560/1963/1950 1522/1909/1950 1524/1911/1950
f 1526/1962/1950 1560/1963/1950 1524/1911/1950
f 3861/696/1951 1686/2122/1951 1687/2123/1951
f 1687/2123/1952 1686/2122/1952 1688/2124/1952
f 1687/2123/1953 1688/2124/1953 1689/2125/1953
f 1689/2125/1954 1688/2124/1954 1690/2126/1954
f 1689/2125/1955 1690/2126/1955 3860/2127/1955
f 3860/2127/1956 1690/2126/1956 1691/2128/1956
f 3860/2127/1956 1691/2128/1956 1692/2129/1956
f 1692/2129/1957 1691/2128/1957 1693/2130/1957
f 1692/2129/1957 1693/2130/1957 3859/2131/1957
f 3859/2131/1958 1693/2130/1958 1694/2132/1958
f 3859/2131/1958 1694/2132/1958 3858/2133/1958
f 3858/2133/1959 1694/2132/1959 1695/2134/1959
f 3858/2133/1959 1695/2134/1959 1696/2135/1959
f 1696/2135/1960 1695/2134/1960 1697/2136/1960
f 1696/2137/1961 1697/2138/1961 3857/2139/1961
f 3857/2139/1962 1697/2138/1962 1698/2140/1962
f 3857/2139/1963 1698/2140/1963 3856/2141/1963
f 3856/2141/1964 1698/2140/1964 1699/2142/1964
f 3856/2141/1965 1699/2142/1965 3855/2143/1965
f 3855/2143/1966 1699/2142/1966 1700/2144/1966
f 3855/2143/1967 1700/2144/1967 3854/2145/1967
f 3854/2145/1968 1700/2144/1968 1701/2146/1968
f 3854/2145/1969 1701/2146/1969 1702/2147/1969
f 1702/2148/1970 1701/2149/1970 1703/2150/1970
f 1702/2148/1970 1703/2150/1970 1704/2151/1970
f 1704/2151/1971 1703/2150/1971 1705/2152/1971
f 1704/2151/1972 1705/2152/1972 1706/2153/1972
f 1706/2153/1973 1705/2152/1973 1707/2154/1973
f 1706/2153/1974 1707/2154/1974 1708/2155/1974
f 1708/2155/1975 1707/2154/1975 1709/2156/1975
f 1708/2155/1976 1709/2156/1976 1710/2157/1976
f 1710/2157/1977 1709/2156/1977 1711/2158/1977
f 1710/2157/1978 1711/2158/1978 1712/2159/1978
f 1695/2134/1979 1713/2160/1979 1697/2136/1979
f 1697/2136/1980 1713/2160/1980 1698/2161/1980
f 1713/2160/1981 1714/2162/1981 1698/2161/1981
f 1698/2161/1982 1714/2162/1982 1699/2163/1982
f 1714/2162/1983 1715/2164/1983 1699/2163/1983
f 1699/2163/1984 1715/2164/1984 1700/2165/1984
f 1700/2165/1985 1715/2164/1985 1716/2166/1985
f 1716/2166/1986 1715/2164/1986 1717/2167/1986
f 1716/2166/1987 1717/2167/1987 1703/2150/1987
f 1703/2150/1988 1717/2167/1988 1705/2152/1988
f 1718/2168/1989 1719/2169/1989 1712/2159/1989
f 1712/2159/1990 1719/2169/1990 1720/2170/1990
f 1712/2159/1991 1720/2170/1991 1710/2157/1991
f 1710/2157/1992 1720/2170/1992 1721/2171/1992
f 1710/2157/1992 1721/2171/1992 1722/2172/1992
f 1722/2172/1993 1721/2171/1993 1723/2173/1993
f 1722/2172/1993 1723/2173/1993 1724/2174/1993
f 1724/2175/1994 1723/2176/1994 1725/2177/1994
f 1724/2175/1994 1725/2177/1994 1726/2178/1994
f 1726/2178/1995 1725/2177/1995 3863/2179/1995
f 1726/2178/1996 3863/2179/1996 3864/2180/1996
f 1727/2181/1997 1728/2182/1997 1718/2168/1997
f 1718/2168/1998 1728/2182/1998 1729/2183/1998
f 1718/2168/1999 1729/2183/1999 1719/2169/1999
f 1719/2169/2000 1729/2183/2000 1730/2184/2000
f 1719/2169/2000 1730/2184/2000 1720/2170/2000
f 1720/2170/2001 1730/2184/2001 1731/2185/2001
f 1720/2170/2001 1731/2185/2001 1721/2171/2001
f 1721/2171/2002 1731/2185/2002 1732/2186/2002
f 1721/2171/2002 1732/2186/2002 1723/2173/2002
f 1723/2176/2003 1732/2187/2003 1733/2188/2003
f 1723/2176/2003 1733/2188/2003 1725/2177/2003
f 1725/2177/2004 1733/2188/2004 3862/2189/2004
f 1725/2177/2005 3862/2189/2005 3863/2179/2005
f 1727/2181/2006 1734/2190/2006 1728/2182/2006
f 1728/2182/2007 1734/2190/2007 1735/2191/2007
f 1728/2182/2008 1735/2191/2008 1736/2192/2008
f 1736/2192/2009 1735/2191/2009 1737/2193/2009
f 1736/2192/2010 1737/2193/2010 1738/2194/2010
f 1738/2194/2011 1737/2193/2011 1739/2195/2011
f 1738/2194/2012 1739/2195/2012 1740/2196/2012
f 1740/2197/2013 1739/2198/2013 1741/2199/2013
f 1740/2197/2014 1741/2199/2014 1742/2200/2014
f 1742/2200/2015 1741/2199/2015 1743/2201/2015
f 1742/2200/2016 1743/2201/2016 1744/2202/2016
f 1744/2202/2017 1743/2201/2017 1745/2203/2017
f 1744/2202/2018 1745/2203/2018 3839/2204/2018
f 3839/2204/2019 1745/2203/2019 3850/2205/2019
f 3850/2205/2020 1745/2203/2020 1746/2206/2020
f 3850/2205/2021 1746/2206/2021 1747/2207/2021
f 1747/2207/2022 1746/2206/2022 1748/2208/2022
f 1747/2207/2022 1748/2208/2022 1749/2209/2022
f 1749/2209/2023 1748/2208/2023 1750/2210/2023
f 1749/2209/2023 1750/2210/2023 1751/2211/2023
f 1751/2211/2024 1750/2210/2024 1752/2212/2024
f 1751/2211/2024 1752/2212/2024 1753/2213/2024
f 1753/2213/2025 1752/2212/2025 1754/2214/2025
f 1753/2213/2025 1754/2214/2025 1755/2215/2025
f 1755/2216/2026 1754/2217/2026 1756/2218/2026
f 1755/2216/2026 1756/2218/2026 1757/2219/2026
f 1757/2219/2027 1756/2218/2027 1758/2220/2027
f 1757/2219/2027 1758/2220/2027 1759/2221/2027
f 1759/2221/2028 1758/2220/2028 1760/2222/2028
f 1759/2221/2028 1760/2222/2028 1761/2223/2028
f 1761/2223/2029 1760/2222/2029 1762/2224/2029
f 1761/2223/2029 1762/2224/2029 1763/2225/2029
f 1763/2225/2030 1762/2224/2030 1764/2226/2030
f 1763/2225/2030 1764/2226/2030 1765/2227/2030
f 1765/2227/2031 1764/2226/2031 1766/2228/2031
f 1765/2227/2031 1766/2228/2031 1767/2229/2031
f 1767/2229/2032 1766/2228/2032 1768/2230/2032
f 1767/2229/2032 1768/2230/2032 1769/2231/2032
f 1769/2231/2033 1768/2230/2033 1770/2232/2033
f 1769/2231/2033 1770/2232/2033 1771/2233/2033
f 1771/2233/2034 1770/2232/2034 1772/2234/2034
f 1771/2235/2034 1772/2236/2034 1773/2237/2034
f 1773/2237/2035 1772/2236/2035 1774/2238/2035
f 1773/2239/2035 1774/2240/2035 1775/2241/2035
f 1775/2241/2036 1774/2240/2036 1776/2242/2036
f 1775/2241/2036 1776/2242/2036 1777/2243/2036
f 1777/2243/2037 1776/2242/2037 1778/2244/2037
f 1777/2243/2038 1778/2244/2038 1779/2245/2038
f 1779/2245/2039 1778/2244/2039 1780/2246/2039
f 1779/2245/2039 1780/2246/2039 1781/2247/2039
f 1781/2247/2040 1780/2246/2040 1782/2248/2040
f 1781/2247/2040 1782/2248/2040 1783/2249/2040
f 1783/2249/2041 1782/2248/2041 1784/2250/2041
f 1783/2249/2041 1784/2250/2041 1785/2251/2041
f 1785/2251/2042 1784/2250/2042 1786/2252/2042
f 1785/2251/2042 1786/2252/2042 1787/2253/2042
f 1787/2253/2043 1786/2252/2043 1788/2254/2043
f 1787/2255/2043 1788/2256/2043 1789/2257/2043
f 1789/2257/2044 1788/2256/2044 1790/2258/2044
f 1789/2259/2044 1790/2260/2044 1791/2261/2044
f 1791/2261/2045 1790/2260/2045 1792/2262/2045
f 1791/2261/2045 1792/2262/2045 1793/2263/2045
f 1793/2263/2046 1792/2262/2046 1794/2264/2046
f 1793/2263/2046 1794/2264/2046 1795/2265/2046
f 1795/2265/2047 1794/2264/2047 1796/2266/2047
f 1795/2265/2048 1796/2266/2048 1797/2267/2048
f 1797/2267/2049 1796/2266/2049 1798/2268/2049
f 1735/2191/2050 1734/2190/2050 1799/2269/2050
f 1799/2269/2051 1734/2190/2051 1800/2270/2051
f 1799/2269/2052 1800/2270/2052 1801/2271/2052
f 1801/2271/2053 1800/2270/2053 1802/2272/2053
f 1801/2271/2054 1802/2272/2054 1803/2273/2054
f 1803/2273/2055 1802/2272/2055 1804/2274/2055
f 1803/2273/2056 1804/2274/2056 1805/2275/2056
f 1805/2275/2057 1804/2274/2057 1806/2276/2057
f 1805/2275/2058 1806/2276/2058 1807/2277/2058
f 1807/2277/2058 1806/2276/2058 1808/2278/2058
f 1807/2277/2059 1808/2278/2059 1809/2279/2059
f 1809/2279/2059 1808/2278/2059 1810/2280/2059
f 1809/2279/2060 1810/2280/2060 1811/2281/2060
f 1811/2281/2060 1810/2280/2060 1812/2282/2060
f 1811/2281/2061 1812/2282/2061 1760/2222/2061
f 1760/2222/2061 1812/2282/2061 1762/2224/2061
f 1804/2274/2062 1813/2283/2062 1806/2276/2062
f 1806/2276/2063 1813/2283/2063 1814/2284/2063
f 1806/2276/2064 1814/2284/2064 1808/2278/2064
f 1808/2278/2065 1814/2284/2065 1815/2285/2065
f 1808/2278/2066 1815/2285/2066 1810/2280/2066
f 1810/2280/2066 1815/2285/2066 1816/2286/2066
f 1810/2280/2067 1816/2286/2067 1812/2282/2067
f 1812/2282/2067 1816/2286/2067 1817/2287/2067
f 1812/2282/2068 1817/2287/2068 1762/2224/2068
f 1762/2224/2068 1817/2287/2068 1764/2226/2068
f 1814/2284/2069 1818/2288/2069 1815/2285/2069
f 1815/2285/2070 1818/2288/2070 1819/2289/2070
f 1815/2285/2071 1819/2289/2071 1816/2286/2071
f 1816/2286/2071 1819/2289/2071 1820/2290/2071
f 1816/2286/2072 1820/2290/2072 1817/2287/2072
f 1817/2287/2072 1820/2290/2072 1821/2291/2072
f 1817/2287/2073 1821/2291/2073 1764/2226/2073
f 1764/2226/2073 1821/2291/2073 1766/2228/2073
f 1818/2288/2074 1822/2292/2074 1819/2289/2074
f 1819/2289/2075 1822/2292/2075 1820/2290/2075
f 1820/2290/2076 1822/2292/2076 1823/2293/2076
f 1823/2293/2077 1822/2292/2077 1824/2294/2077
f 1823/2293/2078 1824/2294/2078 1825/2295/2078
f 1823/2293/2079 1825/2295/2079 1826/2296/2079
f 1826/2296/2080 1825/2295/2080 1827/2297/2080
f 1826/2296/2081 1827/2297/2081 1828/2298/2081
f 1828/2298/2082 1827/2297/2082 1829/2299/2082
f 1828/2298/2083 1829/2299/2083 1770/2232/2083
f 1770/2232/2083 1829/2299/2083 1772/2234/2083
f 1827/2297/2084 1830/2300/2084 1829/2299/2084
f 1829/2299/2085 1830/2300/2085 1831/2301/2085
f 1829/2299/2086 1831/2301/2086 1772/2234/2086
f 1772/2234/2086 1831/2301/2086 1774/2240/2086
f 1830/2300/2087 1832/2302/2087 1831/2301/2087
f 1831/2301/2088 1832/2302/2088 1774/2240/2088
f 1832/2302/2089 1833/2303/2089 1774/2240/2089
f 1774/2240/2090 1833/2303/2090 1776/2242/2090
f 1833/2303/2091 1834/2304/2091 1776/2242/2091
f 1776/2242/2092 1834/2304/2092 1778/2244/2092
f 1834/2304/2093 1835/2305/2093 1778/2244/2093
f 1778/2244/2094 1835/2305/2094 1780/2246/2094
f 1835/2305/2095 1836/2306/2095 1780/2246/2095
f 1780/2307/2096 1836/2308/2096 1782/2309/2096
f 1836/2306/2097 1784/2250/2097 1782/2248/2097
f 1785/2310/2098 1837/2311/2098 1783/2312/2098
f 1783/2249/2099 1837/2313/2099 1781/2247/2099
f 1837/2311/2100 1838/2314/2100 1781/2315/2100
f 1781/2315/2101 1838/2314/2101 1779/2316/2101
f 1838/2314/2102 1839/2317/2102 1779/2316/2102
f 1779/2316/2103 1839/2317/2103 1777/2318/2103
f 1839/2317/2104 1840/2319/2104 1777/2318/2104
f 1777/2318/2105 1840/2319/2105 1841/2320/2105
f 1777/2318/2106 1841/2320/2106 1775/2321/2106
f 1775/2321/2107 1841/2320/2107 1842/2322/2107
f 1775/2321/2108 1842/2322/2108 1843/2323/2108
f 1843/2323/2109 1842/2322/2109 1844/2324/2109
f 1843/2323/2110 1844/2324/2110 1845/2325/2110
f 1841/2320/2111 1844/2324/2111 1842/2322/2111
f 1846/2326/2112 1847/2327/2112 1845/2325/2112
f 1845/2325/2113 1847/2327/2113 1848/2328/2113
f 1845/2325/2114 1848/2328/2114 1843/2323/2114
f 1843/2323/2115 1848/2328/2115 1773/2237/2115
f 1843/2323/2108 1773/2237/2108 1775/2321/2108
f 1846/2326/2116 1849/2329/2116 1847/2327/2116
f 1847/2327/2117 1849/2329/2117 1850/2330/2117
f 1847/2327/2118 1850/2330/2118 1848/2328/2118
f 1848/2328/2118 1850/2330/2118 1851/2331/2118
f 1848/2328/2119 1851/2331/2119 1771/2235/2119
f 1771/2235/2119 1851/2331/2119 1769/2332/2119
f 1849/2329/2120 1852/2333/2120 1850/2330/2120
f 1850/2330/2121 1852/2333/2121 1853/2334/2121
f 1850/2330/2122 1853/2334/2122 1851/2331/2122
f 1851/2331/2122 1853/2334/2122 1854/2335/2122
f 1851/2331/2123 1854/2335/2123 1769/2332/2123
f 1769/2332/2123 1854/2335/2123 1767/2336/2123
f 1853/2334/2124 1852/2333/2124 1855/2337/2124
f 1855/2337/2125 1852/2333/2125 1856/2338/2125
f 1855/2337/2126 1856/2338/2126 1857/2339/2126
f 1857/2339/2127 1856/2338/2127 1858/2340/2127
f 1857/2339/2128 1858/2340/2128 1859/2341/2128
f 1859/2341/2129 1858/2340/2129 1860/2342/2129
f 1859/2341/2130 1860/2342/2130 1861/2343/2130
f 1861/2343/2131 1860/2342/2131 1862/2344/2131
f 1861/2343/2132 1862/2344/2132 1863/2345/2132
f 1863/2345/2133 1862/2344/2133 1864/2346/2133
f 1863/2345/2134 1864/2346/2134 1865/2347/2134
f 1865/2347/2135 1864/2346/2135 1866/2348/2135
f 1865/2347/2136 1866/2348/2136 1867/2349/2136
f 1867/2349/2137 1866/2348/2137 1868/2350/2137
f 1867/2349/2138 1868/2350/2138 1869/2351/2138
f 1869/2351/2139 1868/2350/2139 1870/2352/2139
f 1869/2351/2140 1870/2352/2140 1871/2353/2140
f 1871/2353/2141 1870/2352/2141 1872/2354/2141
f 1871/2353/2142 1872/2354/2142 1873/2355/2142
f 1873/2355/2143 1872/2354/2143 1874/2356/2143
f 1873/2355/2144 1874/2356/2144 1875/2357/2144
f 1875/2357/2145 1874/2356/2145 1876/2358/2145
f 1875/2357/2146 1876/2358/2146 1877/2359/2146
f 1877/2359/2147 1876/2358/2147 1878/2360/2147
f 1877/2359/2148 1878/2360/2148 1879/2361/2148
f 1879/2361/2149 1878/2360/2149 1880/2362/2149
f 1879/2363/2150 1880/2364/2150 1881/2365/2150
f 1881/2366/2151 1880/2362/2151 1882/2367/2151
f 1881/2365/2152 1882/2368/2152 1883/2369/2152
f 1883/2369/2153 1882/2368/2153 1884/2370/2153
f 1883/2369/2154 1884/2370/2154 3838/2371/2154
f 3838/2371/2155 1884/2370/2155 1885/2372/2155
f 3838/2371/2156 1885/2372/2156 3837/2373/2156
f 3837/2373/2157 1885/2372/2157 1886/2374/2157
f 3837/2373/2158 1886/2374/2158 1887/2375/2158
f 1887/2375/2159 1886/2374/2159 1888/2376/2159
f 1887/2375/2160 1888/2376/2160 1889/2377/2160
f 1889/2377/2161 1888/2376/2161 1890/2378/2161
f 1889/2377/2162 1890/2378/2162 1891/2379/2162
f 1891/2379/2162 1890/2378/2162 1892/2380/2162
f 1891/2379/2163 1892/2380/2163 1893/2381/2163
f 1893/2382/2164 1892/2383/2164 1894/2384/2164
f 1893/2382/2165 1894/2384/2165 1895/2385/2165
f 1895/2385/2165 1894/2384/2165 1896/2386/2165
f 1895/2387/2166 1896/2388/2166 3836/2389/2166
f 3836/2389/2167 1896/2388/2167 1897/2390/2167
f 3836/2389/2168 1897/2390/2168 1898/2391/2168
f 1898/2391/2169 1897/2390/2169 1899/2392/2169
f 1898/2391/2170 1899/2392/2170 1900/2393/2170
f 1858/2340/2171 1901/2394/2171 1860/2342/2171
f 1860/2342/2172 1901/2394/2172 1862/2344/2172
f 1868/2350/2173 1902/2395/2173 1870/2352/2173
f 1870/2352/2174 1902/2395/2174 1872/2354/2174
f 1874/2356/2175 1903/2396/2175 1876/2358/2175
f 1876/2358/2176 1903/2396/2176 1904/2397/2176
f 1876/2358/2177 1904/2397/2177 1878/2360/2177
f 1878/2360/2178 1904/2397/2178 1905/2398/2178
f 1878/2360/2179 1905/2398/2179 1906/2399/2179
f 1906/2399/2180 1905/2398/2180 1907/2400/2180
f 1906/2399/2181 1907/2400/2181 1880/2362/2181
f 1880/2362/2182 1907/2400/2182 1908/2401/2182
f 1880/2362/2151 1908/2401/2151 1882/2367/2151
f 1882/2367/2183 1908/2401/2183 1884/2402/2183
f 1907/2400/2184 1909/2403/2184 1908/2401/2184
f 1908/2401/2185 1909/2403/2185 1910/2404/2185
f 1908/2401/2183 1910/2404/2183 1884/2402/2183
f 1884/2402/2186 1910/2404/2186 1911/2405/2186
f 1884/2402/2187 1911/2405/2187 1885/2406/2187
f 1885/2406/2188 1911/2405/2188 1912/2407/2188
f 1885/2406/2189 1912/2407/2189 1886/2408/2189
f 1886/2408/2190 1912/2407/2190 1913/2409/2190
f 1886/2408/2191 1913/2409/2191 1888/2410/2191
f 1888/2410/2192 1913/2409/2192 1890/2411/2192
f 1909/2403/2193 1911/2405/2193 1910/2404/2193
f 1883/2369/2194 3841/2412/2194 1881/2365/2194
f 1881/2365/2195 3841/2412/2195 1914/2413/2195
f 1881/2365/2150 1914/2413/2150 1879/2363/2150
f 1879/2363/2196 1914/2413/2196 1915/2414/2196
f 1879/2361/2148 1915/2415/2148 1877/2359/2148
f 1877/2359/2197 1915/2415/2197 1916/2416/2197
f 1877/2359/2146 1916/2416/2146 1875/2357/2146
f 1875/2357/2198 1916/2416/2198 1917/2417/2198
f 1875/2357/2199 1917/2417/2199 1871/2353/2199
f 1871/2353/2200 1917/2417/2200 1918/2418/2200
f 1871/2353/2140 1918/2418/2140 1869/2351/2140
f 1869/2351/2201 1918/2418/2201 1919/2419/2201
f 1869/2351/2202 1919/2419/2202 1865/2347/2202
f 1865/2347/2203 1919/2419/2203 1920/2420/2203
f 1865/2347/2204 1920/2420/2204 1861/2343/2204
f 1861/2343/2205 1920/2420/2205 1921/2421/2205
f 1861/2343/2130 1921/2421/2130 1859/2341/2130
f 1859/2341/2206 1921/2421/2206 1922/2422/2206
f 1859/2341/2207 1922/2422/2207 1923/2423/2207
f 1923/2423/2208 1922/2422/2208 1924/2424/2208
f 1923/2423/2209 1924/2424/2209 1854/2335/2209
f 1854/2335/2210 1924/2424/2210 1767/2336/2210
f 3841/2412/2211 1925/2425/2211 1914/2413/2211
f 1914/2413/2212 1925/2425/2212 1926/2426/2212
f 1914/2413/2196 1926/2426/2196 1915/2414/2196
f 1915/2414/2213 1926/2426/2213 1927/2427/2213
f 1915/2415/2197 1927/2428/2197 1916/2416/2197
f 1916/2416/2214 1927/2428/2214 1928/2429/2214
f 1916/2416/2198 1928/2429/2198 1917/2417/2198
f 1917/2417/2215 1928/2429/2215 1929/2430/2215
f 1917/2417/2200 1929/2430/2200 1918/2418/2200
f 1918/2418/2216 1929/2430/2216 1930/2431/2216
f 1918/2418/2201 1930/2431/2201 1919/2419/2201
f 1919/2419/2217 1930/2431/2217 1931/2432/2217
f 1919/2419/2203 1931/2432/2203 1920/2420/2203
f 1920/2420/2218 1931/2432/2218 1932/2433/2218
f 1920/2420/2205 1932/2433/2205 1921/2421/2205
f 1921/2421/2219 1932/2433/2219 1933/2434/2219
f 1921/2421/2206 1933/2434/2206 1922/2422/2206
f 1922/2422/2220 1933/2434/2220 1934/2435/2220
f 1922/2422/2208 1934/2435/2208 1924/2424/2208
f 1924/2424/2221 1934/2435/2221 1765/2436/2221
f 1924/2424/2210 1765/2436/2210 1767/2336/2210
f 1925/2425/2222 3842/2437/2222 1926/2426/2222
f 1926/2426/2223 3842/2437/2223 1935/2438/2223
f 1926/2426/2213 1935/2438/2213 1927/2427/2213
f 1927/2427/2224 1935/2438/2224 1936/2439/2224
f 1927/2428/2214 1936/2440/2214 1928/2429/2214
f 1928/2441/2225 1936/2439/2225 1937/2442/2225
f 1928/2429/2215 1937/2443/2215 1929/2430/2215
f 1929/2430/2226 1937/2443/2226 1938/2444/2226
f 1929/2430/2216 1938/2444/2216 1930/2431/2216
f 1930/2431/2227 1938/2444/2227 1939/2445/2227
f 1930/2431/2228 1939/2445/2228 1931/2432/2228
f 1931/2432/2229 1939/2445/2229 1940/2446/2229
f 1931/2432/2218 1940/2446/2218 1932/2433/2218
f 1932/2433/2230 1940/2446/2230 1941/2447/2230
f 1932/2433/2219 1941/2447/2219 1933/2434/2219
f 1933/2434/2231 1941/2447/2231 1942/2448/2231
f 1933/2434/2220 1942/2448/2220 1934/2435/2220
f 1934/2435/2232 1942/2448/2232 1763/2449/2232
f 1934/2435/2221 1763/2449/2221 1765/2436/2221
f 3842/2437/2233 3843/2450/2233 1935/2438/2233
f 1935/2438/2234 3843/2450/2234 1943/2451/2234
f 1935/2438/2224 1943/2451/2224 1936/2439/2224
f 1936/2439/2235 1943/2451/2235 1944/2452/2235
f 1936/2439/2225 1944/2452/2225 1937/2442/2225
f 1937/2442/2236 1944/2452/2236 1945/2453/2236
f 1937/2443/2226 1945/2454/2226 1938/2444/2226
f 1938/2444/2237 1945/2454/2237 1946/2455/2237
f 1938/2444/2238 1946/2455/2238 1939/2445/2238
f 1939/2445/2239 1946/2455/2239 1947/2456/2239
f 1939/2445/2229 1947/2456/2229 1940/2446/2229
f 1940/2446/2240 1947/2456/2240 1948/2457/2240
f 1940/2446/2230 1948/2457/2230 1941/2447/2230
f 1941/2447/2241 1948/2457/2241 1949/2458/2241
f 1941/2447/2231 1949/2458/2231 1942/2448/2231
f 1942/2448/2242 1949/2458/2242 1761/2459/2242
f 1942/2448/2232 1761/2459/2232 1763/2449/2232
f 3843/2450/2243 3844/2460/2243 1943/2451/2243
f 1943/2451/2244 3844/2460/2244 1950/2461/2244
f 1943/2451/2235 1950/2461/2235 1944/2452/2235
f 1944/2452/2245 1950/2461/2245 1951/2462/2245
f 1944/2452/2236 1951/2462/2236 1945/2453/2236
f 1945/2453/2246 1951/2462/2246 1952/2463/2246
f 1945/2454/2237 1952/2464/2237 1946/2455/2237
f 1946/2465/2247 1952/2463/2247 1953/2466/2247
f 1946/2455/2239 1953/2467/2239 1947/2456/2239
f 1947/2456/2248 1953/2467/2248 1954/2468/2248
f 1947/2456/2240 1954/2468/2240 1948/2457/2240
f 1948/2457/2249 1954/2468/2249 1955/2469/2249
f 1948/2457/2241 1955/2469/2241 1949/2458/2241
f 1949/2458/2250 1955/2469/2250 1759/2470/2250
f 1949/2458/2242 1759/2470/2242 1761/2459/2242
f 1950/2461/2251 3844/2460/2251 1956/2471/2251
f 1956/2471/2252 3844/2460/2252 3845/2472/2252
f 1956/2471/2253 3845/2472/2253 1957/2473/2253
f 1957/2473/2254 3845/2472/2254 3846/2474/2254
f 1957/2473/2255 3846/2474/2255 1958/2475/2255
f 1958/2475/2256 3846/2474/2256 3847/2476/2256
f 1958/2475/2257 3847/2476/2257 1959/2477/2257
f 1959/2477/2258 3847/2476/2258 3848/2478/2258
f 1959/2477/2259 3848/2478/2259 1960/2479/2259
f 1960/2479/2260 3848/2478/2260 3849/2480/2260
f 1960/2479/2261 3849/2480/2261 1747/2207/2261
f 1747/2207/2021 3849/2480/2021 3850/2205/2021
f 3839/2204/2262 3840/2481/2262 1744/2202/2262
f 1744/2202/2263 3840/2481/2263 1961/2482/2263
f 1744/2202/2016 1961/2482/2016 1742/2200/2016
f 1742/2200/2264 1961/2482/2264 1962/2483/2264
f 1742/2200/2014 1962/2483/2014 1740/2197/2014
f 1740/2197/2265 1962/2483/2265 1963/2484/2265
f 1740/2196/2012 1963/2485/2012 1738/2194/2012
f 1738/2194/2266 1963/2485/2266 1964/2486/2266
f 1738/2194/2267 1964/2486/2267 1736/2192/2267
f 1736/2192/2268 1964/2486/2268 1729/2183/2268
f 1736/2192/2008 1729/2183/2008 1728/2182/2008
f 3840/2481/2269 3851/2487/2269 1961/2482/2269
f 1961/2482/2270 3851/2487/2270 1965/2488/2270
f 1961/2482/2264 1965/2488/2264 1962/2483/2264
f 1962/2483/2271 1965/2488/2271 1966/2489/2271
f 1962/2483/2265 1966/2489/2265 1963/2484/2265
f 1963/2484/2272 1966/2489/2272 1967/2490/2272
f 1963/2485/2266 1967/2491/2266 1964/2486/2266
f 1964/2486/2273 1967/2491/2273 1730/2184/2273
f 1964/2486/2268 1730/2184/2268 1729/2183/2268
f 3851/2487/2274 3852/2492/2274 1965/2488/2274
f 1965/2488/2275 3852/2492/2275 1968/2493/2275
f 1965/2488/2271 1968/2493/2271 1966/2489/2271
f 1966/2489/2276 1968/2493/2276 1969/2494/2276
f 1966/2489/2272 1969/2494/2272 1967/2490/2272
f 1967/2490/2277 1969/2494/2277 1731/2495/2277
f 1967/2491/2273 1731/2185/2273 1730/2184/2273
f 3852/2492/2278 3853/2496/2278 1968/2493/2278
f 1968/2493/2279 3853/2496/2279 1970/2497/2279
f 1968/2493/2276 1970/2497/2276 1969/2494/2276
f 1969/2494/2280 1970/2497/2280 1732/2187/2280
f 1969/2494/2277 1732/2187/2277 1731/2495/2277
f 1970/2497/2281 3853/2496/2281 1733/2188/2281
f 1733/2188/2282 3853/2496/2282 3862/2189/2282
f 1726/2178/2283 3864/2180/2283 1971/2498/2283
f 1971/2498/2284 3864/2180/2284 3865/2499/2284
f 1971/2498/2285 3865/2499/2285 1702/2147/2285
f 1702/2147/2286 3865/2499/2286 3854/2145/2286
f 1701/2149/2287 1700/2165/2287 1716/2166/2287
f 1703/2150/2287 1701/2149/2287 1716/2166/2287
f 1971/2498/2288 1702/2147/2288 1704/2500/2288
f 1704/2151/2289 1706/2153/2289 1972/2501/2289
f 1972/2501/2289 1706/2153/2289 1708/2155/2289
f 1972/2501/2290 1708/2155/2290 1724/2174/2290
f 1724/2174/2290 1708/2155/2290 1722/2172/2290
f 1726/2178/2291 1971/2498/2291 1972/2502/2291
f 1972/2502/2288 1971/2498/2288 1704/2500/2288
f 1726/2178/2291 1972/2502/2291 1724/2175/2291
f 1710/2157/2292 1722/2172/2292 1708/2155/2292
f 1970/2497/2280 1733/2188/2280 1732/2187/2280
f 1735/2191/2293 1799/2269/2293 1973/2503/2293
f 1973/2503/2293 1799/2269/2293 1801/2271/2293
f 1973/2503/2294 1801/2271/2294 1974/2504/2294
f 1974/2504/2294 1801/2271/2294 1975/2505/2294
f 1974/2504/2295 1975/2505/2295 1976/2506/2295
f 1976/2506/2295 1975/2505/2295 1977/2507/2295
f 1976/2506/2296 1977/2507/2296 1978/2508/2296
f 1978/2508/2296 1977/2507/2296 1979/2509/2296
f 1978/2508/2297 1979/2509/2297 1980/2510/2297
f 1980/2510/2297 1979/2509/2297 1981/2511/2297
f 1980/2510/2298 1981/2511/2298 1756/2218/2298
f 1756/2218/2298 1981/2511/2298 1758/2220/2298
f 1975/2505/2299 1801/2271/2299 1803/2273/2299
f 1735/2191/2009 1973/2503/2009 1737/2193/2009
f 1737/2193/2300 1973/2503/2300 1982/2512/2300
f 1737/2193/2011 1982/2512/2011 1739/2195/2011
f 1739/2195/2301 1982/2512/2301 1983/2513/2301
f 1739/2198/2013 1983/2514/2013 1741/2199/2013
f 1741/2199/2302 1983/2514/2302 1984/2515/2302
f 1741/2199/2015 1984/2515/2015 1743/2201/2015
f 1743/2201/2303 1984/2515/2303 1985/2516/2303
f 1743/2201/2017 1985/2516/2017 1745/2203/2017
f 1745/2203/2304 1985/2516/2304 1746/2206/2304
f 1982/2512/2305 1973/2503/2305 1974/2504/2305
f 1977/2507/2306 1975/2505/2306 1805/2275/2306
f 1805/2275/2299 1975/2505/2299 1803/2273/2299
f 1977/2507/2306 1805/2275/2306 1807/2277/2306
f 1982/2512/2307 1974/2504/2307 1986/2517/2307
f 1986/2517/2307 1974/2504/2307 1976/2506/2307
f 1986/2517/2308 1976/2506/2308 1987/2518/2308
f 1987/2518/2308 1976/2506/2308 1978/2508/2308
f 1987/2518/2309 1978/2508/2309 1988/2519/2309
f 1988/2519/2309 1978/2508/2309 1980/2510/2309
f 1988/2519/2310 1980/2510/2310 1754/2217/2310
f 1754/2217/2310 1980/2510/2310 1756/2218/2310
f 1979/2509/2311 1977/2507/2311 1807/2277/2311
f 1979/2509/2311 1807/2277/2311 1809/2279/2311
f 1982/2512/2301 1986/2517/2301 1983/2513/2301
f 1983/2513/2312 1986/2517/2312 1989/2520/2312
f 1983/2514/2302 1989/2521/2302 1984/2515/2302
f 1984/2515/2313 1989/2521/2313 1990/2522/2313
f 1984/2515/2303 1990/2522/2303 1985/2516/2303
f 1985/2516/2314 1990/2522/2314 1748/2208/2314
f 1985/2516/2304 1748/2208/2304 1746/2206/2304
f 1989/2520/2312 1986/2517/2312 1987/2518/2312
f 1821/2291/2315 1820/2290/2315 1823/2293/2315
f 1823/2293/2316 1826/2296/2316 1991/2523/2316
f 1991/2523/2316 1826/2296/2316 1828/2298/2316
f 1991/2523/2317 1828/2298/2317 1768/2230/2317
f 1768/2230/2317 1828/2298/2317 1770/2232/2317
f 1981/2511/2318 1979/2509/2318 1809/2279/2318
f 1981/2511/2318 1809/2279/2318 1811/2281/2318
f 1989/2521/2319 1987/2524/2319 1992/2525/2319
f 1992/2525/2319 1987/2524/2319 1988/2526/2319
f 1992/2525/2320 1988/2526/2320 1752/2212/2320
f 1752/2212/2320 1988/2526/2320 1754/2214/2320
f 1766/2228/2321 1821/2291/2321 1991/2523/2321
f 1991/2523/2315 1821/2291/2315 1823/2293/2315
f 1766/2228/2321 1991/2523/2321 1768/2230/2321
f 1758/2220/2322 1981/2511/2322 1811/2281/2322
f 1758/2220/2322 1811/2281/2322 1760/2222/2322
f 1989/2521/2313 1992/2525/2313 1990/2522/2313
f 1990/2522/2323 1992/2525/2323 1750/2210/2323
f 1990/2522/2314 1750/2210/2314 1748/2208/2314
f 1750/2210/2323 1992/2525/2323 1752/2212/2323
f 1848/2328/2115 1771/2235/2115 1773/2237/2115
f 1759/2470/2250 1955/2469/2250 1757/2527/2250
f 1757/2527/2324 1955/2469/2324 1993/2528/2324
f 1757/2527/2325 1993/2528/2325 1755/2529/2325
f 1755/2215/2326 1993/2530/2326 1994/2531/2326
f 1755/2215/2326 1994/2531/2326 1753/2213/2326
f 1753/2213/2327 1994/2531/2327 1995/2532/2327
f 1753/2213/2327 1995/2532/2327 1751/2211/2327
f 1751/2211/2328 1995/2532/2328 1996/2533/2328
f 1751/2211/2328 1996/2533/2328 1749/2209/2328
f 1749/2209/2329 1996/2533/2329 1960/2479/2329
f 1749/2209/2329 1960/2479/2329 1747/2207/2329
f 1923/2423/2209 1854/2335/2209 1853/2334/2209
f 1955/2469/2249 1954/2468/2249 1993/2528/2249
f 1993/2530/2330 1954/2534/2330 1997/2535/2330
f 1993/2530/2330 1997/2535/2330 1994/2531/2330
f 1994/2531/2331 1997/2535/2331 1998/2536/2331
f 1994/2531/2331 1998/2536/2331 1995/2532/2331
f 1995/2532/2332 1998/2536/2332 1999/2537/2332
f 1995/2532/2332 1999/2537/2332 1996/2533/2332
f 1996/2533/2333 1999/2537/2333 1959/2477/2333
f 1996/2533/2333 1959/2477/2333 1960/2479/2333
f 1855/2337/2334 1857/2339/2334 1853/2334/2334
f 1853/2334/2334 1857/2339/2334 1923/2423/2334
f 1857/2339/2207 1859/2341/2207 1923/2423/2207
f 1954/2468/2335 1953/2467/2335 1997/2538/2335
f 1997/2535/2336 1953/2466/2336 2000/2539/2336
f 1997/2535/2336 2000/2539/2336 1998/2536/2336
f 1998/2536/2337 2000/2539/2337 2001/2540/2337
f 1998/2536/2337 2001/2540/2337 1999/2537/2337
f 1999/2537/2338 2001/2540/2338 1958/2475/2338
f 1999/2537/2338 1958/2475/2338 1959/2477/2338
f 1953/2466/2247 1952/2463/2247 2000/2539/2247
f 2000/2539/2339 1952/2463/2339 2002/2541/2339
f 2000/2539/2339 2002/2541/2339 2001/2540/2339
f 2001/2540/2340 2002/2541/2340 1957/2473/2340
f 2001/2540/2340 1957/2473/2340 1958/2475/2340
f 1863/2345/2204 1865/2347/2204 1861/2343/2204
f 1956/2471/2341 1957/2473/2341 2002/2541/2341
f 1956/2471/2341 2002/2541/2341 1951/2462/2341
f 1951/2462/2246 2002/2541/2246 1952/2463/2246
f 1867/2349/2202 1869/2351/2202 1865/2347/2202
f 1950/2461/2245 1956/2471/2245 1951/2462/2245
f 1873/2355/2199 1875/2357/2199 1871/2353/2199
f 1906/2399/2149 1880/2362/2149 1878/2360/2149
f 1125/1422/2342 2003/2542/2342 2004/2543/2342
f 2004/2543/2343 2003/2542/2343 2005/2544/2343
f 2004/2543/2344 2005/2544/2344 2006/2545/2344
f 2006/2545/2345 2005/2544/2345 2007/2546/2345
f 2006/2545/2345 2007/2546/2345 2008/2547/2345
f 2008/2547/2346 2007/2546/2346 2009/2548/2346
f 2008/2549/2346 2009/2550/2346 2010/2551/2346
f 2010/2551/2347 2009/2550/2347 2011/2552/2347
f 2010/2553/2347 2011/2554/2347 2012/2555/2347
f 2012/2555/2348 2011/2554/2348 2013/2556/2348
f 2012/2557/2348 2013/2558/2348 2014/2559/2348
f 2014/2559/2349 2013/2558/2349 2015/2560/2349
f 2014/2561/2349 2015/2562/2349 2016/2563/2349
f 2016/2563/2350 2015/2562/2350 2017/2564/2350
f 2016/2565/2351 2017/2566/2351 2018/2567/2351
f 2018/2567/2352 2017/2566/2352 2019/2568/2352
f 2018/2567/2353 2019/2568/2353 2020/2569/2353
f 2020/2569/2354 2019/2568/2354 2021/2570/2354
f 2020/2569/2355 2021/2570/2355 2022/2571/2355
f 2022/2571/2356 2021/2570/2356 2023/2572/2356
f 2022/2571/2357 2023/2572/2357 2024/2573/2357
f 2024/2573/2358 2023/2572/2358 2025/2574/2358
f 2024/2573/2359 2025/2574/2359 2026/2575/2359
f 2026/2576/2360 2025/2577/2360 2027/2578/2360
f 2026/2576/2360 2027/2578/2360 2028/2579/2360
f 2028/2579/2361 2027/2578/2361 2029/2580/2361
f 2028/2579/2362 2029/2580/2362 2030/2581/2362
f 2030/2581/2363 2029/2580/2363 2031/2582/2363
f 2030/2581/2364 2031/2582/2364 2032/2583/2364
f 2032/2583/2365 2031/2582/2365 2033/2584/2365
f 2032/2583/2366 2033/2584/2366 2034/2585/2366
f 2034/2585/2367 2033/2584/2367 2035/2586/2367
f 2034/2585/2368 2035/2586/2368 2036/2587/2368
f 2015/2562/2369 2037/2588/2369 2017/2564/2369
f 2017/2564/2370 2037/2588/2370 2019/2589/2370
f 2037/2588/2371 2038/2590/2371 2019/2589/2371
f 2019/2589/2372 2038/2590/2372 2021/2591/2372
f 2038/2590/2373 2039/2592/2373 2021/2591/2373
f 2021/2591/2374 2039/2592/2374 2023/2593/2374
f 2023/2593/2375 2039/2592/2375 2040/2594/2375
f 2040/2594/2376 2039/2592/2376 2041/2595/2376
f 2040/2594/2377 2041/2595/2377 2027/2578/2377
f 2027/2578/2378 2041/2595/2378 2029/2580/2378
f 2042/2596/2379 2043/2597/2379 2036/2587/2379
f 2036/2587/2380 2043/2597/2380 2044/2598/2380
f 2036/2587/2381 2044/2598/2381 2034/2585/2381
f 2034/2585/2382 2044/2598/2382 2045/2599/2382
f 2034/2585/2382 2045/2599/2382 2046/2600/2382
f 2046/2600/2383 2045/2599/2383 2047/2601/2383
f 2046/2600/2383 2047/2601/2383 2048/2602/2383
f 2048/2603/2384 2047/2604/2384 2049/2605/2384
f 2048/2603/2384 2049/2605/2384 2050/2606/2384
f 2050/2606/2385 2049/2605/2385 2051/2607/2385
f 2050/2606/2386 2051/2607/2386 2052/2608/2386
f 2053/2609/2387 2054/2610/2387 2042/2596/2387
f 2042/2596/2388 2054/2610/2388 2055/2611/2388
f 2042/2596/2389 2055/2611/2389 2043/2597/2389
f 2043/2597/2390 2055/2611/2390 2056/2612/2390
f 2043/2597/2390 2056/2612/2390 2044/2598/2390
f 2044/2598/2391 2056/2612/2391 2057/2613/2391
f 2044/2598/2391 2057/2613/2391 2045/2599/2391
f 2045/2599/2392 2057/2613/2392 2058/2614/2392
f 2045/2599/2392 2058/2614/2392 2047/2601/2392
f 2047/2604/2393 2058/2615/2393 2059/2616/2393
f 2047/2604/2393 2059/2616/2393 2049/2605/2393
f 2049/2605/2394 2059/2616/2394 2060/2617/2394
f 2049/2605/2395 2060/2617/2395 2051/2607/2395
f 2053/2609/2396 2061/2618/2396 2054/2610/2396
f 2054/2610/2397 2061/2618/2397 2062/2619/2397
f 2054/2610/2398 2062/2619/2398 2063/2620/2398
f 2063/2620/2399 2062/2619/2399 2064/2621/2399
f 2063/2620/2400 2064/2621/2400 2065/2622/2400
f 2065/2622/2401 2064/2621/2401 2066/2623/2401
f 2065/2622/2402 2066/2623/2402 2067/2624/2402
f 2067/2625/2403 2066/2626/2403 2068/2627/2403
f 2067/2625/2404 2068/2627/2404 2069/2628/2404
f 2069/2628/2405 2068/2627/2405 2070/2629/2405
f 2069/2628/2406 2070/2629/2406 2071/2630/2406
f 2071/2630/2407 2070/2629/2407 2072/2631/2407
f 2071/2630/2408 2072/2631/2408 2073/2632/2408
f 2073/2632/2409 2072/2631/2409 2074/2633/2409
f 2074/2633/2410 2072/2631/2410 2075/2634/2410
f 2074/2633/2411 2075/2634/2411 2076/2635/2411
f 2076/2635/2412 2075/2634/2412 2077/2636/2412
f 2076/2635/2412 2077/2636/2412 2078/2637/2412
f 2078/2637/2413 2077/2636/2413 2079/2638/2413
f 2078/2637/2413 2079/2638/2413 2080/2639/2413
f 2080/2639/2414 2079/2638/2414 2081/2640/2414
f 2080/2639/2414 2081/2640/2414 2082/2641/2414
f 2082/2641/2415 2081/2640/2415 2083/2642/2415
f 2082/2641/2415 2083/2642/2415 2084/2643/2415
f 2084/2644/2416 2083/2645/2416 2085/2646/2416
f 2084/2644/2416 2085/2646/2416 2086/2647/2416
f 2086/2647/2417 2085/2646/2417 2087/2648/2417
f 2086/2647/2417 2087/2648/2417 2088/2649/2417
f 2088/2649/2418 2087/2648/2418 2089/2650/2418
f 2088/2649/2418 2089/2650/2418 2090/2651/2418
f 2090/2651/2419 2089/2650/2419 2091/2652/2419
f 2090/2651/2419 2091/2652/2419 2092/2653/2419
f 2092/2653/2420 2091/2652/2420 2093/2654/2420
f 2092/2653/2420 2093/2654/2420 2094/2655/2420
f 2094/2655/2421 2093/2654/2421 2095/2656/2421
f 2094/2655/2421 2095/2656/2421 2096/2657/2421
f 2096/2657/2422 2095/2656/2422 2097/2658/2422
f 2096/2657/2422 2097/2658/2422 2098/2659/2422
f 2098/2659/2423 2097/2658/2423 2099/2660/2423
f 2098/2659/2423 2099/2660/2423 2100/2661/2423
f 2100/2661/2424 2099/2660/2424 2101/2662/2424
f 2100/2663/2424 2101/2664/2424 2102/2665/2424
f 2102/2665/2425 2101/2664/2425 2103/2666/2425
f 2102/2667/2425 2103/2668/2425 2104/2669/2425
f 2104/2669/2426 2103/2668/2426 2105/2670/2426
f 2104/2669/2426 2105/2670/2426 2106/2671/2426
f 2106/2671/2427 2105/2670/2427 2107/2672/2427
f 2106/2671/2428 2107/2672/2428 2108/2673/2428
f 2108/2673/2429 2107/2672/2429 2109/2674/2429
f 2108/2673/2429 2109/2674/2429 2110/2675/2429
f 2110/2675/2430 2109/2674/2430 2111/2676/2430
f 2110/2675/2430 2111/2676/2430 2112/2677/2430
f 2112/2677/2431 2111/2676/2431 2113/2678/2431
f 2112/2677/2432 2113/2678/2432 2114/2679/2432
f 2062/2619/2433 2061/2618/2433 2115/2680/2433
f 2115/2680/2434 2061/2618/2434 2116/2681/2434
f 2115/2680/2435 2116/2681/2435 2117/2682/2435
f 2117/2682/2436 2116/2681/2436 2118/2683/2436
f 2117/2682/2437 2118/2683/2437 2119/2684/2437
f 2119/2684/2438 2118/2683/2438 2120/2685/2438
f 2119/2684/2439 2120/2685/2439 2121/2686/2439
f 2121/2686/2440 2120/2685/2440 2122/2687/2440
f 2121/2686/2441 2122/2687/2441 2123/2688/2441
f 2123/2688/2441 2122/2687/2441 2124/2689/2441
f 2123/2688/2442 2124/2689/2442 2125/2690/2442
f 2125/2690/2442 2124/2689/2442 2126/2691/2442
f 2125/2690/2443 2126/2691/2443 2127/2692/2443
f 2127/2692/2443 2126/2691/2443 2128/2693/2443
f 2127/2692/2444 2128/2693/2444 2089/2694/2444
f 2089/2694/2444 2128/2693/2444 2091/2695/2444
f 2120/2685/2445 2129/2696/2445 2122/2687/2445
f 2122/2687/2446 2129/2696/2446 2130/2697/2446
f 2122/2687/2447 2130/2697/2447 2124/2689/2447
f 2124/2689/2448 2130/2697/2448 2131/2698/2448
f 2124/2689/2449 2131/2698/2449 2126/2691/2449
f 2126/2691/2449 2131/2698/2449 2132/2699/2449
f 2126/2691/2450 2132/2699/2450 2128/2693/2450
f 2128/2693/2450 2132/2699/2450 2133/2700/2450
f 2128/2693/2451 2133/2700/2451 2091/2695/2451
f 2091/2695/2451 2133/2700/2451 2093/2701/2451
f 2130/2697/2452 2134/2702/2452 2131/2698/2452
f 2131/2698/2453 2134/2702/2453 2135/2703/2453
f 2131/2698/2454 2135/2703/2454 2132/2699/2454
f 2132/2699/2454 2135/2703/2454 2136/2704/2454
f 2132/2699/2455 2136/2704/2455 2133/2700/2455
f 2133/2700/2455 2136/2704/2455 2137/2705/2455
f 2133/2700/2456 2137/2705/2456 2093/2701/2456
f 2093/2701/2456 2137/2705/2456 2095/2706/2456
f 2134/2702/2457 2138/2707/2457 2135/2703/2457
f 2135/2703/2458 2138/2707/2458 2136/2704/2458
f 2136/2704/2459 2138/2707/2459 2139/2708/2459
f 2139/2708/2460 2138/2707/2460 2140/2709/2460
f 2139/2708/2461 2140/2709/2461 2141/2710/2461
f 2139/2708/2462 2141/2710/2462 2142/2711/2462
f 2142/2711/2463 2141/2710/2463 2143/2712/2463
f 2142/2711/2464 2143/2712/2464 2144/2713/2464
f 2144/2713/2465 2143/2712/2465 2145/2714/2465
f 2144/2713/2466 2145/2714/2466 2099/2715/2466
f 2099/2715/2466 2145/2714/2466 2101/2664/2466
f 2143/2712/2467 2146/2716/2467 2145/2714/2467
f 2145/2714/2468 2146/2716/2468 2147/2717/2468
f 2145/2714/2469 2147/2717/2469 2101/2664/2469
f 2101/2664/2469 2147/2717/2469 2103/2666/2469
f 2146/2716/2470 2148/2718/2470 2147/2717/2470
f 2147/2717/2471 2148/2718/2471 2103/2666/2471
f 2148/2718/2472 2149/2719/2472 2103/2666/2472
f 2103/2666/2473 2149/2719/2473 2105/2720/2473
f 2149/2719/2474 2150/2721/2474 2105/2720/2474
f 2105/2720/2475 2150/2721/2475 2107/2722/2475
f 2150/2721/2476 2151/2723/2476 2107/2722/2476
f 2107/2722/2477 2151/2723/2477 2109/2724/2477
f 2151/2723/2478 2152/2725/2478 2109/2724/2478
f 2109/2674/2479 2152/2726/2479 2111/2676/2479
f 2152/2725/2480 2153/2727/2480 2111/2728/2480
f 2111/2676/2431 2153/2729/2431 2113/2678/2431
f 2153/2729/2481 2154/2730/2481 2113/2678/2481
f 2113/2678/2481 2154/2730/2481 2155/2731/2481
f 2155/2731/2482 2154/2730/2482 2156/2732/2482
f 2156/2733/2482 2154/2734/2482 2157/2735/2482
f 2156/2733/2483 2157/2735/2483 2158/2736/2483
f 2156/2732/2483 2158/2737/2483 2159/2738/2483
f 2159/2738/2484 2158/2737/2484 2160/2739/2484
f 2159/2738/2484 2160/2739/2484 2161/2740/2484
f 2161/2740/2485 2160/2739/2485 2162/2741/2485
f 2161/2740/2485 2162/2741/2485 2163/2742/2485
f 2163/2742/2486 2162/2741/2486 2164/2743/2486
f 2163/2742/2487 2164/2743/2487 2165/2744/2487
f 2165/2744/2488 2164/2743/2488 1798/2268/2488
f 2112/2745/2489 2114/2746/2489 2110/2747/2489
f 2110/2675/2490 2114/2679/2490 2166/2748/2490
f 2110/2675/2491 2166/2748/2491 2108/2673/2491
f 2108/2673/2492 2166/2748/2492 2167/2749/2492
f 2108/2673/2493 2167/2749/2493 2106/2671/2493
f 2106/2671/2494 2167/2749/2494 2168/2750/2494
f 2106/2671/2495 2168/2750/2495 2169/2751/2495
f 2170/2752/2496 2171/2753/2496 2169/2751/2496
f 2169/2751/2497 2171/2753/2497 2104/2669/2497
f 2169/2751/2498 2104/2669/2498 2106/2671/2498
f 2171/2753/2499 2170/2752/2499 2172/2754/2499
f 2172/2754/2500 2170/2752/2500 2173/2755/2500
f 2172/2754/2501 2173/2755/2501 2174/2756/2501
f 2174/2756/2502 2173/2755/2502 2175/2757/2502
f 2174/2756/2503 2175/2757/2503 2176/2758/2503
f 2176/2758/2504 2175/2757/2504 2177/2759/2504
f 2176/2758/2505 2177/2759/2505 2178/2760/2505
f 2173/2755/2506 2177/2759/2506 2175/2757/2506
f 2178/2760/2507 2179/2761/2507 2176/2758/2507
f 2176/2758/2508 2179/2761/2508 2180/2762/2508
f 2176/2758/2509 2180/2762/2509 2181/2763/2509
f 2181/2763/2509 2180/2762/2509 2182/2764/2509
f 2181/2763/2510 2182/2764/2510 2098/2659/2510
f 2098/2659/2510 2182/2764/2510 2096/2657/2510
f 2180/2762/2511 2179/2761/2511 2183/2765/2511
f 2183/2765/2512 2179/2761/2512 2184/2766/2512
f 2183/2765/2513 2184/2766/2513 2185/2767/2513
f 2185/2767/2514 2184/2766/2514 2186/2768/2514
f 2185/2767/2515 2186/2768/2515 2187/2769/2515
f 2187/2769/2516 2186/2768/2516 2188/2770/2516
f 2187/2769/2517 2188/2770/2517 2189/2771/2517
f 2189/2771/2518 2188/2770/2518 2190/2772/2518
f 2189/2771/2519 2190/2772/2519 2191/2773/2519
f 2191/2773/2520 2190/2772/2520 2192/2774/2520
f 2191/2773/2521 2192/2774/2521 2193/2775/2521
f 2193/2775/2522 2192/2774/2522 2194/2776/2522
f 2193/2775/2523 2194/2776/2523 2195/2777/2523
f 2195/2777/2524 2194/2776/2524 2196/2778/2524
f 2195/2777/2525 2196/2778/2525 2197/2779/2525
f 2197/2779/2526 2196/2778/2526 2198/2780/2526
f 2197/2779/2527 2198/2780/2527 2199/2781/2527
f 2199/2781/2528 2198/2780/2528 2200/2782/2528
f 2199/2781/2529 2200/2782/2529 2201/2783/2529
f 2201/2783/2530 2200/2782/2530 2202/2784/2530
f 2201/2783/2531 2202/2784/2531 2203/2785/2531
f 2203/2785/2532 2202/2784/2532 2204/2786/2532
f 2203/2785/2533 2204/2786/2533 2205/2787/2533
f 2205/2787/2534 2204/2786/2534 2206/2788/2534
f 2205/2787/2535 2206/2788/2535 2207/2789/2535
f 2207/2789/2536 2206/2788/2536 2208/2790/2536
f 2207/2791/2537 2208/2792/2537 2209/2793/2537
f 2209/2794/2538 2208/2790/2538 2210/2795/2538
f 2209/2793/2539 2210/2796/2539 2211/2797/2539
f 2211/2797/2540 2210/2796/2540 2212/2798/2540
f 2211/2797/2541 2212/2798/2541 2213/2799/2541
f 2213/2799/2542 2212/2798/2542 2214/2800/2542
f 2213/2799/2543 2214/2800/2543 2215/2801/2543
f 2215/2801/2544 2214/2800/2544 2216/2802/2544
f 2215/2801/2545 2216/2802/2545 2217/2803/2545
f 2217/2803/2546 2216/2802/2546 2218/2804/2546
f 2217/2803/2547 2218/2804/2547 2219/2805/2547
f 2219/2806/2548 2218/2807/2548 2220/2808/2548
f 2219/2806/2549 2220/2808/2549 2221/2809/2549
f 2221/2810/2549 2220/2811/2549 2222/2812/2549
f 2221/2810/2550 2222/2812/2550 2223/2813/2550
f 2223/2814/2550 2222/2815/2550 2224/2816/2550
f 2223/2814/2551 2224/2816/2551 2225/2817/2551
f 2225/2818/2551 2224/2819/2551 2226/2820/2551
f 2225/2818/2552 2226/2820/2552 2227/2821/2552
f 2227/2822/2552 2226/2823/2552 2228/2824/2552
f 2227/2822/2553 2228/2824/2553 2229/2825/2553
f 2229/2825/2554 2228/2824/2554 2230/2826/2554
f 2229/2825/2555 2230/2826/2555 2231/2827/2555
f 2231/2827/2556 2230/2826/2556 2232/2828/2556
f 2231/2827/2557 2232/2828/2557 1547/1944/2557
f 2186/2768/2558 2233/2829/2558 2188/2770/2558
f 2188/2770/2559 2233/2829/2559 2190/2772/2559
f 2196/2778/2560 2234/2830/2560 2198/2780/2560
f 2198/2780/2561 2234/2830/2561 2200/2782/2561
f 2202/2784/2562 2235/2831/2562 2204/2786/2562
f 2204/2786/2563 2235/2831/2563 2236/2832/2563
f 2204/2786/2564 2236/2832/2564 2206/2788/2564
f 2206/2788/2565 2236/2832/2565 2237/2833/2565
f 2206/2788/2566 2237/2833/2566 2238/2834/2566
f 2238/2834/2567 2237/2833/2567 2239/2835/2567
f 2238/2834/2568 2239/2835/2568 2208/2790/2568
f 2208/2790/2569 2239/2835/2569 2240/2836/2569
f 2208/2790/2538 2240/2836/2538 2210/2795/2538
f 2210/2795/2570 2240/2836/2570 2212/2837/2570
f 2239/2835/2571 2241/2838/2571 2240/2836/2571
f 2240/2836/2572 2241/2838/2572 2242/2839/2572
f 2240/2836/2570 2242/2839/2570 2212/2837/2570
f 2212/2837/2573 2242/2839/2573 2243/2840/2573
f 2212/2837/2574 2243/2840/2574 2214/2841/2574
f 2214/2841/2575 2243/2840/2575 2244/2842/2575
f 2214/2841/2576 2244/2842/2576 2216/2843/2576
f 2216/2843/2577 2244/2842/2577 2245/2844/2577
f 2216/2843/2578 2245/2844/2578 2218/2807/2578
f 2218/2807/2579 2245/2844/2579 2220/2808/2579
f 2241/2838/2580 2243/2840/2580 2242/2839/2580
f 2211/2797/2581 2246/2845/2581 2209/2793/2581
f 2209/2793/2582 2246/2845/2582 2247/2846/2582
f 2209/2793/2537 2247/2846/2537 2207/2791/2537
f 2207/2791/2583 2247/2846/2583 2248/2847/2583
f 2207/2789/2535 2248/2848/2535 2205/2787/2535
f 2205/2787/2584 2248/2848/2584 2249/2849/2584
f 2205/2787/2533 2249/2849/2533 2203/2785/2533
f 2203/2785/2585 2249/2849/2585 2250/2850/2585
f 2203/2785/2586 2250/2850/2586 2199/2781/2586
f 2199/2781/2587 2250/2850/2587 2251/2851/2587
f 2199/2781/2527 2251/2851/2527 2197/2779/2527
f 2197/2779/2588 2251/2851/2588 2252/2852/2588
f 2197/2779/2589 2252/2852/2589 2193/2775/2589
f 2193/2775/2590 2252/2852/2590 2253/2853/2590
f 2193/2775/2591 2253/2853/2591 2189/2771/2591
f 2189/2771/2592 2253/2853/2592 2254/2854/2592
f 2189/2771/2517 2254/2854/2517 2187/2769/2517
f 2187/2769/2593 2254/2854/2593 2255/2855/2593
f 2187/2769/2594 2255/2855/2594 2256/2856/2594
f 2256/2856/2595 2255/2855/2595 2257/2857/2595
f 2256/2856/2596 2257/2857/2596 2182/2764/2596
f 2182/2764/2597 2257/2857/2597 2096/2657/2597
f 2246/2845/2598 2258/2858/2598 2247/2846/2598
f 2247/2846/2599 2258/2858/2599 2259/2859/2599
f 2247/2846/2583 2259/2859/2583 2248/2847/2583
f 2248/2847/2600 2259/2859/2600 2260/2860/2600
f 2248/2848/2584 2260/2861/2584 2249/2849/2584
f 2249/2849/2601 2260/2861/2601 2261/2862/2601
f 2249/2849/2585 2261/2862/2585 2250/2850/2585
f 2250/2850/2602 2261/2862/2602 2262/2863/2602
f 2250/2850/2587 2262/2863/2587 2251/2851/2587
f 2251/2851/2603 2262/2863/2603 2263/2864/2603
f 2251/2851/2588 2263/2864/2588 2252/2852/2588
f 2252/2852/2604 2263/2864/2604 2264/2865/2604
f 2252/2852/2590 2264/2865/2590 2253/2853/2590
f 2253/2853/2605 2264/2865/2605 2265/2866/2605
f 2253/2853/2606 2265/2866/2606 2254/2854/2606
f 2254/2854/2607 2265/2866/2607 2266/2867/2607
f 2254/2854/2593 2266/2867/2593 2255/2855/2593
f 2255/2855/2608 2266/2867/2608 2267/2868/2608
f 2255/2855/2595 2267/2868/2595 2257/2857/2595
f 2257/2857/2609 2267/2868/2609 2094/2655/2609
f 2257/2857/2597 2094/2655/2597 2096/2657/2597
f 2258/2858/2610 2268/2869/2610 2259/2859/2610
f 2259/2859/2611 2268/2869/2611 2269/2870/2611
f 2259/2859/2600 2269/2870/2600 2260/2860/2600
f 2260/2860/2612 2269/2870/2612 2270/2871/2612
f 2260/2861/2601 2270/2872/2601 2261/2862/2601
f 2261/2873/2613 2270/2871/2613 2271/2874/2613
f 2261/2862/2602 2271/2875/2602 2262/2863/2602
f 2262/2863/2614 2271/2875/2614 2272/2876/2614
f 2262/2863/2603 2272/2876/2603 2263/2864/2603
f 2263/2864/2615 2272/2876/2615 2273/2877/2615
f 2263/2864/2616 2273/2877/2616 2264/2865/2616
f 2264/2865/2617 2273/2877/2617 2274/2878/2617
f 2264/2865/2605 2274/2878/2605 2265/2866/2605
f 2265/2866/2618 2274/2878/2618 2275/2879/2618
f 2265/2866/2607 2275/2879/2607 2266/2867/2607
f 2266/2867/2619 2275/2879/2619 2276/2880/2619
f 2266/2867/2608 2276/2880/2608 2267/2868/2608
f 2267/2868/2620 2276/2880/2620 2092/2653/2620
f 2267/2868/2609 2092/2653/2609 2094/2655/2609
f 2268/2869/2621 2277/2881/2621 2269/2870/2621
f 2269/2870/2622 2277/2881/2622 2278/2882/2622
f 2269/2870/2612 2278/2882/2612 2270/2871/2612
f 2270/2871/2623 2278/2882/2623 2279/2883/2623
f 2270/2871/2613 2279/2883/2613 2271/2874/2613
f 2271/2874/2624 2279/2883/2624 2280/2884/2624
f 2271/2875/2614 2280/2885/2614 2272/2876/2614
f 2272/2876/2625 2280/2885/2625 2281/2886/2625
f 2272/2876/2615 2281/2886/2615 2273/2877/2615
f 2273/2877/2626 2281/2886/2626 2282/2887/2626
f 2273/2877/2617 2282/2887/2617 2274/2878/2617
f 2274/2878/2627 2282/2887/2627 2283/2888/2627
f 2274/2878/2618 2283/2888/2618 2275/2879/2618
f 2275/2879/2628 2283/2888/2628 2284/2889/2628
f 2275/2879/2619 2284/2889/2619 2276/2880/2619
f 2276/2880/2629 2284/2889/2629 2090/2651/2629
f 2276/2880/2620 2090/2651/2620 2092/2653/2620
f 2277/2881/2630 2285/2890/2630 2278/2882/2630
f 2278/2882/2631 2285/2890/2631 2286/2891/2631
f 2278/2882/2623 2286/2891/2623 2279/2883/2623
f 2279/2883/2632 2286/2891/2632 2287/2892/2632
f 2279/2883/2624 2287/2892/2624 2280/2884/2624
f 2280/2884/2633 2287/2892/2633 2288/2893/2633
f 2280/2885/2625 2288/2894/2625 2281/2886/2625
f 2281/2895/2634 2288/2893/2634 2289/2896/2634
f 2281/2886/2626 2289/2897/2626 2282/2887/2626
f 2282/2887/2635 2289/2897/2635 2290/2898/2635
f 2282/2887/2627 2290/2898/2627 2283/2888/2627
f 2283/2888/2636 2290/2898/2636 2291/2899/2636
f 2283/2888/2628 2291/2899/2628 2284/2889/2628
f 2284/2889/2637 2291/2899/2637 2088/2649/2637
f 2284/2889/2629 2088/2649/2629 2090/2651/2629
f 2286/2891/2638 2285/2890/2638 2292/2900/2638
f 2292/2900/2639 2285/2890/2639 2293/2901/2639
f 2292/2900/2640 2293/2901/2640 2294/2902/2640
f 2294/2902/2641 2293/2901/2641 2295/2903/2641
f 2294/2902/2642 2295/2903/2642 2296/2904/2642
f 2296/2904/2643 2295/2903/2643 2297/2905/2643
f 2296/2904/2644 2297/2905/2644 2298/2906/2644
f 2298/2906/2645 2297/2905/2645 2299/2907/2645
f 2298/2906/2646 2299/2907/2646 2300/2908/2646
f 2300/2908/2647 2299/2907/2647 2301/2909/2647
f 2300/2908/2648 2301/2909/2648 2076/2635/2648
f 2076/2635/2411 2301/2909/2411 2074/2633/2411
f 2073/2632/2649 2302/2910/2649 2071/2630/2649
f 2071/2630/2650 2302/2910/2650 2303/2911/2650
f 2071/2630/2406 2303/2911/2406 2069/2628/2406
f 2069/2628/2651 2303/2911/2651 2304/2912/2651
f 2069/2628/2404 2304/2912/2404 2067/2625/2404
f 2067/2625/2652 2304/2912/2652 2305/2913/2652
f 2067/2624/2402 2305/2914/2402 2065/2622/2402
f 2065/2622/2653 2305/2914/2653 2306/2915/2653
f 2065/2622/2654 2306/2915/2654 2063/2620/2654
f 2063/2620/2655 2306/2915/2655 2055/2611/2655
f 2063/2620/2398 2055/2611/2398 2054/2610/2398
f 2302/2910/2656 2307/2916/2656 2303/2911/2656
f 2303/2911/2657 2307/2916/2657 2308/2917/2657
f 2303/2911/2651 2308/2917/2651 2304/2912/2651
f 2304/2912/2658 2308/2917/2658 2309/2918/2658
f 2304/2912/2652 2309/2918/2652 2305/2913/2652
f 2305/2913/2659 2309/2918/2659 2310/2919/2659
f 2305/2914/2653 2310/2920/2653 2306/2915/2653
f 2306/2915/2660 2310/2920/2660 2056/2612/2660
f 2306/2915/2655 2056/2612/2655 2055/2611/2655
f 2307/2916/2661 2311/2921/2661 2308/2917/2661
f 2308/2917/2662 2311/2921/2662 2312/2922/2662
f 2308/2917/2658 2312/2922/2658 2309/2918/2658
f 2309/2918/2663 2312/2922/2663 2313/2923/2663
f 2309/2918/2659 2313/2923/2659 2310/2919/2659
f 2310/2919/2664 2313/2923/2664 2057/2924/2664
f 2310/2920/2660 2057/2613/2660 2056/2612/2660
f 2311/2921/2665 2314/2925/2665 2312/2922/2665
f 2312/2922/2666 2314/2925/2666 2315/2926/2666
f 2312/2922/2663 2315/2926/2663 2313/2923/2663
f 2313/2923/2667 2315/2926/2667 2058/2615/2667
f 2313/2923/2664 2058/2615/2664 2057/2924/2664
f 2315/2926/2668 2314/2925/2668 2059/2616/2668
f 2059/2616/2669 2314/2925/2669 2060/2617/2669
f 2050/2606/2670 2052/2608/2670 2316/2927/2670
f 2316/2927/2671 2052/2608/2671 2317/2928/2671
f 2316/2927/2672 2317/2928/2672 2026/2575/2672
f 2026/2575/2673 2317/2928/2673 2024/2573/2673
f 2025/2577/2674 2023/2593/2674 2040/2594/2674
f 2027/2578/2674 2025/2577/2674 2040/2594/2674
f 2316/2927/2675 2026/2575/2675 2028/2929/2675
f 2028/2579/2676 2030/2581/2676 2318/2930/2676
f 2318/2930/2676 2030/2581/2676 2032/2583/2676
f 2318/2930/2677 2032/2583/2677 2048/2602/2677
f 2048/2602/2677 2032/2583/2677 2046/2600/2677
f 2050/2606/2678 2316/2927/2678 2318/2931/2678
f 2318/2931/2675 2316/2927/2675 2028/2929/2675
f 2050/2606/2678 2318/2931/2678 2048/2603/2678
f 2034/2585/2679 2046/2600/2679 2032/2583/2679
f 2315/2926/2667 2059/2616/2667 2058/2615/2667
f 2062/2619/2680 2115/2680/2680 2319/2932/2680
f 2319/2932/2680 2115/2680/2680 2117/2682/2680
f 2319/2932/2681 2117/2682/2681 2320/2933/2681
f 2320/2933/2681 2117/2682/2681 2321/2934/2681
f 2320/2933/2682 2321/2934/2682 2322/2935/2682
f 2322/2935/2682 2321/2934/2682 2323/2936/2682
f 2322/2935/2683 2323/2936/2683 2324/2937/2683
f 2324/2937/2683 2323/2936/2683 2325/2938/2683
f 2324/2937/2684 2325/2938/2684 2326/2939/2684
f 2326/2939/2684 2325/2938/2684 2327/2940/2684
f 2326/2939/2685 2327/2940/2685 2085/2941/2685
f 2085/2941/2685 2327/2940/2685 2087/2942/2685
f 2321/2934/2686 2117/2682/2686 2119/2684/2686
f 2062/2619/2399 2319/2932/2399 2064/2621/2399
f 2064/2621/2687 2319/2932/2687 2328/2943/2687
f 2064/2621/2401 2328/2943/2401 2066/2623/2401
f 2066/2623/2688 2328/2943/2688 2329/2944/2688
f 2066/2626/2403 2329/2945/2403 2068/2627/2403
f 2068/2627/2689 2329/2945/2689 2330/2946/2689
f 2068/2627/2405 2330/2946/2405 2070/2629/2405
f 2070/2629/2690 2330/2946/2690 2331/2947/2690
f 2070/2629/2407 2331/2947/2407 2072/2631/2407
f 2072/2631/2691 2331/2947/2691 2075/2634/2691
f 2328/2943/2692 2319/2932/2692 2320/2933/2692
f 2323/2936/2693 2321/2934/2693 2121/2686/2693
f 2121/2686/2686 2321/2934/2686 2119/2684/2686
f 2323/2936/2693 2121/2686/2693 2123/2688/2693
f 2328/2943/2694 2320/2933/2694 2332/2948/2694
f 2332/2948/2694 2320/2933/2694 2322/2935/2694
f 2332/2948/2695 2322/2935/2695 2333/2949/2695
f 2333/2949/2695 2322/2935/2695 2324/2937/2695
f 2333/2949/2696 2324/2937/2696 2334/2950/2696
f 2334/2950/2696 2324/2937/2696 2326/2939/2696
f 2334/2950/2697 2326/2939/2697 2083/2951/2697
f 2083/2951/2698 2326/2939/2698 2085/2941/2698
f 2325/2938/2699 2323/2936/2699 2123/2688/2699
f 2325/2938/2699 2123/2688/2699 2125/2690/2699
f 2328/2943/2688 2332/2948/2688 2329/2944/2688
f 2329/2944/2700 2332/2948/2700 2335/2952/2700
f 2329/2945/2689 2335/2953/2689 2330/2946/2689
f 2330/2946/2701 2335/2953/2701 2336/2954/2701
f 2330/2946/2690 2336/2954/2690 2331/2947/2690
f 2331/2947/2702 2336/2954/2702 2077/2636/2702
f 2331/2947/2691 2077/2636/2691 2075/2634/2691
f 2335/2952/2700 2332/2948/2700 2333/2949/2700
f 2137/2705/2703 2136/2704/2703 2139/2708/2703
f 2139/2708/2704 2142/2711/2704 2337/2955/2704
f 2337/2955/2704 2142/2711/2704 2144/2713/2704
f 2337/2955/2705 2144/2713/2705 2097/2956/2705
f 2097/2956/2705 2144/2713/2705 2099/2715/2705
f 2327/2940/2706 2325/2938/2706 2125/2690/2706
f 2327/2940/2706 2125/2690/2706 2127/2692/2706
f 2335/2953/2707 2333/2957/2707 2338/2958/2707
f 2338/2958/2707 2333/2957/2707 2334/2959/2707
f 2338/2958/2708 2334/2959/2708 2081/2640/2708
f 2081/2640/2708 2334/2959/2708 2083/2642/2708
f 2095/2706/2709 2137/2705/2709 2337/2955/2709
f 2337/2955/2703 2137/2705/2703 2139/2708/2703
f 2095/2706/2709 2337/2955/2709 2097/2956/2709
f 2087/2942/2710 2327/2940/2710 2127/2692/2710
f 2087/2942/2710 2127/2692/2710 2089/2694/2710
f 2335/2953/2711 2338/2958/2711 2336/2954/2711
f 2336/2954/2712 2338/2958/2712 2079/2638/2712
f 2336/2954/2702 2079/2638/2702 2077/2636/2702
f 2079/2638/2712 2338/2958/2712 2081/2640/2712
f 2171/2753/2713 2172/2754/2713 2104/2669/2713
f 2104/2669/2713 2172/2754/2713 2102/2667/2713
f 2181/2763/2714 2098/2659/2714 2100/2661/2714
f 2172/2754/2715 2174/2756/2715 2102/2667/2715
f 2102/2667/2715 2174/2756/2715 2100/2661/2715
f 2088/2649/2637 2291/2899/2637 2086/2647/2637
f 2086/2647/2716 2291/2899/2716 2339/2960/2716
f 2086/2647/2716 2339/2960/2716 2084/2644/2716
f 2084/2643/2717 2339/2961/2717 2340/2962/2717
f 2084/2643/2717 2340/2962/2717 2082/2641/2717
f 2082/2641/2718 2340/2962/2718 2341/2963/2718
f 2082/2641/2718 2341/2963/2718 2080/2639/2718
f 2080/2639/2719 2341/2963/2719 2342/2964/2719
f 2080/2639/2719 2342/2964/2719 2078/2637/2719
f 2078/2637/2720 2342/2964/2720 2300/2908/2720
f 2078/2637/2720 2300/2908/2720 2076/2635/2720
f 2176/2758/2503 2181/2763/2503 2174/2756/2503
f 2174/2756/2714 2181/2763/2714 2100/2661/2714
f 2256/2856/2596 2182/2764/2596 2180/2762/2596
f 2291/2899/2636 2290/2898/2636 2339/2960/2636
f 2339/2961/2721 2290/2965/2721 2343/2966/2721
f 2339/2961/2721 2343/2966/2721 2340/2962/2721
f 2340/2962/2722 2343/2966/2722 2344/2967/2722
f 2340/2962/2722 2344/2967/2722 2341/2963/2722
f 2341/2963/2723 2344/2967/2723 2345/2968/2723
f 2341/2963/2723 2345/2968/2723 2342/2964/2723
f 2342/2964/2724 2345/2968/2724 2298/2906/2724
f 2342/2964/2724 2298/2906/2724 2300/2908/2724
f 2183/2765/2725 2185/2767/2725 2180/2762/2725
f 2180/2762/2725 2185/2767/2725 2256/2856/2725
f 2185/2767/2594 2187/2769/2594 2256/2856/2594
f 2290/2898/2726 2289/2897/2726 2343/2969/2726
f 2343/2966/2727 2289/2896/2727 2346/2970/2727
f 2343/2966/2727 2346/2970/2727 2344/2967/2727
f 2344/2967/2728 2346/2970/2728 2347/2971/2728
f 2344/2967/2728 2347/2971/2728 2345/2968/2728
f 2345/2968/2729 2347/2971/2729 2296/2904/2729
f 2345/2968/2729 2296/2904/2729 2298/2906/2729
f 2289/2896/2634 2288/2893/2634 2346/2970/2634
f 2346/2970/2730 2288/2893/2730 2348/2972/2730
f 2346/2970/2730 2348/2972/2730 2347/2971/2730
f 2347/2971/2731 2348/2972/2731 2294/2902/2731
f 2347/2971/2731 2294/2902/2731 2296/2904/2731
f 2191/2773/2591 2193/2775/2591 2189/2771/2591
f 2292/2900/2732 2294/2902/2732 2348/2972/2732
f 2292/2900/2732 2348/2972/2732 2287/2892/2732
f 2287/2892/2633 2348/2972/2633 2288/2893/2633
f 2195/2777/2589 2197/2779/2589 2193/2775/2589
f 2286/2891/2632 2292/2900/2632 2287/2892/2632
f 2201/2783/2586 2203/2785/2586 2199/2781/2586
f 2238/2834/2536 2208/2790/2536 2206/2788/2536
f 3803/843/2733 2349/2973/2733 3804/2974/2733
f 3804/2974/2734 2349/2973/2734 2350/2975/2734
f 3804/2974/2734 2350/2975/2734 3805/2976/2734
f 3805/2976/2735 2350/2975/2735 2351/2977/2735
f 3805/2976/2736 2351/2977/2736 2352/2978/2736
f 2352/2978/2737 2351/2977/2737 2353/2979/2737
f 2352/2978/2737 2353/2979/2737 2354/2980/2737
f 2354/2980/2738 2353/2979/2738 2355/2981/2738
f 2354/2980/2738 2355/2981/2738 2356/2982/2738
f 2356/2982/2739 2355/2981/2739 2357/2983/2739
f 2356/2982/2739 2357/2983/2739 3806/2984/2739
f 3806/2984/2740 2357/2983/2740 2358/2985/2740
f 3806/2984/2740 2358/2985/2740 3807/2986/2740
f 3807/2986/2741 2358/2985/2741 2359/2987/2741
f 3807/2986/2742 2359/2987/2742 2360/2988/2742
f 2360/2988/2743 2359/2987/2743 2361/2989/2743
f 2360/2988/2744 2361/2989/2744 2362/2990/2744
f 2362/2990/2745 2361/2989/2745 2363/2991/2745
f 2362/2990/2746 2363/2991/2746 3808/2992/2746
f 3808/2992/2747 2363/2991/2747 2364/2993/2747
f 3808/2992/2748 2364/2993/2748 3809/2994/2748
f 3809/2994/2749 2364/2993/2749 2365/2995/2749
f 3809/2994/2750 2365/2995/2750 2366/2996/2750
f 2366/2997/2751 2365/2998/2751 2367/2999/2751
f 2366/2997/2751 2367/2999/2751 2368/3000/2751
f 2368/3000/2752 2367/2999/2752 2369/3001/2752
f 2368/3000/2753 2369/3001/2753 2370/3002/2753
f 2370/3002/2754 2369/3001/2754 2371/3003/2754
f 2370/3002/2755 2371/3003/2755 2372/3004/2755
f 2372/3004/2756 2371/3003/2756 2373/3005/2756
f 2372/3004/2757 2373/3005/2757 2374/3006/2757
f 2374/3006/2758 2373/3005/2758 2375/3007/2758
f 2374/3006/2759 2375/3007/2759 2376/3008/2759
f 2358/3009/2760 2377/3010/2760 2359/3011/2760
f 2359/3011/2761 2377/3010/2761 2361/3012/2761
f 2377/3010/2762 2378/3013/2762 2361/3012/2762
f 2361/3012/2763 2378/3013/2763 2363/3014/2763
f 2378/3013/2764 2379/3015/2764 2363/3014/2764
f 2363/3014/2765 2379/3015/2765 2364/3016/2765
f 2364/3016/2766 2379/3015/2766 2380/3017/2766
f 2380/3017/2767 2379/3015/2767 2381/3018/2767
f 2380/3017/2768 2381/3018/2768 2367/2999/2768
f 2367/2999/2769 2381/3018/2769 2369/3001/2769
f 2382/3019/2770 2383/3020/2770 2376/3008/2770
f 2376/3008/2771 2383/3020/2771 2384/3021/2771
f 2376/3008/2772 2384/3021/2772 2374/3006/2772
f 2374/3006/2773 2384/3021/2773 2385/3022/2773
f 2374/3006/2773 2385/3022/2773 2386/3023/2773
f 2386/3023/2774 2385/3022/2774 2387/3024/2774
f 2386/3023/2774 2387/3024/2774 2388/3025/2774
f 2388/3026/2775 2387/3027/2775 2389/3028/2775
f 2388/3026/2775 2389/3028/2775 2390/3029/2775
f 2390/3029/2776 2389/3028/2776 2391/3030/2776
f 2390/3029/2777 2391/3030/2777 2392/3031/2777
f 2393/3032/2778 2394/3033/2778 2382/3019/2778
f 2382/3019/2779 2394/3033/2779 2395/3034/2779
f 2382/3019/2780 2395/3034/2780 2383/3020/2780
f 2383/3020/2781 2395/3034/2781 2396/3035/2781
f 2383/3020/2781 2396/3035/2781 2384/3021/2781
f 2384/3021/2782 2396/3035/2782 2397/3036/2782
f 2384/3021/2782 2397/3036/2782 2385/3022/2782
f 2385/3022/2783 2397/3036/2783 2398/3037/2783
f 2385/3022/2783 2398/3037/2783 2387/3024/2783
f 2387/3027/2784 2398/3038/2784 2399/3039/2784
f 2387/3027/2784 2399/3039/2784 2389/3028/2784
f 2389/3028/2785 2399/3039/2785 3810/3040/2785
f 2389/3028/2786 3810/3040/2786 2391/3030/2786
f 2393/3032/2787 2400/3041/2787 2394/3033/2787
f 2394/3033/2788 2400/3041/2788 2401/3042/2788
f 2394/3033/2789 2401/3042/2789 2402/3043/2789
f 2402/3043/2790 2401/3042/2790 2403/3044/2790
f 2402/3043/2791 2403/3044/2791 2404/3045/2791
f 2404/3045/2792 2403/3044/2792 2405/3046/2792
f 2404/3045/2793 2405/3046/2793 2406/3047/2793
f 2406/3048/2794 2405/3049/2794 2407/3050/2794
f 2406/3048/2795 2407/3050/2795 2408/3051/2795
f 2408/3051/2796 2407/3050/2796 2409/3052/2796
f 2408/3051/2797 2409/3052/2797 2410/3053/2797
f 2410/3053/2798 2409/3052/2798 2411/3054/2798
f 2410/3053/2799 2411/3054/2799 3811/3055/2799
f 3811/3055/2800 2411/3054/2800 3812/3056/2800
f 3812/3056/2801 2411/3054/2801 2412/3057/2801
f 3812/3056/2802 2412/3057/2802 2413/3058/2802
f 2413/3058/2803 2412/3057/2803 2414/3059/2803
f 2413/3058/2803 2414/3059/2803 2415/3060/2803
f 2415/3060/2804 2414/3059/2804 2416/3061/2804
f 2415/3060/2804 2416/3061/2804 2417/3062/2804
f 2417/3062/2805 2416/3061/2805 2418/3063/2805
f 2417/3062/2805 2418/3063/2805 2419/3064/2805
f 2419/3064/2806 2418/3063/2806 2420/3065/2806
f 2419/3064/2806 2420/3065/2806 2421/3066/2806
f 2421/3067/2807 2420/3068/2807 2422/3069/2807
f 2421/3067/2807 2422/3069/2807 2423/3070/2807
f 2423/3070/2808 2422/3069/2808 2424/3071/2808
f 2423/3070/2808 2424/3071/2808 2425/3072/2808
f 2425/3072/2809 2424/3071/2809 2426/3073/2809
f 2425/3072/2809 2426/3073/2809 2427/3074/2809
f 2427/3074/2810 2426/3073/2810 2428/3075/2810
f 2427/3074/2810 2428/3075/2810 2429/3076/2810
f 2429/3076/2811 2428/3075/2811 2430/3077/2811
f 2429/3076/2811 2430/3077/2811 2431/3078/2811
f 2431/3078/2812 2430/3077/2812 2432/3079/2812
f 2431/3078/2812 2432/3079/2812 2433/3080/2812
f 2433/3080/2813 2432/3079/2813 2434/3081/2813
f 2433/3080/2813 2434/3081/2813 2435/3082/2813
f 2435/3082/2814 2434/3081/2814 2436/3083/2814
f 2435/3082/2814 2436/3083/2814 2437/3084/2814
f 2437/3084/2815 2436/3083/2815 2438/3085/2815
f 2437/3086/2815 2438/3087/2815 2439/3088/2815
f 2439/3088/2816 2438/3087/2816 2440/3089/2816
f 2439/3090/2816 2440/3091/2816 2441/3092/2816
f 2441/3092/2817 2440/3091/2817 2442/3093/2817
f 2441/3094/2817 2442/3095/2817 2443/3096/2817
f 2443/3096/2818 2442/3095/2818 2444/3097/2818
f 2443/3096/2819 2444/3097/2819 2445/3098/2819
f 2445/3098/2820 2444/3097/2820 2446/3099/2820
f 2445/3098/2820 2446/3099/2820 2447/3100/2820
f 2447/3100/2821 2446/3099/2821 2448/3101/2821
f 2447/3102/2821 2448/3103/2821 2449/3104/2821
f 2449/3104/2822 2448/3103/2822 2450/3105/2822
f 2449/3104/2822 2450/3105/2822 2451/3106/2822
f 2451/3106/2823 2450/3105/2823 2452/3107/2823
f 2451/3106/2823 2452/3107/2823 2453/3108/2823
f 2453/3108/2824 2452/3107/2824 2454/3109/2824
f 2453/3108/2824 2454/3109/2824 2455/3110/2824
f 2455/3110/2825 2454/3109/2825 2456/3111/2825
f 2455/3110/2825 2456/3111/2825 2457/3112/2825
f 2457/3112/2826 2456/3111/2826 2458/3113/2826
f 2457/3112/2826 2458/3113/2826 2459/3114/2826
f 2459/3114/2827 2458/3113/2827 2460/3115/2827
f 2459/3114/2827 2460/3115/2827 2461/3116/2827
f 2461/3116/2828 2460/3115/2828 2462/3117/2828
f 2461/3116/2829 2462/3117/2829 2463/3118/2829
f 2463/3118/2830 2462/3117/2830 1/1/2830
f 2401/3042/2831 2400/3041/2831 2464/3119/2831
f 2464/3119/2832 2400/3041/2832 2465/3120/2832
f 2464/3119/2833 2465/3120/2833 2466/3121/2833
f 2466/3121/2834 2465/3120/2834 2467/3122/2834
f 2466/3121/2835 2467/3122/2835 2468/3123/2835
f 2468/3123/2836 2467/3122/2836 2469/3124/2836
f 2468/3123/2837 2469/3124/2837 2470/3125/2837
f 2470/3125/2838 2469/3124/2838 2471/3126/2838
f 2470/3125/2839 2471/3126/2839 2472/3127/2839
f 2472/3127/2839 2471/3126/2839 2473/3128/2839
f 2472/3127/2840 2473/3128/2840 2474/3129/2840
f 2474/3129/2840 2473/3128/2840 2475/3130/2840
f 2474/3129/2841 2475/3130/2841 2476/3131/2841
f 2476/3131/2841 2475/3130/2841 2477/3132/2841
f 2476/3131/2842 2477/3132/2842 2426/3133/2842
f 2426/3133/2842 2477/3132/2842 2428/3134/2842
f 2469/3124/2843 2478/3135/2843 2471/3126/2843
f 2471/3126/2844 2478/3135/2844 2479/3136/2844
f 2471/3126/2845 2479/3136/2845 2473/3128/2845
f 2473/3128/2846 2479/3136/2846 2480/3137/2846
f 2473/3128/2847 2480/3137/2847 2475/3130/2847
f 2475/3130/2847 2480/3137/2847 2481/3138/2847
f 2475/3130/2848 2481/3138/2848 2477/3132/2848
f 2477/3132/2848 2481/3138/2848 2482/3139/2848
f 2477/3132/2849 2482/3139/2849 2428/3134/2849
f 2428/3134/2849 2482/3139/2849 2430/3140/2849
f 2479/3136/2850 2483/3141/2850 2480/3137/2850
f 2480/3137/2851 2483/3141/2851 2484/3142/2851
f 2480/3137/2852 2484/3142/2852 2481/3138/2852
f 2481/3138/2852 2484/3142/2852 2485/3143/2852
f 2481/3138/2853 2485/3143/2853 2482/3139/2853
f 2482/3139/2853 2485/3143/2853 2486/3144/2853
f 2482/3139/2854 2486/3144/2854 2430/3140/2854
f 2430/3140/2854 2486/3144/2854 2432/3145/2854
f 2483/3141/2855 2487/3146/2855 2484/3142/2855
f 2484/3142/2856 2487/3146/2856 2485/3143/2856
f 2485/3143/2857 2487/3146/2857 2488/3147/2857
f 2488/3147/2858 2487/3146/2858 2489/3148/2858
f 2488/3147/2859 2489/3148/2859 2490/3149/2859
f 2488/3147/2860 2490/3149/2860 2491/3150/2860
f 2491/3150/2861 2490/3149/2861 2492/3151/2861
f 2491/3150/2862 2492/3151/2862 2493/3152/2862
f 2493/3152/2863 2492/3151/2863 2494/3153/2863
f 2493/3152/2864 2494/3153/2864 2436/3154/2864
f 2436/3154/2864 2494/3153/2864 2438/3087/2864
f 2492/3151/2865 2495/3155/2865 2494/3153/2865
f 2494/3153/2866 2495/3155/2866 2496/3156/2866
f 2494/3153/2867 2496/3156/2867 2438/3087/2867
f 2438/3087/2867 2496/3156/2867 2440/3089/2867
f 2495/3155/2868 2497/3157/2868 2496/3156/2868
f 2496/3156/2869 2497/3157/2869 2440/3089/2869
f 2497/3157/2870 2498/3158/2870 2440/3089/2870
f 2440/3089/2871 2498/3158/2871 2442/3095/2871
f 2498/3158/2872 2499/3159/2872 2442/3095/2872
f 2442/3095/2873 2499/3159/2873 2444/3097/2873
f 2499/3159/2874 2500/3160/2874 2444/3097/2874
f 2444/3097/2875 2500/3160/2875 2446/3099/2875
f 2500/3160/2876 2501/3161/2876 2446/3099/2876
f 2446/3162/2877 2501/3163/2877 2448/3164/2877
f 2501/3161/2878 2450/3165/2878 2448/3101/2878
f 2451/3106/2879 2502/3166/2879 2449/3104/2879
f 2449/3167/2880 2502/3168/2880 2447/3169/2880
f 2502/3166/2881 2503/3170/2881 2447/3102/2881
f 2447/3102/2882 2503/3170/2882 2445/3171/2882
f 2503/3170/2883 2504/3172/2883 2445/3171/2883
f 2445/3171/2884 2504/3172/2884 2443/3173/2884
f 2504/3172/2885 2505/3174/2885 2443/3173/2885
f 2443/3173/2886 2505/3174/2886 2506/3175/2886
f 2443/3173/2887 2506/3175/2887 2441/3092/2887
f 2441/3092/2888 2506/3175/2888 2507/3176/2888
f 2441/3092/2889 2507/3176/2889 2508/3177/2889
f 2508/3177/2890 2507/3176/2890 2509/3178/2890
f 2508/3177/2891 2509/3178/2891 2510/3179/2891
f 2506/3175/2892 2509/3178/2892 2507/3176/2892
f 2511/3180/2893 2512/3181/2893 2510/3179/2893
f 2510/3179/2894 2512/3181/2894 2513/3182/2894
f 2510/3179/2895 2513/3182/2895 2508/3177/2895
f 2508/3177/2896 2513/3182/2896 2439/3090/2896
f 2508/3177/2889 2439/3090/2889 2441/3092/2889
f 2511/3180/2897 2514/3183/2897 2512/3181/2897
f 2512/3181/2898 2514/3183/2898 2515/3184/2898
f 2512/3181/2899 2515/3184/2899 2513/3182/2899
f 2513/3182/2899 2515/3184/2899 2516/3185/2899
f 2513/3182/2900 2516/3185/2900 2437/3084/2900
f 2437/3084/2900 2516/3185/2900 2435/3082/2900
f 2514/3183/2901 2517/3186/2901 2515/3184/2901
f 2515/3184/2902 2517/3186/2902 2518/3187/2902
f 2515/3184/2903 2518/3187/2903 2516/3185/2903
f 2516/3185/2903 2518/3187/2903 2519/3188/2903
f 2516/3185/2904 2519/3188/2904 2435/3082/2904
f 2435/3082/2904 2519/3188/2904 2433/3080/2904
f 2518/3187/2905 2517/3186/2905 2520/3189/2905
f 2520/3189/2906 2517/3186/2906 2521/3190/2906
f 2520/3189/2907 2521/3190/2907 2522/3191/2907
f 2522/3191/2908 2521/3190/2908 2523/3192/2908
f 2522/3191/2909 2523/3192/2909 2524/3193/2909
f 2524/3193/2910 2523/3192/2910 2525/3194/2910
f 2524/3193/2911 2525/3194/2911 2526/3195/2911
f 2526/3195/2912 2525/3194/2912 2527/3196/2912
f 2526/3195/2913 2527/3196/2913 2528/3197/2913
f 2528/3197/2914 2527/3196/2914 2529/3198/2914
f 2528/3197/2915 2529/3198/2915 2530/3199/2915
f 2530/3199/2916 2529/3198/2916 2531/3200/2916
f 2530/3199/2917 2531/3200/2917 2532/3201/2917
f 2532/3201/2918 2531/3200/2918 2533/3202/2918
f 2532/3201/2919 2533/3202/2919 2534/3203/2919
f 2534/3203/2920 2533/3202/2920 2535/3204/2920
f 2534/3203/2921 2535/3204/2921 2536/3205/2921
f 2536/3205/2922 2535/3204/2922 2537/3206/2922
f 2536/3205/2923 2537/3206/2923 2538/3207/2923
f 2538/3207/2924 2537/3206/2924 2539/3208/2924
f 2538/3207/2925 2539/3208/2925 2540/3209/2925
f 2540/3209/2926 2539/3208/2926 2541/3210/2926
f 2540/3209/2927 2541/3210/2927 2542/3211/2927
f 2542/3211/2928 2541/3210/2928 2543/3212/2928
f 2542/3211/2929 2543/3212/2929 2544/3213/2929
f 2544/3213/2930 2543/3212/2930 2545/3214/2930
f 2544/3215/2931 2545/3216/2931 2546/3217/2931
f 2546/3218/2932 2545/3214/2932 2547/3219/2932
f 2546/3217/2933 2547/3220/2933 3813/3221/2933
f 3813/3221/2934 2547/3220/2934 2548/3222/2934
f 3813/3221/2935 2548/3222/2935 2549/3223/2935
f 2549/3223/2936 2548/3222/2936 2550/3224/2936
f 2549/3223/2937 2550/3224/2937 3814/3225/2937
f 3814/3225/2938 2550/3224/2938 2551/3226/2938
f 3814/3225/2939 2551/3226/2939 3815/3227/2939
f 3815/3227/2940 2551/3226/2940 2552/3228/2940
f 3815/3227/2941 2552/3228/2941 3816/3229/2941
f 3816/3230/2942 2552/3231/2942 2553/3232/2942
f 3816/3230/2943 2553/3232/2943 3817/3233/2943
f 3817/3233/2943 2553/3232/2943 2554/3234/2943
f 3817/3233/2944 2554/3234/2944 2555/3235/2944
f 2555/3236/2945 2554/3237/2945 2556/3238/2945
f 2555/3235/2946 2556/3239/2946 3818/3240/2946
f 3818/3240/2946 2556/3239/2946 2557/3241/2946
f 3818/3240/2947 2557/3241/2947 2558/3242/2947
f 2558/3243/2948 2557/3244/2948 2559/3245/2948
f 2558/3242/2949 2559/3246/2949 3819/3247/2949
f 3819/3247/2950 2559/3246/2950 2560/3248/2950
f 3819/3247/2951 2560/3248/2951 3820/3249/2951
f 2523/3192/2952 2561/3250/2952 2525/3194/2952
f 2525/3194/2953 2561/3250/2953 2527/3196/2953
f 2533/3202/2954 2562/3251/2954 2535/3204/2954
f 2535/3204/2955 2562/3251/2955 2537/3206/2955
f 2539/3208/2956 2563/3252/2956 2541/3210/2956
f 2541/3210/2957 2563/3252/2957 2564/3253/2957
f 2541/3210/2958 2564/3253/2958 2543/3212/2958
f 2543/3212/2959 2564/3253/2959 2565/3254/2959
f 2543/3212/2960 2565/3254/2960 2566/3255/2960
f 2566/3255/2961 2565/3254/2961 2567/3256/2961
f 2566/3255/2962 2567/3256/2962 2545/3214/2962
f 2545/3214/2963 2567/3256/2963 2568/3257/2963
f 2545/3214/2932 2568/3257/2932 2547/3219/2932
f 2547/3219/2964 2568/3257/2964 2548/3258/2964
f 2567/3256/2965 2569/3259/2965 2568/3257/2965
f 2568/3257/2966 2569/3259/2966 2570/3260/2966
f 2568/3257/2964 2570/3260/2964 2548/3258/2964
f 2548/3258/2967 2570/3260/2967 2571/3261/2967
f 2548/3258/2968 2571/3261/2968 2550/3262/2968
f 2550/3262/2969 2571/3261/2969 2572/3263/2969
f 2550/3262/2970 2572/3263/2970 2551/3264/2970
f 2551/3264/2971 2572/3263/2971 2573/3265/2971
f 2551/3264/2972 2573/3265/2972 2552/3231/2972
f 2552/3231/2973 2573/3265/2973 2553/3232/2973
f 2569/3259/2974 2571/3261/2974 2570/3260/2974
f 3813/3221/2975 3822/3266/2975 2546/3217/2975
f 2546/3217/2976 3822/3266/2976 2574/3267/2976
f 2546/3217/2931 2574/3267/2931 2544/3215/2931
f 2544/3215/2977 2574/3267/2977 2575/3268/2977
f 2544/3213/2929 2575/3269/2929 2542/3211/2929
f 2542/3211/2978 2575/3269/2978 2576/3270/2978
f 2542/3211/2927 2576/3270/2927 2540/3209/2927
f 2540/3209/2979 2576/3270/2979 2577/3271/2979
f 2540/3209/2980 2577/3271/2980 2536/3205/2980
f 2536/3205/2981 2577/3271/2981 2578/3272/2981
f 2536/3205/2921 2578/3272/2921 2534/3203/2921
f 2534/3203/2982 2578/3272/2982 2579/3273/2982
f 2534/3203/2983 2579/3273/2983 2530/3199/2983
f 2530/3199/2984 2579/3273/2984 2580/3274/2984
f 2530/3199/2985 2580/3274/2985 2526/3195/2985
f 2526/3195/2986 2580/3274/2986 2581/3275/2986
f 2526/3195/2911 2581/3275/2911 2524/3193/2911
f 2524/3193/2987 2581/3275/2987 2582/3276/2987
f 2524/3193/2988 2582/3276/2988 2583/3277/2988
f 2583/3277/2989 2582/3276/2989 2584/3278/2989
f 2583/3277/2990 2584/3278/2990 2519/3188/2990
f 2519/3188/2991 2584/3278/2991 2433/3080/2991
f 3822/3266/2992 3823/3279/2992 2574/3267/2992
f 2574/3267/2993 3823/3279/2993 2585/3280/2993
f 2574/3267/2977 2585/3280/2977 2575/3268/2977
f 2575/3268/2994 2585/3280/2994 2586/3281/2994
f 2575/3269/2978 2586/3282/2978 2576/3270/2978
f 2576/3270/2995 2586/3282/2995 2587/3283/2995
f 2576/3270/2979 2587/3283/2979 2577/3271/2979
f 2577/3271/2996 2587/3283/2996 2588/3284/2996
f 2577/3271/2981 2588/3284/2981 2578/3272/2981
f 2578/3272/2997 2588/3284/2997 2589/3285/2997
f 2578/3272/2982 2589/3285/2982 2579/3273/2982
f 2579/3273/2998 2589/3285/2998 2590/3286/2998
f 2579/3273/2984 2590/3286/2984 2580/3274/2984
f 2580/3274/2999 2590/3286/2999 2591/3287/2999
f 2580/3274/2986 2591/3287/2986 2581/3275/2986
f 2581/3275/3000 2591/3287/3000 2592/3288/3000
f 2581/3275/2987 2592/3288/2987 2582/3276/2987
f 2582/3276/3001 2592/3288/3001 2593/3289/3001
f 2582/3276/2989 2593/3289/2989 2584/3278/2989
f 2584/3278/3002 2593/3289/3002 2431/3078/3002
f 2584/3278/2991 2431/3078/2991 2433/3080/2991
f 3823/3279/3003 3824/3290/3003 2585/3280/3003
f 2585/3280/3004 3824/3290/3004 2594/3291/3004
f 2585/3280/2994 2594/3291/2994 2586/3281/2994
f 2586/3281/3005 2594/3291/3005 2595/3292/3005
f 2586/3282/2995 2595/3293/2995 2587/3283/2995
f 2587/3294/3006 2595/3292/3006 2596/3295/3006
f 2587/3283/2996 2596/3296/2996 2588/3284/2996
f 2588/3284/3007 2596/3296/3007 2597/3297/3007
f 2588/3284/3008 2597/3297/3008 2589/3285/3008
f 2589/3285/3009 2597/3297/3009 2598/3298/3009
f 2589/3285/3010 2598/3298/3010 2590/3286/3010
f 2590/3286/3011 2598/3298/3011 2599/3299/3011
f 2590/3286/2999 2599/3299/2999 2591/3287/2999
f 2591/3287/3012 2599/3299/3012 2600/3300/3012
f 2591/3287/3000 2600/3300/3000 2592/3288/3000
f 2592/3288/3013 2600/3300/3013 2601/3301/3013
f 2592/3288/3014 2601/3301/3014 2593/3289/3014
f 2593/3289/3015 2601/3301/3015 2429/3076/3015
f 2593/3289/3002 2429/3076/3002 2431/3078/3002
f 3824/3290/3016 3825/3302/3016 2594/3291/3016
f 2594/3291/3017 3825/3302/3017 2602/3303/3017
f 2594/3291/3005 2602/3303/3005 2595/3292/3005
f 2595/3292/3018 2602/3303/3018 2603/3304/3018
f 2595/3292/3006 2603/3304/3006 2596/3295/3006
f 2596/3295/3019 2603/3304/3019 2604/3305/3019
f 2596/3296/3007 2604/3306/3007 2597/3297/3007
f 2597/3297/3020 2604/3306/3020 2605/3307/3020
f 2597/3297/3009 2605/3307/3009 2598/3298/3009
f 2598/3298/3021 2605/3307/3021 2606/3308/3021
f 2598/3298/3011 2606/3308/3011 2599/3299/3011
f 2599/3299/3022 2606/3308/3022 2607/3309/3022
f 2599/3299/3012 2607/3309/3012 2600/3300/3012
f 2600/3300/3023 2607/3309/3023 2608/3310/3023
f 2600/3300/3013 2608/3310/3013 2601/3301/3013
f 2601/3301/3024 2608/3310/3024 2427/3074/3024
f 2601/3301/3015 2427/3074/3015 2429/3076/3015
f 3825/3302/3025 3826/3311/3025 2602/3303/3025
f 2602/3303/3026 3826/3311/3026 2609/3312/3026
f 2602/3303/3018 2609/3312/3018 2603/3304/3018
f 2603/3304/3027 2609/3312/3027 2610/3313/3027
f 2603/3304/3019 2610/3313/3019 2604/3305/3019
f 2604/3305/3028 2610/3313/3028 2611/3314/3028
f 2604/3306/3020 2611/3315/3020 2605/3307/3020
f 2605/3316/3029 2611/3314/3029 2612/3317/3029
f 2605/3307/3021 2612/3318/3021 2606/3308/3021
f 2606/3308/3030 2612/3318/3030 2613/3319/3030
f 2606/3308/3022 2613/3319/3022 2607/3309/3022
f 2607/3309/3031 2613/3319/3031 2614/3320/3031
f 2607/3309/3023 2614/3320/3023 2608/3310/3023
f 2608/3310/3032 2614/3320/3032 2425/3072/3032
f 2608/3310/3024 2425/3072/3024 2427/3074/3024
f 2609/3312/3033 3826/3311/3033 2615/3321/3033
f 2615/3321/3034 3826/3311/3034 3827/3322/3034
f 2615/3321/3035 3827/3322/3035 2616/3323/3035
f 2616/3323/3036 3827/3322/3036 3828/3324/3036
f 2616/3323/3037 3828/3324/3037 2617/3325/3037
f 2617/3325/3038 3828/3324/3038 3829/3326/3038
f 2617/3325/3039 3829/3326/3039 2618/3327/3039
f 2618/3327/3040 3829/3326/3040 3830/3328/3040
f 2618/3327/3041 3830/3328/3041 2619/3329/3041
f 2619/3329/3042 3830/3328/3042 3831/3330/3042
f 2619/3329/3043 3831/3330/3043 2413/3058/3043
f 2413/3058/2802 3831/3330/2802 3812/3056/2802
f 3811/3055/3044 3832/3331/3044 2410/3053/3044
f 2410/3053/3045 3832/3331/3045 2620/3332/3045
f 2410/3053/2797 2620/3332/2797 2408/3051/2797
f 2408/3051/3046 2620/3332/3046 2621/3333/3046
f 2408/3051/2795 2621/3333/2795 2406/3048/2795
f 2406/3048/3047 2621/3333/3047 2622/3334/3047
f 2406/3047/2793 2622/3335/2793 2404/3045/2793
f 2404/3045/3048 2622/3335/3048 2623/3336/3048
f 2404/3045/3049 2623/3336/3049 2402/3043/3049
f 2402/3043/3050 2623/3336/3050 2395/3034/3050
f 2402/3043/2789 2395/3034/2789 2394/3033/2789
f 3832/3331/3051 3833/3337/3051 2620/3332/3051
f 2620/3332/3052 3833/3337/3052 2624/3338/3052
f 2620/3332/3046 2624/3338/3046 2621/3333/3046
f 2621/3333/3053 2624/3338/3053 2625/3339/3053
f 2621/3333/3047 2625/3339/3047 2622/3334/3047
f 2622/3334/3054 2625/3339/3054 2626/3340/3054
f 2622/3335/3048 2626/3341/3048 2623/3336/3048
f 2623/3336/3055 2626/3341/3055 2396/3035/3055
f 2623/3336/3050 2396/3035/3050 2395/3034/3050
f 3833/3337/3056 3834/3342/3056 2624/3338/3056
f 2624/3338/3057 3834/3342/3057 2627/3343/3057
f 2624/3338/3053 2627/3343/3053 2625/3339/3053
f 2625/3339/3058 2627/3343/3058 2628/3344/3058
f 2625/3339/3054 2628/3344/3054 2626/3340/3054
f 2626/3340/3059 2628/3344/3059 2397/3345/3059
f 2626/3341/3055 2397/3036/3055 2396/3035/3055
f 3834/3342/3060 3835/3346/3060 2627/3343/3060
f 2627/3343/3061 3835/3346/3061 2629/3347/3061
f 2627/3343/3058 2629/3347/3058 2628/3344/3058
f 2628/3344/3062 2629/3347/3062 2398/3038/3062
f 2628/3344/3059 2398/3038/3059 2397/3345/3059
f 2629/3347/3063 3835/3346/3063 2399/3039/3063
f 2399/3039/3064 3835/3346/3064 3810/3040/3064
f 2390/3029/3065 2392/3031/3065 2630/3348/3065
f 2630/3348/3066 2392/3031/3066 2631/3349/3066
f 2630/3348/3067 2631/3349/3067 2366/2996/3067
f 2366/2996/3068 2631/3349/3068 3809/2994/3068
f 2365/2998/3069 2364/3016/3069 2380/3017/3069
f 2367/2999/3069 2365/2998/3069 2380/3017/3069
f 2630/3348/3070 2366/2996/3070 2368/3350/3070
f 2368/3000/3071 2370/3002/3071 2632/3351/3071
f 2632/3351/3071 2370/3002/3071 2372/3004/3071
f 2632/3351/3072 2372/3004/3072 2388/3025/3072
f 2388/3025/3072 2372/3004/3072 2386/3023/3072
f 2390/3029/3073 2630/3348/3073 2632/3352/3073
f 2632/3352/3070 2630/3348/3070 2368/3350/3070
f 2390/3029/3073 2632/3352/3073 2388/3026/3073
f 2374/3006/3074 2386/3023/3074 2372/3004/3074
f 2629/3347/3062 2399/3039/3062 2398/3038/3062
f 2401/3042/3075 2464/3119/3075 2633/3353/3075
f 2633/3353/3075 2464/3119/3075 2466/3121/3075
f 2633/3353/3076 2466/3121/3076 2634/3354/3076
f 2634/3354/3076 2466/3121/3076 2635/3355/3076
f 2634/3354/3077 2635/3355/3077 2636/3356/3077
f 2636/3356/3077 2635/3355/3077 2637/3357/3077
f 2636/3356/3078 2637/3357/3078 2638/3358/3078
f 2638/3358/3078 2637/3357/3078 2639/3359/3078
f 2638/3358/3079 2639/3359/3079 2640/3360/3079
f 2640/3360/3079 2639/3359/3079 2641/3361/3079
f 2640/3360/3080 2641/3361/3080 2422/3362/3080
f 2422/3362/3080 2641/3361/3080 2424/3363/3080
f 2635/3355/3081 2466/3121/3081 2468/3123/3081
f 2401/3042/2790 2633/3353/2790 2403/3044/2790
f 2403/3044/3082 2633/3353/3082 2642/3364/3082
f 2403/3044/2792 2642/3364/2792 2405/3046/2792
f 2405/3046/3083 2642/3364/3083 2643/3365/3083
f 2405/3049/2794 2643/3366/2794 2407/3050/2794
f 2407/3050/3084 2643/3366/3084 2644/3367/3084
f 2407/3050/2796 2644/3367/2796 2409/3052/2796
f 2409/3052/3085 2644/3367/3085 2645/3368/3085
f 2409/3052/2798 2645/3368/2798 2411/3054/2798
f 2411/3054/3086 2645/3368/3086 2412/3057/3086
f 2642/3364/3082 2633/3353/3082 2634/3354/3082
f 2637/3357/3087 2635/3355/3087 2470/3125/3087
f 2470/3125/3081 2635/3355/3081 2468/3123/3081
f 2637/3357/3088 2470/3125/3088 2472/3127/3088
f 2642/3364/3089 2634/3354/3089 2646/3369/3089
f 2646/3369/3089 2634/3354/3089 2636/3356/3089
f 2646/3369/3090 2636/3356/3090 2647/3370/3090
f 2647/3370/3090 2636/3356/3090 2638/3358/3090
f 2647/3370/3091 2638/3358/3091 2648/3371/3091
f 2648/3371/3091 2638/3358/3091 2640/3360/3091
f 2648/3371/3092 2640/3360/3092 2420/3372/3092
f 2420/3372/3092 2640/3360/3092 2422/3362/3092
f 2639/3359/3093 2637/3357/3093 2472/3127/3093
f 2639/3359/3093 2472/3127/3093 2474/3129/3093
f 2642/3364/3083 2646/3369/3083 2643/3365/3083
f 2643/3365/3094 2646/3369/3094 2649/3373/3094
f 2643/3366/3084 2649/3374/3084 2644/3367/3084
f 2644/3367/3095 2649/3374/3095 2650/3375/3095
f 2644/3367/3085 2650/3375/3085 2645/3368/3085
f 2645/3368/3096 2650/3375/3096 2414/3059/3096
f 2645/3368/3086 2414/3059/3086 2412/3057/3086
f 2649/3373/3094 2646/3369/3094 2647/3370/3094
f 2486/3144/3097 2485/3143/3097 2488/3147/3097
f 2488/3147/3098 2491/3150/3098 2651/3376/3098
f 2651/3376/3098 2491/3150/3098 2493/3152/3098
f 2651/3376/3099 2493/3152/3099 2434/3377/3099
f 2434/3377/3099 2493/3152/3099 2436/3154/3099
f 2641/3361/3100 2639/3359/3100 2474/3129/3100
f 2641/3361/3100 2474/3129/3100 2476/3131/3100
f 2649/3374/3101 2647/3378/3101 2652/3379/3101
f 2652/3379/3101 2647/3378/3101 2648/3380/3101
f 2652/3379/3102 2648/3380/3102 2418/3063/3102
f 2418/3063/3102 2648/3380/3102 2420/3065/3102
f 2432/3145/3103 2486/3144/3103 2651/3376/3103
f 2651/3376/3097 2486/3144/3097 2488/3147/3097
f 2432/3145/3103 2651/3376/3103 2434/3377/3103
f 2424/3363/3104 2641/3361/3104 2476/3131/3104
f 2424/3363/3104 2476/3131/3104 2426/3133/3104
f 2649/3374/3095 2652/3379/3095 2650/3375/3095
f 2650/3375/3105 2652/3379/3105 2416/3061/3105
f 2650/3375/3096 2416/3061/3096 2414/3059/3096
f 2416/3061/3105 2652/3379/3105 2418/3063/3105
f 2513/3182/2896 2437/3084/2896 2439/3090/2896
f 2425/3072/3032 2614/3320/3032 2423/3070/3032
f 2423/3070/3106 2614/3320/3106 2653/3381/3106
f 2423/3070/3107 2653/3381/3107 2421/3067/3107
f 2421/3066/3108 2653/3382/3108 2654/3383/3108
f 2421/3066/3108 2654/3383/3108 2419/3064/3108
f 2419/3064/3109 2654/3383/3109 2655/3384/3109
f 2419/3064/3109 2655/3384/3109 2417/3062/3109
f 2417/3062/3110 2655/3384/3110 2656/3385/3110
f 2417/3062/3110 2656/3385/3110 2415/3060/3110
f 2415/3060/3111 2656/3385/3111 2619/3329/3111
f 2415/3060/3111 2619/3329/3111 2413/3058/3111
f 2583/3277/2990 2519/3188/2990 2518/3187/2990
f 2614/3320/3031 2613/3319/3031 2653/3381/3031
f 2653/3382/3112 2613/3386/3112 2657/3387/3112
f 2653/3382/3112 2657/3387/3112 2654/3383/3112
f 2654/3383/3113 2657/3387/3113 2658/3388/3113
f 2654/3383/3113 2658/3388/3113 2655/3384/3113
f 2655/3384/3114 2658/3388/3114 2659/3389/3114
f 2655/3384/3114 2659/3389/3114 2656/3385/3114
f 2656/3385/3115 2659/3389/3115 2618/3327/3115
f 2656/3385/3115 2618/3327/3115 2619/3329/3115
f 2520/3189/3116 2522/3191/3116 2518/3187/3116
f 2518/3187/3116 2522/3191/3116 2583/3277/3116
f 2522/3191/2988 2524/3193/2988 2583/3277/2988
f 2613/3319/3117 2612/3318/3117 2657/3390/3117
f 2657/3387/3118 2612/3317/3118 2660/3391/3118
f 2657/3387/3118 2660/3391/3118 2658/3388/3118
f 2658/3388/3119 2660/3391/3119 2661/3392/3119
f 2658/3388/3119 2661/3392/3119 2659/3389/3119
f 2659/3389/3120 2661/3392/3120 2617/3325/3120
f 2659/3389/3120 2617/3325/3120 2618/3327/3120
f 2612/3317/3029 2611/3314/3029 2660/3391/3029
f 2660/3391/3121 2611/3314/3121 2662/3393/3121
f 2660/3391/3121 2662/3393/3121 2661/3392/3121
f 2661/3392/3122 2662/3393/3122 2616/3323/3122
f 2661/3392/3122 2616/3323/3122 2617/3325/3122
f 2528/3197/2985 2530/3199/2985 2526/3195/2985
f 2615/3321/3123 2616/3323/3123 2662/3393/3123
f 2615/3321/3123 2662/3393/3123 2610/3313/3123
f 2610/3313/3028 2662/3393/3028 2611/3314/3028
f 2532/3201/2983 2534/3203/2983 2530/3199/2983
f 2609/3312/3027 2615/3321/3027 2610/3313/3027
f 2538/3207/2980 2540/3209/2980 2536/3205/2980
f 2566/3255/2930 2545/3214/2930 2543/3212/2930
f 2663/3394/3124 1837/2311/3124 2664/3395/3124
f 2664/3395/3124 1837/2311/3124 1785/2310/3124
f 2664/3395/3124 1785/2310/3124 1787/2255/3124
f 2663/3394/3124 2665/3396/3124 1837/2311/3124
f 1837/2311/3124 2665/3396/3124 2666/3397/3124
f 1837/2311/3124 2666/3397/3124 2667/3398/3124
f 2667/3398/3124 2668/3399/3124 1837/2311/3124
f 1837/2311/3124 2668/3399/3124 1838/2314/3124
f 1838/2314/3124 2668/3399/3124 2669/3400/3124
f 1838/2314/3124 2669/3400/3124 2670/3401/3124
f 2670/3401/3124 2671/3402/3124 1838/2314/3124
f 1838/2314/3124 2671/3402/3124 2672/3403/3124
f 1838/2314/3124 2672/3403/3124 1839/2317/3124
f 1839/2317/3124 2672/3403/3124 2673/3404/3124
f 1839/2317/3124 2673/3404/3124 2674/3405/3124
f 2674/3405/3124 2675/3406/3124 1839/2317/3124
f 1839/2317/3124 2675/3406/3124 1840/2319/3124
f 1840/2319/3124 2675/3406/3124 2676/3407/3124
f 1840/2319/3124 2676/3407/3124 2677/3408/3124
f 2677/3408/3124 2678/3409/3124 1840/2319/3124
f 1840/2319/3124 2678/3409/3124 1841/2320/3124
f 1841/2320/3124 2678/3409/3124 2679/3410/3124
f 1841/2320/3124 2679/3410/3124 2680/3411/3124
f 1841/2320/3124 2680/3411/3124 1844/2324/3124
f 1844/2324/3124 2680/3411/3124 2681/3412/3124
f 1844/2324/3124 2681/3412/3124 2682/3413/3124
f 1844/2324/3124 2682/3413/3124 1845/2325/3124
f 1845/2325/3124 2682/3413/3124 2683/3414/3124
f 1845/2325/3124 2683/3414/3124 2684/3415/3124
f 1845/2325/3124 2684/3415/3124 1846/2326/3124
f 1846/2326/3124 2684/3415/3124 2685/3416/3124
f 1846/2326/3124 2685/3416/3124 2686/3417/3124
f 1846/2326/3124 2686/3417/3124 1849/2329/3124
f 1849/2329/3124 2686/3417/3124 2687/3418/3124
f 1849/2329/3124 2687/3418/3124 2688/3419/3124
f 1849/2329/3124 2688/3419/3124 1852/2333/3124
f 1852/2333/3124 2688/3419/3124 2689/3420/3124
f 1852/2333/3124 2689/3420/3124 2690/3421/3124
f 1852/2333/3124 2690/3421/3124 1856/2338/3124
f 1856/2338/3124 2690/3421/3124 2691/3422/3124
f 1856/2338/3124 2691/3422/3124 2692/3423/3124
f 1856/2338/3124 2692/3423/3124 1858/2340/3124
f 1858/2340/3124 2692/3423/3124 2693/3424/3124
f 1858/2340/3124 2693/3424/3124 2694/3425/3124
f 2694/3425/3124 2695/3426/3124 1858/2340/3124
f 1858/2340/3124 2695/3426/3124 1901/2394/3124
f 1901/2394/3124 2695/3426/3124 2696/3427/3124
f 1901/2394/3124 2696/3427/3124 2697/3428/3124
f 2697/3428/3124 2698/3429/3124 1901/2394/3124
f 1901/2394/3124 2698/3429/3124 2699/3430/3124
f 1901/2394/3124 2699/3430/3124 1862/2344/3124
f 1862/2344/3124 2699/3430/3124 2700/3431/3124
f 1862/2344/3124 2700/3431/3124 2701/3432/3124
f 1862/2344/3124 2701/3432/3124 891/1129/3124
f 891/1129/3124 2701/3432/3124 2702/3433/3124
f 891/1129/3124 2702/3433/3124 2703/3434/3124
f 891/1129/3124 2703/3434/3124 896/1134/3124
f 896/1134/3124 2703/3434/3124 2704/3435/3124
f 896/1134/3124 2704/3435/3124 2705/3436/3124
f 2705/3436/3124 2706/3437/3124 896/1134/3124
f 896/1134/3124 2706/3437/3124 2707/3438/3124
f 896/1134/3124 2707/3438/3124 897/1135/3124
f 897/1135/3124 2707/3438/3124 2708/3439/3124
f 897/1135/3124 2708/3439/3124 2709/3440/3124
f 2709/3440/3124 2710/3441/3124 897/1135/3124
f 897/1135/3124 2710/3441/3124 899/1137/3124
f 899/1137/3124 2710/3441/3124 2711/3442/3124
f 899/1137/3124 2711/3442/3124 2712/3443/3124
f 899/1137/3124 2712/3443/3124 901/1139/3124
f 901/1139/3124 2712/3443/3124 2713/3444/3124
f 901/1139/3124 2713/3444/3124 2714/3445/3124
f 901/1139/3124 2714/3445/3124 902/1140/3124
f 902/1140/3124 2714/3445/3124 2715/3446/3124
f 902/1140/3124 2715/3446/3124 2716/3447/3124
f 902/1140/3124 2716/3447/3124 903/1141/3124
f 903/1141/3124 2716/3447/3124 2717/3448/3124
f 903/1141/3124 2717/3448/3124 2718/3449/3124
f 903/1141/3124 2718/3449/3124 730/913/3124
f 730/913/3124 2718/3449/3124 2719/3450/3124
f 730/913/3124 2719/3450/3124 2720/3451/3124
f 730/913/3124 2720/3451/3124 728/911/3124
f 728/911/3124 2720/3451/3124 2721/3452/3124
f 728/911/3124 2721/3452/3124 2722/3453/3124
f 728/911/3124 2722/3453/3124 727/910/3124
f 727/910/3124 2722/3453/3124 2723/3454/3124
f 727/910/3124 2723/3454/3124 2724/3455/3124
f 727/910/3124 2724/3455/3124 904/1142/3124
f 904/1142/3124 2724/3455/3124 2725/3456/3124
f 904/1142/3124 2725/3456/3124 2726/3457/3124
f 2726/3457/3124 2725/3456/3124 2727/3458/3124
f 2727/3458/3124 2725/3456/3124 2728/3459/3124
f 2728/3459/3124 2725/3456/3124 2729/3460/3124
f 2729/3460/3124 2725/3456/3124 2730/3461/3124
f 2729/3460/3124 2730/3461/3124 2731/3462/3124
f 2731/3462/3124 2730/3461/3124 2732/3463/3124
f 2731/3462/3124 2732/3463/3124 2733/3464/3124
f 2733/3464/3124 2732/3463/3124 2734/3465/3124
f 2733/3464/3124 2734/3465/3124 2735/3466/3124
f 2735/3466/3124 2734/3465/3124 2736/3467/3124
f 2735/3466/3124 2736/3467/3124 2737/3468/3124
f 2737/3468/3124 2736/3467/3124 2738/3469/3124
f 2737/3468/3124 2738/3469/3124 2739/3470/3124
f 2739/3470/3124 2738/3469/3124 2740/3471/3124
f 2739/3470/3124 2740/3471/3124 2741/3472/3124
f 2741/3472/3124 2740/3471/3124 2742/3473/3124
f 2741/3472/3124 2742/3473/3124 2743/3474/3124
f 2743/3474/3124 2742/3473/3124 2744/3475/3124
f 2743/3474/3124 2744/3475/3124 2745/3476/3124
f 2745/3476/3124 2744/3475/3124 2746/3477/3124
f 2745/3476/3124 2746/3477/3124 2747/3478/3124
f 2747/3478/3124 2746/3477/3124 2748/3479/3124
f 2747/3478/3124 2748/3479/3124 2749/3480/3124
f 2749/3480/3124 2748/3479/3124 2750/3481/3124
f 2749/3480/3124 2750/3481/3124 2751/3482/3124
f 2751/3482/3124 2750/3481/3124 2120/2685/3124
f 2751/3482/3124 2120/2685/3124 2118/2683/3124
f 2120/2685/3124 2750/3481/3124 2129/2696/3124
f 2129/2696/3124 2750/3481/3124 2752/3483/3124
f 2129/2696/3124 2752/3483/3124 2130/2697/3124
f 2130/2697/3124 2752/3483/3124 2134/2702/3124
f 2134/2702/3124 2752/3483/3124 2138/2707/3124
f 2138/2707/3124 2752/3483/3124 2753/3484/3124
f 2138/2707/3124 2753/3484/3124 2140/2709/3124
f 2140/2709/3124 2753/3484/3124 2141/2710/3124
f 2141/2710/3124 2753/3484/3124 2143/2712/3124
f 2143/2712/3124 2753/3484/3124 2146/2716/3124
f 2146/2716/3124 2753/3484/3124 2664/3395/3124
f 2146/2716/3124 2664/3395/3124 2148/2718/3124
f 2148/2718/3124 2664/3395/3124 2149/2719/3124
f 2149/2719/3124 2664/3395/3124 2150/2721/3124
f 2150/2721/3124 2664/3395/3124 2151/2723/3124
f 2151/2723/3124 2664/3395/3124 2152/2725/3124
f 2152/2725/3124 2664/3395/3124 2153/2727/3124
f 2153/2727/3124 2664/3395/3124 2154/2734/3124
f 2154/2734/3124 2664/3395/3124 2157/2735/3124
f 2157/2735/3124 2664/3395/3124 2158/2736/3124
f 2158/2736/3124 2664/3395/3124 2160/3485/3124
f 2160/3485/3124 2664/3395/3124 2162/3486/3124
f 2162/3486/3124 2664/3395/3124 2164/3487/3124
f 2164/3487/3124 2664/3395/3124 1798/3488/3124
f 1798/3488/3124 2664/3395/3124 1797/3489/3124
f 1797/3489/3124 2664/3395/3124 1795/3490/3124
f 1795/3490/3124 2664/3395/3124 1793/3491/3124
f 1793/3491/3124 2664/3395/3124 1791/3492/3124
f 1791/3492/3124 2664/3395/3124 1789/2257/3124
f 1789/2257/3124 2664/3395/3124 1787/2255/3124
f 2754/3493/3124 1128/1425/3124 2755/3494/3124
f 2755/3494/3124 1128/1425/3124 1094/1377/3124
f 2755/3494/3124 1094/1377/3124 1092/1375/3124
f 1128/1425/3124 2754/3493/3124 1129/1426/3124
f 1129/1426/3124 2754/3493/3124 2756/3495/3124
f 1129/1426/3124 2756/3495/3124 1130/1427/3124
f 1130/1427/3124 2756/3495/3124 2757/3496/3124
f 1130/1427/3124 2757/3496/3124 1132/1429/3124
f 1132/1429/3124 2757/3496/3124 2758/3497/3124
f 1132/1429/3124 2758/3497/3124 1134/1432/3124
f 1134/1432/3124 2758/3497/3124 2759/3498/3124
f 1134/1432/3124 2759/3498/3124 1136/1434/3124
f 1136/1434/3124 2759/3498/3124 2760/3499/3124
f 1136/1434/3124 2760/3499/3124 1137/1436/3124
f 1137/1436/3124 2760/3499/3124 2761/3500/3124
f 1137/1436/3124 2761/3500/3124 1138/1438/3124
f 1138/1438/3124 2761/3500/3124 2762/3501/3124
f 1138/1438/3124 2762/3501/3124 1112/1401/3124
f 1112/1401/3124 2762/3501/3124 2763/3502/3124
f 1112/1401/3124 2763/3502/3124 1114/1408/3124
f 1114/1408/3124 2763/3502/3124 2764/3503/3124
f 1114/1408/3124 2764/3503/3124 1116/1409/3124
f 1116/1409/3124 2764/3503/3124 2765/3504/3124
f 1116/1409/3124 2765/3504/3124 1118/1416/3124
f 1118/1416/3124 2765/3504/3124 2766/3505/3124
f 1118/1416/3124 2766/3505/3124 1120/1417/3124
f 1120/1417/3124 2766/3505/3124 1122/1419/3124
f 1122/1419/3124 2766/3505/3124 2767/3506/3124
f 1122/1419/3124 2767/3506/3124 1124/1421/3124
f 1124/1421/3124 2767/3506/3124 2768/3507/3124
f 1124/1421/3124 2768/3507/3124 1125/1422/3124
f 1125/1422/3124 2768/3507/3124 2003/2542/3124
f 2003/2542/3124 2768/3507/3124 2769/3508/3124
f 2003/2542/3124 2769/3508/3124 2005/2544/3124
f 2005/2544/3124 2769/3508/3124 2007/2546/3124
f 2007/2546/3124 2769/3508/3124 2770/3509/3124
f 2007/2546/3124 2770/3509/3124 2009/2548/3124
f 2009/2548/3124 2770/3509/3124 2011/2554/3124
f 2011/2554/3124 2770/3509/3124 2771/3510/3124
f 2011/2554/3124 2771/3510/3124 2013/2556/3124
f 2013/2556/3124 2771/3510/3124 2015/2562/3124
f 2015/2562/3124 2771/3510/3124 2772/3511/3124
f 2015/2562/3124 2772/3511/3124 2037/2588/3124
f 2037/2588/3124 2772/3511/3124 2038/2590/3124
f 2038/2590/3124 2772/3511/3124 2039/2592/3124
f 2039/2592/3124 2772/3511/3124 2773/3512/3124
f 2039/2592/3124 2773/3512/3124 2041/2595/3124
f 2041/2595/3124 2773/3512/3124 2029/2580/3124
f 2029/2580/3124 2773/3512/3124 2031/2582/3124
f 2031/2582/3124 2773/3512/3124 2774/3513/3124
f 2031/2582/3124 2774/3513/3124 2033/2584/3124
f 2033/2584/3124 2774/3513/3124 2035/2586/3124
f 2035/2586/3124 2774/3513/3124 2036/2587/3124
f 2036/2587/3124 2774/3513/3124 2042/2596/3124
f 2042/2596/3124 2774/3513/3124 2775/3514/3124
f 2042/2596/3124 2775/3514/3124 2053/2609/3124
f 2053/2609/3124 2775/3514/3124 2061/2618/3124
f 2061/2618/3124 2775/3514/3124 2116/2681/3124
f 2116/2681/3124 2775/3514/3124 2751/3482/3124
f 2116/2681/3124 2751/3482/3124 2118/2683/3124
f 2726/3457/3124 2776/3515/3124 904/1142/3124
f 904/1142/3124 2776/3515/3124 2777/3516/3124
f 904/1142/3124 2777/3516/3124 919/1164/3124
f 919/1164/3124 2777/3516/3124 921/1167/3124
f 921/1167/3124 2777/3516/3124 923/1170/3124
f 923/1170/3124 2777/3516/3124 917/1162/3124
f 917/1162/3124 2777/3516/3124 918/1163/3124
f 918/1163/3124 2777/3516/3124 926/1176/3124
f 926/1176/3124 2777/3516/3124 928/1178/3124
f 928/1178/3124 2777/3516/3124 930/1180/3124
f 930/1180/3124 2777/3516/3124 932/1182/3124
f 932/1182/3124 2777/3516/3124 934/1184/3124
f 934/1184/3124 2777/3516/3124 936/1186/3124
f 936/1186/3124 2777/3516/3124 992/1260/3124
f 992/1260/3124 2777/3516/3124 994/1262/3124
f 994/1262/3124 2777/3516/3124 996/1264/3124
f 996/1264/3124 2777/3516/3124 998/1266/3124
f 998/1266/3124 2777/3516/3124 1000/1268/3124
f 1000/1268/3124 2777/3516/3124 1003/1271/3124
f 1003/1271/3124 2777/3516/3124 1004/1272/3124
f 1004/1272/3124 2777/3516/3124 2778/3517/3124
f 1004/1272/3124 2778/3517/3124 2779/3518/3124
f 2779/3518/3124 2780/3519/3124 1004/1272/3124
f 1004/1272/3124 2780/3519/3124 2781/3520/3124
f 1004/1272/3124 2781/3520/3124 2782/3521/3124
f 2782/3521/3124 2783/3522/3124 1004/1272/3124
f 1004/1272/3124 2783/3522/3124 2784/3523/3124
f 1004/1272/3124 2784/3523/3124 2785/3524/3124
f 2785/3524/3124 2786/3525/3124 1004/1272/3124
f 1004/1272/3124 2786/3525/3124 2787/3526/3124
f 1004/1272/3124 2787/3526/3124 2788/3527/3124
f 1004/1272/3124 2788/3527/3124 1005/1273/3124
f 1005/1273/3124 2788/3527/3124 2789/3528/3124
f 1005/1273/3124 2789/3528/3124 1051/1330/3124
f 1051/1330/3124 2789/3528/3124 2790/3529/3124
f 1051/1330/3124 2790/3529/3124 1053/1332/3124
f 1053/1332/3124 2790/3529/3124 2791/3530/3124
f 1053/1332/3124 2791/3530/3124 1055/1334/3124
f 1055/1334/3124 2791/3530/3124 2792/3531/3124
f 1055/1334/3124 2792/3531/3124 1056/1335/3124
f 1056/1335/3124 2792/3531/3124 2793/3532/3124
f 1056/1335/3124 2793/3532/3124 1057/1336/3124
f 1057/1336/3124 2793/3532/3124 2794/3533/3124
f 1057/1336/3124 2794/3533/3124 1061/1342/3124
f 1061/1342/3124 2794/3533/3124 2795/3534/3124
f 1061/1342/3124 2795/3534/3124 1065/1346/3124
f 1065/1346/3124 2795/3534/3124 2796/3535/3124
f 1065/1346/3124 2796/3535/3124 2797/3536/3124
f 1065/1346/3124 2797/3536/3124 1066/1347/3124
f 1066/1347/3124 2797/3536/3124 2798/3537/3124
f 1066/1347/3124 2798/3537/3124 1067/1348/3124
f 1067/1348/3124 2798/3537/3124 2799/3538/3124
f 1067/1348/3124 2799/3538/3124 1076/1359/3124
f 1076/1359/3124 2799/3538/3124 2800/3539/3124
f 1076/1359/3124 2800/3539/3124 2801/3540/3124
f 1076/1359/3124 2801/3540/3124 1078/1361/3124
f 1078/1361/3124 2801/3540/3124 2802/3541/3124
f 1078/1361/3124 2802/3541/3124 1126/1423/3124
f 1126/1423/3124 2802/3541/3124 2803/3542/3124
f 1126/1423/3124 2803/3542/3124 2804/3543/3124
f 1126/1423/3124 2804/3543/3124 1082/1365/3124
f 1082/1365/3124 2804/3543/3124 2805/3544/3124
f 1082/1365/3124 2805/3544/3124 2806/3545/3124
f 2806/3545/3124 2807/3546/3124 1082/1365/3124
f 1082/1365/3124 2807/3546/3124 2808/3547/3124
f 1082/1365/3124 2808/3547/3124 2809/3548/3124
f 2809/3548/3124 2810/3549/3124 1082/1365/3124
f 1082/1365/3124 2810/3549/3124 2811/3550/3124
f 1082/1365/3124 2811/3550/3124 2812/3551/3124
f 2812/3551/3124 2813/3552/3124 1082/1365/3124
f 1082/1365/3124 2813/3552/3124 2814/3553/3124
f 1082/1365/3124 2814/3553/3124 2755/3494/3124
f 1862/2344/3124 891/1129/3124 1864/2346/3124
f 1864/2346/3124 891/1129/3124 889/1127/3124
f 1864/2346/3124 889/1127/3124 1866/2348/3124
f 1866/2348/3124 889/1127/3124 885/1123/3124
f 1866/2348/3124 885/1123/3124 1868/2350/3124
f 1868/2350/3124 885/1123/3124 884/1122/3124
f 1868/2350/3124 884/1122/3124 1902/2395/3124
f 1902/2395/3124 884/1122/3124 883/1121/3124
f 1902/2395/3124 883/1121/3124 1872/2354/3124
f 1872/2354/3124 883/1121/3124 881/1119/3124
f 1872/2354/3124 881/1119/3124 1874/2356/3124
f 1874/2356/3124 881/1119/3124 868/1105/3124
f 1874/2356/3124 868/1105/3124 1903/2396/3124
f 1903/2396/3124 868/1105/3124 867/1104/3124
f 1903/2396/3124 867/1104/3124 1904/2397/3124
f 1904/2397/3124 867/1104/3124 833/1047/3124
f 1904/2397/3124 833/1047/3124 1905/2398/3124
f 1905/2398/3124 833/1047/3124 834/1048/3124
f 1905/2398/3124 834/1048/3124 1907/2400/3124
f 1907/2400/3124 834/1048/3124 836/1050/3124
f 1907/2400/3124 836/1050/3124 1909/2403/3124
f 1909/2403/3124 836/1050/3124 866/1103/3124
f 1909/2403/3124 866/1103/3124 1911/2405/3124
f 1911/2405/3124 866/1103/3124 864/1100/3124
f 1911/2405/3124 864/1100/3124 1912/2407/3124
f 1912/2407/3124 864/1100/3124 863/1098/3124
f 1912/2407/3124 863/1098/3124 1913/2409/3124
f 1913/2409/3124 863/1098/3124 862/1095/3124
f 1913/2409/3124 862/1095/3124 1890/2411/3124
f 1890/2411/3124 862/1095/3124 847/1094/3124
f 1890/2411/3124 847/1094/3124 1892/2383/3124
f 1892/2383/3124 847/1094/3124 849/1070/3124
f 1892/2383/3124 849/1070/3124 1894/2384/3124
f 1894/2384/3124 849/1070/3124 850/1072/3124
f 1894/2384/3124 850/1072/3124 1896/2386/3124
f 1896/2386/3124 850/1072/3124 851/3554/3124
f 1896/2386/3124 851/3554/3124 1897/3555/3124
f 1897/3555/3124 851/3554/3124 852/3556/3124
f 1897/3555/3124 852/3556/3124 1899/3557/3124
f 1899/3557/3124 852/3556/3124 853/3558/3124
f 1899/3557/3125 853/3558/3125 1900/3559/3125
f 1900/3559/3125 853/3558/3125 854/3560/3125
f 1900/3559/3126 854/3560/3126 855/3561/3126
f 1092/1375/3124 1127/1424/3124 2755/3494/3124
f 2755/3494/3124 1127/1424/3124 1088/1371/3124
f 2755/3494/3124 1088/1371/3124 1086/1369/3124
f 1086/1369/3124 1084/1367/3124 2755/3494/3124
f 2755/3494/3124 1084/1367/3124 1082/1365/3124
f 2815/3562/3127 2816/3563/3127 2817/3564/3127
f 2817/3564/3127 2816/3563/3127 2818/3565/3127
f 2817/3564/3127 2818/3565/3127 2819/3566/3127
f 2819/3566/3127 2818/3565/3127 2820/3567/3127
f 2819/3566/3127 2820/3567/3127 2821/3568/3127
f 2821/3568/3127 2820/3567/3127 2822/3569/3127
f 2821/3568/3127 2822/3569/3127 2823/3570/3127
f 2823/3570/3127 2822/3569/3127 2824/3571/3127
f 2823/3570/3127 2824/3571/3127 2825/3572/3127
f 2825/3572/3127 2824/3571/3127 2826/3573/3127
f 2825/3572/3127 2826/3573/3127 2827/3574/3127
f 2827/3574/3127 2826/3573/3127 2828/3575/3127
f 2827/3574/3127 2828/3575/3127 2829/3576/3127
f 2829/3576/3127 2828/3575/3127 2830/3577/3127
f 2829/3576/3127 2830/3577/3127 2831/3578/3127
f 2831/3578/3127 2830/3577/3127 2832/3579/3127
f 2831/3578/3127 2832/3579/3127 2833/3580/3127
f 2833/3580/3127 2832/3579/3127 2834/3581/3127
f 2833/3580/3127 2834/3581/3127 2835/3582/3127
f 2835/3582/3127 2834/3581/3127 2836/3583/3127
f 2835/3582/3127 2836/3583/3127 2837/3584/3127
f 2837/3584/3127 2836/3583/3127 2838/3585/3127
f 2837/3584/3127 2838/3585/3127 2839/3586/3127
f 2839/3586/3127 2838/3585/3127 2840/3587/3127
f 2839/3586/3127 2840/3587/3127 2841/3588/3127
f 2841/3588/3127 2840/3587/3127 2842/3589/3127
f 2841/3588/3127 2842/3589/3127 2843/3590/3127
f 2843/3590/3127 2842/3589/3127 2844/3591/3127
f 2843/3590/3127 2844/3591/3127 2845/3592/3127
f 2845/3592/3127 2844/3591/3127 2846/3593/3127
f 2845/3592/3127 2846/3593/3127 2847/3594/3127
f 2847/3594/3127 2846/3593/3127 2848/3595/3127
f 2847/3594/3127 2848/3595/3127 2849/3596/3127
f 2849/3596/3127 2848/3595/3127 2850/3597/3127
f 2849/3596/3127 2850/3597/3127 2851/3598/3127
f 2851/3598/3127 2850/3597/3127 2852/3599/3127
f 2851/3598/3127 2852/3599/3127 2853/3600/3127
f 2853/3600/3127 2852/3599/3127 2854/3601/3127
f 2853/3600/3127 2854/3601/3127 2855/3602/3127
f 2855/3602/3127 2854/3601/3127 2856/3603/3127
f 2855/3602/3127 2856/3603/3127 2857/3604/3127
f 2857/3604/3127 2856/3603/3127 2858/3605/3127
f 2857/3604/3127 2858/3605/3127 2859/3606/3127
f 2859/3606/3127 2858/3605/3127 2860/3607/3127
f 2859/3606/3127 2860/3607/3127 2861/3608/3127
f 2861/3608/3127 2860/3607/3127 2862/3609/3127
f 2861/3608/3127 2862/3609/3127 2863/3610/3127
f 2863/3610/3127 2862/3609/3127 2864/3611/3127
f 2863/3610/3127 2864/3611/3127 2865/3612/3127
f 2865/3612/3127 2864/3611/3127 2866/3613/3127
f 2865/3612/3127 2866/3613/3127 135/3614/3127
f 135/3614/3127 2866/3613/3127 1248/3615/3127
f 1248/3615/3127 2866/3613/3127 2867/3616/3127
f 1248/3615/3127 2867/3616/3127 1246/1568/3127
f 1246/1568/3127 2867/3616/3127 2868/3617/3127
f 1246/1568/3127 2868/3617/3127 1244/1566/3127
f 1244/1566/3127 2868/3617/3127 1242/3618/3127
f 1242/3618/3127 2868/3617/3127 2869/3619/3127
f 1242/3618/3127 2869/3619/3127 1240/1558/3127
f 1240/1558/3127 2869/3619/3127 2870/3620/3127
f 1240/1558/3127 2870/3620/3127 1238/1556/3127
f 1238/1556/3127 2870/3620/3127 2871/3621/3127
f 1238/1556/3127 2871/3621/3127 1236/1585/3127
f 1236/1585/3127 2871/3621/3127 2872/3622/3127
f 1236/1585/3127 2872/3622/3127 1258/1586/3127
f 1258/1586/3127 2872/3622/3127 2873/3623/3127
f 1258/1586/3127 2873/3623/3127 1259/1589/3127
f 1259/1589/3127 2873/3623/3127 2874/3624/3127
f 1259/1589/3127 2874/3624/3127 1260/1591/3127
f 1260/1591/3127 2874/3624/3127 2875/3625/3127
f 1260/1591/3127 2875/3625/3127 1262/1594/3127
f 1262/1594/3127 2875/3625/3127 2876/3626/3127
f 1262/1594/3127 2876/3626/3127 1222/1536/3127
f 1222/1536/3127 2876/3626/3127 2877/3627/3127
f 1222/1536/3127 2877/3627/3127 1220/1534/3127
f 1220/1534/3127 2877/3627/3127 2878/3628/3127
f 1220/1534/3127 2878/3628/3127 1219/1533/3127
f 1219/1533/3127 2878/3628/3127 2879/3629/3127
f 1219/1533/3127 2879/3629/3127 1263/1595/3127
f 1263/1595/3127 2879/3629/3127 2880/3630/3127
f 1263/1595/3127 2880/3630/3127 2881/3631/3127
f 2816/3563/3127 2815/3562/3127 2882/3632/3127
f 2882/3632/3127 2815/3562/3127 2883/3633/3127
f 2882/3632/3127 2883/3633/3127 2884/3634/3127
f 2884/3634/3127 2883/3633/3127 2885/3635/3127
f 2884/3634/3127 2885/3635/3127 2886/3636/3127
f 2886/3636/3127 2885/3635/3127 2887/3637/3127
f 2886/3636/3127 2887/3637/3127 2888/3638/3127
f 2888/3638/3127 2887/3637/3127 2889/3639/3127
f 2888/3638/3127 2889/3639/3127 936/3640/3127
f 936/3640/3127 2889/3639/3127 935/3641/3127
f 935/3641/3127 2889/3639/3127 2890/3642/3127
f 935/3641/3127 2890/3642/3127 933/3643/3127
f 933/3643/3127 2890/3642/3127 2891/3644/3127
f 933/3643/3127 2891/3644/3127 931/3645/3127
f 931/3645/3127 2891/3644/3127 929/3646/3127
f 929/3646/3127 2891/3644/3127 2892/3647/3127
f 929/3646/3127 2892/3647/3127 927/3648/3127
f 927/3648/3127 2892/3647/3127 2893/3649/3127
f 927/3648/3127 2893/3649/3127 925/3650/3127
f 925/3650/3127 2893/3649/3127 2894/3651/3127
f 925/3650/3127 2894/3651/3127 916/1159/3127
f 916/1159/3127 2894/3651/3127 2895/3652/3127
f 916/1159/3127 2895/3652/3127 914/1154/3127
f 914/1154/3127 2895/3652/3127 2896/3653/3127
f 914/1154/3127 2896/3653/3127 912/1152/3127
f 912/1152/3127 2896/3653/3127 2897/3654/3127
f 912/1152/3127 2897/3654/3127 910/1150/3127
f 910/1150/3127 2897/3654/3127 2898/3655/3127
f 910/1150/3127 2898/3655/3127 909/1149/3127
f 909/1149/3127 2898/3655/3127 2899/3656/3127
f 909/1149/3127 2899/3656/3127 908/1148/3127
f 908/1148/3127 2899/3656/3127 2900/3657/3127
f 908/1148/3127 2900/3657/3127 938/1188/3127
f 938/1188/3127 2900/3657/3127 2901/3658/3127
f 938/1188/3127 2901/3658/3127 940/1190/3127
f 940/1190/3127 2901/3658/3127 2902/3659/3127
f 940/1190/3127 2902/3659/3127 943/1193/3127
f 943/1193/3127 2902/3659/3127 2903/3660/3127
f 943/1193/3127 2903/3660/3127 2904/3661/3127
f 943/1193/3127 2904/3661/3127 942/1192/3127
f 942/1192/3127 2904/3661/3127 2905/3662/3127
f 942/1192/3127 2905/3662/3127 717/898/3127
f 717/898/3127 2905/3662/3127 2906/3663/3127
f 717/898/3127 2906/3663/3127 715/896/3127
f 715/896/3127 2906/3663/3127 2907/3664/3127
f 715/896/3127 2907/3664/3127 2908/3665/3127
f 715/896/3127 2908/3665/3127 713/894/3127
f 713/894/3127 2908/3665/3127 2909/3666/3127
f 713/894/3127 2909/3666/3127 944/1194/3127
f 944/1194/3127 2909/3666/3127 2910/3667/3127
f 944/1194/3127 2910/3667/3127 2911/3668/3127
f 944/1194/3127 2911/3668/3127 709/890/3127
f 709/890/3127 2911/3668/3127 2912/3669/3127
f 709/890/3127 2912/3669/3127 2913/3670/3127
f 709/890/3127 2913/3670/3127 707/888/3127
f 707/888/3127 2913/3670/3127 2914/3671/3127
f 707/888/3127 2914/3671/3127 705/886/3127
f 705/886/3127 2914/3671/3127 2915/3672/3127
f 705/886/3127 2915/3672/3127 2916/3673/3127
f 705/886/3127 2916/3673/3127 703/884/3127
f 703/884/3127 2916/3673/3127 2917/3674/3127
f 703/884/3127 2917/3674/3127 945/1195/3127
f 945/1195/3127 2917/3674/3127 2918/3675/3127
f 945/1195/3127 2918/3675/3127 2919/3676/3127
f 945/1195/3127 2919/3676/3127 699/880/3127
f 699/880/3127 2919/3676/3127 2920/3677/3127
f 699/880/3127 2920/3677/3127 697/878/3127
f 697/878/3127 2920/3677/3127 2921/3678/3127
f 697/878/3127 2921/3678/3127 946/1196/3127
f 946/1196/3127 2921/3678/3127 2922/3679/3127
f 946/1196/3127 2922/3679/3127 2923/3680/3127
f 946/1196/3127 2923/3680/3127 947/1197/3127
f 947/1197/3127 2923/3680/3127 2924/3681/3127
f 947/1197/3127 2924/3681/3127 948/1198/3127
f 948/1198/3127 2924/3681/3127 2925/3682/3127
f 948/1198/3127 2925/3682/3127 950/1200/3127
f 950/1200/3127 2925/3682/3127 2926/3683/3127
f 950/1200/3127 2926/3683/3127 952/1203/3127
f 952/1203/3127 2926/3683/3127 2927/3684/3127
f 952/1203/3127 2927/3684/3127 954/1205/3127
f 954/1205/3127 2927/3684/3127 2928/3685/3127
f 954/1205/3127 2928/3685/3127 955/1207/3127
f 955/1207/3127 2928/3685/3127 2929/3686/3127
f 955/1207/3127 2929/3686/3127 956/1209/3127
f 956/1209/3127 2929/3686/3127 2930/3687/3127
f 956/1209/3127 2930/3687/3127 682/1211/3127
f 682/1211/3127 2930/3687/3127 2931/3688/3127
f 682/1211/3127 2931/3688/3127 680/3689/3127
f 680/3689/3127 2931/3688/3127 2932/3690/3127
f 680/3689/3127 2932/3690/3127 678/3691/3127
f 678/3691/3127 2932/3690/3127 2933/3692/3127
f 678/3691/3127 2933/3692/3127 677/3693/3127
f 677/3693/3127 2933/3692/3127 2934/3694/3127
f 677/3693/3127 2934/3694/3127 675/3695/3127
f 675/3695/3127 2934/3694/3127 673/3696/3127
f 673/3696/3127 2934/3694/3127 2935/3697/3127
f 673/3696/3127 2935/3697/3127 672/3698/3127
f 672/3698/3127 2935/3697/3127 2936/3699/3127
f 672/3698/3127 2936/3699/3127 3803/1422/3127
f 3803/1422/3127 2936/3699/3127 2937/3700/3127
f 3803/1422/3127 2937/3700/3127 2349/3701/3127
f 2349/3701/3127 2937/3700/3127 2938/3702/3127
f 2349/3701/3127 2938/3702/3127 2350/3703/3127
f 2350/3703/3127 2938/3702/3127 2939/3704/3127
f 2350/3703/3127 2939/3704/3127 2351/3705/3127
f 2351/3705/3127 2939/3704/3127 2940/3706/3127
f 2351/3705/3127 2940/3706/3127 2941/3707/3127
f 2937/3700/3127 2936/3699/3127 2942/3708/3127
f 2942/3708/3127 2936/3699/3127 2943/3709/3127
f 2942/3708/3127 2943/3709/3127 2944/3710/3127
f 2944/3710/3127 2943/3709/3127 2945/3711/3127
f 2944/3710/3127 2945/3711/3127 2946/3712/3127
f 2946/3712/3127 2945/3711/3127 2947/3713/3127
f 2946/3712/3127 2947/3713/3127 2948/3714/3127
f 2948/3714/3127 2947/3713/3127 2949/3715/3127
f 2948/3714/3127 2949/3715/3127 2950/3716/3127
f 2950/3716/3127 2949/3715/3127 2951/3717/3127
f 2950/3716/3127 2951/3717/3127 2952/3718/3127
f 2952/3718/3127 2951/3717/3127 2953/3719/3127
f 2952/3718/3127 2953/3719/3127 2954/3720/3127
f 2954/3720/3127 2953/3719/3127 2955/3721/3127
f 2954/3720/3127 2955/3721/3127 2956/3722/3127
f 2956/3722/3127 2955/3721/3127 2957/3723/3127
f 2956/3722/3127 2957/3723/3127 2958/3724/3127
f 2958/3724/3127 2957/3723/3127 2959/3725/3127
f 2958/3724/3127 2959/3725/3127 2960/3726/3127
f 2960/3726/3127 2959/3725/3127 2961/3727/3127
f 2960/3726/3127 2961/3727/3127 2962/3728/3127
f 2962/3728/3127 2961/3727/3127 2963/3729/3127
f 2962/3728/3127 2963/3729/3127 2964/3730/3127
f 2964/3730/3127 2963/3729/3127 2965/3731/3127
f 2964/3730/3127 2965/3731/3127 2966/3732/3127
f 2966/3732/3127 2965/3731/3127 2967/3733/3127
f 2966/3732/3127 2967/3733/3127 2968/3734/3127
f 2968/3734/3127 2967/3733/3127 2969/3735/3127
f 2968/3734/3127 2969/3735/3127 2970/3736/3127
f 2970/3736/3127 2969/3735/3127 2971/3737/3127
f 2970/3736/3127 2971/3737/3127 2972/3738/3127
f 2969/3735/3127 2835/3582/3127 2971/3737/3127
f 2971/3737/3127 2835/3582/3127 2837/3584/3127
f 2973/3739/3127 2974/3740/3127 2975/3741/3127
f 2975/3741/3127 2974/3740/3127 2976/3742/3127
f 2975/3741/3127 2976/3742/3127 2977/3743/3127
f 2977/3743/3127 2976/3742/3127 2978/3744/3127
f 2977/3743/3127 2978/3744/3127 2979/3745/3127
f 2979/3745/3127 2978/3744/3127 2980/3746/3127
f 2979/3745/3127 2980/3746/3127 2981/3747/3127
f 2981/3747/3127 2980/3746/3127 2982/3748/3127
f 2981/3747/3127 2982/3748/3127 2983/3749/3127
f 2983/3749/3127 2982/3748/3127 2984/3750/3127
f 2983/3749/3127 2984/3750/3127 2985/3751/3127
f 2985/3751/3127 2984/3750/3127 2986/3752/3127
f 2985/3751/3127 2986/3752/3127 2987/3753/3127
f 2987/3753/3127 2986/3752/3127 2988/3754/3127
f 2987/3753/3127 2988/3754/3127 2989/3755/3127
f 2989/3755/3127 2988/3754/3127 2990/3756/3127
f 2989/3755/3127 2990/3756/3127 2972/3738/3127
f 2972/3738/3127 2990/3756/3127 2970/3736/3127
f 2941/3707/3127 2991/3757/3127 2351/3705/3127
f 2351/3705/3127 2991/3757/3127 2992/3758/3127
f 2351/3705/3127 2992/3758/3127 2993/3759/3127
f 2993/3759/3127 2994/3760/3127 2351/3705/3127
f 2351/3705/3127 2994/3760/3127 2995/3761/3127
f 2351/3705/3127 2995/3761/3127 2996/3762/3127
f 2997/3763/3127 2355/3764/3127 2996/3762/3127
f 2996/3762/3127 2355/3764/3127 2353/3765/3127
f 2996/3762/3127 2353/3765/3127 2351/3705/3127
f 2998/3766/3127 2371/3003/3127 2997/3763/3127
f 2997/3763/3127 2371/3003/3127 2369/3001/3127
f 2997/3763/3127 2369/3001/3127 2381/3018/3127
f 2371/3003/3127 2998/3766/3127 2373/3005/3127
f 2373/3005/3127 2998/3766/3127 2999/3767/3127
f 2373/3005/3127 2999/3767/3127 2375/3007/3127
f 2375/3007/3127 2999/3767/3127 3000/3768/3127
f 2375/3007/3127 3000/3768/3127 2376/3008/3127
f 2376/3008/3127 3000/3768/3127 2382/3019/3127
f 2382/3019/3127 3000/3768/3127 2393/3032/3127
f 2393/3032/3127 3000/3768/3127 2400/3041/3127
f 2400/3041/3127 3000/3768/3127 2465/3120/3127
f 2465/3120/3127 3000/3768/3127 2467/3122/3127
f 2467/3122/3127 3000/3768/3127 2469/3124/3127
f 2469/3124/3127 3000/3768/3127 3001/3769/3127
f 2469/3124/3127 3001/3769/3127 3002/3770/3127
f 3002/3770/3127 3003/3771/3127 2469/3124/3127
f 2469/3124/3127 3003/3771/3127 3004/3772/3127
f 2469/3124/3127 3004/3772/3127 3005/3773/3127
f 3005/3773/3127 3006/3774/3127 2469/3124/3127
f 2469/3124/3127 3006/3774/3127 3007/3775/3127
f 2469/3124/3127 3007/3775/3127 3008/3776/3127
f 3008/3776/3127 3009/3777/3127 2469/3124/3127
f 2469/3124/3127 3009/3777/3127 3010/3778/3127
f 2469/3124/3127 3010/3778/3127 3011/3779/3127
f 2469/3124/3127 3011/3779/3127 2478/3135/3127
f 2478/3135/3127 3011/3779/3127 3012/3780/3127
f 2478/3135/3127 3012/3780/3127 3013/3781/3127
f 2478/3135/3127 3013/3781/3127 2479/3136/3127
f 2479/3136/3127 3013/3781/3127 3014/3782/3127
f 2479/3136/3127 3014/3782/3127 2483/3141/3127
f 2483/3141/3127 3014/3782/3127 3015/3783/3127
f 2483/3141/3127 3015/3783/3127 3016/3784/3127
f 2483/3141/3127 3016/3784/3127 2487/3146/3127
f 2487/3146/3127 3016/3784/3127 3017/3785/3127
f 2487/3146/3127 3017/3785/3127 2489/3148/3127
f 2489/3148/3127 3017/3785/3127 3018/3786/3127
f 2489/3148/3127 3018/3786/3127 2490/3149/3127
f 2490/3149/3127 3018/3786/3127 3019/3787/3127
f 2490/3149/3127 3019/3787/3127 3020/3788/3127
f 2490/3149/3127 3020/3788/3127 2492/3151/3127
f 2492/3151/3127 3020/3788/3127 3021/3789/3127
f 2492/3151/3127 3021/3789/3127 2495/3155/3127
f 2495/3155/3127 3021/3789/3127 3022/3790/3127
f 2495/3155/3127 3022/3790/3127 2497/3157/3127
f 2497/3157/3127 3022/3790/3127 3023/3791/3127
f 2497/3157/3127 3023/3791/3127 2498/3158/3127
f 2498/3158/3127 3023/3791/3127 3024/3792/3127
f 2498/3158/3127 3024/3792/3127 2499/3159/3127
f 2499/3159/3127 3024/3792/3127 3025/3793/3127
f 2499/3159/3127 3025/3793/3127 2500/3160/3127
f 2500/3160/3127 3025/3793/3127 3026/3794/3127
f 2500/3160/3127 3026/3794/3127 2501/3161/3127
f 2501/3161/3127 3026/3794/3127 3027/3795/3127
f 2501/3161/3127 3027/3795/3127 2450/3165/3127
f 2450/3165/3127 3027/3795/3127 3028/3796/3127
f 2450/3165/3127 3028/3796/3127 2452/3797/3127
f 2452/3797/3127 3028/3796/3127 3029/3798/3127
f 2452/3797/3127 3029/3798/3127 2454/3799/3127
f 2454/3799/3127 3029/3798/3127 3030/3800/3127
f 2454/3799/3127 3030/3800/3127 2456/3801/3127
f 2456/3801/3127 3030/3800/3127 3031/3802/3127
f 2456/3801/3127 3031/3802/3127 2458/3803/3127
f 2458/3803/3127 3031/3802/3127 2460/3804/3127
f 2460/3804/3127 3031/3802/3127 3032/3805/3127
f 2460/3804/3127 3032/3805/3127 2462/3806/3127
f 2462/3806/3127 3032/3805/3127 3033/3807/3127
f 2462/3806/3127 3033/3807/3127 1/3808/3127
f 1/3808/3127 3033/3807/3127 3034/3809/3127
f 1/3808/3127 3034/3809/3127 2/3810/3127
f 2/3810/3127 3034/3809/3127 3035/3811/3127
f 2/3810/3127 3035/3811/3127 4/3812/3127
f 4/3812/3127 3035/3811/3127 3036/3813/3127
f 4/3812/3127 3036/3813/3127 6/3814/3127
f 6/3814/3127 3036/3813/3127 8/3815/3127
f 8/3815/3127 3036/3813/3127 3037/3816/3127
f 8/3815/3127 3037/3816/3127 10/3817/3127
f 10/3817/3127 3037/3816/3127 3038/3818/3127
f 10/3817/3127 3038/3818/3127 13/3819/3127
f 13/3819/3127 3038/3818/3127 3039/3820/3127
f 13/3819/3127 3039/3820/3127 14/17/3127
f 14/17/3127 3039/3820/3127 3040/3821/3127
f 14/17/3127 3040/3821/3127 15/15/3127
f 15/15/3127 3040/3821/3127 3041/3822/3127
f 15/15/3127 3041/3822/3127 61/70/3127
f 61/70/3127 3041/3822/3127 3042/3823/3127
f 61/70/3127 3042/3823/3127 63/72/3127
f 63/72/3127 3042/3823/3127 3043/3824/3127
f 63/72/3127 3043/3824/3127 65/74/3127
f 65/74/3127 3043/3824/3127 3044/3825/3127
f 65/74/3127 3044/3825/3127 66/75/3127
f 66/75/3127 3044/3825/3127 3045/3826/3127
f 66/75/3127 3045/3826/3127 67/76/3127
f 67/76/3127 3045/3826/3127 3046/3827/3127
f 67/76/3127 3046/3827/3127 71/82/3127
f 71/82/3127 3046/3827/3127 3047/3828/3127
f 71/82/3127 3047/3828/3127 75/86/3127
f 75/86/3127 3047/3828/3127 3048/3829/3127
f 75/86/3127 3048/3829/3127 3049/3830/3127
f 3034/3809/3127 3033/3807/3127 3050/3831/3127
f 3050/3831/3127 3033/3807/3127 3051/3832/3127
f 3050/3831/3127 3051/3832/3127 3052/3833/3127
f 3052/3833/3127 3051/3832/3127 3053/3834/3127
f 3052/3833/3127 3053/3834/3127 3054/3835/3127
f 3054/3835/3127 3053/3834/3127 3055/3836/3127
f 3054/3835/3127 3055/3836/3127 3056/3837/3127
f 3056/3837/3127 3055/3836/3127 2973/3739/3127
f 3056/3837/3127 2973/3739/3127 2975/3741/3127
f 1263/1595/3127 2881/3631/3127 1264/1596/3127
f 1264/1596/3127 2881/3631/3127 3057/3838/3127
f 1264/1596/3127 3057/3838/3127 1277/1610/3127
f 1277/1610/3127 3057/3838/3127 3058/3839/3127
f 1277/1610/3127 3058/3839/3127 1279/1612/3127
f 1279/1612/3127 3058/3839/3127 3059/3840/3127
f 1279/1612/3127 3059/3840/3127 3060/3841/3127
f 1279/1612/3127 3060/3841/3127 1280/1613/3127
f 1280/1613/3127 3060/3841/3127 3061/3842/3127
f 1280/1613/3127 3061/3842/3127 1281/1614/3127
f 1281/1614/3127 3061/3842/3127 3062/3843/3127
f 1281/1614/3127 3062/3843/3127 3063/3844/3127
f 1281/1614/3127 3063/3844/3127 1285/1618/3127
f 1285/1618/3127 3063/3844/3127 3064/3845/3127
f 1285/1618/3127 3064/3845/3127 3065/3846/3127
f 1285/1618/3127 3065/3846/3127 1287/1620/3127
f 1287/1620/3127 3065/3846/3127 3066/3847/3127
f 1287/1620/3127 3066/3847/3127 1292/1625/3127
f 1292/1625/3127 3066/3847/3127 3067/3848/3127
f 1292/1625/3127 3067/3848/3127 3068/3849/3127
f 1292/1625/3127 3068/3849/3127 1293/1626/3127
f 1293/1626/3127 3068/3849/3127 3069/3850/3127
f 1293/1626/3127 3069/3850/3127 1295/1628/3127
f 1295/1628/3127 3069/3850/3127 3070/3851/3127
f 1295/1628/3127 3070/3851/3127 3071/3852/3127
f 1295/1628/3127 3071/3852/3127 1297/1630/3127
f 1297/1630/3127 3071/3852/3127 3072/3853/3127
f 1297/1630/3127 3072/3853/3127 1298/1631/3127
f 1298/1631/3127 3072/3853/3127 3073/3854/3127
f 1298/1631/3127 3073/3854/3127 1299/1632/3127
f 1299/1632/3127 3073/3854/3127 3074/3855/3127
f 1299/1632/3127 3074/3855/3127 3075/3856/3127
f 1299/1632/3127 3075/3856/3127 1021/1296/3127
f 1021/1296/3127 3075/3856/3127 3076/3857/3127
f 1021/1296/3127 3076/3857/3127 1019/1294/3127
f 1019/1294/3127 3076/3857/3127 3077/3858/3127
f 1019/1294/3127 3077/3858/3127 1017/1292/3127
f 1017/1292/3127 3077/3858/3127 3078/3859/3127
f 1017/1292/3127 3078/3859/3127 1015/1290/3127
f 1015/1290/3127 3078/3859/3127 3079/3860/3127
f 1015/1290/3127 3079/3860/3127 1013/1288/3127
f 1013/1288/3127 3079/3860/3127 3080/3861/3127
f 1013/1288/3127 3080/3861/3127 1011/1286/3127
f 1011/1286/3127 3080/3861/3127 3081/3862/3127
f 1011/1286/3127 3081/3862/3127 1009/1281/3127
f 1009/1281/3127 3081/3862/3127 3082/3863/3127
f 1009/1281/3127 3082/3863/3127 1008/1280/3127
f 1008/1280/3127 3082/3863/3127 3083/3864/3127
f 1008/1280/3127 3083/3864/3127 1002/3865/3127
f 1002/3865/3127 3083/3864/3127 3084/3866/3127
f 1002/3865/3127 3084/3866/3127 1001/3867/3127
f 1001/3867/3127 3084/3866/3127 3085/3868/3127
f 1001/3867/3127 3085/3868/3127 999/3869/3127
f 999/3869/3127 3085/3868/3127 3086/3870/3127
f 999/3869/3127 3086/3870/3127 997/3871/3127
f 997/3871/3127 3086/3870/3127 995/3872/3127
f 995/3872/3127 3086/3870/3127 3087/3873/3127
f 995/3872/3127 3087/3873/3127 993/3874/3127
f 993/3874/3127 3087/3873/3127 2888/3638/3127
f 993/3874/3127 2888/3638/3127 936/3640/3127
f 3088/3875/3127 3089/3876/3127 138/163/3127
f 138/163/3127 3089/3876/3127 3090/3877/3127
f 138/163/3127 3090/3877/3127 139/164/3127
f 139/164/3127 3090/3877/3127 3091/3878/3127
f 139/164/3127 3091/3878/3127 140/165/3127
f 140/165/3127 3091/3878/3127 3092/3879/3127
f 140/165/3127 3092/3879/3127 142/167/3127
f 142/167/3127 3092/3879/3127 3093/3880/3127
f 142/167/3127 3093/3880/3127 144/170/3127
f 144/170/3127 3093/3880/3127 3094/3881/3127
f 144/170/3127 3094/3881/3127 146/172/3127
f 146/172/3127 3094/3881/3127 3095/3882/3127
f 146/172/3127 3095/3882/3127 147/174/3127
f 147/174/3127 3095/3882/3127 3096/3883/3127
f 147/174/3127 3096/3883/3127 148/176/3127
f 148/176/3127 3096/3883/3127 3097/3884/3127
f 148/176/3127 3097/3884/3127 122/178/3127
f 122/178/3127 3097/3884/3127 3098/3885/3127
f 122/178/3127 3098/3885/3127 124/144/3127
f 124/144/3127 3098/3885/3127 3099/3886/3127
f 124/144/3127 3099/3886/3127 126/145/3127
f 126/145/3127 3099/3886/3127 3100/3887/3127
f 126/145/3127 3100/3887/3127 128/3888/3127
f 128/3888/3127 3100/3887/3127 3101/3889/3127
f 128/3888/3127 3101/3889/3127 130/154/3127
f 130/154/3127 3101/3889/3127 132/155/3127
f 132/155/3127 3101/3889/3127 3102/3890/3127
f 132/155/3127 3102/3890/3127 134/3891/3127
f 134/3891/3127 3102/3890/3127 2865/3612/3127
f 134/3891/3127 2865/3612/3127 135/3614/3127
f 75/86/3127 3049/3830/3127 76/87/3127
f 76/87/3127 3049/3830/3127 3103/3892/3127
f 76/87/3127 3103/3892/3127 77/88/3127
f 77/88/3127 3103/3892/3127 3104/3893/3127
f 77/88/3127 3104/3893/3127 86/99/3127
f 86/99/3127 3104/3893/3127 3105/3894/3127
f 86/99/3127 3105/3894/3127 3106/3895/3127
f 86/99/3127 3106/3895/3127 88/101/3127
f 88/101/3127 3106/3895/3127 3107/3896/3127
f 88/101/3127 3107/3896/3127 136/161/3127
f 136/161/3127 3107/3896/3127 3108/3897/3127
f 136/161/3127 3108/3897/3127 3109/3898/3127
f 136/161/3127 3109/3898/3127 92/105/3127
f 92/105/3127 3109/3898/3127 3110/3899/3127
f 92/105/3127 3110/3899/3127 3111/3900/3127
f 92/105/3127 3111/3900/3127 94/107/3127
f 94/107/3127 3111/3900/3127 3112/3901/3127
f 94/107/3127 3112/3901/3127 96/109/3127
f 96/109/3127 3112/3901/3127 3113/3902/3127
f 96/109/3127 3113/3902/3127 3114/3903/3127
f 96/109/3127 3114/3903/3127 98/111/3127
f 98/111/3127 3114/3903/3127 3115/3904/3127
f 98/111/3127 3115/3904/3127 137/162/3127
f 137/162/3127 3115/3904/3127 3116/3905/3127
f 137/162/3127 3116/3905/3127 3117/3906/3127
f 137/162/3127 3117/3906/3127 102/115/3127
f 102/115/3127 3117/3906/3127 3118/3907/3127
f 102/115/3127 3118/3907/3127 104/117/3127
f 104/117/3127 3118/3907/3127 3088/3875/3127
f 104/117/3127 3088/3875/3127 138/163/3127
f 2381/3018/3127 2379/3015/3127 2997/3763/3127
f 2997/3763/3127 2379/3015/3127 2378/3013/3127
f 2997/3763/3127 2378/3013/3127 2377/3010/3127
f 2377/3010/3127 2358/3009/3127 2997/3763/3127
f 2997/3763/3127 2358/3009/3127 2357/3908/3127
f 2997/3763/3127 2357/3908/3127 2355/3764/3127
f 3119/3909/3128 2453/3108/3128 3120/3910/3128
f 3120/3910/3128 2453/3108/3128 3121/3911/3128
f 3120/3910/3128 3121/3911/3128 3122/3912/3128
f 3122/3912/3128 3121/3911/3128 3123/3913/3128
f 3123/3913/3128 3121/3911/3128 3124/3914/3128
f 3124/3914/3128 3121/3911/3128 3125/3915/3128
f 3125/3915/3128 3121/3911/3128 3126/3916/3128
f 3126/3916/3128 3121/3911/3128 3127/3917/3128
f 3127/3917/3128 3121/3911/3128 3128/3918/3128
f 3128/3918/3128 3121/3911/3128 3129/3919/3128
f 3129/3919/3128 3121/3911/3128 3130/3920/3128
f 3130/3920/3128 3121/3911/3128 3131/3921/3128
f 3131/3921/3128 3121/3911/3128 3132/3922/3128
f 3132/3922/3128 3121/3911/3128 3133/3923/3128
f 3133/3923/3128 3121/3911/3128 3134/3924/3128
f 3134/3924/3128 3121/3911/3128 3135/3925/3128
f 3135/3925/3128 3121/3911/3128 3136/3926/3128
f 3136/3926/3128 3121/3911/3128 3137/3927/3128
f 3137/3927/3128 3121/3911/3128 3138/3928/3128
f 3138/3928/3128 3121/3911/3128 3139/3929/3128
f 3139/3929/3128 3121/3911/3128 3140/3930/3128
f 3140/3930/3128 3121/3911/3128 3141/3931/3128
f 3140/3930/3128 3141/3931/3128 3142/3932/3128
f 3142/3932/3128 3141/3931/3128 3143/3933/3128
f 3142/3932/3128 3143/3933/3128 3144/3934/3128
f 3144/3934/3128 3143/3933/3128 3145/3935/3128
f 3144/3934/3128 3145/3935/3128 3146/3936/3128
f 3146/3936/3128 3145/3935/3128 3147/3937/3128
f 3146/3936/3128 3147/3937/3128 3148/3938/3128
f 3148/3938/3128 3147/3937/3128 3149/3939/3128
f 3148/3938/3128 3149/3939/3128 3150/3940/3128
f 3150/3940/3128 3149/3939/3128 3151/3941/3128
f 3150/3940/3128 3151/3941/3128 3152/3942/3128
f 3152/3942/3128 3151/3941/3128 3153/3943/3128
f 3152/3942/3128 3153/3943/3128 3154/3944/3128
f 3154/3944/3128 3153/3943/3128 3155/3945/3128
f 3154/3944/3128 3155/3945/3128 3156/3946/3128
f 3156/3946/3128 3155/3945/3128 3157/3947/3128
f 3156/3946/3128 3157/3947/3128 3158/3948/3128
f 3158/3948/3128 3157/3947/3128 3159/3949/3128
f 3158/3948/3128 3159/3949/3128 3160/3950/3128
f 3160/3950/3128 3159/3949/3128 3161/3951/3128
f 3160/3950/3128 3161/3951/3128 3162/3952/3128
f 3162/3952/3128 3161/3951/3128 3163/3953/3128
f 3162/3952/3128 3163/3953/3128 3164/3954/3128
f 3164/3954/3128 3163/3953/3128 3165/3955/3128
f 3164/3954/3128 3165/3955/3128 3166/3956/3128
f 3166/3956/3128 3165/3955/3128 3167/3957/3128
f 3166/3956/3128 3167/3957/3128 3168/3958/3128
f 3168/3958/3128 3167/3957/3128 3169/3959/3128
f 3168/3958/3128 3169/3959/3128 3170/3960/3128
f 3170/3960/3128 3169/3959/3128 3171/3961/3128
f 3170/3960/3128 3171/3961/3128 3172/3962/3128
f 3172/3962/3128 3171/3961/3128 3173/3963/3128
f 3172/3962/3128 3173/3963/3128 3174/3964/3128
f 3174/3964/3128 3173/3963/3128 3175/3965/3128
f 3174/3964/3128 3175/3965/3128 3176/3966/3128
f 3176/3966/3128 3175/3965/3128 3177/3967/3128
f 3176/3966/3128 3177/3967/3128 3178/3968/3128
f 3178/3968/3128 3177/3967/3128 3179/3969/3128
f 3178/3968/3128 3179/3969/3128 3821/3970/3128
f 3821/3970/3129 3179/3969/3129 3866/3971/3129
f 3866/3971/3130 3179/3969/3130 350/433/3130
f 350/433/3128 3179/3969/3128 351/435/3128
f 351/435/3128 3179/3969/3128 352/437/3128
f 352/437/3128 3179/3969/3128 353/439/3128
f 353/439/3128 3179/3969/3128 354/441/3128
f 354/441/3128 3179/3969/3128 356/443/3128
f 356/443/3128 3179/3969/3128 376/469/3128
f 376/469/3128 3179/3969/3128 377/471/3128
f 377/471/3128 3179/3969/3128 378/473/3128
f 378/473/3128 3179/3969/3128 380/476/3128
f 380/476/3128 3179/3969/3128 368/461/3128
f 368/461/3128 3179/3969/3128 370/463/3128
f 370/463/3128 3179/3969/3128 372/465/3128
f 372/465/3128 3179/3969/3128 374/467/3128
f 374/467/3128 3179/3969/3128 375/468/3128
f 375/468/3128 3179/3969/3128 381/477/3128
f 381/477/3128 3179/3969/3128 391/490/3128
f 391/490/3128 3179/3969/3128 398/499/3128
f 398/499/3128 3179/3969/3128 464/575/3128
f 464/575/3128 3179/3969/3128 466/577/3128
f 466/577/3128 3179/3969/3128 468/579/3128
f 468/579/3128 3179/3969/3128 3180/3972/3128
f 468/579/3128 3180/3972/3128 3181/3973/3128
f 3119/3909/3128 3182/3974/3128 2453/3108/3128
f 2453/3108/3128 3182/3974/3128 3183/3975/3128
f 2453/3108/3128 3183/3975/3128 3184/3976/3128
f 3184/3976/3128 3185/3977/3128 2453/3108/3128
f 2453/3108/3128 3185/3977/3128 3186/3978/3128
f 2453/3108/3128 3186/3978/3128 3187/3979/3128
f 3187/3979/3128 3188/3980/3128 2453/3108/3128
f 2453/3108/3128 3188/3980/3128 3189/3981/3128
f 2453/3108/3128 3189/3981/3128 3190/3982/3128
f 2453/3108/3128 3190/3982/3128 2451/3106/3128
f 2451/3106/3128 3190/3982/3128 3191/3983/3128
f 2451/3106/3128 3191/3983/3128 2502/3166/3128
f 2502/3166/3128 3191/3983/3128 3192/3984/3128
f 2502/3166/3128 3192/3984/3128 2503/3170/3128
f 2503/3170/3128 3192/3984/3128 3193/3985/3128
f 2503/3170/3128 3193/3985/3128 2504/3172/3128
f 2504/3172/3128 3193/3985/3128 3194/3986/3128
f 2504/3172/3128 3194/3986/3128 2505/3174/3128
f 2505/3174/3128 3194/3986/3128 3195/3987/3128
f 2505/3174/3128 3195/3987/3128 2506/3175/3128
f 2506/3175/3128 3195/3987/3128 3196/3988/3128
f 2506/3175/3128 3196/3988/3128 2509/3178/3128
f 2509/3178/3128 3196/3988/3128 3197/3989/3128
f 2509/3178/3128 3197/3989/3128 2510/3179/3128
f 2510/3179/3128 3197/3989/3128 3198/3990/3128
f 2510/3179/3128 3198/3990/3128 2511/3180/3128
f 2511/3180/3128 3198/3990/3128 3199/3991/3128
f 2511/3180/3128 3199/3991/3128 3200/3992/3128
f 2511/3180/3128 3200/3992/3128 2514/3183/3128
f 2514/3183/3128 3200/3992/3128 3201/3993/3128
f 2514/3183/3128 3201/3993/3128 2517/3186/3128
f 2517/3186/3128 3201/3993/3128 3202/3994/3128
f 2517/3186/3128 3202/3994/3128 2521/3190/3128
f 2521/3190/3128 3202/3994/3128 3203/3995/3128
f 2521/3190/3128 3203/3995/3128 3204/3996/3128
f 2521/3190/3128 3204/3996/3128 2523/3192/3128
f 2523/3192/3128 3204/3996/3128 3205/3997/3128
f 2523/3192/3128 3205/3997/3128 2561/3250/3128
f 2561/3250/3128 3205/3997/3128 3206/3998/3128
f 2561/3250/3128 3206/3998/3128 3207/3999/3128
f 2561/3250/3128 3207/3999/3128 2527/3196/3128
f 2527/3196/3128 3207/3999/3128 3208/4000/3128
f 2527/3196/3128 3208/4000/3128 3209/4001/3128
f 2527/3196/3128 3209/4001/3128 2529/3198/3128
f 2529/3198/3128 3209/4001/3128 3210/4002/3128
f 2529/3198/3128 3210/4002/3128 2531/3200/3128
f 2531/3200/3128 3210/4002/3128 3211/4003/3128
f 2531/3200/3128 3211/4003/3128 3212/4004/3128
f 2531/3200/3128 3212/4004/3128 2533/3202/3128
f 2533/3202/3128 3212/4004/3128 3213/4005/3128
f 2533/3202/3128 3213/4005/3128 2562/3251/3128
f 2562/3251/3128 3213/4005/3128 3214/4006/3128
f 2562/3251/3128 3214/4006/3128 3215/4007/3128
f 2562/3251/3128 3215/4007/3128 2537/3206/3128
f 2537/3206/3128 3215/4007/3128 3216/4008/3128
f 2537/3206/3128 3216/4008/3128 2539/3208/3128
f 2539/3208/3128 3216/4008/3128 3217/4009/3128
f 2539/3208/3128 3217/4009/3128 2563/3252/3128
f 2563/3252/3128 3217/4009/3128 3178/3968/3128
f 2563/3252/3128 3178/3968/3128 2564/3253/3128
f 2564/3253/3128 3178/3968/3128 2565/3254/3128
f 2565/3254/3128 3178/3968/3128 2567/3256/3128
f 2567/3256/3128 3178/3968/3128 2569/3259/3128
f 2569/3259/3128 3178/3968/3128 2571/3261/3128
f 2571/3261/3128 3178/3968/3128 2572/3263/3128
f 2572/3263/3128 3178/3968/3128 2573/3265/3128
f 2573/3265/3128 3178/3968/3128 2553/3232/3128
f 2553/3232/3128 3178/3968/3128 2554/3234/3128
f 2554/3234/3128 3178/3968/3128 2556/3239/3128
f 2556/3239/3128 3178/3968/3128 2557/3241/3128
f 2557/3241/3128 3178/3968/3128 2559/3246/3128
f 2559/3246/3128 3178/3968/3128 2560/3248/3128
f 2560/3248/3131 3178/3968/3131 3820/4010/3131
f 3820/4010/3132 3178/3968/3132 3821/3970/3132
f 3218/4011/3128 3219/4012/3128 3220/4013/3128
f 3220/4013/3128 3219/4012/3128 3221/4014/3128
f 3220/4013/3128 3221/4014/3128 3222/4015/3128
f 3222/4015/3128 3221/4014/3128 3223/4016/3128
f 3223/4016/3128 3221/4014/3128 3224/4017/3128
f 3224/4017/3128 3221/4014/3128 3225/4018/3128
f 3225/4018/3128 3221/4014/3128 3226/4019/3128
f 3226/4019/3128 3221/4014/3128 1630/2043/3128
f 3226/4019/3128 1630/2043/3128 462/573/3128
f 3219/4012/3128 3218/4011/3128 3227/4020/3128
f 3227/4020/3128 3218/4011/3128 3228/4021/3128
f 3227/4020/3128 3228/4021/3128 3229/4022/3128
f 3229/4022/3128 3228/4021/3128 3230/4023/3128
f 3229/4022/3128 3230/4023/3128 3231/4024/3128
f 3231/4024/3128 3230/4023/3128 3232/4025/3128
f 3231/4024/3128 3232/4025/3128 3233/4026/3128
f 3233/4026/3128 3232/4025/3128 3234/4027/3128
f 3233/4026/3128 3234/4027/3128 3235/4028/3128
f 3235/4028/3128 3234/4027/3128 3236/4029/3128
f 3235/4028/3128 3236/4029/3128 3237/4030/3128
f 3237/4030/3128 3236/4029/3128 3238/4031/3128
f 3237/4030/3128 3238/4031/3128 3239/4032/3128
f 3239/4032/3128 3238/4031/3128 3240/4033/3128
f 3239/4032/3128 3240/4033/3128 3241/4034/3128
f 3241/4034/3128 3240/4033/3128 3242/4035/3128
f 3241/4034/3128 3242/4035/3128 3243/4036/3128
f 3243/4036/3128 3242/4035/3128 3244/4037/3128
f 3243/4036/3128 3244/4037/3128 3245/4038/3128
f 3245/4038/3128 3244/4037/3128 3246/4039/3128
f 3245/4038/3128 3246/4039/3128 3247/4040/3128
f 3247/4040/3128 3246/4039/3128 3248/4041/3128
f 3247/4040/3128 3248/4041/3128 3249/4042/3128
f 3249/4042/3128 3248/4041/3128 3250/4043/3128
f 3249/4042/3128 3250/4043/3128 3251/4044/3128
f 3251/4044/3128 3250/4043/3128 3252/4045/3128
f 3251/4044/3128 3252/4045/3128 3253/4046/3128
f 3253/4046/3128 3252/4045/3128 3254/4047/3128
f 3253/4046/3128 3254/4047/3128 3255/4048/3128
f 3255/4048/3128 3254/4047/3128 3256/4049/3128
f 3255/4048/3128 3256/4049/3128 3257/4050/3128
f 3257/4050/3128 3256/4049/3128 3258/4051/3128
f 3257/4050/3128 3258/4051/3128 3259/4052/3128
f 3259/4052/3128 3258/4051/3128 3260/4053/3128
f 3259/4052/3128 3260/4053/3128 3261/4054/3128
f 3261/4054/3128 3260/4053/3128 3141/3931/3128
f 3261/4054/3128 3141/3931/3128 3121/3911/3128
f 3181/3973/3128 3262/4055/3128 468/579/3128
f 468/579/3128 3262/4055/3128 3263/4056/3128
f 468/579/3128 3263/4056/3128 3264/4057/3128
f 3264/4057/3128 3265/4058/3128 468/579/3128
f 468/579/3128 3265/4058/3128 3266/4059/3128
f 468/579/3128 3266/4059/3128 3267/4060/3128
f 3267/4060/3128 3268/4061/3128 468/579/3128
f 468/579/3128 3268/4061/3128 3269/4062/3128
f 468/579/3128 3269/4062/3128 3270/4063/3128
f 468/579/3128 3270/4063/3128 477/588/3128
f 477/588/3128 3270/4063/3128 3271/4064/3128
f 477/588/3128 3271/4064/3128 3272/4065/3128
f 477/588/3128 3272/4065/3128 478/589/3128
f 478/589/3128 3272/4065/3128 3273/4066/3128
f 478/589/3128 3273/4066/3128 482/593/3128
f 482/593/3128 3273/4066/3128 3274/4067/3128
f 482/593/3128 3274/4067/3128 3275/4068/3128
f 482/593/3128 3275/4068/3128 486/597/3128
f 486/597/3128 3275/4068/3128 3276/4069/3128
f 486/597/3128 3276/4069/3128 488/599/3128
f 488/599/3128 3276/4069/3128 3277/4070/3128
f 488/599/3128 3277/4070/3128 489/600/3128
f 489/600/3128 3277/4070/3128 3278/4071/3128
f 489/600/3128 3278/4071/3128 3279/4072/3128
f 489/600/3128 3279/4072/3128 491/602/3128
f 491/602/3128 3279/4072/3128 3280/4073/3128
f 491/602/3128 3280/4073/3128 494/605/3128
f 494/605/3128 3280/4073/3128 3281/4074/3128
f 494/605/3128 3281/4074/3128 496/607/3128
f 496/607/3128 3281/4074/3128 3282/4075/3128
f 496/607/3128 3282/4075/3128 497/608/3128
f 497/608/3128 3282/4075/3128 3283/4076/3128
f 497/608/3128 3283/4076/3128 498/609/3128
f 498/609/3128 3283/4076/3128 3284/4077/3128
f 498/609/3128 3284/4077/3128 499/610/3128
f 499/610/3128 3284/4077/3128 3285/4078/3128
f 499/610/3128 3285/4078/3128 500/611/3128
f 500/611/3128 3285/4078/3128 3286/4079/3128
f 500/611/3128 3286/4079/3128 448/559/3128
f 448/559/3128 3286/4079/3128 3287/4080/3128
f 448/559/3128 3287/4080/3128 450/561/3128
f 450/561/3128 3287/4080/3128 3288/4081/3128
f 450/561/3128 3288/4081/3128 452/563/3128
f 452/563/3128 3288/4081/3128 3289/4082/3128
f 452/563/3128 3289/4082/3128 454/565/3128
f 454/565/3128 3289/4082/3128 3290/4083/3128
f 454/565/3128 3290/4083/3128 456/567/3128
f 456/567/3128 3290/4083/3128 458/569/3128
f 458/569/3128 3290/4083/3128 3291/4084/3128
f 458/569/3128 3291/4084/3128 460/571/3128
f 460/571/3128 3291/4084/3128 3226/4019/3128
f 460/571/3128 3226/4019/3128 462/573/3128
f 3292/4085/3128 3293/4086/3128 274/337/3128
f 274/337/3128 3293/4086/3128 3294/4087/3128
f 274/337/3128 3294/4087/3128 275/338/3128
f 275/338/3128 3294/4087/3128 3295/4088/3128
f 275/338/3128 3295/4088/3128 288/352/3128
f 288/352/3128 3295/4088/3128 3296/4089/3128
f 288/352/3128 3296/4089/3128 290/354/3128
f 290/354/3128 3296/4089/3128 3297/4090/3128
f 290/354/3128 3297/4090/3128 3298/4091/3128
f 290/354/3128 3298/4091/3128 291/355/3128
f 291/355/3128 3298/4091/3128 3299/4092/3128
f 291/355/3128 3299/4092/3128 292/356/3128
f 292/356/3128 3299/4092/3128 3300/4093/3128
f 292/356/3128 3300/4093/3128 3301/4094/3128
f 292/356/3128 3301/4094/3128 296/360/3128
f 296/360/3128 3301/4094/3128 3302/4095/3128
f 296/360/3128 3302/4095/3128 3303/4096/3128
f 296/360/3128 3303/4096/3128 298/362/3128
f 298/362/3128 3303/4096/3128 3304/4097/3128
f 298/362/3128 3304/4097/3128 303/367/3128
f 303/367/3128 3304/4097/3128 3305/4098/3128
f 303/367/3128 3305/4098/3128 3306/4099/3128
f 303/367/3128 3306/4099/3128 304/368/3128
f 304/368/3128 3306/4099/3128 3307/4100/3128
f 304/368/3128 3307/4100/3128 306/370/3128
f 306/370/3128 3307/4100/3128 3308/4101/3128
f 306/370/3128 3308/4101/3128 3309/4102/3128
f 306/370/3128 3309/4102/3128 308/372/3128
f 308/372/3128 3309/4102/3128 3310/4103/3128
f 308/372/3128 3310/4103/3128 309/373/3128
f 309/373/3128 3310/4103/3128 3311/4104/3128
f 309/373/3128 3311/4104/3128 310/374/3128
f 310/374/3128 3311/4104/3128 3312/4105/3128
f 310/374/3128 3312/4105/3128 3313/4106/3128
f 310/374/3128 3313/4106/3128 31/36/3128
f 31/36/3128 3313/4106/3128 3314/4107/3128
f 31/36/3128 3314/4107/3128 29/34/3128
f 29/34/3128 3314/4107/3128 3315/4108/3128
f 29/34/3128 3315/4108/3128 27/32/3128
f 27/32/3128 3315/4108/3128 3316/4109/3128
f 27/32/3128 3316/4109/3128 25/30/3128
f 25/30/3128 3316/4109/3128 3317/4110/3128
f 25/30/3128 3317/4110/3128 23/28/3128
f 23/28/3128 3317/4110/3128 3318/4111/3128
f 23/28/3128 3318/4111/3128 21/26/3128
f 21/26/3128 3318/4111/3128 3319/4112/3128
f 21/26/3128 3319/4112/3128 19/21/3128
f 19/21/3128 3319/4112/3128 3320/4113/3128
f 19/21/3128 3320/4113/3128 18/20/3128
f 18/20/3128 3320/4113/3128 3321/4114/3128
f 18/20/3128 3321/4114/3128 12/12/3128
f 12/12/3128 3321/4114/3128 3322/4115/3128
f 12/12/3128 3322/4115/3128 11/11/3128
f 11/11/3128 3322/4115/3128 3323/4116/3128
f 11/11/3128 3323/4116/3128 9/9/3128
f 9/9/3128 3323/4116/3128 3324/4117/3128
f 9/9/3128 3324/4117/3128 7/7/3128
f 7/7/3128 3324/4117/3128 5/5/3128
f 5/5/3128 3324/4117/3128 3325/4118/3128
f 5/5/3128 3325/4118/3128 3/3/3128
f 3/3/3128 3325/4118/3128 3326/4119/3128
f 3/3/3128 3326/4119/3128 1/1/3128
f 1/1/3128 3326/4119/3128 2463/3118/3128
f 2463/3118/3128 3326/4119/3128 3327/4120/3128
f 2463/3118/3128 3327/4120/3128 2461/3116/3128
f 2461/3116/3128 3327/4120/3128 2459/3114/3128
f 2459/3114/3128 3327/4120/3128 3328/4121/3128
f 2459/3114/3128 3328/4121/3128 2457/3112/3128
f 2457/3112/3128 3328/4121/3128 2455/3110/3128
f 2455/3110/3128 3328/4121/3128 3329/4122/3128
f 2455/3110/3128 3329/4122/3128 3330/4123/3128
f 3330/4123/3128 3329/4122/3128 3331/4124/3128
f 3331/4124/3128 3329/4122/3128 3332/4125/3128
f 3331/4124/3128 3332/4125/3128 3333/4126/3128
f 3333/4126/3128 3332/4125/3128 3334/4127/3128
f 3333/4126/3128 3334/4127/3128 3335/4128/3128
f 3335/4128/3128 3334/4127/3128 3336/4129/3128
f 3335/4128/3128 3336/4129/3128 3337/4130/3128
f 3337/4130/3128 3336/4129/3128 3338/4131/3128
f 3337/4130/3128 3338/4131/3128 3339/4132/3128
f 3339/4132/3128 3338/4131/3128 3340/4133/3128
f 3339/4132/3128 3340/4133/3128 3341/4134/3128
f 3341/4134/3128 3340/4133/3128 3342/4135/3128
f 3341/4134/3128 3342/4135/3128 3343/4136/3128
f 3343/4136/3128 3342/4135/3128 3344/4137/3128
f 3343/4136/3128 3344/4137/3128 3345/4138/3128
f 3345/4138/3128 3344/4137/3128 3346/4139/3128
f 3345/4138/3128 3346/4139/3128 3347/4140/3128
f 3347/4140/3128 3346/4139/3128 3348/4141/3128
f 3347/4140/3128 3348/4141/3128 3349/4142/3128
f 3349/4142/3128 3348/4141/3128 3350/4143/3128
f 3349/4142/3128 3350/4143/3128 3351/4144/3128
f 3351/4144/3128 3350/4143/3128 3352/4145/3128
f 3351/4144/3128 3352/4145/3128 3353/4146/3128
f 3353/4146/3128 3352/4145/3128 3354/4147/3128
f 3353/4146/3128 3354/4147/3128 3355/4148/3128
f 3355/4148/3128 3354/4147/3128 3356/4149/3128
f 3355/4148/3128 3356/4149/3128 3357/4150/3128
f 3357/4150/3128 3356/4149/3128 3358/4151/3128
f 3357/4150/3128 3358/4151/3128 3359/4152/3128
f 3359/4152/3128 3358/4151/3128 3360/4153/3128
f 3359/4152/3128 3360/4153/3128 3361/4154/3128
f 3361/4154/3128 3360/4153/3128 3362/4155/3128
f 3361/4154/3128 3362/4155/3128 3363/4156/3128
f 3363/4156/3128 3362/4155/3128 3364/4157/3128
f 3363/4156/3128 3364/4157/3128 3365/4158/3128
f 3365/4158/3128 3364/4157/3128 3366/4159/3128
f 3365/4158/3128 3366/4159/3128 3367/4160/3128
f 3367/4160/3128 3366/4159/3128 3368/4161/3128
f 3367/4160/3128 3368/4161/3128 3369/4162/3128
f 3369/4162/3128 3368/4161/3128 3370/4163/3128
f 3369/4162/3128 3370/4163/3128 3371/4164/3128
f 3371/4164/3128 3370/4163/3128 3372/4165/3128
f 3371/4164/3128 3372/4165/3128 3373/4166/3128
f 3373/4166/3128 3372/4165/3128 3374/4167/3128
f 3374/4167/3128 3372/4165/3128 3375/4168/3128
f 3374/4167/3128 3375/4168/3128 3376/4169/3128
f 3376/4169/3128 3375/4168/3128 3377/4170/3128
f 3376/4169/3128 3377/4170/3128 3378/4171/3128
f 3378/4171/3128 3377/4170/3128 3379/4172/3128
f 3378/4171/3128 3379/4172/3128 3380/4173/3128
f 3380/4173/3128 3379/4172/3128 3381/4174/3128
f 3380/4173/3128 3381/4174/3128 3382/4175/3128
f 3382/4175/3128 3381/4174/3128 3383/4176/3128
f 3382/4175/3128 3383/4176/3128 259/316/3128
f 259/316/3128 3383/4176/3128 258/315/3128
f 258/315/3128 3383/4176/3128 3384/4177/3128
f 258/315/3128 3384/4177/3128 256/313/3128
f 256/313/3128 3384/4177/3128 3385/4178/3128
f 256/313/3128 3385/4178/3128 254/311/3128
f 254/311/3128 3385/4178/3128 252/309/3128
f 252/309/3128 3385/4178/3128 3386/4179/3128
f 252/309/3128 3386/4179/3128 250/303/3128
f 250/303/3128 3386/4179/3128 3387/4180/3128
f 250/303/3128 3387/4180/3128 248/301/3128
f 248/301/3128 3387/4180/3128 3388/4181/3128
f 248/301/3128 3388/4181/3128 246/295/3128
f 246/295/3128 3388/4181/3128 3389/4182/3128
f 246/295/3128 3389/4182/3128 269/329/3128
f 269/329/3128 3389/4182/3128 3390/4183/3128
f 269/329/3128 3390/4183/3128 270/331/3128
f 270/331/3128 3390/4183/3128 3391/4184/3128
f 270/331/3128 3391/4184/3128 271/333/3128
f 271/333/3128 3391/4184/3128 3392/4185/3128
f 271/333/3128 3392/4185/3128 273/336/3128
f 273/336/3128 3392/4185/3128 3393/4186/3128
f 273/336/3128 3393/4186/3128 232/277/3128
f 232/277/3128 3393/4186/3128 3394/4187/3128
f 232/277/3128 3394/4187/3128 230/275/3128
f 230/275/3128 3394/4187/3128 3395/4188/3128
f 230/275/3128 3395/4188/3128 229/274/3128
f 229/274/3128 3395/4188/3128 3292/4085/3128
f 229/274/3128 3292/4085/3128 274/337/3128
f 2455/3110/3128 3330/4123/3128 2453/3108/3128
f 2453/3108/3128 3330/4123/3128 3396/4189/3128
f 2453/3108/3128 3396/4189/3128 3397/4190/3128
f 3397/4190/3128 3398/4191/3128 2453/3108/3128
f 2453/3108/3128 3398/4191/3128 3399/4192/3128
f 2453/3108/3128 3399/4192/3128 3400/4193/3128
f 3400/4193/3128 3401/4194/3128 2453/3108/3128
f 2453/3108/3128 3401/4194/3128 3402/4195/3128
f 2453/3108/3128 3402/4195/3128 3403/4196/3128
f 3403/4196/3128 3404/4197/3128 2453/3108/3128
f 2453/3108/3128 3404/4197/3128 3405/4198/3128
f 2453/3108/3128 3405/4198/3128 3406/4199/3128
f 3406/4199/3128 3407/4200/3128 2453/3108/3128
f 2453/3108/3128 3407/4200/3128 3408/4201/3128
f 2453/3108/3128 3408/4201/3128 3409/4202/3128
f 3409/4202/3128 3410/4203/3128 2453/3108/3128
f 2453/3108/3128 3410/4203/3128 3411/4204/3128
f 2453/3108/3128 3411/4204/3128 3121/3911/3128
f 3219/4012/3128 3412/4205/3128 3221/4014/3128
f 3221/4014/3128 3412/4205/3128 3413/4206/3128
f 3413/4206/3128 3412/4205/3128 3414/4207/3128
f 3413/4206/3128 3414/4207/3128 3415/4208/3128
f 3415/4208/3128 3414/4207/3128 3416/4209/3128
f 3415/4208/3128 3416/4209/3128 3417/4210/3128
f 3417/4210/3128 3416/4209/3128 3418/4211/3128
f 3417/4210/3128 3418/4211/3128 3419/4212/3128
f 3419/4212/3128 3418/4211/3128 3420/4213/3128
f 3419/4212/3128 3420/4213/3128 3421/4214/3128
f 3421/4214/3128 3420/4213/3128 3422/4215/3128
f 3421/4214/3128 3422/4215/3128 3423/4216/3128
f 3423/4216/3128 3424/4217/3128 3421/4214/3128
f 3421/4214/3128 3424/4217/3128 3425/4218/3128
f 3421/4214/3128 3425/4218/3128 3426/4219/3128
f 3426/4219/3128 3427/4220/3128 3421/4214/3128
f 3421/4214/3128 3427/4220/3128 3428/4221/3128
f 3421/4214/3128 3428/4221/3128 3429/4222/3128
f 3429/4222/3128 3430/4223/3128 3421/4214/3128
f 3421/4214/3128 3430/4223/3128 3431/4224/3128
f 3421/4214/3128 3431/4224/3128 3432/4225/3128
f 3432/4225/3128 3431/4224/3128 3433/4226/3128
f 3433/4226/3128 3431/4224/3128 3434/4227/3128
f 3434/4227/3128 3431/4224/3128 3435/4228/3128
f 3435/4228/3128 3431/4224/3128 3436/4229/3128
f 3436/4229/3128 3431/4224/3128 3437/4230/3128
f 3437/4230/3128 3431/4224/3128 3438/4231/3128
f 3438/4231/3128 3431/4224/3128 3439/4232/3128
f 3439/4232/3128 3431/4224/3128 3440/4233/3128
f 3440/4233/3128 3431/4224/3128 3441/4234/3128
f 3441/4234/3128 3431/4224/3128 3442/4235/3128
f 3441/4234/3128 3442/4235/3128 3443/4236/3128
f 3443/4236/3128 3442/4235/3128 3444/4237/3128
f 3443/4236/3128 3444/4237/3128 3445/4238/3128
f 3445/4238/3128 3444/4237/3128 3446/4239/3128
f 3445/4238/3128 3446/4239/3128 3447/4240/3128
f 3447/4240/3128 3446/4239/3128 3371/4164/3128
f 3447/4240/3128 3371/4164/3128 3373/4166/3128
f 3448/4241/3128 3449/4242/3128 1640/2053/3128
f 1640/2053/3128 3449/4242/3128 3450/4243/3128
f 1640/2053/3128 3450/4243/3128 1641/2054/3128
f 1641/2054/3128 3450/4243/3128 3451/4244/3128
f 1641/2054/3128 3451/4244/3128 1642/2055/3128
f 1642/2055/3128 3451/4244/3128 3452/4245/3128
f 1642/2055/3128 3452/4245/3128 1644/2057/3128
f 1644/2057/3128 3452/4245/3128 3453/4246/3128
f 1644/2057/3128 3453/4246/3128 1646/2060/3128
f 1646/2060/3128 3453/4246/3128 3454/4247/3128
f 1646/2060/3128 3454/4247/3128 1648/2062/3128
f 1648/2062/3128 3454/4247/3128 3455/4248/3128
f 1648/2062/3128 3455/4248/3128 1649/2064/3128
f 1649/2064/3128 3455/4248/3128 3456/4249/3128
f 1649/2064/3128 3456/4249/3128 1650/2066/3128
f 1650/2066/3128 3456/4249/3128 3457/4250/3128
f 1650/2066/3128 3457/4250/3128 1351/1710/3128
f 1351/1710/3128 3457/4250/3128 3458/4251/3128
f 1351/1710/3128 3458/4251/3128 1349/1705/3128
f 1349/1705/3128 3458/4251/3128 3459/4252/3128
f 1349/1705/3128 3459/4252/3128 1347/1702/3128
f 1347/1702/3128 3459/4252/3128 3460/4253/3128
f 1347/1702/3128 3460/4253/3128 1345/1697/3128
f 1345/1697/3128 3460/4253/3128 3461/4254/3128
f 1345/1697/3128 3461/4254/3128 1343/1695/3128
f 1343/1695/3128 3461/4254/3128 1341/1693/3128
f 1341/1693/3128 3461/4254/3128 3462/4255/3128
f 1341/1693/3128 3462/4255/3128 1340/1692/3128
f 1340/1692/3128 3462/4255/3128 3382/4175/3128
f 1340/1692/3128 3382/4175/3128 259/316/3128
f 3463/4256/3128 1611/2019/3128 3221/4014/3128
f 3221/4014/3128 1611/2019/3128 1620/2033/3128
f 3221/4014/3128 1620/2033/3128 1621/2034/3128
f 3463/4256/3128 3464/4257/3128 1611/2019/3128
f 1611/2019/3128 3464/4257/3128 3465/4258/3128
f 1611/2019/3128 3465/4258/3128 3466/4259/3128
f 3466/4259/3128 3467/4260/3128 1611/2019/3128
f 1611/2019/3128 3467/4260/3128 3468/4261/3128
f 1611/2019/3128 3468/4261/3128 3469/4262/3128
f 3469/4262/3128 3470/4263/3128 1611/2019/3128
f 1611/2019/3128 3470/4263/3128 3471/4264/3128
f 1611/2019/3128 3471/4264/3128 3472/4265/3128
f 3472/4265/3128 3473/4266/3128 1611/2019/3128
f 1611/2019/3128 3473/4266/3128 1609/2014/3128
f 1609/2014/3128 3473/4266/3128 3474/4267/3128
f 1609/2014/3128 3474/4267/3128 1607/2012/3128
f 1607/2012/3128 3474/4267/3128 3475/4268/3128
f 1607/2012/3128 3475/4268/3128 1605/2010/3128
f 1605/2010/3128 3475/4268/3128 3476/4269/3128
f 1605/2010/3128 3476/4269/3128 1604/2009/3128
f 1604/2009/3128 3476/4269/3128 3477/4270/3128
f 1604/2009/3128 3477/4270/3128 1603/2008/3128
f 1603/2008/3128 3477/4270/3128 3478/4271/3128
f 1603/2008/3128 3478/4271/3128 1632/2045/3128
f 1632/2045/3128 3478/4271/3128 3479/4272/3128
f 1632/2045/3128 3479/4272/3128 1634/2047/3128
f 1634/2047/3128 3479/4272/3128 3480/4273/3128
f 1634/2047/3128 3480/4273/3128 1636/2049/3128
f 1636/2049/3128 3480/4273/3128 3481/4274/3128
f 1636/2049/3128 3481/4274/3128 3482/4275/3128
f 1636/2049/3128 3482/4275/3128 1637/2050/3128
f 1637/2050/3128 3482/4275/3128 3483/4276/3128
f 1637/2050/3128 3483/4276/3128 1389/1755/3128
f 1389/1755/3128 3483/4276/3128 3484/4277/3128
f 1389/1755/3128 3484/4277/3128 1387/1753/3128
f 1387/1753/3128 3484/4277/3128 3485/4278/3128
f 1387/1753/3128 3485/4278/3128 3486/4279/3128
f 1387/1753/3128 3486/4279/3128 1385/1751/3128
f 1385/1751/3128 3486/4279/3128 3487/4280/3128
f 1385/1751/3128 3487/4280/3128 1638/2051/3128
f 1638/2051/3128 3487/4280/3128 3488/4281/3128
f 1638/2051/3128 3488/4281/3128 3489/4282/3128
f 1638/2051/3128 3489/4282/3128 1381/1747/3128
f 1381/1747/3128 3489/4282/3128 3490/4283/3128
f 1381/1747/3128 3490/4283/3128 3491/4284/3128
f 1381/1747/3128 3491/4284/3128 1379/1745/3128
f 1379/1745/3128 3491/4284/3128 3492/4285/3128
f 1379/1745/3128 3492/4285/3128 1377/1743/3128
f 1377/1743/3128 3492/4285/3128 3493/4286/3128
f 1377/1743/3128 3493/4286/3128 3494/4287/3128
f 1377/1743/3128 3494/4287/3128 1375/1741/3128
f 1375/1741/3128 3494/4287/3128 3495/4288/3128
f 1375/1741/3128 3495/4288/3128 1639/2052/3128
f 1639/2052/3128 3495/4288/3128 3496/4289/3128
f 1639/2052/3128 3496/4289/3128 3497/4290/3128
f 1639/2052/3128 3497/4290/3128 1371/1737/3128
f 1371/1737/3128 3497/4290/3128 3498/4291/3128
f 1371/1737/3128 3498/4291/3128 1369/1735/3128
f 1369/1735/3128 3498/4291/3128 3448/4241/3128
f 1369/1735/3128 3448/4241/3128 1640/2053/3128
f 1621/2034/3128 1624/2037/3128 3221/4014/3128
f 3221/4014/3128 1624/2037/3128 1626/2039/3128
f 3221/4014/3128 1626/2039/3128 1628/2041/3128
f 1628/2041/3128 1630/2043/3128 3221/4014/3128
f 3499/4292/3133 3500/4293/3133 3501/4294/3133
f 3501/4294/3133 3500/4293/3133 3502/4295/3133
f 3501/4294/3133 3502/4295/3133 3503/4296/3133
f 3500/4293/3133 3499/4292/3133 3504/4297/3133
f 3504/4297/3133 3499/4292/3133 3505/4298/3133
f 3504/4297/3133 3505/4298/3133 3506/4299/3133
f 3506/4299/3133 3505/4298/3133 3507/4300/3133
f 3506/4299/3133 3507/4300/3133 3508/4301/3133
f 3508/4301/3133 3507/4300/3133 3509/4302/3133
f 3508/4301/3133 3509/4302/3133 3510/4303/3133
f 3510/4303/3133 3509/4302/3133 3511/4304/3133
f 3510/4303/3133 3511/4304/3133 3512/4305/3133
f 3512/4305/3133 3511/4304/3133 3513/4306/3133
f 3512/4305/3133 3513/4306/3133 3514/4307/3133
f 3514/4307/3133 3513/4306/3133 3515/4308/3133
f 3514/4307/3133 3515/4308/3133 3516/4309/3133
f 3516/4309/3133 3515/4308/3133 3517/4310/3133
f 3516/4309/3133 3517/4310/3133 3518/4311/3133
f 3518/4311/3133 3517/4310/3133 3519/4312/3133
f 3518/4311/3133 3519/4312/3133 3520/4313/3133
f 3520/4313/3133 3519/4312/3133 3521/4314/3133
f 3520/4313/3133 3521/4314/3133 3522/4315/3133
f 3522/4315/3133 3521/4314/3133 3523/4316/3133
f 3522/4315/3133 3523/4316/3133 3524/4317/3133
f 3524/4317/3133 3523/4316/3133 3525/4318/3133
f 3524/4317/3133 3525/4318/3133 3526/4319/3133
f 3526/4319/3133 3525/4318/3133 3527/4320/3133
f 3527/4320/3133 3525/4318/3133 3528/4321/3133
f 3528/4321/3133 3525/4318/3133 3529/4322/3133
f 3529/4322/3133 3525/4318/3133 3530/4323/3133
f 3530/4323/3133 3525/4318/3133 3531/4324/3133
f 3531/4324/3133 3525/4318/3133 3532/4325/3133
f 3532/4325/3133 3525/4318/3133 504/620/3133
f 3532/4325/3133 504/620/3133 503/618/3133
f 3525/4318/3133 3533/4326/3133 504/620/3133
f 504/620/3133 3533/4326/3133 3534/4327/3133
f 504/620/3133 3534/4327/3133 3535/4328/3133
f 504/620/3133 3535/4328/3133 505/621/3133
f 505/621/3133 3535/4328/3133 3536/4329/3133
f 505/621/3133 3536/4329/3133 3537/4330/3133
f 505/621/3133 3537/4330/3133 508/625/3133
f 508/625/3133 3537/4330/3133 3538/4331/3133
f 508/625/3133 3538/4331/3133 3539/4332/3133
f 508/625/3133 3539/4332/3133 509/626/3133
f 509/626/3133 3539/4332/3133 3540/4333/3133
f 509/626/3133 3540/4333/3133 3541/4334/3133
f 509/626/3133 3541/4334/3133 510/627/3133
f 510/627/3133 3541/4334/3133 3542/4335/3133
f 510/627/3133 3542/4335/3133 3543/4336/3133
f 510/627/3133 3543/4336/3133 513/631/3133
f 513/631/3133 3543/4336/3133 3544/4337/3133
f 513/631/3133 3544/4337/3133 3545/4338/3133
f 513/631/3133 3545/4338/3133 516/636/3133
f 516/636/3133 3545/4338/3133 3546/4339/3133
f 516/636/3133 3546/4339/3133 3547/4340/3133
f 516/636/3133 3547/4340/3133 520/641/3133
f 520/641/3133 3547/4340/3133 3548/4341/3133
f 520/641/3133 3548/4341/3133 3549/4342/3133
f 520/641/3133 3549/4342/3133 522/643/3133
f 522/643/3133 3549/4342/3133 3550/4343/3133
f 522/643/3133 3550/4343/3133 3551/4344/3133
f 3551/4344/3133 3552/4345/3133 522/643/3133
f 522/643/3133 3552/4345/3133 563/697/3133
f 563/697/3133 3552/4345/3133 3553/4346/3133
f 563/697/3133 3553/4346/3133 3554/4347/3133
f 3554/4347/3133 3555/4348/3133 563/697/3133
f 563/697/3134 3555/4348/3134 3556/4349/3134
f 563/697/3133 3556/4349/3133 526/647/3133
f 526/647/3133 3556/4349/3133 3557/4350/3133
f 526/647/3134 3557/4350/3134 3558/4351/3134
f 526/647/3133 3558/4351/3133 1804/2274/3133
f 1804/2274/3133 3558/4351/3133 3559/4352/3133
f 1804/2274/3133 3559/4352/3133 3560/4353/3133
f 3560/4353/3133 3561/4354/3133 1804/2274/3133
f 1804/2274/3133 3561/4354/3133 3562/4355/3133
f 1804/2274/3133 3562/4355/3133 3563/4356/3133
f 3563/4356/3133 3564/4357/3133 1804/2274/3133
f 1804/2274/3133 3564/4357/3133 3565/4358/3133
f 1804/2274/3133 3565/4358/3133 3566/4359/3133
f 3566/4359/3133 3567/4360/3133 1804/2274/3133
f 1804/2274/3133 3567/4360/3133 3568/4361/3133
f 1804/2274/3133 3568/4361/3133 3569/4362/3133
f 1804/2274/3133 3569/4362/3133 1813/2283/3133
f 1813/2283/3133 3569/4362/3133 3570/4363/3133
f 1813/2283/3133 3570/4363/3133 3571/4364/3133
f 1813/2283/3133 3571/4364/3133 1814/2284/3133
f 1814/2284/3133 3571/4364/3133 3572/4365/3133
f 1814/2284/3133 3572/4365/3133 1818/2288/3133
f 1818/2288/3133 3572/4365/3133 3573/4366/3133
f 1818/2288/3133 3573/4366/3133 3574/4367/3133
f 1818/2288/3133 3574/4367/3133 1822/2292/3133
f 1822/2292/3133 3574/4367/3133 3575/4368/3133
f 1822/2292/3133 3575/4368/3133 1824/2294/3133
f 1824/2294/3133 3575/4368/3133 3576/4369/3133
f 1824/2294/3133 3576/4369/3133 1825/2295/3133
f 1825/2295/3133 3576/4369/3133 3577/4370/3133
f 1825/2295/3133 3577/4370/3133 3578/4371/3133
f 1825/2295/3133 3578/4371/3133 1827/2297/3133
f 1827/2297/3133 3578/4371/3133 3579/4372/3133
f 1827/2297/3133 3579/4372/3133 1830/2300/3133
f 1830/2300/3133 3579/4372/3133 3580/4373/3133
f 1830/2300/3133 3580/4373/3133 1832/2302/3133
f 1832/2302/3133 3580/4373/3133 3581/4374/3133
f 1832/2302/3133 3581/4374/3133 1833/2303/3133
f 1833/2303/3133 3581/4374/3133 3582/4375/3133
f 1833/2303/3133 3582/4375/3133 1834/2304/3133
f 1834/2304/3133 3582/4375/3133 3583/4376/3133
f 1834/2304/3133 3583/4376/3133 1835/2305/3133
f 1835/2305/3133 3583/4376/3133 3584/4377/3133
f 1835/2305/3133 3584/4377/3133 1836/2306/3133
f 1836/2306/3133 3584/4377/3133 3585/4378/3133
f 1836/2306/3133 3585/4378/3133 1784/2250/3133
f 1784/2250/3133 3585/4378/3133 3586/4379/3133
f 1784/2250/3133 3586/4379/3133 3587/4380/3133
f 3587/4380/3133 3588/4381/3133 1784/2250/3133
f 1784/2250/3133 3588/4381/3133 3589/4382/3133
f 1784/2250/3133 3589/4382/3133 3590/4383/3133
f 3590/4383/3133 3591/4384/3133 1784/2250/3133
f 1784/2250/3133 3591/4384/3133 3592/4385/3133
f 1784/2250/3133 3592/4385/3133 3593/4386/3133
f 3593/4386/3133 3594/4387/3133 1784/2250/3133
f 1784/2250/3133 3594/4387/3133 3595/4388/3133
f 1784/2250/3133 3595/4388/3133 3501/4294/3133
f 3596/4389/3133 3597/4390/3133 3598/4391/3133
f 3598/4391/3133 3597/4390/3133 3599/4392/3133
f 3598/4391/3133 3599/4392/3133 3600/4393/3133
f 3597/4390/3133 3596/4389/3133 3601/4394/3133
f 3601/4394/3133 3596/4389/3133 3602/4395/3133
f 3601/4394/3133 3602/4395/3133 3603/4396/3133
f 3603/4396/3133 3602/4395/3133 3604/4397/3133
f 3603/4396/3133 3604/4397/3133 3605/4398/3133
f 3605/4398/3133 3604/4397/3133 3606/4399/3133
f 3605/4398/3133 3606/4399/3133 3607/4400/3133
f 3607/4400/3133 3606/4399/3133 3608/4401/3133
f 3607/4400/3133 3608/4401/3133 3609/4402/3133
f 3609/4402/3133 3608/4401/3133 3610/4403/3133
f 3609/4402/3133 3610/4403/3133 3611/4404/3133
f 3611/4404/3133 3610/4403/3133 3612/4405/3133
f 3611/4404/3133 3612/4405/3133 3613/4406/3133
f 3613/4406/3133 3612/4405/3133 3614/4407/3133
f 3613/4406/3133 3614/4407/3133 3615/4408/3133
f 3615/4408/3133 3614/4407/3133 3616/4409/3133
f 3615/4408/3133 3616/4409/3133 3617/4410/3133
f 3617/4410/3133 3616/4409/3133 3618/4411/3133
f 3617/4410/3133 3618/4411/3133 3619/4412/3133
f 3619/4412/3133 3618/4411/3133 3620/4413/3133
f 3619/4412/3133 3620/4413/3133 3621/4414/3133
f 3621/4414/3133 3620/4413/3133 3622/4415/3133
f 3621/4414/3133 3622/4415/3133 3623/4416/3133
f 3623/4416/3133 3622/4415/3133 3624/4417/3133
f 3623/4416/3133 3624/4417/3133 3625/4418/3133
f 3625/4418/3133 3624/4417/3133 3626/4419/3133
f 3625/4418/3133 3626/4419/3133 3627/4420/3133
f 3627/4420/3133 3626/4419/3133 3628/4421/3133
f 3627/4420/3133 3628/4421/3133 3629/4422/3133
f 3629/4422/3133 3628/4421/3133 3630/4423/3133
f 3629/4422/3133 3630/4423/3133 3631/4424/3133
f 3631/4424/3133 3630/4423/3133 3632/4425/3133
f 3631/4424/3133 3632/4425/3133 3633/4426/3133
f 3633/4426/3133 3632/4425/3133 3634/4427/3133
f 3633/4426/3133 3634/4427/3133 3635/4428/3133
f 3635/4428/3133 3634/4427/3133 3636/4429/3133
f 3635/4428/3133 3636/4429/3133 3637/4430/3133
f 3637/4430/3133 3638/4431/3133 3635/4428/3133
f 3635/4428/3133 3638/4431/3133 453/4432/3133
f 3635/4428/3133 453/4432/3133 455/4433/3133
f 453/4432/3133 3638/4431/3133 451/4434/3133
f 451/4434/3133 3638/4431/3133 3639/4435/3133
f 451/4434/3133 3639/4435/3133 3640/4436/3133
f 3640/4436/3133 3641/4437/3133 451/4434/3133
f 451/4434/3133 3641/4437/3133 3642/4438/3133
f 451/4434/3133 3642/4438/3133 3643/4439/3133
f 3643/4439/3133 3644/4440/3133 451/4434/3133
f 451/4434/3133 3644/4440/3133 3645/4441/3133
f 451/4434/3133 3645/4441/3133 3646/4442/3133
f 3646/4442/3133 3647/4443/3133 451/4434/3133
f 451/4434/3133 3647/4443/3133 3648/4444/3133
f 451/4434/3133 3648/4444/3133 3649/4445/3133
f 3649/4445/3133 3650/4446/3133 451/4434/3133
f 451/4434/3133 3650/4446/3133 3651/4447/3133
f 451/4434/3133 3651/4447/3133 3652/4448/3133
f 3652/4448/3133 3653/4449/3133 451/4434/3133
f 451/4434/3133 3653/4449/3133 3654/4450/3133
f 451/4434/3133 3654/4450/3133 3532/4325/3133
f 3503/4296/3133 3655/4451/3133 3501/4294/3133
f 3501/4294/3133 3655/4451/3133 2156/2732/3133
f 3501/4294/3133 2156/2732/3133 2159/2738/3133
f 2156/2732/3133 3655/4451/3133 2155/2731/3133
f 2155/2731/3133 3655/4451/3133 3656/4452/3133
f 2155/2731/3133 3656/4452/3133 3657/4453/3133
f 3657/4453/3133 3658/4454/3133 2155/2731/3133
f 2155/2731/3133 3658/4454/3133 3659/4455/3133
f 2155/2731/3133 3659/4455/3133 3660/4456/3133
f 3660/4456/3133 3661/4457/3133 2155/2731/3133
f 2155/2731/3133 3661/4457/3133 3662/4458/3133
f 2155/2731/3133 3662/4458/3133 3663/4459/3133
f 3663/4459/3133 3664/4460/3133 2155/2731/3133
f 2155/2731/3133 3664/4460/3133 3665/4461/3133
f 2155/2731/3133 3665/4461/3133 3666/4462/3133
f 3666/4462/3133 3667/4463/3133 2155/2731/3133
f 2155/2731/3133 3667/4463/3133 3668/4464/3133
f 2155/2731/3133 3668/4464/3133 3669/4465/3133
f 3669/4465/3133 3670/4466/3133 2155/2731/3133
f 2155/2731/3133 3670/4466/3133 3671/4467/3133
f 2155/2731/3135 3671/4467/3135 3598/4391/3135
f 3672/4468/3133 1586/1990/3133 3673/4469/3133
f 3673/4469/3133 1586/1990/3133 1584/1988/3133
f 3673/4469/3133 1584/1988/3133 1580/1984/3133
f 3672/4468/3133 3674/4470/3133 1586/1990/3133
f 1586/1990/3133 3674/4470/3133 3675/4471/3133
f 1586/1990/3133 3675/4471/3133 3676/4472/3133
f 3676/4472/3133 3677/4473/3133 1586/1990/3133
f 1586/1990/3133 3677/4473/3133 3678/4474/3133
f 1586/1990/3133 3678/4474/3133 3679/4475/3133
f 3679/4475/3133 3680/4476/3133 1586/1990/3133
f 1586/1990/3133 3680/4476/3133 3681/4477/3133
f 1586/1990/3133 3681/4477/3133 3682/4478/3133
f 3682/4478/3133 3683/4479/3133 1586/1990/3133
f 1586/1990/3133 3683/4479/3133 1591/1995/3133
f 1591/1995/3133 3683/4479/3133 3684/4480/3133
f 1591/1995/3133 3684/4480/3133 3685/4481/3133
f 1591/1995/3133 3685/4481/3133 1592/1996/3133
f 1592/1996/3133 3685/4481/3133 3686/4482/3133
f 1592/1996/3133 3686/4482/3133 1594/1998/3133
f 1594/1998/3133 3686/4482/3133 3687/4483/3133
f 1594/1998/3133 3687/4483/3133 3688/4484/3133
f 1594/1998/3133 3688/4484/3133 1596/2000/3133
f 1596/2000/3133 3688/4484/3133 3689/4485/3133
f 1596/2000/3133 3689/4485/3133 1597/2001/3133
f 1597/2001/3133 3689/4485/3133 3690/4486/3133
f 1597/2001/3133 3690/4486/3133 1598/2002/3133
f 1598/2002/3133 3690/4486/3133 3691/4487/3133
f 1598/2002/3133 3691/4487/3133 3692/4488/3133
f 1598/2002/3133 3692/4488/3133 1402/1770/3133
f 1402/1770/3133 3692/4488/3133 3693/4489/3133
f 1402/1770/3133 3693/4489/3133 1400/1768/3133
f 1400/1768/3133 3693/4489/3133 3694/4490/3133
f 1400/1768/3133 3694/4490/3133 1399/1767/3133
f 1399/1767/3133 3694/4490/3133 3695/4491/3133
f 1399/1767/3133 3695/4491/3133 1599/2003/3133
f 1599/2003/3133 3695/4491/3133 3696/4492/3133
f 1599/2003/3133 3696/4492/3133 1618/2031/3133
f 1618/2031/3133 3696/4492/3133 3697/4493/3133
f 1618/2031/3133 3697/4493/3133 1616/2029/3133
f 1616/2029/3133 3697/4493/3133 3698/4494/3133
f 1616/2029/3133 3698/4494/3133 1614/2024/3133
f 1614/2024/3133 3698/4494/3133 3699/4495/3133
f 1614/2024/3133 3699/4495/3133 1613/2022/3133
f 1613/2022/3133 3699/4495/3133 3700/4496/3133
f 1613/2022/3133 3700/4496/3133 3701/4497/3133
f 3701/4497/3133 3702/4498/3133 1613/2022/3133
f 1613/2022/3133 3702/4498/3133 3703/4499/3133
f 1613/2022/3133 3703/4499/3133 3704/4500/3133
f 3704/4500/3133 3705/4501/3133 1613/2022/3133
f 1613/2022/3133 3705/4501/3133 3706/4502/3133
f 1613/2022/3133 3706/4502/3133 3707/4503/3133
f 3707/4503/3133 3708/4504/3133 1613/2022/3133
f 1613/2022/3133 3708/4504/3133 3709/4505/3133
f 1613/2022/3133 3709/4505/3133 3635/4428/3133
f 3600/4393/3133 3710/4506/3133 3598/4391/3133
f 3598/4391/3133 3710/4506/3133 2222/2815/3133
f 3598/4391/3133 2222/2815/3133 2220/2808/3133
f 2222/2815/3133 3710/4506/3133 2224/2816/3133
f 2224/2816/3133 3710/4506/3133 3711/4507/3133
f 2224/2816/3133 3711/4507/3133 2226/2823/3133
f 2226/2823/3133 3711/4507/3133 2228/2824/3133
f 2228/2824/3133 3711/4507/3133 3712/4508/3133
f 2228/2824/3133 3712/4508/3133 2230/2826/3133
f 2230/2826/3133 3712/4508/3133 2232/2828/3133
f 2232/2828/3133 3712/4508/3133 3713/4509/3133
f 2232/2828/3133 3713/4509/3133 1547/1944/3133
f 1547/1944/3133 3713/4509/3133 1546/1943/3133
f 1546/1943/3133 3713/4509/3133 3714/4510/3133
f 1546/1943/3133 3714/4510/3133 1544/1941/3133
f 1544/1941/3133 3714/4510/3133 3715/4511/3133
f 1544/1941/3133 3715/4511/3133 1542/1939/3133
f 1542/1939/3133 3715/4511/3133 1540/1937/3133
f 1540/1937/3133 3715/4511/3133 3716/4512/3133
f 1540/1937/3133 3716/4512/3133 1538/1933/3133
f 1538/1933/3133 3716/4512/3133 3717/4513/3133
f 1538/1933/3133 3717/4513/3133 1536/1931/3133
f 1536/1931/3133 3717/4513/3133 3718/4514/3133
f 1536/1931/3133 3718/4514/3133 1534/1925/3133
f 1534/1925/3133 3718/4514/3133 3719/4515/3133
f 1534/1925/3133 3719/4515/3133 1557/1957/3133
f 1557/1957/3133 3719/4515/3133 3720/4516/3133
f 1557/1957/3133 3720/4516/3133 1558/1959/3133
f 1558/1959/3133 3720/4516/3133 3721/4517/3133
f 1558/1959/3133 3721/4517/3133 1559/1961/3133
f 1559/1961/3133 3721/4517/3133 3722/4518/3133
f 1559/1961/3133 3722/4518/3133 1561/1964/3133
f 1561/1964/3133 3722/4518/3133 3723/4519/3133
f 1561/1964/3133 3723/4519/3133 1520/1907/3133
f 1520/1907/3133 3723/4519/3133 3724/4520/3133
f 1520/1907/3133 3724/4520/3133 1518/1905/3133
f 1518/1905/3133 3724/4520/3133 3725/4521/3133
f 1518/1905/3133 3725/4521/3133 1517/1904/3133
f 1517/1904/3133 3725/4521/3133 3726/4522/3133
f 1517/1904/3133 3726/4522/3133 1562/1965/3133
f 1562/1965/3133 3726/4522/3133 3673/4469/3133
f 1562/1965/3133 3673/4469/3133 1563/1966/3133
f 1563/1966/3133 3673/4469/3133 1576/1980/3133
f 1576/1980/3133 3673/4469/3133 1578/1982/3133
f 1578/1982/3133 3673/4469/3133 1579/1983/3133
f 1579/1983/3133 3673/4469/3133 1580/1984/3133
f 461/4523/3133 462/4524/3133 3635/4428/3133
f 3635/4428/3133 462/4524/3133 1629/4525/3133
f 3635/4428/3133 1629/4525/3133 1627/4526/3133
f 1627/4526/3133 1625/4527/3133 3635/4428/3133
f 3635/4428/3133 1625/4527/3133 1623/4528/3133
f 3635/4428/3133 1623/4528/3133 1622/4529/3133
f 1622/4529/3133 1619/4530/3133 3635/4428/3133
f 3635/4428/3133 1619/4530/3133 1613/2022/3133
f 2220/2808/3133 2245/2844/3133 3598/4391/3133
f 3598/4391/3133 2245/2844/3133 2244/2842/3133
f 3598/4391/3133 2244/2842/3133 2243/2840/3133
f 2243/2840/3133 2241/2838/3133 3598/4391/3133
f 3598/4391/3133 2241/2838/3133 2239/2835/3133
f 3598/4391/3133 2239/2835/3133 2237/2833/3133
f 2237/2833/3133 2236/2832/3133 3598/4391/3133
f 3598/4391/3133 2236/2832/3133 2235/2831/3133
f 3598/4391/3133 2235/2831/3133 2202/2784/3133
f 2202/2784/3133 2200/2782/3133 3598/4391/3133
f 3598/4391/3133 2200/2782/3133 2234/2830/3133
f 3598/4391/3133 2234/2830/3133 2196/2778/3133
f 2196/2778/3133 2194/2776/3133 3598/4391/3133
f 3598/4391/3133 2194/2776/3133 2192/2774/3133
f 3598/4391/3133 2192/2774/3133 2190/2772/3133
f 2190/2772/3133 2233/2829/3133 3598/4391/3133
f 3598/4391/3133 2233/2829/3133 2186/2768/3133
f 3598/4391/3133 2186/2768/3133 2184/2766/3133
f 2184/2766/3133 2179/2761/3133 3598/4391/3133
f 3598/4391/3133 2179/2761/3133 2178/2760/3133
f 3598/4391/3133 2178/2760/3133 2177/2759/3133
f 2177/2759/3133 2173/2755/3133 3598/4391/3133
f 3598/4391/3133 2173/2755/3133 2170/2752/3133
f 3598/4391/3133 2170/2752/3133 2169/2751/3133
f 2169/2751/3133 2168/2750/3133 3598/4391/3133
f 3598/4391/3133 2168/2750/3133 2167/2749/3133
f 3598/4391/3133 2167/2749/3133 2166/2748/3133
f 2166/2748/3133 2114/2679/3133 3598/4391/3133
f 3598/4391/3133 2114/2679/3133 2113/2678/3133
f 3598/4391/3133 2113/2678/3133 2155/2731/3133
f 2159/2738/3133 2161/2740/3133 3501/4294/3133
f 3501/4294/3133 2161/2740/3133 2163/2742/3133
f 3501/4294/3133 2163/2742/3133 2165/2744/3133
f 2165/2744/3133 1798/2268/3133 3501/4294/3133
f 3501/4294/3133 1798/2268/3133 1796/2266/3133
f 3501/4294/3133 1796/2266/3133 1794/2264/3133
f 1794/2264/3133 1792/2262/3133 3501/4294/3133
f 3501/4294/3133 1792/2262/3133 1790/2260/3133
f 3501/4294/3133 1790/2260/3133 1788/2254/3133
f 1788/2254/3133 1786/2252/3133 3501/4294/3133
f 3501/4294/3133 1786/2252/3133 1784/2250/3133
f 526/647/3133 1804/2274/3133 528/649/3133
f 528/649/3133 1804/2274/3133 1802/2272/3133
f 528/649/3133 1802/2272/3133 530/651/3133
f 530/651/3133 1802/2272/3133 1800/2270/3133
f 530/651/3133 1800/2270/3133 532/653/3133
f 532/653/3133 1800/2270/3133 1734/2190/3133
f 532/653/3133 1734/2190/3133 564/698/3133
f 564/698/3133 1734/2190/3133 1727/2181/3133
f 564/698/3133 1727/2181/3133 536/657/3133
f 536/657/3133 1727/2181/3133 1718/2168/3133
f 536/657/3133 1718/2168/3133 538/659/3133
f 538/659/3133 1718/2168/3133 1712/2159/3133
f 538/659/3133 1712/2159/3133 565/699/3133
f 565/699/3133 1712/2159/3133 1711/2158/3133
f 565/699/3133 1711/2158/3133 566/700/3133
f 566/700/3133 1711/2158/3133 1709/2156/3133
f 566/700/3133 1709/2156/3133 567/701/3133
f 567/701/3133 1709/2156/3133 1707/2154/3133
f 567/701/3133 1707/2154/3133 569/703/3133
f 569/703/3133 1707/2154/3133 1705/2152/3133
f 569/703/3133 1705/2152/3133 571/706/3133
f 571/706/3133 1705/2152/3133 1717/2167/3133
f 571/706/3133 1717/2167/3133 573/708/3133
f 573/708/3133 1717/2167/3133 1715/2164/3133
f 573/708/3133 1715/2164/3133 574/710/3133
f 574/710/3133 1715/2164/3133 1714/2162/3133
f 574/710/3133 1714/2162/3133 575/712/3133
f 575/712/3133 1714/2162/3133 1713/2160/3133
f 575/712/3133 1713/2160/3133 553/683/3133
f 553/683/3133 1713/2160/3133 1695/2134/3133
f 553/683/3133 1695/2134/3133 555/685/3133
f 555/685/3133 1695/2134/3133 1694/2132/3133
f 555/685/3133 1694/2132/3133 557/687/3133
f 557/687/3133 1694/2132/3133 1693/2130/3133
f 557/687/3133 1693/2130/3133 558/689/3133
f 558/689/3133 1693/2130/3133 1691/2128/3133
f 558/689/3133 1691/2128/3133 559/691/3133
f 559/691/3133 1691/2128/3133 1690/2126/3133
f 559/691/3133 1690/2126/3133 561/693/3133
f 561/693/3133 1690/2126/3133 1688/2124/3133
f 561/693/3133 1688/2124/3133 562/695/3133
f 562/695/3133 1688/2124/3133 1686/2122/3133
f 562/695/3133 1686/2122/3133 3861/696/3133
f 503/618/3133 502/617/3133 3532/4325/3133
f 3532/4325/3133 502/617/3133 501/614/3133
f 3532/4325/3133 501/614/3133 449/613/3133
f 449/613/3133 451/4434/3133 3532/4325/3133
f 455/4433/3133 457/4531/3133 3635/4428/3133
f 3635/4428/3133 457/4531/3133 459/4532/3133
f 3635/4428/3133 459/4532/3133 461/4523/3133
f 3727/4533/3136 161/192/3136 3728/4534/3136
f 3728/4534/3136 161/192/3136 1255/1581/3136
f 3728/4534/3136 1255/1581/3136 1252/1577/3136
f 3727/4533/3136 3729/4535/3136 161/192/3136
f 161/192/3136 3729/4535/3136 3730/4536/3136
f 161/192/3136 3730/4536/3136 3731/4537/3136
f 3731/4537/3136 3732/4538/3136 161/192/3136
f 161/192/3136 3732/4538/3136 3733/4539/3136
f 161/192/3136 3733/4539/3136 172/205/3136
f 172/205/3136 3733/4539/3136 183/220/3136
f 183/220/3136 3733/4539/3136 3734/4540/3136
f 183/220/3136 3734/4540/3136 193/232/3136
f 193/232/3136 3734/4540/3136 203/246/3136
f 203/246/3136 3734/4540/3136 3735/4541/3136
f 203/246/3136 3735/4541/3136 205/248/3136
f 205/248/3136 3735/4541/3136 207/250/3136
f 207/250/3136 3735/4541/3136 3736/4542/3136
f 207/250/3136 3736/4542/3136 209/252/3136
f 209/252/3136 3736/4542/3136 211/254/3136
f 211/254/3136 3736/4542/3136 213/256/3136
f 213/256/3136 3736/4542/3136 3737/4543/3136
f 213/256/3136 3737/4543/3136 58/65/3136
f 58/65/3136 3737/4543/3136 59/66/3136
f 59/66/3136 3737/4543/3136 3738/4544/3136
f 59/66/3136 3738/4544/3136 216/259/3136
f 216/259/3136 3738/4544/3136 218/261/3136
f 218/261/3136 3738/4544/3136 3739/4545/3136
f 218/261/3136 3739/4545/3136 220/263/3136
f 220/263/3136 3739/4545/3136 260/317/3136
f 260/317/3136 3739/4545/3136 3740/4546/3136
f 260/317/3136 3740/4546/3136 263/321/3136
f 263/321/3136 3740/4546/3136 266/325/3136
f 266/325/3136 3740/4546/3136 268/328/3136
f 268/328/3136 3740/4546/3136 3741/4547/3136
f 268/328/3136 3741/4547/3136 237/284/3136
f 237/284/3136 3741/4547/3136 239/286/3136
f 239/286/3136 3741/4547/3136 3742/4548/3136
f 239/286/3136 3742/4548/3136 241/288/3136
f 241/288/3136 3742/4548/3136 243/290/3136
f 243/290/3136 3742/4548/3136 3743/4549/3136
f 243/290/3136 3743/4549/3136 245/292/3136
f 245/292/3136 3743/4549/3136 247/298/3136
f 247/298/3136 3743/4549/3136 3744/4550/3136
f 247/298/3136 3744/4550/3136 249/300/3136
f 249/300/3136 3744/4550/3136 251/306/3136
f 251/306/3136 3744/4550/3136 253/308/3136
f 253/308/3136 3744/4550/3136 3745/4551/3136
f 253/308/3136 3745/4551/3136 255/4552/3136
f 255/4552/3136 3745/4551/3136 257/4553/3136
f 257/4553/3136 3745/4551/3136 3746/4554/3136
f 257/4553/3136 3746/4554/3136 259/4555/3136
f 259/4555/3136 3746/4554/3136 1339/4556/3136
f 1339/4556/3136 3746/4554/3136 3747/4557/3136
f 1339/4556/3136 3747/4557/3136 1342/4558/3136
f 1342/4558/3136 3747/4557/3136 1344/1699/3136
f 1344/1699/3136 3747/4557/3136 3748/4559/3136
f 1344/1699/3136 3748/4559/3136 1346/1700/3136
f 1346/1700/3136 3748/4559/3136 1348/1707/3136
f 1348/1707/3136 3748/4559/3136 1350/1708/3136
f 1350/1708/3136 3748/4559/3136 3749/4560/3136
f 1350/1708/3136 3749/4560/3136 3750/4561/3136
f 3750/4561/3136 3751/4562/3136 1350/1708/3136
f 1350/1708/3136 3751/4562/3136 3752/4563/3136
f 1350/1708/3136 3752/4563/3136 3753/4564/3136
f 3753/4564/3136 3754/4565/3136 1350/1708/3136
f 1350/1708/3136 3754/4565/3136 3755/4566/3136
f 1350/1708/3136 3755/4566/3136 3756/4567/3136
f 3756/4567/3136 3757/4568/3136 1350/1708/3136
f 1350/1708/3136 3757/4568/3136 3758/4569/3136
f 1350/1708/3136 3758/4569/3136 3759/4570/3136
f 3759/4570/3136 3760/4571/3136 1350/1708/3136
f 1350/1708/3136 3760/4571/3136 3761/4572/3136
f 1350/1708/3136 3761/4572/3136 3762/4573/3136
f 3762/4573/3136 3763/4574/3136 1350/1708/3136
f 1350/1708/3136 3763/4574/3136 3764/4575/3136
f 1350/1708/3136 3764/4575/3136 3765/4576/3136
f 3766/4577/3136 2231/4578/3136 3765/4576/3136
f 3765/4576/3136 2231/4578/3136 1547/4579/3136
f 3765/4576/3136 1547/4579/3136 1545/4580/3136
f 3767/4581/3136 2227/2821/3136 3766/4577/3136
f 3766/4577/3136 2227/2821/3136 2229/4582/3136
f 3766/4577/3136 2229/4582/3136 2231/4578/3136
f 3768/4583/3136 2221/2810/3136 3767/4581/3136
f 3767/4581/3136 2221/2810/3136 2223/2813/3136
f 3767/4581/3136 2223/2813/3136 2225/2818/3136
f 3769/4584/3136 2217/2803/3136 3768/4583/3136
f 3768/4583/3136 2217/2803/3136 2219/2805/3136
f 3768/4583/3136 2219/2805/3136 2221/2810/3136
f 3770/4585/3136 2213/2799/3136 3769/4584/3136
f 3769/4584/3136 2213/2799/3136 2215/2801/3136
f 3769/4584/3136 2215/2801/3136 2217/2803/3136
f 3771/4586/3136 2246/2845/3136 3770/4585/3136
f 3770/4585/3136 2246/2845/3136 2211/2797/3136
f 3770/4585/3136 2211/2797/3136 2213/2799/3136
f 3772/4587/3136 2277/2881/3136 3771/4586/3136
f 3771/4586/3136 2277/2881/3136 2268/2869/3136
f 3771/4586/3136 2268/2869/3136 2258/2858/3136
f 3773/4588/3136 2293/2901/3136 3772/4587/3136
f 3772/4587/3136 2293/2901/3136 2285/2890/3136
f 3772/4587/3136 2285/2890/3136 2277/2881/3136
f 3774/4589/3136 2297/2905/3136 3773/4588/3136
f 3773/4588/3136 2297/2905/3136 2295/2903/3136
f 3773/4588/3136 2295/2903/3136 2293/2901/3136
f 3775/4590/3136 2074/2633/3136 3774/4589/3136
f 3774/4589/3136 2074/2633/3136 2301/2909/3136
f 3774/4589/3136 2301/2909/3136 2299/2907/3136
f 3776/4591/3136 2302/2910/3136 3775/4590/3136
f 3775/4590/3136 2302/2910/3136 2073/2632/3136
f 3775/4590/3136 2073/2632/3136 2074/2633/3136
f 3777/4592/3136 2311/2921/3136 3776/4591/3136
f 3776/4591/3136 2311/2921/3136 2307/2916/3136
f 3776/4591/3136 2307/2916/3136 2302/2910/3136
f 3778/4593/3136 2060/2617/3136 3777/4592/3136
f 3777/4592/3136 2060/2617/3136 2314/2925/3136
f 3777/4592/3136 2314/2925/3136 2311/2921/3136
f 3779/4594/3136 2317/2928/3136 3778/4593/3136
f 3778/4593/3136 2317/2928/3136 2052/2608/3136
f 3778/4593/3136 2052/2608/3136 2051/2607/3136
f 3780/4595/3136 2022/2571/3136 3779/4594/3136
f 3779/4594/3136 2022/2571/3136 2024/2573/3136
f 3779/4594/3136 2024/2573/3136 2317/2928/3136
f 3781/4596/3136 2018/2567/3136 3780/4595/3136
f 3780/4595/3136 2018/2567/3136 2020/2569/3136
f 3780/4595/3136 2020/2569/3136 2022/2571/3136
f 3782/4597/3136 2014/2559/3136 3781/4596/3136
f 3781/4596/3136 2014/2559/3136 2016/2565/3136
f 3781/4596/3136 2016/2565/3136 2018/2567/3136
f 3783/4598/3136 2008/2549/3136 3782/4597/3136
f 3782/4597/3136 2008/2549/3136 2010/2551/3136
f 3782/4597/3136 2010/2551/3136 2012/2557/3136
f 3784/4599/3136 2004/4600/3136 3783/4598/3136
f 3783/4598/3136 2004/4600/3136 2006/4601/3136
f 3783/4598/3136 2006/4601/3136 2008/2549/3136
f 3785/4602/3136 1123/4603/3136 3784/4599/3136
f 3784/4599/3136 1123/4603/3136 1125/4604/3136
f 3784/4599/3136 1125/4604/3136 2004/4600/3136
f 3786/4605/3136 1119/1414/3136 3785/4602/3136
f 3785/4602/3136 1119/1414/3136 1121/4606/3136
f 3785/4602/3136 1121/4606/3136 1123/4603/3136
f 3787/4607/3136 1113/1403/3136 3786/4605/3136
f 3786/4605/3136 1113/1403/3136 1115/1406/3136
f 3786/4605/3136 1115/1406/3136 1117/1411/3136
f 3787/4607/3136 3788/4608/3136 1113/1403/3136
f 1113/1403/3136 3788/4608/3136 3789/4609/3136
f 1113/1403/3136 3789/4609/3136 3790/4610/3136
f 3790/4610/3136 3791/4611/3136 1113/1403/3136
f 1113/1403/3136 3791/4611/3136 3792/4612/3136
f 1113/1403/3136 3792/4612/3136 3793/4613/3136
f 3793/4613/3136 3794/4614/3136 1113/1403/3136
f 1113/1403/3136 3794/4614/3136 3795/4615/3136
f 1113/1403/3136 3795/4615/3136 3796/4616/3136
f 3796/4616/3136 3797/4617/3136 1113/1403/3136
f 1113/1403/3136 3797/4617/3136 3798/4618/3136
f 1113/1403/3136 3798/4618/3136 3799/4619/3136
f 3799/4619/3136 3800/4620/3136 1113/1403/3136
f 1113/1403/3136 3800/4620/3136 3801/4621/3136
f 1113/1403/3136 3801/4621/3136 3802/4622/3136
f 3802/4622/3136 3728/4534/3136 1113/1403/3136
f 1113/1403/3136 3728/4534/3136 1111/1398/3136
f 1111/1398/3136 3728/4534/3136 1109/1396/3136
f 1109/1396/3136 3728/4534/3136 1107/1394/3136
f 1107/1394/3136 3728/4534/3136 1105/1392/3136
f 1105/1392/3136 3728/4534/3136 1103/1390/3136
f 1103/1390/3136 3728/4534/3136 1139/1439/3136
f 1139/1439/3136 3728/4534/3136 1151/1452/3136
f 1151/1452/3136 3728/4534/3136 1162/1464/3136
f 1162/1464/3136 3728/4534/3136 1173/1479/3136
f 1173/1479/3136 3728/4534/3136 1183/1491/3136
f 1183/1491/3136 3728/4534/3136 1193/1505/3136
f 1193/1505/3136 3728/4534/3136 1195/1507/3136
f 1195/1507/3136 3728/4534/3136 1197/1509/3136
f 1197/1509/3136 3728/4534/3136 1199/1511/3136
f 1199/1511/3136 3728/4534/3136 1201/1513/3136
f 1201/1513/3136 3728/4534/3136 1203/1515/3136
f 1203/1515/3136 3728/4534/3136 1048/1325/3136
f 1048/1325/3136 3728/4534/3136 1049/1326/3136
f 1049/1326/3136 3728/4534/3136 1206/1518/3136
f 1206/1518/3136 3728/4534/3136 1208/1520/3136
f 1208/1520/3136 3728/4534/3136 1210/1522/3136
f 1210/1522/3136 3728/4534/3136 1249/1573/3136
f 1249/1573/3136 3728/4534/3136 1252/1577/3136
f 135/160/3136 1247/1571/3136 133/157/3136
f 133/157/3136 1247/1571/3136 131/152/3136
f 131/152/3136 1247/1571/3136 1245/1565/3136
f 131/152/3136 1245/1565/3136 129/150/3136
f 129/150/3136 1245/1565/3136 1243/1563/3136
f 129/150/3136 1243/1563/3136 127/147/3136
f 127/147/3136 1243/1563/3136 1241/1561/3136
f 127/147/3136 1241/1561/3136 125/142/3136
f 125/142/3136 1241/1561/3136 1239/1555/3136
f 125/142/3136 1239/1555/3136 123/140/3136
f 123/140/3136 1239/1555/3136 1237/1553/3136
f 123/140/3136 1237/1553/3136 121/138/3136
f 121/138/3136 1237/1553/3136 1235/1551/3136
f 121/138/3136 1235/1551/3136 119/136/3136
f 119/136/3136 1235/1551/3136 1233/1549/3136
f 119/136/3136 1233/1549/3136 117/134/3136
f 117/134/3136 1233/1549/3136 1231/1547/3136
f 117/134/3136 1231/1547/3136 115/132/3136
f 115/132/3136 1231/1547/3136 1229/1545/3136
f 115/132/3136 1229/1545/3136 113/130/3136
f 113/130/3136 1229/1545/3136 1227/1543/3136
f 113/130/3136 1227/1543/3136 149/179/3136
f 149/179/3136 1227/1543/3136 1257/1584/3136
f 149/179/3136 1257/1584/3136 161/192/3136
f 161/192/3136 1257/1584/3136 1255/1581/3136
f 1117/1411/3136 1119/1414/3136 3786/4605/3136
f 2012/2557/3136 2014/2559/3136 3782/4597/3136
f 2051/2607/3136 2060/2617/3136 3778/4593/3136
f 2299/2907/3136 2297/2905/3136 3774/4589/3136
f 2258/2858/3136 2246/2845/3136 3771/4586/3136
f 2225/2818/3136 2227/2821/3136 3767/4581/3136
f 1545/4580/3136 1543/4623/3136 3765/4576/3136
f 3765/4576/3136 1543/4623/3136 1541/1936/3136
f 3765/4576/3136 1541/1936/3136 1539/1935/3136
f 1539/1935/3136 1537/1930/3136 3765/4576/3136
f 3765/4576/3136 1537/1930/3136 1535/1928/3136
f 3765/4576/3136 1535/1928/3136 1533/1922/3136
f 1533/1922/3136 1531/1920/3136 3765/4576/3136
f 3765/4576/3136 1531/1920/3136 1529/1918/3136
f 3765/4576/3136 1529/1918/3136 1527/1916/3136
f 1527/1916/3136 1525/1914/3136 3765/4576/3136
f 3765/4576/3136 1525/1914/3136 1556/1956/3136
f 3765/4576/3136 1556/1956/3136 1554/1953/3136
f 1554/1953/3136 1551/1949/3136 3765/4576/3136
f 3765/4576/3136 1551/1949/3136 1548/1945/3136
f 3765/4576/3136 1548/1945/3136 1508/1893/3136
f 1508/1893/3136 1506/1891/3136 3765/4576/3136
f 3765/4576/3136 1506/1891/3136 1504/1889/3136
f 3765/4576/3136 1504/1889/3136 1430/1800/3136
f 1430/1800/3136 1429/1799/3136 3765/4576/3136
f 3765/4576/3136 1429/1799/3136 1501/1886/3136
f 3765/4576/3136 1501/1886/3136 1499/1884/3136
f 1499/1884/3136 1497/1882/3136 3765/4576/3136
f 3765/4576/3136 1497/1882/3136 1495/1880/3136
f 3765/4576/3136 1495/1880/3136 1493/1878/3136
f 1493/1878/3136 1491/1876/3136 3765/4576/3136
f 3765/4576/3136 1491/1876/3136 1481/1862/3136
f 3765/4576/3136 1481/1862/3136 1471/1850/3136
f 1471/1850/3136 1460/1835/3136 3765/4576/3136
f 3765/4576/3136 1460/1835/3136 1448/1821/3136
f 3765/4576/3136 1448/1821/3136 1431/1801/3136
f 1431/1801/3136 1360/1722/3136 3765/4576/3136
f 3765/4576/3136 1360/1722/3136 1358/1720/3136
f 3765/4576/3136 1358/1720/3136 1356/1718/3136
f 1356/1718/3136 1354/1716/3136 3765/4576/3136
f 3765/4576/3136 1354/1716/3136 1352/1715/3136
f 3765/4576/3136 1352/1715/3136 1350/1708/3136
f 2867/3616/3127 2866/3613/3127 2864/3611/3127 2862/3609/3127 2860/3607/3127 2858/3605/3127 2856/3603/3127 2854/3601/3127 2852/3599/3127 2850/3597/3127 2848/3595/3127 2846/3593/3127 2844/3591/3127 2842/3589/3127 2840/3587/3127 2838/3585/3127 2836/3583/3127 2834/3581/3127 2832/3579/3127 2830/3577/3127 2828/3575/3127 2826/3573/3127 2824/3571/3127 2822/3569/3127 2820/3567/3127 2818/3565/3127 2816/3563/3127 2882/3632/3127 2884/3634/3127 2886/3636/3127 2888/3638/3127 3087/3873/3127 3086/3870/3127 3085/3868/3127 3084/3866/3127 3083/3864/3127 3082/3863/3127 3081/3862/3127 3080/3861/3127 3079/3860/3127 3078/3859/3127 3077/3858/3127 3076/3857/3127 3075/3856/3127 3074/3855/3127 3073/3854/3127 3072/3853/3127 3071/3852/3127 3070/3851/3127 3069/3850/3127 3068/3849/3127 3067/3848/3127 3066/3847/3127 3065/3846/3127 3064/3845/3127 3063/3844/3127 3062/3843/3127 3061/3842/3127 3060/3841/3127 3059/3840/3127 3058/3839/3127 3057/3838/3127 2881/3631/3127 2880/3630/3127 2879/3629/3127 2878/3628/3127 2877/3627/3127 2876/3626/3127 2875/3625/3127 2874/3624/3127 2873/3623/3127 2872/3622/3127 2871/3621/3127 2870/3620/3127 2869/3619/3127 2868/3617/3127
f 2845/3592/3127 2847/3594/3127 2849/3596/3127 2851/3598/3127 2853/3600/3127 2855/3602/3127 2857/3604/3127 2859/3606/3127 2861/3608/3127 2863/3610/3127 2865/3612/3127 3102/3890/3127 3101/3889/3127 3100/3887/3127 3099/3886/3127 3098/3885/3127 3097/3884/3127 3096/3883/3127 3095/3882/3127 3094/3881/3127 3093/3880/3127 3092/3879/3127 3091/3878/3127 3090/3877/3127 3089/3876/3127 3088/3875/3127 3118/3907/3127 3117/3906/3127 3116/3905/3127 3115/3904/3127 3114/3903/3127 3113/3902/3127 3112/3901/3127 3111/3900/3127 3110/3899/3127 3109/3898/3127 3108/3897/3127 3107/3896/3127 3106/3895/3127 3105/3894/3127 3104/3893/3127 3103/3892/3127 3049/3830/3127 3048/3829/3127 3047/3828/3127 3046/3827/3127 3045/3826/3127 3044/3825/3127 3043/3824/3127 3042/3823/3127 3041/3822/3127 3040/3821/3127 3039/3820/3127 3038/3818/3127 3037/3816/3127 3036/3813/3127 3035/3811/3127 3034/3809/3127 3050/3831/3127 3052/3833/3127 3054/3835/3127 3056/3837/3127 2975/3741/3127 2977/3743/3127 2979/3745/3127 2981/3747/3127 2983/3749/3127 2985/3751/3127 2987/3753/3127 2989/3755/3127 2972/3738/3127 2971/3737/3127 2837/3584/3127 2839/3586/3127 2841/3588/3127 2843/3590/3127
f 2939/3704/3127 2938/3702/3127 2937/3700/3127 2942/3708/3127 2944/3710/3127 2946/3712/3127 2948/3714/3127 2950/3716/3127 2952/3718/3127 2954/3720/3127 2956/3722/3127 2958/3724/3127 2960/3726/3127 2962/3728/3127 2964/3730/3127 2966/3732/3127 2968/3734/3127 2970/3736/3127 2990/3756/3127 2988/3754/3127 2986/3752/3127 2984/3750/3127 2982/3748/3127 2980/3746/3127 2978/3744/3127 2976/3742/3127 2974/3740/3127 2973/3739/3127 3055/3836/3127 3053/3834/3127 3051/3832/3127 3033/3807/3127 3032/3805/3127 3031/3802/3127 3030/3800/3127 3029/3798/3127 3028/3796/3127 3027/3795/3127 3026/3794/3127 3025/3793/3127 3024/3792/3127 3023/3791/3127 3022/3790/3127 3021/3789/3127 3020/3788/3127 3019/3787/3127 3018/3786/3127 3017/3785/3127 3016/3784/3127 3015/3783/3127 3014/3782/3127 3013/3781/3127 3012/3780/3127 3011/3779/3127 3010/3778/3127 3009/3777/3127 3008/3776/3127 3007/3775/3127 3006/3774/3127 3005/3773/3127 3004/3772/3127 3003/3771/3127 3002/3770/3127 3001/3769/3127 3000/3768/3127 2999/3767/3127 2998/3766/3127 2997/3763/3127 2996/3762/3127 2995/3761/3127 2994/3760/3127 2993/3759/3127 2992/3758/3127 2991/3757/3127 2941/3707/3127 2940/3706/3127
f 2821/3568/3127 2823/3570/3127 2825/3572/3127 2827/3574/3127 2829/3576/3127 2831/3578/3127 2833/3580/3127 2835/3582/3127 2969/3735/3127 2967/3733/3127 2965/3731/3127 2963/3729/3127 2961/3727/3127 2959/3725/3127 2957/3723/3127 2955/3721/3127 2953/3719/3127 2951/3717/3127 2949/3715/3127 2947/3713/3127 2945/3711/3127 2943/3709/3127 2936/3699/3127 2935/3697/3127 2934/3694/3127 2933/3692/3127 2932/3690/3127 2931/3688/3127 2930/3687/3127 2929/3686/3127 2928/3685/3127 2927/3684/3127 2926/3683/3127 2925/3682/3127 2924/3681/3127 2923/3680/3127 2922/3679/3127 2921/3678/3127 2920/3677/3127 2919/3676/3127 2918/3675/3127 2917/3674/3127 2916/3673/3127 2915/3672/3127 2914/3671/3127 2913/3670/3127 2912/3669/3127 2911/3668/3127 2910/3667/3127 2909/3666/3127 2908/3665/3127 2907/3664/3127 2906/3663/3127 2905/3662/3127 2904/3661/3127 2903/3660/3127 2902/3659/3127 2901/3658/3127 2900/3657/3127 2899/3656/3127 2898/3655/3127 2897/3654/3127 2896/3653/3127 2895/3652/3127 2894/3651/3127 2893/3649/3127 2892/3647/3127 2891/3644/3127 2890/3642/3127 2889/3639/3127 2887/3637/3127 2885/3635/3127 2883/3633/3127 2815/3562/3127 2817/3564/3127 2819/3566/3127
f 3299/4092/3128 3298/4091/3128 3297/4090/3128 3296/4089/3128 3295/4088/3128 3294/4087/3128 3293/4086/3128 3292/4085/3128 3395/4188/3128 3394/4187/3128 3393/4186/3128 3392/4185/3128 3391/4184/3128 3390/4183/3128 3389/4182/3128 3388/4181/3128 3387/4180/3128 3386/4179/3128 3385/4178/3128 3384/4177/3128 3383/4176/3128 3381/4174/3128 3379/4172/3128 3377/4170/3128 3375/4168/3128 3372/4165/3128 3370/4163/3128 3368/4161/3128 3366/4159/3128 3364/4157/3128 3362/4155/3128 3360/4153/3128 3358/4151/3128 3356/4149/3128 3354/4147/3128 3352/4145/3128 3350/4143/3128 3348/4141/3128 3346/4139/3128 3344/4137/3128 3342/4135/3128 3340/4133/3128 3338/4131/3128 3336/4129/3128 3334/4127/3128 3332/4125/3128 3329/4122/3128 3328/4121/3128 3327/4120/3128 3326/4119/3128 3325/4118/3128 3324/4117/3128 3323/4116/3128 3322/4115/3128 3321/4114/3128 3320/4113/3128 3319/4112/3128 3318/4111/3128 3317/4110/3128 3316/4109/3128 3315/4108/3128 3314/4107/3128 3313/4106/3128 3312/4105/3128 3311/4104/3128 3310/4103/3128 3309/4102/3128 3308/4101/3128 3307/4100/3128 3306/4099/3128 3305/4098/3128 3304/4097/3128 3303/4096/3128 3302/4095/3128 3301/4094/3128 3300/4093/3128
f 3421/4214/3128 3432/4225/3128 3433/4226/3128 3434/4227/3128 3435/4228/3128 3436/4229/3128 3437/4230/3128 3438/4231/3128 3439/4232/3128 3440/4233/3128 3441/4234/3128 3443/4236/3128 3445/4238/3128 3447/4240/3128 3373/4166/3128 3374/4167/3128 3376/4169/3128 3378/4171/3128 3380/4173/3128 3382/4175/3128 3462/4255/3128 3461/4254/3128 3460/4253/3128 3459/4252/3128 3458/4251/3128 3457/4250/3128 3456/4249/3128 3455/4248/3128 3454/4247/3128 3453/4246/3128 3452/4245/3128 3451/4244/3128 3450/4243/3128 3449/4242/3128 3448/4241/3128 3498/4291/3128 3497/4290/3128 3496/4289/3128 3495/4288/3128 3494/4287/3128 3493/4286/3128 3492/4285/3128 3491/4284/3128 3490/4283/3128 3489/4282/3128 3488/4281/3128 3487/4280/3128 3486/4279/3128 3485/4278/3128 3484/4277/3128 3483/4276/3128 3482/4275/3128 3481/4274/3128 3480/4273/3128 3479/4272/3128 3478/4271/3128 3477/4270/3128 3476/4269/3128 3475/4268/3128 3474/4267/3128 3473/4266/3128 3472/4265/3128 3471/4264/3128 3470/4263/3128 3469/4262/3128 3468/4261/3128 3467/4260/3128 3466/4259/3128 3465/4258/3128 3464/4257/3128 3463/4256/3128 3221/4014/3128 3413/4206/3128 3415/4208/3128 3417/4210/3128 3419/4212/3128
f 3147/3937/3128 3145/3935/3128 3143/3933/3128 3141/3931/3128 3260/4053/3128 3258/4051/3128 3256/4049/3128 3254/4047/3128 3252/4045/3128 3250/4043/3128 3248/4041/3128 3246/4039/3128 3244/4037/3128 3242/4035/3128 3240/4033/3128 3238/4031/3128 3236/4029/3128 3234/4027/3128 3232/4025/3128 3230/4023/3128 3228/4021/3128 3218/4011/3128 3220/4013/3128 3222/4015/3128 3223/4016/3128 3224/4017/3128 3225/4018/3128 3226/4019/3128 3291/4084/3128 3290/4083/3128 3289/4082/3128 3288/4081/3128 3287/4080/3128 3286/4079/3128 3285/4078/3128 3284/4077/3128 3283/4076/3128 3282/4075/3128 3281/4074/3128 3280/4073/3128 3279/4072/3128 3278/4071/3128 3277/4070/3128 3276/4069/3128 3275/4068/3128 3274/4067/3128 3273/4066/3128 3272/4065/3128 3271/4064/3128 3270/4063/3128 3269/4062/3128 3268/4061/3128 3267/4060/3128 3266/4059/3128 3265/4058/3128 3264/4057/3128 3263/4056/3128 3262/4055/3128 3181/3973/3128 3180/3972/3128 3179/3969/3128 3177/3967/3128 3175/3965/3128 3173/3963/3128 3171/3961/3128 3169/3959/3128 3167/3957/3128 3165/3955/3128 3163/3953/3128 3161/3951/3128 3159/3949/3128 3157/3947/3128 3155/3945/3128 3153/3943/3128 3151/3941/3128 3149/3939/3128
f 3219/4012/3128 3227/4020/3128 3229/4022/3128 3231/4024/3128 3233/4026/3128 3235/4028/3128 3237/4030/3128 3239/4032/3128 3241/4034/3128 3243/4036/3128 3245/4038/3128 3247/4040/3128 3249/4042/3128 3251/4044/3128 3253/4046/3128 3255/4048/3128 3257/4050/3128 3259/4052/3128 3261/4054/3128 3121/3911/3128 3411/4204/3128 3410/4203/3128 3409/4202/3128 3408/4201/3128 3407/4200/3128 3406/4199/3128 3405/4198/3128 3404/4197/3128 3403/4196/3128 3402/4195/3128 3401/4194/3128 3400/4193/3128 3399/4192/3128 3398/4191/3128 3397/4190/3128 3396/4189/3128 3330/4123/3128 3331/4124/3128 3333/4126/3128 3335/4128/3128 3337/4130/3128 3339/4132/3128 3341/4134/3128 3343/4136/3128 3345/4138/3128 3347/4140/3128 3349/4142/3128 3351/4144/3128 3353/4146/3128 3355/4148/3128 3357/4150/3128 3359/4152/3128 3361/4154/3128 3363/4156/3128 3365/4158/3128 3367/4160/3128 3369/4162/3128 3371/4164/3128 3446/4239/3128 3444/4237/3128 3442/4235/3128 3431/4224/3128 3430/4223/3128 3429/4222/3128 3428/4221/3128 3427/4220/3128 3426/4219/3128 3425/4218/3128 3424/4217/3128 3423/4216/3128 3422/4215/3128 3420/4213/3128 3418/4211/3128 3416/4209/3128 3414/4207/3128 3412/4205/3128
f 3124/3914/3128 3125/3915/3128 3126/3916/3128 3127/3917/3128 3128/3918/3128 3129/3919/3128 3130/3920/3128 3131/3921/3128 3132/3922/3128 3133/3923/3128 3134/3924/3128 3135/3925/3128 3136/3926/3128 3137/3927/3128 3138/3928/3128 3139/3929/3128 3140/3930/3128 3142/3932/3128 3144/3934/3128 3146/3936/3128 3148/3938/3128 3150/3940/3128 3152/3942/3128 3154/3944/3128 3156/3946/3128 3158/3948/3128 3160/3950/3128 3162/3952/3128 3164/3954/3128 3166/3956/3128 3168/3958/3128 3170/3960/3128 3172/3962/3128 3174/3964/3128 3176/3966/3128 3178/3968/3128 3217/4009/3128 3216/4008/3128 3215/4007/3128 3214/4006/3128 3213/4005/3128 3212/4004/3128 3211/4003/3128 3210/4002/3128 3209/4001/3128 3208/4000/3128 3207/3999/3128 3206/3998/3128 3205/3997/3128 3204/3996/3128 3203/3995/3128 3202/3994/3128 3201/3993/3128 3200/3992/3128 3199/3991/3128 3198/3990/3128 3197/3989/3128 3196/3988/3128 3195/3987/3128 3194/3986/3128 3193/3985/3128 3192/3984/3128 3191/3983/3128 3190/3982/3128 3189/3981/3128 3188/3980/3128 3187/3979/3128 3186/3978/3128 3185/3977/3128 3184/3976/3128 3183/3975/3128 3182/3974/3128 3119/3909/3128 3120/3910/3128 3122/3912/3128 3123/3913/3128
f 3605/4398/3133 3607/4400/3133 3609/4402/3133 3611/4404/3133 3613/4406/3133 3615/4408/3133 3617/4410/3133 3619/4412/3133 3621/4414/3133 3623/4416/3133 3625/4418/3133 3627/4420/3133 3629/4422/3133 3631/4424/3133 3633/4426/3133 3635/4428/3133 3709/4505/3133 3708/4504/3133 3707/4503/3133 3706/4502/3133 3705/4501/3133 3704/4500/3133 3703/4499/3133 3702/4498/3133 3701/4497/3133 3700/4496/3133 3699/4495/3133 3698/4494/3133 3697/4493/3133 3696/4492/3133 3695/4491/3133 3694/4490/3133 3693/4489/3133 3692/4488/3133 3691/4487/3133 3690/4486/3133 3689/4485/3133 3688/4484/3133 3687/4483/3133 3686/4482/3133 3685/4481/3133 3684/4480/3133 3683/4479/3133 3682/4478/3133 3681/4477/3133 3680/4476/3133 3679/4475/3133 3678/4474/3133 3677/4473/3133 3676/4472/3133 3675/4471/3133 3674/4470/3133 3672/4468/3133 3673/4469/3133 3726/4522/3133 3725/4521/3133 3724/4520/3133 3723/4519/3133 3722/4518/3133 3721/4517/3133 3720/4516/3133 3719/4515/3133 3718/4514/3133 3717/4513/3133 3716/4512/3133 3715/4511/3133 3714/4510/3133 3713/4509/3133 3712/4508/3133 3711/4507/3133 3710/4506/3133 3600/4393/3133 3599/4392/3133 3597/4390/3133 3601/4394/3133 3603/4396/3133
f 3531/4324/3133 3532/4325/3133 3654/4450/3133 3653/4449/3133 3652/4448/3133 3651/4447/3133 3650/4446/3133 3649/4445/3133 3648/4444/3133 3647/4443/3133 3646/4442/3133 3645/4441/3133 3644/4440/3133 3643/4439/3133 3642/4438/3133 3641/4437/3133 3640/4436/3133 3639/4435/3133 3638/4431/3133 3637/4430/3133 3636/4429/3133 3634/4427/3133 3632/4425/3133 3630/4423/3133 3628/4421/3133 3626/4419/3133 3624/4417/3133 3622/4415/3133 3620/4413/3133 3618/4411/3133 3616/4409/3133 3614/4407/3133 3612/4405/3133 3610/4403/3133 3608/4401/3133 3606/4399/3133 3604/4397/3133 3602/4395/3133 3596/4389/3133 3598/4391/3133 3671/4467/3133 3670/4466/3133 3669/4465/3133 3668/4464/3133 3667/4463/3133 3666/4462/3133 3665/4461/3133 3664/4460/3133 3663/4459/3133 3662/4458/3133 3661/4457/3133 3660/4456/3133 3659/4455/3133 3658/4454/3133 3657/4453/3133 3656/4452/3133 3655/4451/3133 3503/4296/3133 3502/4295/3133 3500/4293/3133 3504/4297/3133 3506/4299/3133 3508/4301/3133 3510/4303/3133 3512/4305/3133 3514/4307/3133 3516/4309/3133 3518/4311/3133 3520/4313/3133 3522/4315/3133 3524/4317/3133 3526/4319/3133 3527/4320/3133 3528/4321/3133 3529/4322/3133 3530/4323/3133
f 3501/4294/3133 3595/4388/3133 3594/4387/3133 3593/4386/3133 3592/4385/3133 3591/4384/3133 3590/4383/3133 3589/4382/3133 3588/4381/3133 3587/4380/3133 3586/4379/3133 3585/4378/3133 3584/4377/3133 3583/4376/3133 3582/4375/3133 3581/4374/3133 3580/4373/3133 3579/4372/3133 3578/4371/3133 3577/4370/3133 3576/4369/3133 3575/4368/3133 3574/4367/3133 3573/4366/3133 3572/4365/3133 3571/4364/3133 3570/4363/3133 3569/4362/3133 3568/4361/3133 3567/4360/3133 3566/4359/3133 3565/4358/3133 3564/4357/3133 3563/4356/3133 3562/4355/3133 3561/4354/3133 3560/4353/3133 3559/4352/3133 3558/4351/3133 3557/4350/3133 3556/4349/3133 3555/4348/3133 3554/4347/3133 3553/4346/3133 3552/4345/3133 3551/4344/3133 3550/4343/3133 3549/4342/3133 3548/4341/3133 3547/4340/3133 3546/4339/3133 3545/4338/3133 3544/4337/3133 3543/4336/3133 3542/4335/3133 3541/4334/3133 3540/4333/3133 3539/4332/3133 3538/4331/3133 3537/4330/3133 3536/4329/3133 3535/4328/3133 3534/4327/3133 3533/4326/3133 3525/4318/3133 3523/4316/3133 3521/4314/3133 3519/4312/3133 3517/4310/3133 3515/4308/3133 3513/4306/3133 3511/4304/3133 3509/4302/3133 3507/4300/3133 3505/4298/3133 3499/4292/3133
f 2733/3464/3124 2735/3466/3124 2737/3468/3124 2739/3470/3124 2741/3472/3124 2743/3474/3124 2745/3476/3124 2747/3478/3124 2749/3480/3124 2751/3482/3124 2775/3514/3124 2774/3513/3124 2773/3512/3124 2772/3511/3124 2771/3510/3124 2770/3509/3124 2769/3508/3124 2768/3507/3124 2767/3506/3124 2766/3505/3124 2765/3504/3124 2764/3503/3124 2763/3502/3124 2762/3501/3124 2761/3500/3124 2760/3499/3124 2759/3498/3124 2758/3497/3124 2757/3496/3124 2756/3495/3124 2754/3493/3124 2755/3494/3124 2814/3553/3124 2813/3552/3124 2812/3551/3124 2811/3550/3124 2810/3549/3124 2809/3548/3124 2808/3547/3124 2807/3546/3124 2806/3545/3124 2805/3544/3124 2804/3543/3124 2803/3542/3124 2802/3541/3124 2801/3540/3124 2800/3539/3124 2799/3538/3124 2798/3537/3124 2797/3536/3124 2796/3535/3124 2795/3534/3124 2794/3533/3124 2793/3532/3124 2792/3531/3124 2791/3530/3124 2790/3529/3124 2789/3528/3124 2788/3527/3124 2787/3526/3124 2786/3525/3124 2785/3524/3124 2784/3523/3124 2783/3522/3124 2782/3521/3124 2781/3520/3124 2780/3519/3124 2779/3518/3124 2778/3517/3124 2777/3516/3124 2776/3515/3124 2726/3457/3124 2727/3458/3124 2728/3459/3124 2729/3460/3124 2731/3462/3124
f 2667/3398/3124 2666/3397/3124 2665/3396/3124 2663/3394/3124 2664/3395/3124 2753/3484/3124 2752/3483/3124 2750/3481/3124 2748/3479/3124 2746/3477/3124 2744/3475/3124 2742/3473/3124 2740/3471/3124 2738/3469/3124 2736/3467/3124 2734/3465/3124 2732/3463/3124 2730/3461/3124 2725/3456/3124 2724/3455/3124 2723/3454/3124 2722/3453/3124 2721/3452/3124 2720/3451/3124 2719/3450/3124 2718/3449/3124 2717/3448/3124 2716/3447/3124 2715/3446/3124 2714/3445/3124 2713/3444/3124 2712/3443/3124 2711/3442/3124 2710/3441/3124 2709/3440/3124 2708/3439/3124 2707/3438/3124 2706/3437/3124 2705/3436/3124 2704/3435/3124 2703/3434/3124 2702/3433/3124 2701/3432/3124 2700/3431/3124 2699/3430/3124 2698/3429/3124 2697/3428/3124 2696/3427/3124 2695/3426/3124 2694/3425/3124 2693/3424/3124 2692/3423/3124 2691/3422/3124 2690/3421/3124 2689/3420/3124 2688/3419/3124 2687/3418/3124 2686/3417/3124 2685/3416/3124 2684/3415/3124 2683/3414/3124 2682/3413/3124 2681/3412/3124 2680/3411/3124 2679/3410/3124 2678/3409/3124 2677/3408/3124 2676/3407/3124 2675/3406/3124 2674/3405/3124 2673/3404/3124 2672/3403/3124 2671/3402/3124 2670/3401/3124 2669/3400/3124 2668/3399/3124
f 3731/4537/3136 3730/4536/3136 3729/4535/3136 3727/4533/3136 3728/4534/3136 3802/4622/3136 3801/4621/3136 3800/4620/3136 3799/4619/3136 3798/4618/3136 3797/4617/3136 3796/4616/3136 3795/4615/3136 3794/4614/3136 3793/4613/3136 3792/4612/3136 3791/4611/3136 3790/4610/3136 3789/4609/3136 3788/4608/3136 3787/4607/3136 3786/4605/3136 3785/4602/3136 3784/4599/3136 3783/4598/3136 3782/4597/3136 3781/4596/3136 3780/4595/3136 3779/4594/3136 3778/4593/3136 3777/4592/3136 3776/4591/3136 3775/4590/3136 3774/4589/3136 3773/4588/3136 3772/4587/3136 3771/4586/3136 3770/4585/3136 3769/4584/3136 3768/4583/3136 3767/4581/3136 3766/4577/3136 3765/4576/3136 3764/4575/3136 3763/4574/3136 3762/4573/3136 3761/4572/3136 3760/4571/3136 3759/4570/3136 3758/4569/3136 3757/4568/3136 3756/4567/3136 3755/4566/3136 3754/4565/3136 3753/4564/3136 3752/4563/3136 3751/4562/3136 3750/4561/3136 3749/4560/3136 3748/4559/3136 3747/4557/3136 3746/4554/3136 3745/4551/3136 3744/4550/3136 3743/4549/3136 3742/4548/3136 3741/4547/3136 3740/4546/3136 3739/4545/3136 3738/4544/3136 3737/4543/3136 3736/4542/3136 3735/4541/3136 3734/4540/3136 3733/4539/3136 3732/4538/3136
f 3917/4624/3137 3918/4625/3137 3874/2189/3137
f 3874/2189/3137 3918/4625/3137 3919/4626/3137
f 3874/2189/3137 3919/4626/3137 390/2179/3137
f 390/2179/3137 3919/4626/3137 3920/4627/3137
f 390/2179/3137 3920/4627/3137 3873/2180/3137
f 3873/2180/3137 3920/4627/3137 3921/4628/3137
f 3873/2180/3137 3921/4628/3137 3889/2499/3137
f 3889/2499/3137 3921/4628/3137 3922/4629/3137
f 3889/2499/3137 3922/4629/3137 363/2145/3137
f 363/2145/3137 3922/4629/3137 3923/4630/3137
f 363/2145/3137 3923/4630/3137 3872/2143/3137
f 3872/2143/3137 3923/4630/3137 3924/4631/3137
f 3872/2143/3137 3924/4631/3137 360/2141/3137
f 360/2141/3137 3924/4631/3137 3925/4632/3137
f 360/2141/3137 3925/4632/3137 3871/2139/3137
f 3871/2139/3137 3925/4632/3137 3926/4633/3137
f 3871/2139/3137 3926/4633/3137 357/2137/3137
f 357/2137/3137 3926/4633/3137 3927/4634/3137
f 357/2137/3137 3927/4634/3137 355/4635/3137
f 355/4635/3137 3927/4634/3137 3928/4636/3137
f 355/4635/3137 3928/4636/3137 3870/4637/3137
f 3870/4637/3137 3928/4636/3137 3929/4638/3137
f 3870/4637/3137 3929/4638/3137 3869/4639/3137
f 3869/4639/3137 3929/4638/3137 3930/4640/3137
f 3869/4639/3137 3930/4640/3137 3868/4641/3137
f 3868/4641/3137 3930/4640/3137 3867/4642/3137
f 3867/4642/3137 3930/4640/3137 3931/4643/3137
f 3867/4642/3138 3931/4643/3138 3866/4644/3138
f 3866/4644/3139 3931/4643/3139 3932/4645/3139
f 3866/4644/3140 3932/4645/3140 3821/4646/3140
f 3821/4646/3137 3932/4645/3137 3933/4647/3137
f 3821/4646/3141 3933/4647/3141 3820/4648/3141
f 3820/4648/3142 3933/4647/3142 3934/4649/3142
f 3820/4648/3143 3934/4649/3143 3819/4650/3143
f 3819/4650/3137 3934/4649/3137 3935/4651/3137
f 3819/4650/3137 3935/4651/3137 2558/4652/3137
f 2558/4652/3137 3935/4651/3137 3818/4653/3137
f 3818/4653/3137 3935/4651/3137 3936/4654/3137
f 3818/4653/3137 3936/4654/3137 2555/4655/3137
f 2555/4655/3137 3936/4654/3137 3937/4656/3137
f 2555/4655/3137 3937/4656/3137 3817/4657/3137
f 3817/4657/3137 3937/4656/3137 3938/4658/3137
f 3817/4657/3137 3938/4658/3137 3816/680/3137
f 3816/680/3137 3938/4658/3137 3939/4659/3137
f 3816/680/3137 3939/4659/3137 3815/678/3137
f 3815/678/3137 3939/4659/3137 3940/4660/3137
f 3815/678/3137 3940/4660/3137 3814/676/3137
f 3814/676/3137 3940/4660/3137 3941/4661/3137
f 3814/676/3137 3941/4661/3137 2549/674/3137
f 2549/674/3137 3941/4661/3137 3942/4662/3137
f 2549/674/3137 3942/4662/3137 3813/672/3137
f 3813/672/3137 3942/4662/3137 3943/4663/3137
f 3813/672/3137 3943/4663/3137 3822/713/3137
f 3822/713/3137 3943/4663/3137 3944/4664/3137
f 3822/713/3137 3944/4664/3137 3823/726/3137
f 3823/726/3137 3944/4664/3137 3945/4665/3137
f 3823/726/3137 3945/4665/3137 3824/738/3137
f 3824/738/3137 3945/4665/3137 3946/4666/3137
f 3824/738/3137 3946/4666/3137 3825/751/3137
f 3825/751/3137 3946/4666/3137 3947/4667/3137
f 3825/751/3137 3947/4667/3137 3948/4668/3137
f 3933/4647/3137 3932/4645/3137 3949/4669/3137
f 3949/4669/3137 3932/4645/3137 3950/4670/3137
f 3949/4669/3137 3950/4670/3137 3951/4671/3137
f 3951/4671/3137 3950/4670/3137 3952/4672/3137
f 3951/4671/3137 3952/4672/3137 3953/4673/3137
f 3953/4673/3137 3952/4672/3137 3954/4674/3137
f 3953/4673/3137 3954/4674/3137 3955/4675/3137
f 3955/4675/3137 3954/4674/3137 3956/4676/3137
f 3955/4675/3137 3956/4676/3137 3957/4677/3137
f 3957/4677/3137 3956/4676/3137 3958/4678/3137
f 3957/4677/3137 3958/4678/3137 3959/4679/3137
f 3959/4679/3137 3958/4678/3137 3960/4680/3137
f 3959/4679/3137 3960/4680/3137 3961/4681/3137
f 3961/4681/3137 3960/4680/3137 3962/4682/3137
f 3961/4681/3137 3962/4682/3137 3963/4683/3137
f 3963/4683/3137 3962/4682/3137 3964/4684/3137
f 3963/4683/3137 3964/4684/3137 3965/4685/3137
f 3965/4685/3137 3964/4684/3137 3966/4686/3137
f 3965/4685/3137 3966/4686/3137 3967/4687/3137
f 3967/4687/3137 3966/4686/3137 3968/4688/3137
f 3967/4687/3137 3968/4688/3137 3969/4689/3137
f 3969/4689/3137 3968/4688/3137 3970/4690/3137
f 3969/4689/3137 3970/4690/3137 3971/4691/3137
f 3971/4691/3137 3970/4690/3137 3972/4692/3137
f 3971/4691/3137 3972/4692/3137 3973/4693/3137
f 3973/4693/3137 3972/4692/3137 3974/4694/3137
f 3973/4693/3137 3974/4694/3137 3975/4695/3137
f 3975/4695/3137 3974/4694/3137 3976/4696/3137
f 3975/4695/3137 3976/4696/3137 3977/4697/3137
f 3977/4697/3137 3976/4696/3137 3978/4698/3137
f 3977/4697/3137 3978/4698/3137 3979/4699/3137
f 3979/4699/3137 3978/4698/3137 3980/4700/3137
f 3979/4699/3137 3980/4700/3137 3981/4701/3137
f 3981/4701/3137 3980/4700/3137 3982/4702/3137
f 3981/4701/3137 3982/4702/3137 3983/4703/3137
f 3983/4703/3137 3982/4702/3137 3984/4704/3137
f 3983/4703/3137 3984/4704/3137 3985/4705/3137
f 3985/4705/3137 3984/4704/3137 3986/4706/3137
f 3985/4705/3137 3986/4706/3137 3987/4707/3137
f 3987/4707/3137 3986/4706/3137 3988/4708/3137
f 3987/4707/3137 3988/4708/3137 3989/4709/3137
f 3989/4709/3137 3988/4708/3137 3990/4710/3137
f 3989/4709/3137 3990/4710/3137 3991/4711/3137
f 3991/4711/3137 3990/4710/3137 3992/4712/3137
f 3991/4711/3137 3992/4712/3137 3993/4713/3137
f 3993/4713/3137 3992/4712/3137 3994/4714/3137
f 3993/4713/3137 3994/4714/3137 3995/4715/3137
f 3995/4715/3137 3994/4714/3137 3996/4716/3137
f 3995/4715/3137 3996/4716/3137 3997/4717/3137
f 3997/4717/3137 3996/4716/3137 3998/4718/3137
f 3997/4717/3137 3998/4718/3137 3999/4719/3137
f 3999/4719/3137 3998/4718/3137 4000/4720/3137
f 3999/4719/3137 4000/4720/3137 4001/4721/3137
f 4001/4721/3137 4000/4720/3137 4002/4722/3137
f 4001/4721/3137 4002/4722/3137 4003/4723/3137
f 4003/4723/3137 4002/4722/3137 4004/4724/3137
f 4003/4723/3137 4004/4724/3137 4005/4725/3137
f 4005/4725/3137 4004/4724/3137 4006/4726/3137
f 4005/4725/3137 4006/4726/3137 4007/4727/3137
f 4007/4727/3137 4006/4726/3137 4008/4728/3137
f 4007/4727/3137 4008/4728/3137 4009/4729/3137
f 4009/4729/3137 4008/4728/3137 4010/4730/3137
f 4009/4729/3137 4010/4730/3137 4011/4731/3137
f 4011/4731/3137 4010/4730/3137 4012/4732/3137
f 4011/4731/3137 4012/4732/3137 4013/4733/3137
f 4013/4733/3137 4012/4732/3137 4014/4734/3137
f 4013/4733/3137 4014/4734/3137 4015/4735/3137
f 4015/4735/3137 4014/4734/3137 4016/4736/3137
f 4015/4735/3137 4016/4736/3137 4017/4737/3137
f 4017/4737/3137 4016/4736/3137 4018/4738/3137
f 4017/4737/3137 4018/4738/3137 4019/4739/3137
f 4019/4739/3137 4018/4738/3137 4020/4740/3137
f 4019/4739/3137 4020/4740/3137 855/843/3137
f 855/843/3144 4020/4740/3144 1900/844/3144
f 1900/844/3145 4020/4740/3145 4021/4741/3145
f 1900/844/3146 4021/4741/3146 1898/847/3146
f 1898/847/3137 4021/4741/3137 4022/4742/3137
f 1898/847/3137 4022/4742/3137 3836/849/3137
f 3836/849/3137 4022/4742/3137 1895/851/3137
f 1895/851/3137 4022/4742/3137 4023/4743/3137
f 1895/851/3137 4023/4743/3137 1893/853/3137
f 1893/853/3137 4023/4743/3137 4024/4744/3137
f 1893/853/3137 4024/4744/3137 1891/855/3137
f 1891/855/3137 4024/4744/3137 4025/4745/3137
f 1891/855/3137 4025/4745/3137 1889/857/3137
f 1889/857/3137 4025/4745/3137 4026/4746/3137
f 1889/857/3137 4026/4746/3137 1887/859/3137
f 1887/859/3137 4026/4746/3137 4027/4747/3137
f 1887/859/3137 4027/4747/3137 3837/861/3137
f 3837/861/3137 4027/4747/3137 4028/4748/3137
f 3837/861/3137 4028/4748/3137 3838/863/3137
f 3838/863/3137 4028/4748/3137 4029/4749/3137
f 3838/863/3137 4029/4749/3137 1883/865/3137
f 1883/865/3137 4029/4749/3137 4030/4750/3137
f 1883/865/3137 4030/4750/3137 3841/944/3137
f 3841/944/3137 4030/4750/3137 4031/4751/3137
f 3841/944/3137 4031/4751/3137 1925/964/3137
f 1925/964/3137 4031/4751/3137 4032/4752/3137
f 1925/964/3137 4032/4752/3137 3842/978/3137
f 3842/978/3137 4032/4752/3137 4033/4753/3137
f 3842/978/3137 4033/4753/3137 3843/993/3137
f 3843/993/3137 4033/4753/3137 4034/4754/3137
f 3843/993/3137 4034/4754/3137 4035/4755/3137
f 3970/4690/3137 4036/4756/3137 3972/4692/3137
f 3972/4692/3137 4036/4756/3137 4037/4757/3137
f 4037/4757/3137 4036/4756/3137 4038/4758/3137
f 4037/4757/3137 4038/4758/3137 4039/4759/3137
f 4039/4759/3137 4038/4758/3137 4040/4760/3137
f 4039/4759/3137 4040/4760/3137 4041/4761/3137
f 4041/4761/3137 4040/4760/3137 4042/4762/3137
f 4041/4761/3137 4042/4762/3137 4043/4763/3137
f 4043/4763/3137 4042/4762/3137 4044/4764/3137
f 4043/4763/3137 4044/4764/3137 4045/4765/3137
f 4045/4765/3137 4044/4764/3137 4046/4766/3137
f 4045/4765/3137 4046/4766/3137 4047/4767/3137
f 4047/4767/3137 4046/4766/3137 4048/4768/3137
f 4047/4767/3137 4048/4768/3137 4049/4769/3137
f 4049/4769/3137 4048/4768/3137 4050/4770/3137
f 4049/4769/3137 4050/4770/3137 4051/4771/3137
f 4051/4771/3137 4050/4770/3137 4052/4772/3137
f 4051/4771/3137 4052/4772/3137 4053/4773/3137
f 4053/4773/3137 4052/4772/3137 4054/4774/3137
f 4053/4773/3137 4054/4774/3137 4055/4775/3137
f 4055/4775/3137 4054/4774/3137 4056/4776/3137
f 4055/4775/3137 4056/4776/3137 4057/4777/3137
f 4057/4777/3137 4056/4776/3137 4058/4778/3137
f 4057/4777/3137 4058/4778/3137 4059/4779/3137
f 4059/4779/3137 4058/4778/3137 4060/4780/3137
f 4059/4779/3137 4060/4780/3137 4061/4781/3137
f 4061/4781/3137 4060/4780/3137 4062/4782/3137
f 4062/4782/3137 4060/4780/3137 4063/4783/3137
f 4062/4782/3137 4063/4783/3137 4064/4784/3137
f 4064/4784/3137 4063/4783/3137 4065/4785/3137
f 4064/4784/3137 4065/4785/3137 4066/4786/3137
f 4066/4786/3137 4065/4785/3137 4067/4787/3137
f 4066/4786/3137 4067/4787/3137 4068/4788/3137
f 4068/4788/3137 4067/4787/3137 4069/4789/3137
f 4068/4788/3137 4069/4789/3137 4070/4790/3137
f 4070/4790/3137 4069/4789/3137 4071/4791/3137
f 4070/4790/3137 4071/4791/3137 4072/4792/3137
f 4072/4792/3137 4071/4791/3137 4073/4793/3137
f 4072/4792/3137 4073/4793/3137 4074/4794/3137
f 4072/4792/3137 4074/4794/3137 4075/4795/3137
f 4075/4795/3137 4074/4794/3137 4076/4796/3137
f 4075/4795/3137 4076/4796/3137 4077/4797/3137
f 4077/4797/3137 4076/4796/3137 4078/4798/3137
f 4077/4797/3137 4078/4798/3137 4079/4799/3137
f 4079/4799/3137 4078/4798/3137 4080/4800/3137
f 4079/4799/3137 4080/4800/3137 4081/4801/3137
f 4081/4801/3137 4080/4800/3137 4082/4802/3137
f 4081/4801/3137 4082/4802/3137 4083/4803/3137
f 4083/4803/3137 4082/4802/3137 551/2375/3137
f 4083/4803/3137 551/2375/3137 4084/4804/3137
f 4084/4804/3137 551/2375/3137 3879/2377/3137
f 4084/4804/3137 3879/2377/3137 4085/4805/3137
f 4085/4805/3137 3879/2377/3137 554/2379/3137
f 4085/4805/3137 554/2379/3137 4086/4806/3137
f 4086/4806/3137 554/2379/3137 556/2381/3137
f 4086/4806/3137 556/2381/3137 3880/2387/3137
f 4082/4802/3137 4087/4807/3137 551/2375/3137
f 551/2375/3137 4087/4807/3137 3878/2373/3137
f 3878/2373/3137 4087/4807/3137 4088/4808/3137
f 3878/2373/3137 4088/4808/3137 3877/2371/3137
f 3877/2371/3137 4088/4808/3137 4089/4809/3137
f 3877/2371/3137 4089/4809/3137 547/2369/3137
f 547/2369/3137 4089/4809/3137 4090/4810/3137
f 547/2369/3137 4090/4810/3137 576/2412/3137
f 576/2412/3137 4090/4810/3137 4091/4811/3137
f 576/2412/3137 4091/4811/3137 588/2425/3137
f 588/2425/3137 4091/4811/3137 4092/4812/3137
f 588/2425/3137 4092/4812/3137 598/2437/3137
f 598/2437/3137 4092/4812/3137 4093/4813/3137
f 598/2437/3137 4093/4813/3137 607/2450/3137
f 607/2450/3137 4093/4813/3137 4094/4814/3137
f 607/2450/3137 4094/4814/3137 4095/4815/3137
f 607/2450/3137 4095/4815/3137 3883/2460/3137
f 3883/2460/3137 4095/4815/3137 4096/4816/3137
f 3883/2460/3137 4096/4816/3137 622/2472/3137
f 622/2472/3137 4096/4816/3137 4097/4817/3137
f 622/2472/3137 4097/4817/3137 3884/2474/3137
f 3884/2474/3137 4097/4817/3137 4098/4818/3137
f 3884/2474/3137 4098/4818/3137 4099/4819/3137
f 3884/2474/3137 4099/4819/3137 625/2476/3137
f 625/2476/3137 4099/4819/3137 4100/4820/3137
f 625/2476/3137 4100/4820/3137 3885/2478/3137
f 3885/2478/3137 4100/4820/3137 4101/4821/3137
f 3885/2478/3137 4101/4821/3137 4102/4822/3137
f 3885/2478/3137 4102/4822/3137 628/2480/3137
f 628/2480/3137 4102/4822/3137 4103/4823/3137
f 628/2480/3137 4103/4823/3137 4104/4824/3137
f 628/2480/3137 4104/4824/3137 3876/2205/3137
f 3876/2205/3137 4104/4824/3137 4105/4825/3137
f 3876/2205/3137 4105/4825/3137 3875/2204/3137
f 3875/2204/3137 4105/4825/3137 4106/4826/3137
f 3875/2204/3137 4106/4826/3137 4107/4827/3137
f 3875/2204/3137 4107/4827/3137 3886/2481/3137
f 3886/2481/3137 4107/4827/3137 4108/4828/3137
f 3886/2481/3137 4108/4828/3137 3887/2487/3137
f 3887/2487/3137 4108/4828/3137 4109/4829/3137
f 3887/2487/3137 4109/4829/3137 4110/4830/3137
f 3887/2487/3137 4110/4830/3137 3888/2492/3137
f 3888/2492/3137 4110/4830/3137 4111/4831/3137
f 3888/2492/3137 4111/4831/3137 638/2496/3137
f 638/2496/3137 4111/4831/3137 3917/4624/3137
f 638/2496/3137 3917/4624/3137 3874/2189/3137
f 3825/751/3137 3948/4668/3137 3826/761/3137
f 3826/761/3137 3948/4668/3137 4112/4832/3137
f 3826/761/3137 4112/4832/3137 3827/773/3137
f 3827/773/3137 4112/4832/3137 4113/4833/3137
f 3827/773/3137 4113/4833/3137 3828/775/3137
f 3828/775/3137 4113/4833/3137 4114/4834/3137
f 3828/775/3137 4114/4834/3137 4115/4835/3137
f 3828/775/3137 4115/4835/3137 3829/777/3137
f 3829/777/3137 4115/4835/3137 4116/4836/3137
f 3829/777/3137 4116/4836/3137 3830/779/3137
f 3830/779/3137 4116/4836/3137 4117/4837/3137
f 3830/779/3137 4117/4837/3137 4118/4838/3137
f 3830/779/3137 4118/4838/3137 3831/781/3137
f 3831/781/3137 4118/4838/3137 4119/4839/3137
f 3831/781/3137 4119/4839/3137 3812/514/3137
f 3812/514/3137 4119/4839/3137 4120/4840/3137
f 3812/514/3137 4120/4840/3137 4121/4841/3137
f 3812/514/3137 4121/4841/3137 3811/513/3137
f 3811/513/3137 4121/4841/3137 4122/4842/3137
f 3811/513/3137 4122/4842/3137 4123/4843/3137
f 3811/513/3137 4123/4843/3137 3832/782/3137
f 3832/782/3137 4123/4843/3137 4124/4844/3137
f 3832/782/3137 4124/4844/3137 3833/788/3137
f 3833/788/3137 4124/4844/3137 4125/4845/3137
f 3833/788/3137 4125/4845/3137 4126/4846/3137
f 3833/788/3137 4126/4846/3137 3834/793/3137
f 3834/793/3137 4126/4846/3137 4127/4847/3137
f 3834/793/3137 4127/4847/3137 3835/797/3137
f 3835/797/3137 4127/4847/3137 4128/4848/3137
f 3835/797/3137 4128/4848/3137 3810/498/3137
f 3810/498/3137 4128/4848/3137 4129/4849/3137
f 3810/498/3137 4129/4849/3137 4130/4850/3137
f 3810/498/3137 4130/4850/3137 2391/488/3137
f 2391/488/3137 4130/4850/3137 4131/4851/3137
f 2391/488/3137 4131/4851/3137 2392/489/3137
f 2392/489/3137 4131/4851/3137 4132/4852/3137
f 2392/489/3137 4132/4852/3137 2631/800/3137
f 2631/800/3137 4132/4852/3137 4133/4853/3137
f 2631/800/3137 4133/4853/3137 3809/454/3137
f 3809/454/3137 4133/4853/3137 4134/4854/3137
f 3809/454/3137 4134/4854/3137 3808/452/3137
f 3808/452/3137 4134/4854/3137 4135/4855/3137
f 3808/452/3137 4135/4855/3137 2362/450/3137
f 2362/450/3137 4135/4855/3137 4136/4856/3137
f 2362/450/3137 4136/4856/3137 2360/448/3137
f 2360/448/3137 4136/4856/3137 4137/4857/3137
f 2360/448/3137 4137/4857/3137 4138/4858/3137
f 4138/4858/3137 4137/4857/3137 4139/4859/3137
f 4138/4858/3137 4139/4859/3137 4140/4860/3137
f 4140/4860/3137 4139/4859/3137 4141/4861/3137
f 4140/4860/3137 4141/4861/3137 4142/4862/3137
f 4142/4862/3137 4141/4861/3137 4143/4863/3137
f 4142/4862/3137 4143/4863/3137 4144/4864/3137
f 4144/4864/3137 4143/4863/3137 4145/4865/3137
f 4144/4864/3137 4145/4865/3137 4146/4866/3137
f 4146/4866/3137 4145/4865/3137 4147/4867/3137
f 4146/4866/3137 4147/4867/3137 4148/4868/3137
f 4148/4868/3137 4147/4867/3137 4149/4869/3137
f 4149/4869/3137 4147/4867/3137 4150/4870/3137
f 4149/4869/3137 4150/4870/3137 4151/4871/3137
f 4151/4871/3137 4150/4870/3137 4152/4872/3137
f 4151/4871/3137 4152/4872/3137 4153/4873/3137
f 4153/4873/3137 4152/4872/3137 4154/4874/3137
f 4153/4873/3137 4154/4874/3137 4155/4875/3137
f 4155/4875/3137 4154/4874/3137 4156/4876/3137
f 4155/4875/3137 4156/4876/3137 4157/4877/3137
f 4157/4877/3137 4156/4876/3137 4158/4878/3137
f 4157/4877/3137 4158/4878/3137 4159/4879/3137
f 4159/4879/3137 4158/4878/3137 4160/4880/3137
f 4159/4879/3137 4160/4880/3137 4161/4881/3137
f 4161/4881/3137 4160/4880/3137 4162/4882/3137
f 4161/4881/3137 4162/4882/3137 4163/4883/3137
f 4163/4883/3137 4162/4882/3137 4164/4884/3137
f 4163/4883/3137 4164/4884/3137 4165/4885/3137
f 4165/4885/3137 4164/4884/3137 4166/4886/3137
f 4165/4885/3137 4166/4886/3137 4167/4887/3137
f 4167/4887/3137 4166/4886/3137 4168/4888/3137
f 4167/4887/3137 4168/4888/3137 4169/4889/3137
f 4169/4889/3137 4168/4888/3137 4170/4890/3137
f 4169/4889/3137 4170/4890/3137 4171/4891/3137
f 4171/4891/3137 4170/4890/3137 4172/4892/3137
f 4171/4891/3137 4172/4892/3137 4173/4893/3137
f 4173/4893/3137 4172/4892/3137 4174/4894/3137
f 4173/4893/3137 4174/4894/3137 4175/4895/3137
f 4173/4893/3137 4175/4895/3137 4176/4896/3137
f 4176/4896/3137 4175/4895/3137 4177/4897/3137
f 4176/4896/3137 4177/4897/3137 4178/4898/3137
f 4178/4898/3137 4177/4897/3137 4179/4899/3137
f 4178/4898/3137 4179/4899/3137 4180/4900/3137
f 4180/4900/3137 4179/4899/3137 4181/4901/3137
f 4180/4900/3137 4181/4901/3137 4182/4902/3137
f 4182/4902/3137 4181/4901/3137 4183/4903/3137
f 4182/4902/3137 4183/4903/3137 4184/4904/3137
f 4184/4904/3137 4183/4903/3137 3969/4689/3137
f 4184/4904/3137 3969/4689/3137 3971/4691/3137
f 3996/4716/3137 4185/4905/3137 3998/4718/3137
f 3998/4718/3137 4185/4905/3137 4186/4906/3137
f 4186/4906/3137 4185/4905/3137 4187/4907/3137
f 4186/4906/3137 4187/4907/3137 4188/4908/3137
f 4188/4908/3137 4187/4907/3137 4189/4909/3137
f 4188/4908/3137 4189/4909/3137 4190/4910/3137
f 4190/4910/3137 4189/4909/3137 4191/4911/3137
f 4190/4910/3137 4191/4911/3137 4192/4912/3137
f 4192/4912/3137 4191/4911/3137 4193/4913/3137
f 4192/4912/3137 4193/4913/3137 4194/4914/3137
f 4194/4914/3137 4193/4913/3137 4195/4915/3137
f 4194/4914/3137 4195/4915/3137 4196/4916/3137
f 4196/4916/3137 4195/4915/3137 4197/4917/3137
f 4196/4916/3137 4197/4917/3137 4198/4918/3137
f 4198/4918/3137 4197/4917/3137 4199/4919/3137
f 4198/4918/3137 4199/4919/3137 4200/4920/3137
f 4200/4920/3137 4199/4919/3137 4201/4921/3137
f 4200/4920/3137 4201/4921/3137 4202/4922/3137
f 4202/4922/3137 4201/4921/3137 4203/4923/3137
f 4202/4922/3137 4203/4923/3137 4204/4924/3137
f 4204/4924/3137 4203/4923/3137 4205/4925/3137
f 4204/4924/3137 4205/4925/3137 4206/4926/3137
f 4206/4926/3137 4205/4925/3137 4207/4927/3137
f 4206/4926/3137 4207/4927/3137 4208/4928/3137
f 4208/4928/3137 4207/4927/3137 4209/4929/3137
f 4208/4928/3137 4209/4929/3137 4210/4930/3137
f 4210/4930/3137 4209/4929/3137 4211/4931/3137
f 4211/4931/3137 4209/4929/3137 4212/4932/3137
f 4211/4931/3137 4212/4932/3137 4213/4933/3137
f 4213/4933/3137 4212/4932/3137 4214/4934/3137
f 4213/4933/3137 4214/4934/3137 4215/4935/3137
f 4215/4935/3137 4214/4934/3137 4216/4936/3137
f 4215/4935/3137 4216/4936/3137 4217/4937/3137
f 4217/4937/3137 4216/4936/3137 4218/4938/3137
f 4217/4937/3137 4218/4938/3137 4219/4939/3137
f 4219/4939/3137 4218/4938/3137 4220/4940/3137
f 4219/4939/3137 4220/4940/3137 4221/4941/3137
f 4221/4941/3137 4220/4940/3137 4222/4942/3137
f 4221/4941/3137 4222/4942/3137 4223/4943/3137
f 4221/4941/3137 4223/4943/3137 4224/4944/3137
f 4224/4944/3137 4223/4943/3137 4225/4945/3137
f 4224/4944/3137 4225/4945/3137 4226/4946/3137
f 4226/4946/3137 4225/4945/3137 4227/4947/3137
f 4226/4946/3137 4227/4947/3137 4228/4948/3137
f 4228/4948/3137 4227/4947/3137 4229/4949/3137
f 4228/4948/3137 4229/4949/3137 4230/4950/3137
f 4230/4950/3137 4229/4949/3137 4231/4951/3137
f 4230/4950/3137 4231/4951/3137 4232/4952/3137
f 4232/4952/3137 4231/4951/3137 3857/1063/3137
f 4232/4952/3137 3857/1063/3137 4233/4953/3137
f 4233/4953/3137 3857/1063/3137 3856/1061/3137
f 4233/4953/3137 3856/1061/3137 4234/4954/3137
f 4234/4954/3137 3856/1061/3137 3855/1059/3137
f 4234/4954/3137 3855/1059/3137 4235/4955/3137
f 4235/4955/3137 3855/1059/3137 3854/1057/3137
f 4235/4955/3137 3854/1057/3137 4236/4956/3137
f 4236/4956/3137 3854/1057/3137 3865/1093/3137
f 4236/4956/3137 3865/1093/3137 4237/4957/3137
f 4237/4957/3137 3865/1093/3137 3864/1090/3137
f 4237/4957/3137 3864/1090/3137 4238/4958/3137
f 4238/4958/3137 3864/1090/3137 3863/1086/3137
f 4238/4958/3137 3863/1086/3137 4239/4959/3137
f 4239/4959/3137 3863/1086/3137 3862/1082/3137
f 4239/4959/3137 3862/1082/3137 4240/4960/3137
f 4240/4960/3137 3862/1082/3137 4241/4961/3137
f 4241/4961/3137 3862/1082/3137 3853/1036/3137
f 4241/4961/3137 3853/1036/3137 4242/4962/3137
f 4242/4962/3137 3853/1036/3137 3852/1034/3137
f 4242/4962/3137 3852/1034/3137 4243/4963/3137
f 4243/4963/3137 3852/1034/3137 3851/1032/3137
f 4243/4963/3137 3851/1032/3137 4244/4964/3137
f 4244/4964/3137 3851/1032/3137 4245/4965/3137
f 4245/4965/3137 3851/1032/3137 3840/943/3137
f 4245/4965/3137 3840/943/3137 4246/4966/3137
f 4246/4966/3137 3840/943/3137 3839/942/3137
f 4246/4966/3137 3839/942/3137 4247/4967/3137
f 4247/4967/3137 3839/942/3137 4248/4968/3137
f 4248/4968/3137 3839/942/3137 3850/1029/3137
f 4248/4968/3137 3850/1029/3137 4249/4969/3137
f 4249/4969/3137 3850/1029/3137 3849/1027/3137
f 4249/4969/3137 3849/1027/3137 4250/4970/3137
f 4250/4970/3137 3849/1027/3137 4251/4971/3137
f 4251/4971/3137 3849/1027/3137 3848/1025/3137
f 4251/4971/3137 3848/1025/3137 4252/4972/3137
f 4252/4972/3137 3848/1025/3137 4253/4973/3137
f 4253/4973/3137 3848/1025/3137 3847/1023/3137
f 4253/4973/3137 3847/1023/3137 4254/4974/3137
f 4254/4974/3137 3847/1023/3137 3846/1021/3137
f 4254/4974/3137 3846/1021/3137 4255/4975/3137
f 4255/4975/3137 3846/1021/3137 4256/4976/3137
f 4256/4976/3137 3846/1021/3137 3845/1019/3137
f 4256/4976/3137 3845/1019/3137 4257/4977/3137
f 4257/4977/3137 3845/1019/3137 3844/1005/3137
f 4257/4977/3137 3844/1005/3137 4035/4755/3137
f 4035/4755/3137 3844/1005/3137 3843/993/3137
f 4231/4951/3137 4258/4978/3137 3857/1063/3137
f 3857/1063/3137 4258/4978/3137 1696/1065/3137
f 1696/1065/3137 4258/4978/3137 4259/4979/3137
f 1696/1065/3137 4259/4979/3137 3858/1067/3137
f 3858/1067/3137 4259/4979/3137 4260/4980/3137
f 3858/1067/3137 4260/4980/3137 3859/1069/3137
f 3859/1069/3137 4260/4980/3137 1692/1075/3137
f 1692/1075/3137 4260/4980/3137 4261/4981/3137
f 1692/1075/3137 4261/4981/3137 3860/1077/3137
f 3860/1077/3137 4261/4981/3137 4262/4982/3137
f 3860/1077/3137 4262/4982/3137 1689/1079/3137
f 1689/1079/3137 4262/4982/3137 4263/4983/3137
f 1689/1079/3137 4263/4983/3137 1687/1081/3137
f 1687/1081/3137 4263/4983/3137 4264/4984/3137
f 1687/1081/3137 4264/4984/3137 3861/4985/3137
f 3861/4985/3137 4264/4984/3137 4265/4986/3137
f 3861/4985/3137 4265/4986/3137 4266/4987/3137
f 3861/4985/3137 4266/4987/3137 3882/2393/3137
f 3882/2393/3137 4266/4987/3137 4267/4988/3137
f 3882/2393/3137 4267/4988/3137 560/2391/3137
f 560/2391/3137 4267/4988/3137 4268/4989/3137
f 560/2391/3137 4268/4989/3137 3881/2389/3137
f 3881/2389/3137 4268/4989/3137 4269/4990/3137
f 3881/2389/3137 4269/4990/3137 3880/2387/3137
f 3880/2387/3137 4269/4990/3137 4086/4806/3137
f 4138/4858/3137 4270/4991/3137 2360/448/3137
f 2360/448/3137 4270/4991/3137 3807/446/3137
f 3807/446/3137 4270/4991/3137 4271/4992/3137
f 3807/446/3137 4271/4992/3137 3806/4993/3137
f 3806/4993/3137 4271/4992/3137 4272/4994/3137
f 3806/4993/3137 4272/4994/3137 2356/4995/3137
f 2356/4995/3137 4272/4994/3137 2354/4996/3137
f 2354/4996/3137 4272/4994/3137 4273/4997/3137
f 2354/4996/3137 4273/4997/3137 2352/4998/3137
f 2352/4998/3137 4273/4997/3137 4274/4999/3137
f 2352/4998/3137 4274/4999/3137 3805/5000/3137
f 3805/5000/3137 4274/4999/3137 4275/5001/3137
f 3805/5000/3137 4275/5001/3137 3804/5002/3137
f 3804/5002/3137 4275/5001/3137 4276/5003/3137
f 3804/5002/3137 4276/5003/3137 3803/5004/3137
f 3803/5004/3137 4276/5003/3137 4277/5005/3137
f 3803/5004/3137 4277/5005/3137 4278/5006/3137
f 3803/5004/3137 4278/5006/3137 3906/5007/3137
f 3906/5007/3137 4278/5006/3137 4279/5008/3137
f 3906/5007/3137 4279/5008/3137 674/5009/3137
f 674/5009/3137 4279/5008/3137 4280/5010/3137
f 674/5009/3137 4280/5010/3137 676/5011/3137
f 676/5011/3137 4280/5010/3137 4281/5012/3137
f 676/5011/3137 4281/5012/3137 3905/5013/3137
f 3905/5013/3137 4281/5012/3137 4282/5014/3137
f 3905/5013/3137 4282/5014/3137 679/5015/3137
f 679/5015/3137 4282/5014/3137 681/5016/3137
f 681/5016/3137 4282/5014/3137 4283/5017/3137
f 681/5016/3137 4283/5017/3137 3904/3229/3137
f 3904/3229/3137 4283/5017/3137 4284/5018/3137
f 3904/3229/3137 4284/5018/3137 684/3227/3137
f 684/3227/3137 4284/5018/3137 4285/5019/3137
f 684/3227/3137 4285/5019/3137 4286/5020/3137
f 4286/5020/3137 4285/5019/3137 4287/5021/3137
f 4286/5020/3137 4287/5021/3137 4288/5022/3137
f 4288/5022/3137 4287/5021/3137 4289/5023/3137
f 4288/5022/3137 4289/5023/3137 4290/5024/3137
f 4290/5024/3137 4289/5023/3137 4291/5025/3137
f 4290/5024/3137 4291/5025/3137 4292/5026/3137
f 4292/5026/3137 4291/5025/3137 4293/5027/3137
f 4292/5026/3137 4293/5027/3137 4294/5028/3137
f 4294/5028/3137 4293/5027/3137 4295/5029/3137
f 4294/5028/3137 4295/5029/3137 4296/5030/3137
f 4296/5030/3137 4295/5029/3137 4297/5031/3137
f 4297/5031/3137 4295/5029/3137 4298/5032/3137
f 4297/5031/3137 4298/5032/3137 4299/5033/3137
f 4299/5033/3137 4298/5032/3137 4300/5034/3137
f 4299/5033/3137 4300/5034/3137 4301/5035/3137
f 4301/5035/3137 4300/5034/3137 4302/5036/3137
f 4301/5035/3137 4302/5036/3137 4303/5037/3137
f 4303/5037/3137 4302/5036/3137 4304/5038/3137
f 4303/5037/3137 4304/5038/3137 4305/5039/3137
f 4305/5039/3137 4304/5038/3137 4306/5040/3137
f 4305/5039/3137 4306/5040/3137 4307/5041/3137
f 4307/5041/3137 4306/5040/3137 4308/5042/3137
f 4307/5041/3137 4308/5042/3137 4309/5043/3137
f 4309/5043/3137 4308/5042/3137 4310/5044/3137
f 4309/5043/3137 4310/5044/3137 4311/5045/3137
f 4311/5045/3137 4310/5044/3137 4312/5046/3137
f 4311/5045/3137 4312/5046/3137 4313/5047/3137
f 4313/5047/3137 4312/5046/3137 4314/5048/3137
f 4313/5047/3137 4314/5048/3137 4315/5049/3137
f 4315/5049/3137 4314/5048/3137 4316/5050/3137
f 4315/5049/3137 4316/5050/3137 4317/5051/3137
f 4317/5051/3137 4316/5050/3137 4318/5052/3137
f 4317/5051/3137 4318/5052/3137 4319/5053/3137
f 4319/5053/3137 4318/5052/3137 4320/5054/3137
f 4319/5053/3137 4320/5054/3137 4321/5055/3137
f 4321/5055/3137 4320/5054/3137 4322/5056/3137
f 4321/5055/3137 4322/5056/3137 4323/5057/3137
f 4321/5055/3137 4323/5057/3137 4324/5058/3137
f 4324/5058/3137 4323/5057/3137 4325/5059/3137
f 4324/5058/3137 4325/5059/3137 4326/5060/3137
f 4326/5060/3137 4325/5059/3137 4327/5061/3137
f 4326/5060/3137 4327/5061/3137 4328/5062/3137
f 4328/5062/3137 4327/5061/3137 4329/5063/3137
f 4328/5062/3137 4329/5063/3137 4330/5064/3137
f 4330/5064/3137 4329/5063/3137 4331/5065/3137
f 4330/5064/3137 4331/5065/3137 4332/5066/3137
f 4332/5066/3137 4331/5065/3137 3995/4715/3137
f 4332/5066/3137 3995/4715/3137 3997/4717/3137
f 4286/5020/3137 4333/5067/3137 684/3227/3137
f 684/3227/3137 4333/5067/3137 686/3225/3137
f 686/3225/3137 4333/5067/3137 4334/5068/3137
f 686/3225/3137 4334/5068/3137 3903/3223/3137
f 3903/3223/3137 4334/5068/3137 4335/5069/3137
f 3903/3223/3137 4335/5069/3137 3902/3221/3137
f 3902/3221/3137 4335/5069/3137 4336/5070/3137
f 3902/3221/3137 4336/5070/3137 3907/3266/3137
f 3907/3266/3137 4336/5070/3137 4337/5071/3137
f 3907/3266/3137 4337/5071/3137 3908/3279/3137
f 3908/3279/3137 4337/5071/3137 4338/5072/3137
f 3908/3279/3137 4338/5072/3137 3909/3290/3137
f 3909/3290/3137 4338/5072/3137 4339/5073/3137
f 3909/3290/3137 4339/5073/3137 3910/3302/3137
f 3910/3302/3137 4339/5073/3137 4340/5074/3137
f 3910/3302/3137 4340/5074/3137 4341/5075/3137
f 3910/3302/3137 4341/5075/3137 3911/3311/3137
f 3911/3311/3137 4341/5075/3137 4342/5076/3137
f 3911/3311/3137 4342/5076/3137 813/3322/3137
f 813/3322/3137 4342/5076/3137 4343/5077/3137
f 813/3322/3137 4343/5077/3137 3912/3324/3137
f 3912/3324/3137 4343/5077/3137 4344/5078/3137
f 3912/3324/3137 4344/5078/3137 4345/5079/3137
f 3912/3324/3137 4345/5079/3137 816/3326/3137
f 816/3326/3137 4345/5079/3137 4346/5080/3137
f 816/3326/3137 4346/5080/3137 3913/3328/3137
f 3913/3328/3137 4346/5080/3137 4347/5081/3137
f 3913/3328/3137 4347/5081/3137 4348/5082/3137
f 3913/3328/3137 4348/5082/3137 3914/3330/3137
f 3914/3330/3137 4348/5082/3137 4349/5083/3137
f 3914/3330/3137 4349/5083/3137 4350/5084/3137
f 3914/3330/3137 4350/5084/3137 3901/3056/3137
f 3901/3056/3137 4350/5084/3137 4351/5085/3137
f 3901/3056/3137 4351/5085/3137 3900/3055/3137
f 3900/3055/3137 4351/5085/3137 4352/5086/3137
f 3900/3055/3137 4352/5086/3137 4353/5087/3137
f 3900/3055/3137 4353/5087/3137 757/3331/3137
f 757/3331/3137 4353/5087/3137 4354/5088/3137
f 757/3331/3137 4354/5088/3137 3915/3337/3137
f 3915/3337/3137 4354/5088/3137 4355/5089/3137
f 3915/3337/3137 4355/5089/3137 4356/5090/3137
f 3915/3337/3137 4356/5090/3137 823/3342/3137
f 823/3342/3137 4356/5090/3137 4357/5091/3137
f 823/3342/3137 4357/5091/3137 3916/3346/3137
f 3916/3346/3137 4357/5091/3137 4358/5092/3137
f 3916/3346/3137 4358/5092/3137 3899/3040/3137
f 3899/3040/3137 4358/5092/3137 4359/5093/3137
f 3899/3040/3137 4359/5093/3137 4360/5094/3137
f 3899/3040/3137 4360/5094/3137 3897/3030/3137
f 3897/3030/3137 4360/5094/3137 4361/5095/3137
f 3897/3030/3137 4361/5095/3137 3898/3031/3137
f 3898/3031/3137 4361/5095/3137 4362/5096/3137
f 3898/3031/3137 4362/5096/3137 861/3349/3137
f 861/3349/3137 4362/5096/3137 4363/5097/3137
f 861/3349/3137 4363/5097/3137 3896/2994/3137
f 3896/2994/3137 4363/5097/3137 4364/5098/3137
f 3896/2994/3137 4364/5098/3137 842/2992/3137
f 842/2992/3137 4364/5098/3137 4365/5099/3137
f 842/2992/3137 4365/5099/3137 3895/2990/3137
f 3895/2990/3137 4365/5099/3137 4366/5100/3137
f 3895/2990/3137 4366/5100/3137 845/2988/3137
f 845/2988/3137 4366/5100/3137 4367/5101/3137
f 845/2988/3137 4367/5101/3137 3894/2986/3137
f 3894/2986/3137 4367/5101/3137 4368/5102/3137
f 3894/2986/3137 4368/5102/3137 848/2984/3137
f 848/2984/3137 4368/5102/3137 4369/5103/3137
f 848/2984/3137 4369/5103/3137 3893/2982/3137
f 3893/2982/3137 4369/5103/3137 4370/5104/3137
f 3893/2982/3137 4370/5104/3137 3892/2980/3137
f 3892/2980/3137 4370/5104/3137 4371/5105/3137
f 3892/2980/3137 4371/5105/3137 3891/2978/3137
f 3891/2978/3137 4371/5105/3137 3890/2976/3137
f 3890/2976/3137 4371/5105/3137 4372/5106/3137
f 3890/2976/3147 4372/5106/3147 854/2974/3147
f 854/2974/3148 4372/5106/3148 4019/4739/3148
f 854/2974/3149 4019/4739/3149 855/843/3149
f 3999/4719/3137 4001/4721/3137 4003/4723/3137 4005/4725/3137 4007/4727/3137 4009/4729/3137 4011/4731/3137 4013/4733/3137 4015/4735/3137 4017/4737/3137 4019/4739/3137 4372/5106/3137 4371/5105/3137 4370/5104/3137 4369/5103/3137 4368/5102/3137 4367/5101/3137 4366/5100/3137 4365/5099/3137 4364/5098/3137 4363/5097/3137 4362/5096/3137 4361/5095/3137 4360/5094/3137 4359/5093/3137 4358/5092/3137 4357/5091/3137 4356/5090/3137 4355/5089/3137 4354/5088/3137 4353/5087/3137 4352/5086/3137 4351/5085/3137 4350/5084/3137 4349/5083/3137 4348/5082/3137 4347/5081/3137 4346/5080/3137 4345/5079/3137 4344/5078/3137 4343/5077/3137 4342/5076/3137 4341/5075/3137 4340/5074/3137 4339/5073/3137 4338/5072/3137 4337/5071/3137 4336/5070/3137 4335/5069/3137 4334/5068/3137 4333/5067/3137 4286/5020/3137 4288/5022/3137 4290/5024/3137 4292/5026/3137 4294/5028/3137 4296/5030/3137 4297/5031/3137 4299/5033/3137 4301/5035/3137 4303/5037/3137 4305/5039/3137 4307/5041/3137 4309/5043/3137 4311/5045/3137 4313/5047/3137 4315/5049/3137 4317/5051/3137 4319/5053/3137 4321/5055/3137 4324/5058/3137 4326/5060/3137 4328/5062/3137 4330/5064/3137 4332/5066/3137 3997/4717/3137
f 3975/4695/3137 3977/4697/3137 3979/4699/3137 3981/4701/3137 3983/4703/3137 3985/4705/3137 3987/4707/3137 3989/4709/3137 3991/4711/3137 3993/4713/3137 3995/4715/3137 4331/5065/3137 4329/5063/3137 4327/5061/3137 4325/5059/3137 4323/5057/3137 4322/5056/3137 4320/5054/3137 4318/5052/3137 4316/5050/3137 4314/5048/3137 4312/5046/3137 4310/5044/3137 4308/5042/3137 4306/5040/3137 4304/5038/3137 4302/5036/3137 4300/5034/3137 4298/5032/3137 4295/5029/3137 4293/5027/3137 4291/5025/3137 4289/5023/3137 4287/5021/3137 4285/5019/3137 4284/5018/3137 4283/5017/3137 4282/5014/3137 4281/5012/3137 4280/5010/3137 4279/5008/3137 4278/5006/3137 4277/5005/3137 4276/5003/3137 4275/5001/3137 4274/4999/3137 4273/4997/3137 4272/4994/3137 4271/4992/3137 4270/4991/3137 4138/4858/3137 4140/4860/3137 4142/4862/3137 4144/4864/3137 4146/4866/3137 4148/4868/3137 4149/4869/3137 4151/4871/3137 4153/4873/3137 4155/4875/3137 4157/4877/3137 4159/4879/3137 4161/4881/3137 4163/4883/3137 4165/4885/3137 4167/4887/3137 4169/4889/3137 4171/4891/3137 4173/4893/3137 4176/4896/3137 4178/4898/3137 4180/4900/3137 4182/4902/3137 4184/4904/3137 3971/4691/3137 3973/4693/3137
f 3933/4647/3137 3949/4669/3137 3951/4671/3137 3953/4673/3137 3955/4675/3137 3957/4677/3137 3959/4679/3137 3961/4681/3137 3963/4683/3137 3965/4685/3137 3967/4687/3137 3969/4689/3137 4183/4903/3137 4181/4901/3137 4179/4899/3137 4177/4897/3137 4175/4895/3137 4174/4894/3137 4172/4892/3137 4170/4890/3137 4168/4888/3137 4166/4886/3137 4164/4884/3137 4162/4882/3137 4160/4880/3137 4158/4878/3137 4156/4876/3137 4154/4874/3137 4152/4872/3137 4150/4870/3137 4147/4867/3137 4145/4865/3137 4143/4863/3137 4141/4861/3137 4139/4859/3137 4137/4857/3137 4136/4856/3137 4135/4855/3137 4134/4854/3137 4133/4853/3137 4132/4852/3137 4131/4851/3137 4130/4850/3137 4129/4849/3137 4128/4848/3137 4127/4847/3137 4126/4846/3137 4125/4845/3137 4124/4844/3137 4123/4843/3137 4122/4842/3137 4121/4841/3137 4120/4840/3137 4119/4839/3137 4118/4838/3137 4117/4837/3137 4116/4836/3137 4115/4835/3137 4114/4834/3137 4113/4833/3137 4112/4832/3137 3948/4668/3137 3947/4667/3137 3946/4666/3137 3945/4665/3137 3944/4664/3137 3943/4663/3137 3942/4662/3137 3941/4661/3137 3940/4660/3137 3939/4659/3137 3938/4658/3137 3937/4656/3137 3936/4654/3137 3935/4651/3137 3934/4649/3137
f 3917/4624/3137 4111/4831/3137 4110/4830/3137 4109/4829/3137 4108/4828/3137 4107/4827/3137 4106/4826/3137 4105/4825/3137 4104/4824/3137 4103/4823/3137 4102/4822/3137 4101/4821/3137 4100/4820/3137 4099/4819/3137 4098/4818/3137 4097/4817/3137 4096/4816/3137 4095/4815/3137 4094/4814/3137 4093/4813/3137 4092/4812/3137 4091/4811/3137 4090/4810/3137 4089/4809/3137 4088/4808/3137 4087/4807/3137 4082/4802/3137 4080/4800/3137 4078/4798/3137 4076/4796/3137 4074/4794/3137 4073/4793/3137 4071/4791/3137 4069/4789/3137 4067/4787/3137 4065/4785/3137 4063/4783/3137 4060/4780/3137 4058/4778/3137 4056/4776/3137 4054/4774/3137 4052/4772/3137 4050/4770/3137 4048/4768/3137 4046/4766/3137 4044/4764/3137 4042/4762/3137 4040/4760/3137 4038/4758/3137 4036/4756/3137 3970/4690/3137 3968/4688/3137 3966/4686/3137 3964/4684/3137 3962/4682/3137 3960/4680/3137 3958/4678/3137 3956/4676/3137 3954/4674/3137 3952/4672/3137 3950/4670/3137 3932/4645/3137 3931/4643/3137 3930/4640/3137 3929/4638/3137 3928/4636/3137 3927/4634/3137 3926/4633/3137 3925/4632/3137 3924/4631/3137 3923/4630/3137 3922/4629/3137 3921/4628/3137 3920/4627/3137 3919/4626/3137 3918/4625/3137
f 4039/4759/3137 4041/4761/3137 4043/4763/3137 4045/4765/3137 4047/4767/3137 4049/4769/3137 4051/4771/3137 4053/4773/3137 4055/4775/3137 4057/4777/3137 4059/4779/3137 4061/4781/3137 4062/4782/3137 4064/4784/3137 4066/4786/3137 4068/4788/3137 4070/4790/3137 4072/4792/3137 4075/4795/3137 4077/4797/3137 4079/4799/3137 4081/4801/3137 4083/4803/3137 4084/4804/3137 4085/4805/3137 4086/4806/3137 4269/4990/3137 4268/4989/3137 4267/4988/3137 4266/4987/3137 4265/4986/3137 4264/4984/3137 4263/4983/3137 4262/4982/3137 4261/4981/3137 4260/4980/3137 4259/4979/3137 4258/4978/3137 4231/4951/3137 4229/4949/3137 4227/4947/3137 4225/4945/3137 4223/4943/3137 4222/4942/3137 4220/4940/3137 4218/4938/3137 4216/4936/3137 4214/4934/3137 4212/4932/3137 4209/4929/3137 4207/4927/3137 4205/4925/3137 4203/4923/3137 4201/4921/3137 4199/4919/3137 4197/4917/3137 4195/4915/3137 4193/4913/3137 4191/4911/3137 4189/4909/3137 4187/4907/3137 4185/4905/3137 3996/4716/3137 3994/4714/3137 3992/4712/3137 3990/4710/3137 3988/4708/3137 3986/4706/3137 3984/4704/3137 3982/4702/3137 3980/4700/3137 3978/4698/3137 3976/4696/3137 3974/4694/3137 3972/4692/3137 4037/4757/3137
f 4022/4742/3137 4021/4741/3137 4020/4740/3137 4018/4738/3137 4016/4736/3137 4014/4734/3137 4012/4732/3137 4010/4730/3137 4008/4728/3137 4006/4726/3137 4004/4724/3137 4002/4722/3137 4000/4720/3137 3998/4718/3137 4186/4906/3137 4188/4908/3137 4190/4910/3137 4192/4912/3137 4194/4914/3137 4196/4916/3137 4198/4918/3137 4200/4920/3137 4202/4922/3137 4204/4924/3137 4206/4926/3137 4208/4928/3137 4210/4930/3137 4211/4931/3137 4213/4933/3137 4215/4935/3137 4217/4937/3137 4219/4939/3137 4221/4941/3137 4224/4944/3137 4226/4946/3137 4228/4948/3137 4230/4950/3137 4232/4952/3137 4233/4953/3137 4234/4954/3137 4235/4955/3137 4236/4956/3137 4237/4957/3137 4238/4958/3137 4239/4959/3137 4240/4960/3137 4241/4961/3137 4242/4962/3137 4243/4963/3137 4244/4964/3137 4245/4965/3137 4246/4966/3137 4247/4967/3137 4248/4968/3137 4249/4969/3137 4250/4970/3137 4251/4971/3137 4252/4972/3137 4253/4973/3137 4254/4974/3137 4255/4975/3137 4256/4976/3137 4257/4977/3137 4035/4755/3137 4034/4754/3137 4033/4753/3137 4032/4752/3137 4031/4751/3137 4030/4750/3137 4029/4749/3137 4028/4748/3137 4027/4747/3137 4026/4746/3137 4025/4745/3137 4024/4744/3137 4023/4743/3137
