#usda 1.0
(
    defaultPrim = "object"
    metersPerUnit = 1
    upAxis = "Z"
    doc = "Generated by mc_isaac_mesh_to_usd from box.STL"
)

def Xform "object" (
    prepend apiSchemas = ["PhysicsRigidBodyAPI", "PhysicsMassAPI"]
)
{
    float physics:mass = 1
    def Scope "visuals"
    {
        def Mesh "visual_0"
        {
            color3f[] primvars:displayColor = [(0.85, 0.55, 0.2)]
            int[] faceVertexCounts = [3, 3, 3, 3, 3, 3, 3, 3, 3, 3, 3, 3, 3, 3, 3, 3, 3, 3, 3, 3, 3, 3, 3, 3, 3, 3, 3, 3, 3, 3, 3, 3, 3, 3, 3, 3, 3, 3, 3, 3, 3, 3, 3, 3, 3, 3, 3, 3, 3, 3, 3, 3, 3, 3, 3, 3, 3, 3, 3, 3, 3, 3, 3, 3, 3, 3, 3, 3, 3, 3, 3, 3, 3, 3, 3, 3, 3, 3, 3, 3, 3, 3, 3, 3, 3, 3, 3, 3, 3, 3, 3, 3, 3, 3, 3, 3, 3, 3, 3, 3, 3, 3, 3, 3, 3, 3, 3, 3, 3, 3, 3, 3, 3, 3, 3, 3, 3, 3, 3, 3, 3, 3, 3, 3, 3, 3, 3, 3, 3, 3, 3, 3, 3, 3, 3, 3, 3, 3, 3, 3, 3, 3, 3, 3, 3, 3, 3, 3, 3, 3, 3, 3, 3, 3, 3, 3, 3, 3, 3, 3, 3, 3, 3, 3, 3, 3, 3, 3, 3, 3, 3, 3, 3, 3, 3, 3, 3, 3, 3, 3, 3, 3, 3, 3, 3, 3, 3, 3, 3, 3, 3, 3, 3, 3, 3, 3, 3, 3, 3, 3, 3, 3, 3, 3, 3, 3, 3, 3, 3, 3, 3, 3, 3, 3, 3, 3, 3, 3, 3, 3, 3, 3, 3, 3, 3, 3, 3, 3, 3, 3, 3, 3, 3, 3, 3, 3, 3, 3, 3, 3, 3, 3, 3, 3, 3, 3, 3, 3, 3, 3, 3, 3, 3, 3, 3, 3, 3, 3, 3, 3, 3, 3, 3, 3, 3, 3, 3, 3, 3, 3, 3, 3, 3, 3, 3, 3, 3, 3, 3, 3, 3, 3, 3, 3, 3, 3, 3, 3, 3, 3, 3, 3, 3, 3, 3, 3, 3, 3, 3, 3, 3, 3, 3, 3, 3, 3, 3, 3, 3, 3, 3, 3, 3, 3, 3, 3, 3, 3, 3, 3, 3, 3, 3, 3, 3, 3, 3, 3, 3, 3, 3, 3, 3, 3, 3, 3, 3, 3, 3, 3, 3, 3, 3, 3, 3, 3, 3, 3, 3, 3, 3, 3, 3, 3, 3, 3, 3, 3, 3, 3, 3, 3, 3, 3, 3, 3, 3, 3, 3, 3, 3, 3, 3, 3, 3, 3, 3, 3, 3, 3, 3, 3, 3, 3, 3, 3, 3, 3, 3, 3, 3, 3, 3, 3, 3, 3, 3, 3, 3, 3, 3, 3, 3, 3, 3, 3, 3, 3, 3, 3, 3, 3, 3, 3, 3, 3, 3, 3, 3, 3, 3, 3, 3, 3, 3, 3, 3, 3, 3, 3, 3, 3, 3, 3, 3, 3, 3, 3, 3, 3, 3, 3, 3, 3, 3, 3, 3, 3, 3, 3, 3, 3, 3, 3, 3, 3, 3, 3, 3, 3, 3, 3, 3, 3, 3, 3, 3, 3, 3, 3, 3, 3, 3, 3, 3, 3, 3, 3, 3, 3, 3, 3, 3, 3, 3, 3, 3, 3, 3, 3, 3, 3, 3, 3, 3, 3, 3, 3, 3, 3, 3, 3, 3, 3, 3, 3, 3, 3, 3, 3, 3, 3, 3, 3, 3, 3, 3, 3, 3, 3, 3, 3, 3, 3, 3, 3, 3, 3, 3, 3, 3, 3, 3, 3, 3, 3, 3, 3, 3, 3, 3, 3, 3, 3, 3, 3, 3, 3, 3, 3, 3, 3, 3, 3, 3, 3, 3, 3, 3, 3, 3, 3, 3, 3, 3, 3, 3, 3, 3, 3, 3, 3, 3, 3, 3, 3, 3, 3, 3, 3, 3, 3, 3, 3, 3, 3, 3, 3, 3, 3, 3, 3, 3, 3, 3, 3, 3, 3, 3, 3, 3, 3, 3, 3, 3, 3, 3, 3, 3, 3, 3, 3, 3, 3, 3, 3, 3, 3, 3, 3, 3, 3, 3, 3, 3, 3, 3, 3, 3, 3, 3, 3, 3, 3, 3, 3, 3, 3, 3, 3, 3, 3, 3, 3, 3, 3, 3, 3, 3, 3, 3, 3, 3, 3, 3, 3, 3, 3, 3, 3, 3, 3, 3, 3, 3, 3, 3, 3, 3, 3, 3, 3, 3, 3, 3, 3, 3, 3, 3, 3, 3, 3, 3, 3, 3, 3, 3, 3, 3, 3, 3, 3, 3, 3, 3, 3, 3, 3, 3, 3, 3, 3, 3, 3, 3, 3, 3, 3, 3, 3, 3, 3, 3, 3, 3, 3, 3, 3, 3, 3, 3, 3, 3, 3, 3, 3, 3, 3, 3, 3, 3, 3, 3, 3, 3, 3, 3, 3, 3, 3, 3, 3, 3, 3, 3, 3, 3, 3, 3, 3, 3, 3, 3, 3, 3, 3, 3, 3, 3, 3, 3, 3, 3, 3, 3, 3, 3, 3, 3, 3, 3, 3, 3, 3, 3, 3, 3, 3, 3, 3, 3, 3, 3, 3, 3, 3, 3, 3, 3, 3, 3, 3, 3, 3, 3, 3, 3, 3, 3, 3, 3, 3, 3, 3, 3, 3, 3, 3, 3, 3, 3, 3, 3, 3, 3, 3, 3, 3, 3, 3, 3, 3, 3, 3, 3, 3, 3, 3, 3, 3, 3, 3, 3, 3, 3, 3, 3, 3, 3, 3, 3, 3, 3, 3, 3, 3, 3, 3, 3, 3, 3, 3, 3, 3, 3, 3, 3, 3, 3, 3, 3, 3, 3, 3, 3, 3, 3, 3, 3, 3, 3, 3, 3, 3, 3, 3, 3, 3, 3, 3, 3, 3, 3, 3, 3, 3, 3, 3, 3, 3, 3, 3, 3, 3, 3, 3, 3, 3, 3, 3, 3, 3, 3, 3, 3, 3, 3, 3, 3, 3, 3, 3, 3, 3, 3, 3, 3, 3, 3, 3, 3, 3, 3, 3, 3, 3, 3, 3, 3, 3, 3, 3, 3, 3, 3, 3, 3, 3, 3, 3, 3, 3, 3, 3, 3, 3, 3, 3, 3, 3, 3, 3, 3, 3, 3, 3, 3, 3, 3, 3, 3, 3, 3, 3, 3, 3, 3, 3, 3, 3, 3, 3, 3, 3, 3, 3, 3, 3, 3, 3, 3, 3, 3, 3, 3, 3, 3, 3, 3, 3, 3, 3, 3, 3, 3, 3, 3, 3, 3, 3, 3, 3, 3, 3, 3, 3, 3, 3, 3, 3, 3, 3, 3, 3, 3, 3, 3, 3, 3, 3, 3, 3, 3, 3, 3, 3, 3, 3, 3, 3, 3, 3, 3, 3, 3, 3, 3, 3, 3, 3, 3, 3, 3, 3, 3, 3, 3, 3, 3, 3, 3, 3, 3, 3, 3, 3, 3, 3, 3, 3, 3, 3, 3, 3, 3, 3, 3, 3, 3, 3, 3, 3, 3, 3, 3, 3, 3, 3, 3, 3, 3, 3, 3, 3, 3, 3, 3, 3, 3, 3, 3, 3, 3, 3, 3, 3, 3, 3, 3, 3, 3, 3, 3, 3, 3, 3, 3, 3, 3, 3, 3, 3, 3, 3, 3, 3, 3, 3, 3, 3, 3, 3, 3, 3, 3, 3, 3, 3, 3, 3, 3, 3, 3, 3, 3, 3, 3, 3, 3, 3, 3, 3, 3, 3, 3, 3, 3, 3, 3, 3, 3, 3, 3, 3, 3, 3, 3, 3, 3, 3, 3, 3, 3, 3, 3, 3, 3, 3, 3, 3, 3, 3, 3, 3, 3, 3, 3, 3, 3, 3, 3, 3, 3, 3, 3, 3, 3, 3, 3, 3, 3, 3, 3, 3, 3, 3, 3, 3, 3, 3, 3, 3, 3, 3, 3, 3, 3, 3, 3, 3, 3, 3, 3, 3, 3, 3, 3, 3, 3, 3, 3, 3, 3, 3, 3, 3, 3, 3, 3, 3, 3, 3, 3, 3, 3, 3, 3, 3, 3, 3, 3, 3, 3, 3, 3, 3, 3, 3, 3, 3, 3, 3, 3, 3, 3, 3, 3, 3, 3, 3, 3, 3, 3, 3, 3, 3, 3, 3, 3, 3, 3, 3, 3, 3, 3, 3, 3, 3, 3, 3, 3, 3, 3, 3, 3, 3, 3, 3, 3, 3, 3, 3, 3, 3, 3, 3, 3, 3, 3, 3, 3, 3, 3, 3, 3, 3, 3, 3, 3, 3, 3, 3, 3, 3, 3, 3, 3, 3, 3, 3, 3, 3, 3, 3, 3, 3, 3, 3, 3, 3, 3, 3, 3, 3, 3, 3, 3, 3, 3, 3, 3, 3, 3, 3, 3, 3, 3, 3, 3, 3, 3, 3, 3, 3, 3, 3, 3, 3, 3, 3, 3, 3, 3, 3, 3, 3, 3, 3, 3, 3, 3, 3, 3, 3, 3, 3, 3, 3, 3, 3, 3, 3, 3, 3, 3, 3, 3, 3, 3, 3, 3, 3, 3, 3, 3, 3, 3, 3, 3, 3, 3, 3, 3, 3, 3, 3, 3, 3, 3, 3, 3, 3, 3, 3, 3, 3, 3, 3, 3, 3, 3, 3, 3, 3, 3, 3, 3, 3, 3, 3, 3, 3, 3, 3, 3, 3, 3, 3, 3, 3, 3, 3, 3, 3, 3, 3, 3, 3, 3, 3, 3, 3]
            int[] faceVertexIndices = [0, 1, 2, 0, 2, 3, 1, 4, 5, 1, 5, 2, 4, 6, 7, 4, 7, 5, 6, 8, 9, 6, 9, 7, 8, 10, 11, 8, 11, 9, 3, 2, 12, 3, 12, 13, 2, 5, 14, 2, 14, 12, 5, 7, 15, 5, 15, 14, 7, 9, 16, 7, 16, 15, 9, 11, 17, 9, 17, 16, 13, 12, 18, 13, 18, 19, 12, 14, 20, 12, 20, 18, 14, 15, 21, 14, 21, 20, 15, 16, 22, 15, 22, 21, 16, 17, 23, 16, 23, 22, 19, 18, 24, 19, 24, 25, 18, 20, 26, 18, 26, 24, 20, 21, 27, 20, 27, 26, 21, 22, 28, 21, 28, 27, 22, 23, 29, 22, 29, 28, 25, 24, 30, 25, 30, 31, 24, 26, 32, 24, 32, 30, 26, 27, 33, 26, 33, 32, 27, 28, 34, 27, 34, 33, 28, 29, 35, 28, 35, 34, 36, 37, 38, 36, 38, 39, 37, 40, 41, 37, 41, 38, 40, 42, 43, 40, 43, 41, 42, 44, 45, 42, 45, 43, 44, 46, 47, 44, 47, 45, 39, 38, 48, 39, 48, 49, 38, 41, 50, 38, 50, 48, 41, 43, 51, 41, 51, 50, 43, 45, 52, 43, 52, 51, 45, 47, 53, 45, 53, 52, 49, 48, 54, 49, 54, 55, 48, 50, 56, 48, 56, 54, 50, 51, 57, 50, 57, 56, 51, 52, 58, 51, 58, 57, 52, 53, 59, 52, 59, 58, 55, 54, 60, 55, 60, 61, 54, 56, 62, 54, 62, 60, 56, 57, 63, 56, 63, 62, 57, 58, 64, 57, 64, 63, 58, 59, 65, 58, 65, 64, 61, 60, 11, 61, 11, 10, 60, 62, 17, 60, 17, 11, 62, 63, 23, 62, 23, 17, 63, 64, 29, 63, 29, 23, 64, 65, 35, 64, 35, 29, 66, 67, 68, 66, 68, 69, 67, 70, 71, 67, 71, 68, 70, 72, 73, 70, 73, 71, 72, 74, 75, 72, 75, 73, 74, 31, 30, 74, 30, 75, 69, 68, 76, 69, 76, 77, 68, 71, 78, 68, 78, 76, 71, 73, 79, 71, 79, 78, 73, 75, 80, 73, 80, 79, 75, 30, 32, 75, 32, 80, 77, 76, 81, 77, 81, 82, 76, 78, 83, 76, 83, 81, 78, 79, 84, 78, 84, 83, 79, 80, 85, 79, 85, 84, 80, 32, 33, 80, 33, 85, 82, 81, 86, 82, 86, 87, 81, 83, 88, 81, 88, 86, 83, 84, 89, 83, 89, 88, 84, 85, 90, 84, 90, 89, 85, 33, 34, 85, 34, 90, 87, 86, 47, 87, 47, 46, 86, 88, 53, 86, 53, 47, 88, 89, 59, 88, 59, 53, 89, 90, 65, 89, 65, 59, 90, 34, 35, 90, 35, 65, 91, 92, 93, 91, 93, 94, 92, 95, 96, 92, 96, 93, 95, 97, 98, 95, 98, 96, 97, 99, 100, 97, 100, 98, 99, 101, 102, 99, 102, 100, 94, 93, 103, 94, 103, 104, 93, 96, 105, 93, 105, 103, 96, 98, 106, 96, 106, 105, 98, 100, 107, 98, 107, 106, 100, 102, 108, 100, 108, 107, 104, 103, 109, 104, 109, 110, 103, 105, 111, 103, 111, 109, 105, 106, 112, 105, 112, 111, 106, 107, 113, 106, 113, 112, 107, 108, 114, 107, 114, 113, 110, 109, 115, 110, 115, 116, 109, 111, 117, 109, 117, 115, 111, 112, 118, 111, 118, 117, 112, 113, 119, 112, 119, 118, 113, 114, 120, 113, 120, 119, 116, 115, 121, 116, 121, 122, 115, 117, 123, 115, 123, 121, 117, 118, 124, 117, 124, 123, 118, 119, 125, 118, 125, 124, 119, 120, 126, 119, 126, 125, 127, 128, 129, 127, 129, 130, 128, 131, 132, 128, 132, 129, 131, 133, 134, 131, 134, 132, 133, 135, 136, 133, 136, 134, 135, 137, 138, 135, 138, 136, 130, 129, 139, 130, 139, 140, 129, 132, 141, 129, 141, 139, 132, 134, 142, 132, 142, 141, 134, 136, 143, 134, 143, 142, 136, 138, 144, 136, 144, 143, 140, 139, 145, 140, 145, 146, 139, 141, 147, 139, 147, 145, 141, 142, 148, 141, 148, 147, 142, 143, 149, 142, 149, 148, 143, 144, 150, 143, 150, 149, 146, 145, 151, 146, 151, 152, 145, 147, 153, 145, 153, 151, 147, 148, 154, 147, 154, 153, 148, 149, 155, 148, 155, 154, 149, 150, 156, 149, 156, 155, 152, 151, 102, 152, 102, 101, 151, 153, 108, 151, 108, 102, 153, 154, 114, 153, 114, 108, 154, 155, 120, 154, 120, 114, 155, 156, 126, 155, 126, 120, 157, 158, 159, 157, 159, 160, 158, 161, 162, 158, 162, 159, 161, 163, 164, 161, 164, 162, 163, 165, 166, 163, 166, 164, 165, 122, 121, 165, 121, 166, 160, 159, 167, 160, 167, 168, 159, 162, 169, 159, 169, 167, 162, 164, 170, 162, 170, 169, 164, 166, 171, 164, 171, 170, 166, 121, 123, 166, 123, 171, 168, 167, 172, 168, 172, 173, 167, 169, 174, 167, 174, 172, 169, 170, 175, 169, 175, 174, 170, 171, 176, 170, 176, 175, 171, 123, 124, 171, 124, 176, 173, 172, 177, 173, 177, 178, 172, 174, 179, 172, 179, 177, 174, 175, 180, 174, 180, 179, 175, 176, 181, 175, 181, 180, 176, 124, 125, 176, 125, 181, 178, 177, 138, 178, 138, 137, 177, 179, 144, 177, 144, 138, 179, 180, 150, 179, 150, 144, 180, 181, 156, 180, 156, 150, 181, 125, 126, 181, 126, 156, 182, 183, 184, 182, 184, 185, 183, 186, 187, 183, 187, 184, 186, 188, 189, 186, 189, 187, 188, 190, 191, 188, 191, 189, 190, 192, 193, 190, 193, 191, 185, 184, 194, 185, 194, 195, 184, 187, 196, 184, 196, 194, 187, 189, 197, 187, 197, 196, 189, 191, 198, 189, 198, 197, 191, 193, 199, 191, 199, 198, 195, 194, 200, 195, 200, 201, 194, 196, 202, 194, 202, 200, 196, 197, 203, 196, 203, 202, 197, 198, 204, 197, 204, 203, 198, 199, 205, 198, 205, 204, 201, 200, 206, 201, 206, 207, 200, 202, 208, 200, 208, 206, 202, 203, 209, 202, 209, 208, 203, 204, 210, 203, 210, 209, 204, 205, 211, 204, 211, 210, 207, 206, 212, 207, 212, 213, 206, 208, 214, 206, 214, 212, 208, 209, 215, 208, 215, 214, 209, 210, 216, 209, 216, 215, 210, 211, 217, 210, 217, 216, 218, 219, 220, 218, 220, 221, 219, 222, 223, 219, 223, 220, 222, 224, 225, 222, 225, 223, 224, 226, 227, 224, 227, 225, 226, 228, 229, 226, 229, 227, 221, 220, 230, 221, 230, 231, 220, 223, 232, 220, 232, 230, 223, 225, 233, 223, 233, 232, 225, 227, 234, 225, 234, 233, 227, 229, 235, 227, 235, 234, 231, 230, 236, 231, 236, 237, 230, 232, 238, 230, 238, 236, 232, 233, 239, 232, 239, 238, 233, 234, 240, 233, 240, 239, 234, 235, 241, 234, 241, 240, 237, 236, 242, 237, 242, 243, 236, 238, 244, 236, 244, 242, 238, 239, 245, 238, 245, 244, 239, 240, 246, 239, 246, 245, 240, 241, 247, 240, 247, 246, 243, 242, 193, 243, 193, 192, 242, 244, 199, 242, 199, 193, 244, 245, 205, 244, 205, 199, 245, 246, 211, 245, 211, 205, 246, 247, 217, 246, 217, 211, 248, 249, 250, 248, 250, 251, 249, 252, 253, 249, 253, 250, 252, 254, 255, 252, 255, 253, 254, 256, 257, 254, 257, 255, 256, 213, 212, 256, 212, 257, 251, 250, 258, 251, 258, 259, 250, 253, 260, 250, 260, 258, 253, 255, 261, 253, 261, 260, 255, 257, 262, 255, 262, 261, 257, 212, 214, 257, 214, 262, 259, 258, 263, 259, 263, 264, 258, 260, 265, 258, 265, 263, 260, 261, 266, 260, 266, 265, 261, 262, 267, 261, 267, 266, 262, 214, 215, 262, 215, 267, 264, 263, 268, 264, 268, 269, 263, 265, 270, 263, 270, 268, 265, 266, 271, 265, 271, 270, 266, 267, 272, 266, 272, 271, 267, 215, 216, 267, 216, 272, 269, 268, 229, 269, 229, 228, 268, 270, 235, 268, 235, 229, 270, 271, 241, 270, 241, 235, 271, 272, 247, 271, 247, 241, 272, 216, 217, 272, 217, 247, 273, 274, 275, 273, 275, 276, 274, 277, 278, 274, 278, 275, 277, 279, 280, 277, 280, 278, 279, 281, 282, 279, 282, 280, 281, 283, 284, 281, 284, 282, 276, 275, 285, 276, 285, 286, 275, 278, 287, 275, 287, 285, 278, 280, 288, 278, 288, 287, 280, 282, 289, 280, 289, 288, 282, 284, 290, 282, 290, 289, 286, 285, 291, 286, 291, 292, 285, 287, 293, 285, 293, 291, 287, 288, 294, 287, 294, 293, 288, 289, 295, 288, 295, 294, 289, 290, 296, 289, 296, 295, 292, 291, 297, 292, 297, 298, 291, 293, 299, 291, 299, 297, 293, 294, 300, 293, 300, 299, 294, 295, 301, 294, 301, 300, 295, 296, 302, 295, 302, 301, 298, 297, 303, 298, 303, 304, 297, 299, 305, 297, 305, 303, 299, 300, 306, 299, 306, 305, 300, 301, 307, 300, 307, 306, 301, 302, 308, 301, 308, 307, 309, 310, 311, 309, 311, 312, 310, 313, 314, 310, 314, 311, 313, 315, 316, 313, 316, 314, 315, 317, 318, 315, 318, 316, 317, 319, 320, 317, 320, 318, 312, 311, 321, 312, 321, 322, 311, 314, 323, 311, 323, 321, 314, 316, 324, 314, 324, 323, 316, 318, 325, 316, 325, 324, 318, 320, 326, 318, 326, 325, 322, 321, 327, 322, 327, 328, 321, 323, 329, 321, 329, 327, 323, 324, 330, 323, 330, 329, 324, 325, 331, 324, 331, 330, 325, 326, 332, 325, 332, 331, 328, 327, 333, 328, 333, 334, 327, 329, 335, 327, 335, 333, 329, 330, 336, 329, 336, 335, 330, 331, 337, 330, 337, 336, 331, 332, 338, 331, 338, 337, 334, 333, 284, 334, 284, 283, 333, 335, 290, 333, 290, 284, 335, 336, 296, 335, 296, 290, 336, 337, 302, 336, 302, 296, 337, 338, 308, 337, 308, 302, 339, 340, 341, 339, 341, 342, 340, 343, 344, 340, 344, 341, 343, 345, 346, 343, 346, 344, 345, 347, 348, 345, 348, 346, 347, 304, 303, 347, 303, 348, 342, 341, 349, 342, 349, 350, 341, 344, 351, 341, 351, 349, 344, 346, 352, 344, 352, 351, 346, 348, 353, 346, 353, 352, 348, 303, 305, 348, 305, 353, 350, 349, 354, 350, 354, 355, 349, 351, 356, 349, 356, 354, 351, 352, 357, 351, 357, 356, 352, 353, 358, 352, 358, 357, 353, 305, 306, 353, 306, 358, 355, 354, 359, 355, 359, 360, 354, 356, 361, 354, 361, 359, 356, 357, 362, 356, 362, 361, 357, 358, 363, 357, 363, 362, 358, 306, 307, 358, 307, 363, 360, 359, 320, 360, 320, 319, 359, 361, 326, 359, 326, 320, 361, 362, 332, 361, 332, 326, 362, 363, 338, 362, 338, 332, 363, 307, 308, 363, 308, 338, 364, 365, 366, 364, 366, 367, 365, 368, 369, 365, 369, 366, 368, 370, 371, 368, 371, 369, 370, 372, 373, 370, 373, 371, 372, 374, 375, 372, 375, 373, 367, 366, 376, 367, 376, 377, 366, 369, 378, 366, 378, 376, 369, 371, 379, 369, 379, 378, 371, 373, 380, 371, 380, 379, 373, 375, 381, 373, 381, 380, 377, 376, 382, 377, 382, 383, 376, 378, 384, 376, 384, 382, 378, 379, 385, 378, 385, 384, 379, 380, 386, 379, 386, 385, 380, 381, 387, 380, 387, 386, 383, 382, 388, 383, 388, 389, 382, 384, 390, 382, 390, 388, 384, 385, 391, 384, 391, 390, 385, 386, 392, 385, 392, 391, 386, 387, 393, 386, 393, 392, 389, 388, 394, 389, 394, 395, 388, 390, 396, 388, 396, 394, 390, 391, 397, 390, 397, 396, 391, 392, 398, 391, 398, 397, 392, 393, 399, 392, 399, 398, 400, 401, 402, 400, 402, 403, 401, 404, 405, 401, 405, 402, 404, 406, 407, 404, 407, 405, 406, 408, 409, 406, 409, 407, 408, 410, 411, 408, 411, 409, 403, 402, 412, 403, 412, 413, 402, 405, 414, 402, 414, 412, 405, 407, 415, 405, 415, 414, 407, 409, 416, 407, 416, 415, 409, 411, 417, 409, 417, 416, 413, 412, 418, 413, 418, 419, 412, 414, 420, 412, 420, 418, 414, 415, 421, 414, 421, 420, 415, 416, 422, 415, 422, 421, 416, 417, 423, 416, 423, 422, 419, 418, 424, 419, 424, 425, 418, 420, 426, 418, 426, 424, 420, 421, 427, 420, 427, 426, 421, 422, 428, 421, 428, 427, 422, 423, 429, 422, 429, 428, 425, 424, 375, 425, 375, 374, 424, 426, 381, 424, 381, 375, 426, 427, 387, 426, 387, 381, 427, 428, 393, 427, 393, 387, 428, 429, 399, 428, 399, 393, 430, 431, 432, 430, 432, 433, 431, 434, 435, 431, 435, 432, 434, 436, 437, 434, 437, 435, 436, 438, 439, 436, 439, 437, 438, 395, 394, 438, 394, 439, 433, 432, 440, 433, 440, 441, 432, 435, 442, 432, 442, 440, 435, 437, 443, 435, 443, 442, 437, 439, 444, 437, 444, 443, 439, 394, 396, 439, 396, 444, 441, 440, 445, 441, 445, 446, 440, 442, 447, 440, 447, 445, 442, 443, 448, 442, 448, 447, 443, 444, 449, 443, 449, 448, 444, 396, 397, 444, 397, 449, 446, 445, 450, 446, 450, 451, 445, 447, 452, 445, 452, 450, 447, 448, 453, 447, 453, 452, 448, 449, 454, 448, 454, 453, 449, 397, 398, 449, 398, 454, 451, 450, 411, 451, 411, 410, 450, 452, 417, 450, 417, 411, 452, 453, 423, 452, 423, 417, 453, 454, 429, 453, 429, 423, 454, 398, 399, 454, 399, 429, 455, 456, 457, 455, 457, 458, 456, 459, 460, 456, 460, 457, 459, 461, 462, 459, 462, 460, 461, 463, 464, 461, 464, 462, 463, 465, 466, 463, 466, 464, 458, 457, 467, 458, 467, 468, 457, 460, 469, 457, 469, 467, 460, 462, 470, 460, 470, 469, 462, 464, 471, 462, 471, 470, 464, 466, 472, 464, 472, 471, 468, 467, 473, 468, 473, 474, 467, 469, 475, 467, 475, 473, 469, 470, 476, 469, 476, 475, 470, 471, 477, 470, 477, 476, 471, 472, 478, 471, 478, 477, 474, 473, 479, 474, 479, 480, 473, 475, 481, 473, 481, 479, 475, 476, 482, 475, 482, 481, 476, 477, 483, 476, 483, 482, 477, 478, 484, 477, 484, 483, 480, 479, 485, 480, 485, 486, 479, 481, 487, 479, 487, 485, 481, 482, 488, 481, 488, 487, 482, 483, 489, 482, 489, 488, 483, 484, 490, 483, 490, 489, 491, 492, 493, 491, 493, 494, 492, 495, 496, 492, 496, 493, 495, 497, 498, 495, 498, 496, 497, 499, 500, 497, 500, 498, 499, 501, 502, 499, 502, 500, 494, 493, 503, 494, 503, 504, 493, 496, 505, 493, 505, 503, 496, 498, 506, 496, 506, 505, 498, 500, 507, 498, 507, 506, 500, 502, 508, 500, 508, 507, 504, 503, 509, 504, 509, 510, 503, 505, 511, 503, 511, 509, 505, 506, 512, 505, 512, 511, 506, 507, 513, 506, 513, 512, 507, 508, 514, 507, 514, 513, 510, 509, 515, 510, 515, 516, 509, 511, 517, 509, 517, 515, 511, 512, 518, 511, 518, 517, 512, 513, 519, 512, 519, 518, 513, 514, 520, 513, 520, 519, 516, 515, 466, 516, 466, 465, 515, 517, 472, 515, 472, 466, 517, 518, 478, 517, 478, 472, 518, 519, 484, 518, 484, 478, 519, 520, 490, 519, 490, 484, 521, 522, 523, 521, 523, 524, 522, 525, 526, 522, 526, 523, 525, 527, 528, 525, 528, 526, 527, 529, 530, 527, 530, 528, 529, 486, 485, 529, 485, 530, 524, 523, 531, 524, 531, 532, 523, 526, 533, 523, 533, 531, 526, 528, 534, 526, 534, 533, 528, 530, 535, 528, 535, 534, 530, 485, 487, 530, 487, 535, 532, 531, 536, 532, 536, 537, 531, 533, 538, 531, 538, 536, 533, 534, 539, 533, 539, 538, 534, 535, 540, 534, 540, 539, 535, 487, 488, 535, 488, 540, 537, 536, 541, 537, 541, 542, 536, 538, 543, 536, 543, 541, 538, 539, 544, 538, 544, 543, 539, 540, 545, 539, 545, 544, 540, 488, 489, 540, 489, 545, 542, 541, 502, 542, 502, 501, 541, 543, 508, 541, 508, 502, 543, 544, 514, 543, 514, 508, 544, 545, 520, 544, 520, 514, 545, 489, 490, 545, 490, 520, 546, 547, 548, 546, 548, 549, 547, 550, 551, 547, 551, 548, 550, 552, 553, 550, 553, 551, 552, 554, 555, 552, 555, 553, 554, 556, 557, 554, 557, 555, 549, 548, 558, 549, 558, 559, 548, 551, 560, 548, 560, 558, 551, 553, 561, 551, 561, 560, 553, 555, 562, 553, 562, 561, 555, 557, 563, 555, 563, 562, 559, 558, 564, 559, 564, 565, 558, 560, 566, 558, 566, 564, 560, 561, 567, 560, 567, 566, 561, 562, 568, 561, 568, 567, 562, 563, 569, 562, 569, 568, 565, 564, 570, 565, 570, 571, 564, 566, 572, 564, 572, 570, 566, 567, 573, 566, 573, 572, 567, 568, 574, 567, 574, 573, 568, 569, 575, 568, 575, 574, 571, 570, 576, 571, 576, 577, 570, 572, 578, 570, 578, 576, 572, 573, 579, 572, 579, 578, 573, 574, 580, 573, 580, 579, 574, 575, 581, 574, 581, 580, 582, 583, 584, 582, 584, 585, 583, 586, 587, 583, 587, 584, 586, 588, 589, 586, 589, 587, 588, 590, 591, 588, 591, 589, 590, 592, 593, 590, 593, 591, 585, 584, 594, 585, 594, 595, 584, 587, 596, 584, 596, 594, 587, 589, 597, 587, 597, 596, 589, 591, 598, 589, 598, 597, 591, 593, 599, 591, 599, 598, 595, 594, 600, 595, 600, 601, 594, 596, 602, 594, 602, 600, 596, 597, 603, 596, 603, 602, 597, 598, 604, 597, 604, 603, 598, 599, 605, 598, 605, 604, 601, 600, 606, 601, 606, 607, 600, 602, 608, 600, 608, 606, 602, 603, 609, 602, 609, 608, 603, 604, 610, 603, 610, 609, 604, 605, 611, 604, 611, 610, 607, 606, 557, 607, 557, 556, 606, 608, 563, 606, 563, 557, 608, 609, 569, 608, 569, 563, 609, 610, 575, 609, 575, 569, 610, 611, 581, 610, 581, 575, 612, 613, 614, 612, 614, 615, 613, 616, 617, 613, 617, 614, 616, 618, 619, 616, 619, 617, 618, 620, 621, 618, 621, 619, 620, 577, 576, 620, 576, 621, 615, 614, 622, 615, 622, 623, 614, 617, 624, 614, 624, 622, 617, 619, 625, 617, 625, 624, 619, 621, 626, 619, 626, 625, 621, 576, 578, 621, 578, 626, 623, 622, 627, 623, 627, 628, 622, 624, 629, 622, 629, 627, 624, 625, 630, 624, 630, 629, 625, 626, 631, 625, 631, 630, 626, 578, 579, 626, 579, 631, 628, 627, 632, 628, 632, 633, 627, 629, 634, 627, 634, 632, 629, 630, 635, 629, 635, 634, 630, 631, 636, 630, 636, 635, 631, 579, 580, 631, 580, 636, 633, 632, 593, 633, 593, 592, 632, 634, 599, 632, 599, 593, 634, 635, 605, 634, 605, 599, 635, 636, 611, 635, 611, 605, 636, 580, 581, 636, 581, 611, 637, 638, 639, 637, 639, 640, 638, 641, 642, 638, 642, 639, 641, 643, 644, 641, 644, 642, 643, 645, 646, 643, 646, 644, 645, 647, 648, 645, 648, 646, 640, 639, 649, 640, 649, 650, 639, 642, 651, 639, 651, 649, 642, 644, 652, 642, 652, 651, 644, 646, 653, 644, 653, 652, 646, 648, 654, 646, 654, 653, 650, 649, 655, 650, 655, 656, 649, 651, 657, 649, 657, 655, 651, 652, 658, 651, 658, 657, 652, 653, 659, 652, 659, 658, 653, 654, 660, 653, 660, 659, 656, 655, 661, 656, 661, 662, 655, 657, 663, 655, 663, 661, 657, 658, 664, 657, 664, 663, 658, 659, 665, 658, 665, 664, 659, 660, 666, 659, 666, 665, 662, 661, 667, 662, 667, 668, 661, 663, 669, 661, 669, 667, 663, 664, 670, 663, 670, 669, 664, 665, 671, 664, 671, 670, 665, 666, 672, 665, 672, 671, 673, 674, 675, 673, 675, 676, 674, 677, 678, 674, 678, 675, 677, 679, 680, 677, 680, 678, 679, 681, 682, 679, 682, 680, 681, 683, 684, 681, 684, 682, 676, 675, 685, 676, 685, 686, 675, 678, 687, 675, 687, 685, 678, 680, 688, 678, 688, 687, 680, 682, 689, 680, 689, 688, 682, 684, 690, 682, 690, 689, 686, 685, 691, 686, 691, 692, 685, 687, 693, 685, 693, 691, 687, 688, 694, 687, 694, 693, 688, 689, 695, 688, 695, 694, 689, 690, 696, 689, 696, 695, 692, 691, 697, 692, 697, 698, 691, 693, 699, 691, 699, 697, 693, 694, 700, 693, 700, 699, 694, 695, 701, 694, 701, 700, 695, 696, 702, 695, 702, 701, 698, 697, 648, 698, 648, 647, 697, 699, 654, 697, 654, 648, 699, 700, 660, 699, 660, 654, 700, 701, 666, 700, 666, 660, 701, 702, 672, 701, 672, 666, 703, 704, 705, 703, 705, 706, 704, 707, 708, 704, 708, 705, 707, 709, 710, 707, 710, 708, 709, 711, 712, 709, 712, 710, 711, 668, 667, 711, 667, 712, 706, 705, 713, 706, 713, 714, 705, 708, 715, 705, 715, 713, 708, 710, 716, 708, 716, 715, 710, 712, 717, 710, 717, 716, 712, 667, 669, 712, 669, 717, 714, 713, 718, 714, 718, 719, 713, 715, 720, 713, 720, 718, 715, 716, 721, 715, 721, 720, 716, 717, 722, 716, 722, 721, 717, 669, 670, 717, 670, 722, 719, 718, 723, 719, 723, 724, 718, 720, 725, 718, 725, 723, 720, 721, 726, 720, 726, 725, 721, 722, 727, 721, 727, 726, 722, 670, 671, 722, 671, 727, 724, 723, 684, 724, 684, 683, 723, 725, 690, 723, 690, 684, 725, 726, 696, 725, 696, 690, 726, 727, 702, 726, 702, 696, 727, 671, 672, 727, 672, 702, 521, 637, 640, 521, 640, 522, 522, 640, 650, 522, 650, 525, 525, 650, 656, 525, 656, 527, 527, 656, 662, 527, 662, 529, 529, 662, 668, 529, 668, 486, 486, 668, 711, 486, 711, 480, 480, 711, 709, 480, 709, 474, 474, 709, 707, 474, 707, 468, 468, 707, 704, 468, 704, 458, 458, 704, 703, 458, 703, 455, 91, 521, 524, 91, 524, 92, 92, 524, 532, 92, 532, 95, 95, 532, 537, 95, 537, 97, 97, 537, 542, 97, 542, 99, 99, 542, 501, 99, 501, 101, 101, 501, 499, 101, 499, 152, 152, 499, 497, 152, 497, 146, 146, 497, 495, 146, 495, 140, 140, 495, 492, 140, 492, 130, 130, 492, 491, 130, 491, 127, 66, 157, 160, 66, 160, 67, 67, 160, 168, 67, 168, 70, 70, 168, 173, 70, 173, 72, 72, 173, 178, 72, 178, 74, 74, 178, 137, 74, 137, 31, 31, 137, 135, 31, 135, 25, 25, 135, 133, 25, 133, 19, 19, 133, 131, 19, 131, 13, 13, 131, 128, 13, 128, 3, 3, 128, 127, 3, 127, 0, 673, 582, 585, 673, 585, 674, 674, 585, 595, 674, 595, 677, 677, 595, 601, 677, 601, 679, 679, 601, 607, 679, 607, 681, 681, 607, 556, 681, 556, 683, 683, 556, 554, 683, 554, 724, 724, 554, 552, 724, 552, 719, 719, 552, 550, 719, 550, 714, 714, 550, 547, 714, 547, 706, 706, 547, 546, 706, 546, 703, 248, 309, 312, 248, 312, 249, 249, 312, 322, 249, 322, 252, 252, 322, 328, 252, 328, 254, 254, 328, 334, 254, 334, 256, 256, 334, 283, 256, 283, 213, 213, 283, 281, 213, 281, 207, 207, 281, 279, 207, 279, 201, 201, 279, 277, 201, 277, 195, 195, 277, 274, 195, 274, 185, 185, 274, 273, 185, 273, 182, 364, 491, 494, 364, 494, 365, 365, 494, 504, 365, 504, 368, 368, 504, 510, 368, 510, 370, 370, 510, 516, 370, 516, 372, 372, 516, 465, 372, 465, 374, 374, 465, 463, 374, 463, 425, 425, 463, 461, 425, 461, 419, 419, 461, 459, 419, 459, 413, 413, 459, 456, 413, 456, 403, 403, 456, 455, 403, 455, 400, 218, 612, 615, 218, 615, 219, 219, 615, 623, 219, 623, 222, 222, 623, 628, 222, 628, 224, 224, 628, 633, 224, 633, 226, 226, 633, 592, 226, 592, 228, 228, 592, 590, 228, 590, 269, 269, 590, 588, 269, 588, 264, 264, 588, 586, 264, 586, 259, 259, 586, 583, 259, 583, 251, 251, 583, 582, 251, 582, 248, 36, 218, 221, 36, 221, 37, 37, 221, 231, 37, 231, 40, 40, 231, 237, 40, 237, 42, 42, 237, 243, 42, 243, 44, 44, 243, 192, 44, 192, 46, 46, 192, 190, 46, 190, 87, 87, 190, 188, 87, 188, 82, 82, 188, 186, 82, 186, 77, 77, 186, 183, 77, 183, 69, 69, 183, 182, 69, 182, 66, 637, 339, 342, 637, 342, 638, 638, 342, 350, 638, 350, 641, 641, 350, 355, 641, 355, 643, 643, 355, 360, 643, 360, 645, 645, 360, 319, 645, 319, 647, 647, 319, 317, 647, 317, 698, 698, 317, 315, 698, 315, 692, 692, 315, 313, 692, 313, 686, 686, 313, 310, 686, 310, 676, 676, 310, 309, 676, 309, 673, 612, 430, 433, 612, 433, 613, 613, 433, 441, 613, 441, 616, 616, 441, 446, 616, 446, 618, 618, 446, 451, 618, 451, 620, 620, 451, 410, 620, 410, 577, 577, 410, 408, 577, 408, 571, 571, 408, 406, 571, 406, 565, 565, 406, 404, 565, 404, 559, 559, 404, 401, 559, 401, 549, 549, 401, 400, 549, 400, 546, 430, 36, 39, 430, 39, 431, 431, 39, 49, 431, 49, 434, 434, 49, 55, 434, 55, 436, 436, 55, 61, 436, 61, 438, 438, 61, 10, 438, 10, 395, 395, 10, 8, 395, 8, 389, 389, 8, 6, 389, 6, 383, 383, 6, 4, 383, 4, 377, 377, 4, 1, 377, 1, 367, 367, 1, 0, 367, 0, 364, 339, 91, 94, 339, 94, 340, 340, 94, 104, 340, 104, 343, 343, 104, 110, 343, 110, 345, 345, 110, 116, 345, 116, 347, 347, 116, 122, 347, 122, 304, 304, 122, 165, 304, 165, 298, 298, 165, 163, 298, 163, 292, 292, 163, 161, 292, 161, 286, 286, 161, 158, 286, 158, 276, 276, 158, 157, 276, 157, 273, 491, 364, 0, 491, 0, 127, 157, 66, 182, 157, 182, 273, 36, 430, 612, 36, 612, 218, 521, 91, 339, 521, 339, 637, 309, 248, 582, 309, 582, 673, 703, 546, 400, 703, 400, 455]
            point3f[] points = [(0.09, 0.1, 0.09), (0.09, 0.0998769, 0.0915644), (0.091597, 0.0997391, 0.0916125), (0.0915644, 0.0998769, 0.09), (0.09, 0.0995106, 0.09309), (0.0916064, 0.0993439, 0.0931796), (0.09, 0.09891, 0.09454), (0.0916029, 0.0987286, 0.0946089), (0.09, 0.0980902, 0.0958778), (0.0915948, 0.0979335, 0.0958751), (0.09, 0.0970711, 0.0970711), (0.0915896, 0.0969851, 0.0969773), (0.0931676, 0.0993449, 0.0916247), (0.09309, 0.0995106, 0.09), (0.0931705, 0.0989321, 0.0931885), (0.0931246, 0.0983306, 0.0945649), (0.0930717, 0.0975928, 0.0957371), (0.0930429, 0.0967387, 0.0967328), (0.0946096, 0.0987258, 0.0916164), (0.09454, 0.09891, 0.09), (0.0945617, 0.0983267, 0.0931396), (0.0944368, 0.0977837, 0.0944418), (0.0943102, 0.0971428, 0.0955138), (0.0942445, 0.0964034, 0.0964017), (0.0958829, 0.0979262, 0.0916021), (0.0958778, 0.0980902, 0.09), (0.0957419, 0.097586, 0.0930797), (0.0955143, 0.0971407, 0.0943132), (0.0952897, 0.0966359, 0.09529), (0.0951634, 0.0960557, 0.0960555), (0.0969851, 0.0969773, 0.0915896), (0.0970711, 0.0970711, 0.09), (0.0967387, 0.0967328, 0.0930429), (0.0964034, 0.0964017, 0.0942445), (0.0960557, 0.0960555, 0.0951634), (0.0957735, 0.0957735, 0.0957735), (0.09, 0.09, 0.1), (0.0915644, 0.09, 0.0998769), (0.0916125, 0.091597, 0.0997391), (0.09, 0.0915644, 0.0998769), (0.09309, 0.09, 0.0995106), (0.0931796, 0.0916064, 0.0993439), (0.09454, 0.09, 0.09891), (0.0946089, 0.0916029, 0.0987286), (0.0958778, 0.09, 0.0980902), (0.0958751, 0.0915948, 0.0979335), (0.0970711, 0.09, 0.0970711), (0.0969773, 0.0915896, 0.0969851), (0.0916247, 0.0931676, 0.0993449), (0.09, 0.09309, 0.0995106), (0.0931885, 0.0931705, 0.0989321), (0.0945649, 0.0931246, 0.0983306), (0.0957371, 0.0930717, 0.0975928), (0.0967328, 0.0930429, 0.0967387), (0.0916164, 0.0946096, 0.0987258), (0.09, 0.09454, 0.09891), (0.0931396, 0.0945617, 0.0983267), (0.0944418, 0.0944368, 0.0977837), (0.0955138, 0.0943102, 0.0971428), (0.0964017, 0.0942445, 0.0964034), (0.0916021, 0.0958829, 0.0979262), (0.09, 0.0958778, 0.0980902), (0.0930797, 0.0957419, 0.097586), (0.0943132, 0.0955143, 0.0971407), (0.09529, 0.0952897, 0.0966359), (0.0960555, 0.0951634, 0.0960557), (0.1, 0.09, 0.09), (0.0998769, 0.0915644, 0.09), (0.0997391, 0.0916125, 0.091597), (0.0998769, 0.09, 0.0915644), (0.0995106, 0.09309, 0.09), (0.0993439, 0.0931796, 0.0916064), (0.09891, 0.09454, 0.09), (0.0987286, 0.0946089, 0.0916029), (0.0980902, 0.0958778, 0.09), (0.0979335, 0.0958751, 0.0915948), (0.0993449, 0.0916247, 0.0931676), (0.0995106, 0.09, 0.09309), (0.0989321, 0.0931885, 0.0931705), (0.0983306, 0.0945649, 0.0931246), (0.0975928, 0.0957371, 0.0930717), (0.0987258, 0.0916164, 0.0946096), (0.09891, 0.09, 0.09454), (0.0983267, 0.0931396, 0.0945617), (0.0977837, 0.0944418, 0.0944368), (0.0971428, 0.0955138, 0.0943102), (0.0979262, 0.0916021, 0.0958829), (0.0980902, 0.09, 0.0958778), (0.097586, 0.0930797, 0.0957419), (0.0971407, 0.0943132, 0.0955143), (0.0966359, 0.09529, 0.0952897), (0.09, 0.09, -0.1), (0.09, 0.0915644, -0.0998769), (0.091597, 0.0916125, -0.0997391), (0.0915644, 0.09, -0.0998769), (0.09, 0.09309, -0.0995106), (0.0916064, 0.0931796, -0.0993439), (0.09, 0.09454, -0.09891), (0.0916029, 0.0946089, -0.0987286), (0.09, 0.0958778, -0.0980902), (0.0915948, 0.0958751, -0.0979335), (0.09, 0.0970711, -0.0970711), (0.0915896, 0.0969773, -0.0969851), (0.0931676, 0.0916247, -0.0993449), (0.09309, 0.09, -0.0995106), (0.0931705, 0.0931885, -0.0989321), (0.0931246, 0.0945649, -0.0983306), (0.0930717, 0.0957371, -0.0975928), (0.0930429, 0.0967328, -0.0967387), (0.0946096, 0.0916164, -0.0987258), (0.09454, 0.09, -0.09891), (0.0945617, 0.0931396, -0.0983267), (0.0944368, 0.0944418, -0.0977837), (0.0943102, 0.0955138, -0.0971428), (0.0942445, 0.0964017, -0.0964034), (0.0958829, 0.0916021, -0.0979262), (0.0958778, 0.09, -0.0980902), (0.0957419, 0.0930797, -0.097586), (0.0955143, 0.0943132, -0.0971407), (0.0952897, 0.09529, -0.0966359), (0.0951634, 0.0960555, -0.0960557), (0.0969851, 0.0915896, -0.0969773), (0.0970711, 0.09, -0.0970711), (0.0967387, 0.0930429, -0.0967328), (0.0964034, 0.0942445, -0.0964017), (0.0960557, 0.0951634, -0.0960555), (0.0957735, 0.0957735, -0.0957735), (0.09, 0.1, -0.09), (0.0915644, 0.0998769, -0.09), (0.0916125, 0.0997391, -0.091597), (0.09, 0.0998769, -0.0915644), (0.09309, 0.0995106, -0.09), (0.0931796, 0.0993439, -0.0916064), (0.09454, 0.09891, -0.09), (0.0946089, 0.0987286, -0.0916029), (0.0958778, 0.0980902, -0.09), (0.0958751, 0.0979335, -0.0915948), (0.0970711, 0.0970711, -0.09), (0.0969773, 0.0969851, -0.0915896), (0.0916247, 0.0993449, -0.0931676), (0.09, 0.0995106, -0.09309), (0.0931885, 0.0989321, -0.0931705), (0.0945649, 0.0983306, -0.0931246), (0.0957371, 0.0975928, -0.0930717), (0.0967328, 0.0967387, -0.0930429), (0.0916164, 0.0987258, -0.0946096), (0.09, 0.09891, -0.09454), (0.0931396, 0.0983267, -0.0945617), (0.0944418, 0.0977837, -0.0944368), (0.0955138, 0.0971428, -0.0943102), (0.0964017, 0.0964034, -0.0942445), (0.0916021, 0.0979262, -0.0958829), (0.09, 0.0980902, -0.0958778), (0.0930797, 0.097586, -0.0957419), (0.0943132, 0.0971407, -0.0955143), (0.09529, 0.0966359, -0.0952897), (0.0960555, 0.0960557, -0.0951634), (0.1, 0.09, -0.09), (0.0998769, 0.09, -0.0915644), (0.0997391, 0.091597, -0.0916125), (0.0998769, 0.0915644, -0.09), (0.0995106, 0.09, -0.09309), (0.0993439, 0.0916064, -0.0931796), (0.09891, 0.09, -0.09454), (0.0987286, 0.0916029, -0.0946089), (0.0980902, 0.09, -0.0958778), (0.0979335, 0.0915948, -0.0958751), (0.0993449, 0.0931676, -0.0916247), (0.0995106, 0.09309, -0.09), (0.0989321, 0.0931705, -0.0931885), (0.0983306, 0.0931246, -0.0945649), (0.0975928, 0.0930717, -0.0957371), (0.0987258, 0.0946096, -0.0916164), (0.09891, 0.09454, -0.09), (0.0983267, 0.0945617, -0.0931396), (0.0977837, 0.0944368, -0.0944418), (0.0971428, 0.0943102, -0.0955138), (0.0979262, 0.0958829, -0.0916021), (0.0980902, 0.0958778, -0.09), (0.097586, 0.0957419, -0.0930797), (0.0971407, 0.0955143, -0.0943132), (0.0966359, 0.0952897, -0.09529), (0.1, -0.09, 0.09), (0.0998769, -0.09, 0.0915644), (0.0997391, -0.091597, 0.0916125), (0.0998769, -0.0915644, 0.09), (0.0995106, -0.09, 0.09309), (0.0993439, -0.0916064, 0.0931796), (0.09891, -0.09, 0.09454), (0.0987286, -0.0916029, 0.0946089), (0.0980902, -0.09, 0.0958778), (0.0979335, -0.0915948, 0.0958751), (0.0970711, -0.09, 0.0970711), (0.0969851, -0.0915896, 0.0969773), (0.0993449, -0.0931676, 0.0916247), (0.0995106, -0.09309, 0.09), (0.0989321, -0.0931705, 0.0931885), (0.0983306, -0.0931246, 0.0945649), (0.0975928, -0.0930717, 0.0957371), (0.0967387, -0.0930429, 0.0967328), (0.0987258, -0.0946096, 0.0916164), (0.09891, -0.09454, 0.09), (0.0983267, -0.0945617, 0.0931396), (0.0977837, -0.0944368, 0.0944418), (0.0971428, -0.0943102, 0.0955138), (0.0964034, -0.0942445, 0.0964017), (0.0979262, -0.0958829, 0.0916021), (0.0980902, -0.0958778, 0.09), (0.097586, -0.0957419, 0.0930797), (0.0971407, -0.0955143, 0.0943132), (0.0966359, -0.0952897, 0.09529), (0.0960557, -0.0951634, 0.0960555), (0.0969773, -0.0969851, 0.0915896), (0.0970711, -0.0970711, 0.09), (0.0967328, -0.0967387, 0.0930429), (0.0964017, -0.0964034, 0.0942445), (0.0960555, -0.0960557, 0.0951634), (0.0957735, -0.0957735, 0.0957735), (0.09, -0.09, 0.1), (0.09, -0.0915644, 0.0998769), (0.091597, -0.0916125, 0.0997391), (0.0915644, -0.09, 0.0998769), (0.09, -0.09309, 0.0995106), (0.0916064, -0.0931796, 0.0993439), (0.09, -0.09454, 0.09891), (0.0916029, -0.0946089, 0.0987286), (0.09, -0.0958778, 0.0980902), (0.0915948, -0.0958751, 0.0979335), (0.09, -0.0970711, 0.0970711), (0.0915896, -0.0969773, 0.0969851), (0.0931676, -0.0916247, 0.0993449), (0.09309, -0.09, 0.0995106), (0.0931705, -0.0931885, 0.0989321), (0.0931246, -0.0945649, 0.0983306), (0.0930717, -0.0957371, 0.0975928), (0.0930429, -0.0967328, 0.0967387), (0.0946096, -0.0916164, 0.0987258), (0.09454, -0.09, 0.09891), (0.0945617, -0.0931396, 0.0983267), (0.0944368, -0.0944418, 0.0977837), (0.0943102, -0.0955138, 0.0971428), (0.0942445, -0.0964017, 0.0964034), (0.0958829, -0.0916021, 0.0979262), (0.0958778, -0.09, 0.0980902), (0.0957419, -0.0930797, 0.097586), (0.0955143, -0.0943132, 0.0971407), (0.0952897, -0.09529, 0.0966359), (0.0951634, -0.0960555, 0.0960557), (0.09, -0.1, 0.09), (0.0915644, -0.0998769, 0.09), (0.0916125, -0.0997391, 0.091597), (0.09, -0.0998769, 0.0915644), (0.09309, -0.0995106, 0.09), (0.0931796, -0.0993439, 0.0916064), (0.09454, -0.09891, 0.09), (0.0946089, -0.0987286, 0.0916029), (0.0958778, -0.0980902, 0.09), (0.0958751, -0.0979335, 0.0915948), (0.0916247, -0.0993449, 0.0931676), (0.09, -0.0995106, 0.09309), (0.0931885, -0.0989321, 0.0931705), (0.0945649, -0.0983306, 0.0931246), (0.0957371, -0.0975928, 0.0930717), (0.0916164, -0.0987258, 0.0946096), (0.09, -0.09891, 0.09454), (0.0931396, -0.0983267, 0.0945617), (0.0944418, -0.0977837, 0.0944368), (0.0955138, -0.0971428, 0.0943102), (0.0916021, -0.0979262, 0.0958829), (0.09, -0.0980902, 0.0958778), (0.0930797, -0.097586, 0.0957419), (0.0943132, -0.0971407, 0.0955143), (0.09529, -0.0966359, 0.0952897), (0.1, -0.09, -0.09), (0.0998769, -0.0915644, -0.09), (0.0997391, -0.0916125, -0.091597), (0.0998769, -0.09, -0.0915644), (0.0995106, -0.09309, -0.09), (0.0993439, -0.0931796, -0.0916064), (0.09891, -0.09454, -0.09), (0.0987286, -0.0946089, -0.0916029), (0.0980902, -0.0958778, -0.09), (0.0979335, -0.0958751, -0.0915948), (0.0970711, -0.0970711, -0.09), (0.0969851, -0.0969773, -0.0915896), (0.0993449, -0.0916247, -0.0931676), (0.0995106, -0.09, -0.09309), (0.0989321, -0.0931885, -0.0931705), (0.0983306, -0.0945649, -0.0931246), (0.0975928, -0.0957371, -0.0930717), (0.0967387, -0.0967328, -0.0930429), (0.0987258, -0.0916164, -0.0946096), (0.09891, -0.09, -0.09454), (0.0983267, -0.0931396, -0.0945617), (0.0977837, -0.0944418, -0.0944368), (0.0971428, -0.0955138, -0.0943102), (0.0964034, -0.0964017, -0.0942445), (0.0979262, -0.0916021, -0.0958829), (0.0980902, -0.09, -0.0958778), (0.097586, -0.0930797, -0.0957419), (0.0971407, -0.0943132, -0.0955143), (0.0966359, -0.09529, -0.0952897), (0.0960557, -0.0960555, -0.0951634), (0.0969773, -0.0915896, -0.0969851), (0.0970711, -0.09, -0.0970711), (0.0967328, -0.0930429, -0.0967387), (0.0964017, -0.0942445, -0.0964034), (0.0960555, -0.0951634, -0.0960557), (0.0957735, -0.0957735, -0.0957735), (0.09, -0.1, -0.09), (0.09, -0.0998769, -0.0915644), (0.091597, -0.0997391, -0.0916125), (0.0915644, -0.0998769, -0.09), (0.09, -0.0995106, -0.09309), (0.0916064, -0.0993439, -0.0931796), (0.09, -0.09891, -0.09454), (0.0916029, -0.0987286, -0.0946089), (0.09, -0.0980902, -0.0958778), (0.0915948, -0.0979335, -0.0958751), (0.09, -0.0970711, -0.0970711), (0.0915896, -0.0969851, -0.0969773), (0.0931676, -0.0993449, -0.0916247), (0.09309, -0.0995106, -0.09), (0.0931705, -0.0989321, -0.0931885), (0.0931246, -0.0983306, -0.0945649), (0.0930717, -0.0975928, -0.0957371), (0.0930429, -0.0967387, -0.0967328), (0.0946096, -0.0987258, -0.0916164), (0.09454, -0.09891, -0.09), (0.0945617, -0.0983267, -0.0931396), (0.0944368, -0.0977837, -0.0944418), (0.0943102, -0.0971428, -0.0955138), (0.0942445, -0.0964034, -0.0964017), (0.0958829, -0.0979262, -0.0916021), (0.0958778, -0.0980902, -0.09), (0.0957419, -0.097586, -0.0930797), (0.0955143, -0.0971407, -0.0943132), (0.0952897, -0.0966359, -0.09529), (0.0951634, -0.0960557, -0.0960555), (0.09, -0.09, -0.1), (0.0915644, -0.09, -0.0998769), (0.0916125, -0.091597, -0.0997391), (0.09, -0.0915644, -0.0998769), (0.09309, -0.09, -0.0995106), (0.0931796, -0.0916064, -0.0993439), (0.09454, -0.09, -0.09891), (0.0946089, -0.0916029, -0.0987286), (0.0958778, -0.09, -0.0980902), (0.0958751, -0.0915948, -0.0979335), (0.0916247, -0.0931676, -0.0993449), (0.09, -0.09309, -0.0995106), (0.0931885, -0.0931705, -0.0989321), (0.0945649, -0.0931246, -0.0983306), (0.0957371, -0.0930717, -0.0975928), (0.0916164, -0.0946096, -0.0987258), (0.09, -0.09454, -0.09891), (0.0931396, -0.0945617, -0.0983267), (0.0944418, -0.0944368, -0.0977837), (0.0955138, -0.0943102, -0.0971428), (0.0916021, -0.0958829, -0.0979262), (0.09, -0.0958778, -0.0980902), (0.0930797, -0.0957419, -0.097586), (0.0943132, -0.0955143, -0.0971407), (0.09529, -0.0952897, -0.0966359), (-0.09, 0.1, 0.09), (-0.0915644, 0.0998769, 0.09), (-0.0916125, 0.0997391, 0.091597), (-0.09, 0.0998769, 0.0915644), (-0.09309, 0.0995106, 0.09), (-0.0931796, 0.0993439, 0.0916064), (-0.09454, 0.09891, 0.09), (-0.0946089, 0.0987286, 0.0916029), (-0.0958778, 0.0980902, 0.09), (-0.0958751, 0.0979335, 0.0915948), (-0.0970711, 0.0970711, 0.09), (-0.0969773, 0.0969851, 0.0915896), (-0.0916247, 0.0993449, 0.0931676), (-0.09, 0.0995106, 0.09309), (-0.0931885, 0.0989321, 0.0931705), (-0.0945649, 0.0983306, 0.0931246), (-0.0957371, 0.0975928, 0.0930717), (-0.0967328, 0.0967387, 0.0930429), (-0.0916164, 0.0987258, 0.0946096), (-0.09, 0.09891, 0.09454), (-0.0931396, 0.0983267, 0.0945617), (-0.0944418, 0.0977837, 0.0944368), (-0.0955138, 0.0971428, 0.0943102), (-0.0964017, 0.0964034, 0.0942445), (-0.0916021, 0.0979262, 0.0958829), (-0.09, 0.0980902, 0.0958778), (-0.0930797, 0.097586, 0.0957419), (-0.0943132, 0.0971407, 0.0955143), (-0.09529, 0.0966359, 0.0952897), (-0.0960555, 0.0960557, 0.0951634), (-0.0915896, 0.0969773, 0.0969851), (-0.09, 0.0970711, 0.0970711), (-0.0930429, 0.0967328, 0.0967387), (-0.0942445, 0.0964017, 0.0964034), (-0.0951634, 0.0960555, 0.0960557), (-0.0957735, 0.0957735, 0.0957735), (-0.1, 0.09, 0.09), (-0.0998769, 0.09, 0.0915644), (-0.0997391, 0.091597, 0.0916125), (-0.0998769, 0.0915644, 0.09), (-0.0995106, 0.09, 0.09309), (-0.0993439, 0.0916064, 0.0931796), (-0.09891, 0.09, 0.09454), (-0.0987286, 0.0916029, 0.0946089), (-0.0980902, 0.09, 0.0958778), (-0.0979335, 0.0915948, 0.0958751), (-0.0970711, 0.09, 0.0970711), (-0.0969851, 0.0915896, 0.0969773), (-0.0993449, 0.0931676, 0.0916247), (-0.0995106, 0.09309, 0.09), (-0.0989321, 0.0931705, 0.0931885), (-0.0983306, 0.0931246, 0.0945649), (-0.0975928, 0.0930717, 0.0957371), (-0.0967387, 0.0930429, 0.0967328), (-0.0987258, 0.0946096, 0.0916164), (-0.09891, 0.09454, 0.09), (-0.0983267, 0.0945617, 0.0931396), (-0.0977837, 0.0944368, 0.0944418), (-0.0971428, 0.0943102, 0.0955138), (-0.0964034, 0.0942445, 0.0964017), (-0.0979262, 0.0958829, 0.0916021), (-0.0980902, 0.0958778, 0.09), (-0.097586, 0.0957419, 0.0930797), (-0.0971407, 0.0955143, 0.0943132), (-0.0966359, 0.0952897, 0.09529), (-0.0960557, 0.0951634, 0.0960555), (-0.09, 0.09, 0.1), (-0.09, 0.0915644, 0.0998769), (-0.091597, 0.0916125, 0.0997391), (-0.0915644, 0.09, 0.0998769), (-0.09, 0.09309, 0.0995106), (-0.0916064, 0.0931796, 0.0993439), (-0.09, 0.09454, 0.09891), (-0.0916029, 0.0946089, 0.0987286), (-0.09, 0.0958778, 0.0980902), (-0.0915948, 0.0958751, 0.0979335), (-0.0931676, 0.0916247, 0.0993449), (-0.09309, 0.09, 0.0995106), (-0.0931705, 0.0931885, 0.0989321), (-0.0931246, 0.0945649, 0.0983306), (-0.0930717, 0.0957371, 0.0975928), (-0.0946096, 0.0916164, 0.0987258), (-0.09454, 0.09, 0.09891), (-0.0945617, 0.0931396, 0.0983267), (-0.0944368, 0.0944418, 0.0977837), (-0.0943102, 0.0955138, 0.0971428), (-0.0958829, 0.0916021, 0.0979262), (-0.0958778, 0.09, 0.0980902), (-0.0957419, 0.0930797, 0.097586), (-0.0955143, 0.0943132, 0.0971407), (-0.0952897, 0.09529, 0.0966359), (-0.1, 0.09, -0.09), (-0.0998769, 0.0915644, -0.09), (-0.0997391, 0.0916125, -0.091597), (-0.0998769, 0.09, -0.0915644), (-0.0995106, 0.09309, -0.09), (-0.0993439, 0.0931796, -0.0916064), (-0.09891, 0.09454, -0.09), (-0.0987286, 0.0946089, -0.0916029), (-0.0980902, 0.0958778, -0.09), (-0.0979335, 0.0958751, -0.0915948), (-0.0970711, 0.0970711, -0.09), (-0.0969851, 0.0969773, -0.0915896), (-0.0993449, 0.0916247, -0.0931676), (-0.0995106, 0.09, -0.09309), (-0.0989321, 0.0931885, -0.0931705), (-0.0983306, 0.0945649, -0.0931246), (-0.0975928, 0.0957371, -0.0930717), (-0.0967387, 0.0967328, -0.0930429), (-0.0987258, 0.0916164, -0.0946096), (-0.09891, 0.09, -0.09454), (-0.0983267, 0.0931396, -0.0945617), (-0.0977837, 0.0944418, -0.0944368), (-0.0971428, 0.0955138, -0.0943102), (-0.0964034, 0.0964017, -0.0942445), (-0.0979262, 0.0916021, -0.0958829), (-0.0980902, 0.09, -0.0958778), (-0.097586, 0.0930797, -0.0957419), (-0.0971407, 0.0943132, -0.0955143), (-0.0966359, 0.09529, -0.0952897), (-0.0960557, 0.0960555, -0.0951634), (-0.0969773, 0.0915896, -0.0969851), (-0.0970711, 0.09, -0.0970711), (-0.0967328, 0.0930429, -0.0967387), (-0.0964017, 0.0942445, -0.0964034), (-0.0960555, 0.0951634, -0.0960557), (-0.0957735, 0.0957735, -0.0957735), (-0.09, 0.1, -0.09), (-0.09, 0.0998769, -0.0915644), (-0.091597, 0.0997391, -0.0916125), (-0.0915644, 0.0998769, -0.09), (-0.09, 0.0995106, -0.09309), (-0.0916064, 0.0993439, -0.0931796), (-0.09, 0.09891, -0.09454), (-0.0916029, 0.0987286, -0.0946089), (-0.09, 0.0980902, -0.0958778), (-0.0915948, 0.0979335, -0.0958751), (-0.09, 0.0970711, -0.0970711), (-0.0915896, 0.0969851, -0.0969773), (-0.0931676, 0.0993449, -0.0916247), (-0.09309, 0.0995106, -0.09), (-0.0931705, 0.0989321, -0.0931885), (-0.0931246, 0.0983306, -0.0945649), (-0.0930717, 0.0975928, -0.0957371), (-0.0930429, 0.0967387, -0.0967328), (-0.0946096, 0.0987258, -0.0916164), (-0.09454, 0.09891, -0.09), (-0.0945617, 0.0983267, -0.0931396), (-0.0944368, 0.0977837, -0.0944418), (-0.0943102, 0.0971428, -0.0955138), (-0.0942445, 0.0964034, -0.0964017), (-0.0958829, 0.0979262, -0.0916021), (-0.0958778, 0.0980902, -0.09), (-0.0957419, 0.097586, -0.0930797), (-0.0955143, 0.0971407, -0.0943132), (-0.0952897, 0.0966359, -0.09529), (-0.0951634, 0.0960557, -0.0960555), (-0.09, 0.09, -0.1), (-0.0915644, 0.09, -0.0998769), (-0.0916125, 0.091597, -0.0997391), (-0.09, 0.0915644, -0.0998769), (-0.09309, 0.09, -0.0995106), (-0.0931796, 0.0916064, -0.0993439), (-0.09454, 0.09, -0.09891), (-0.0946089, 0.0916029, -0.0987286), (-0.0958778, 0.09, -0.0980902), (-0.0958751, 0.0915948, -0.0979335), (-0.0916247, 0.0931676, -0.0993449), (-0.09, 0.09309, -0.0995106), (-0.0931885, 0.0931705, -0.0989321), (-0.0945649, 0.0931246, -0.0983306), (-0.0957371, 0.0930717, -0.0975928), (-0.0916164, 0.0946096, -0.0987258), (-0.09, 0.09454, -0.09891), (-0.0931396, 0.0945617, -0.0983267), (-0.0944418, 0.0944368, -0.0977837), (-0.0955138, 0.0943102, -0.0971428), (-0.0916021, 0.0958829, -0.0979262), (-0.09, 0.0958778, -0.0980902), (-0.0930797, 0.0957419, -0.097586), (-0.0943132, 0.0955143, -0.0971407), (-0.09529, 0.0952897, -0.0966359), (-0.1, -0.09, 0.09), (-0.0998769, -0.0915644, 0.09), (-0.0997391, -0.0916125, 0.091597), (-0.0998769, -0.09, 0.0915644), (-0.0995106, -0.09309, 0.09), (-0.0993439, -0.0931796, 0.0916064), (-0.09891, -0.09454, 0.09), (-0.0987286, -0.0946089, 0.0916029), (-0.0980902, -0.0958778, 0.09), (-0.0979335, -0.0958751, 0.0915948), (-0.0970711, -0.0970711, 0.09), (-0.0969851, -0.0969773, 0.0915896), (-0.0993449, -0.0916247, 0.0931676), (-0.0995106, -0.09, 0.09309), (-0.0989321, -0.0931885, 0.0931705), (-0.0983306, -0.0945649, 0.0931246), (-0.0975928, -0.0957371, 0.0930717), (-0.0967387, -0.0967328, 0.0930429), (-0.0987258, -0.0916164, 0.0946096), (-0.09891, -0.09, 0.09454), (-0.0983267, -0.0931396, 0.0945617), (-0.0977837, -0.0944418, 0.0944368), (-0.0971428, -0.0955138, 0.0943102), (-0.0964034, -0.0964017, 0.0942445), (-0.0979262, -0.0916021, 0.0958829), (-0.0980902, -0.09, 0.0958778), (-0.097586, -0.0930797, 0.0957419), (-0.0971407, -0.0943132, 0.0955143), (-0.0966359, -0.09529, 0.0952897), (-0.0960557, -0.0960555, 0.0951634), (-0.0969773, -0.0915896, 0.0969851), (-0.0970711, -0.09, 0.0970711), (-0.0967328, -0.0930429, 0.0967387), (-0.0964017, -0.0942445, 0.0964034), (-0.0960555, -0.0951634, 0.0960557), (-0.0957735, -0.0957735, 0.0957735), (-0.09, -0.1, 0.09), (-0.09, -0.0998769, 0.0915644), (-0.091597, -0.0997391, 0.0916125), (-0.0915644, -0.0998769, 0.09), (-0.09, -0.0995106, 0.09309), (-0.0916064, -0.0993439, 0.0931796), (-0.09, -0.09891, 0.09454), (-0.0916029, -0.0987286, 0.0946089), (-0.09, -0.0980902, 0.0958778), (-0.0915948, -0.0979335, 0.0958751), (-0.09, -0.0970711, 0.0970711), (-0.0915896, -0.0969851, 0.0969773), (-0.0931676, -0.0993449, 0.0916247), (-0.09309, -0.0995106, 0.09), (-0.0931705, -0.0989321, 0.0931885), (-0.0931246, -0.0983306, 0.0945649), (-0.0930717, -0.0975928, 0.0957371), (-0.0930429, -0.0967387, 0.0967328), (-0.0946096, -0.0987258, 0.0916164), (-0.09454, -0.09891, 0.09), (-0.0945617, -0.0983267, 0.0931396), (-0.0944368, -0.0977837, 0.0944418), (-0.0943102, -0.0971428, 0.0955138), (-0.0942445, -0.0964034, 0.0964017), (-0.0958829, -0.0979262, 0.0916021), (-0.0958778, -0.0980902, 0.09), (-0.0957419, -0.097586, 0.0930797), (-0.0955143, -0.0971407, 0.0943132), (-0.0952897, -0.0966359, 0.09529), (-0.0951634, -0.0960557, 0.0960555), (-0.09, -0.09, 0.1), (-0.0915644, -0.09, 0.0998769), (-0.0916125, -0.091597, 0.0997391), (-0.09, -0.0915644, 0.0998769), (-0.09309, -0.09, 0.0995106), (-0.0931796, -0.0916064, 0.0993439), (-0.09454, -0.09, 0.09891), (-0.0946089, -0.0916029, 0.0987286), (-0.0958778, -0.09, 0.0980902), (-0.0958751, -0.0915948, 0.0979335), (-0.0916247, -0.0931676, 0.0993449), (-0.09, -0.09309, 0.0995106), (-0.0931885, -0.0931705, 0.0989321), (-0.0945649, -0.0931246, 0.0983306), (-0.0957371, -0.0930717, 0.0975928), (-0.0916164, -0.0946096, 0.0987258), (-0.09, -0.09454, 0.09891), (-0.0931396, -0.0945617, 0.0983267), (-0.0944418, -0.0944368, 0.0977837), (-0.0955138, -0.0943102, 0.0971428), (-0.0916021, -0.0958829, 0.0979262), (-0.09, -0.0958778, 0.0980902), (-0.0930797, -0.0957419, 0.097586), (-0.0943132, -0.0955143, 0.0971407), (-0.09529, -0.0952897, 0.0966359), (-0.09, -0.09, -0.1), (-0.09, -0.0915644, -0.0998769), (-0.091597, -0.0916125, -0.0997391), (-0.0915644, -0.09, -0.0998769), (-0.09, -0.09309, -0.0995106), (-0.0916064, -0.0931796, -0.0993439), (-0.09, -0.09454, -0.09891), (-0.0916029, -0.0946089, -0.0987286), (-0.09, -0.0958778, -0.0980902), (-0.0915948, -0.0958751, -0.0979335), (-0.09, -0.0970711, -0.0970711), (-0.0915896, -0.0969773, -0.0969851), (-0.0931676, -0.0916247, -0.0993449), (-0.09309, -0.09, -0.0995106), (-0.0931705, -0.0931885, -0.0989321), (-0.0931246, -0.0945649, -0.0983306), (-0.0930717, -0.0957371, -0.0975928), (-0.0930429, -0.0967328, -0.0967387), (-0.0946096, -0.0916164, -0.0987258), (-0.09454, -0.09, -0.09891), (-0.0945617, -0.0931396, -0.0983267), (-0.0944368, -0.0944418, -0.0977837), (-0.0943102, -0.0955138, -0.0971428), (-0.0942445, -0.0964017, -0.0964034), (-0.0958829, -0.0916021, -0.0979262), (-0.0958778, -0.09, -0.0980902), (-0.0957419, -0.0930797, -0.097586), (-0.0955143, -0.0943132, -0.0971407), (-0.0952897, -0.09529, -0.0966359), (-0.0951634, -0.0960555, -0.0960557), (-0.0969851, -0.0915896, -0.0969773), (-0.0970711, -0.09, -0.0970711), (-0.0967387, -0.0930429, -0.0967328), (-0.0964034, -0.0942445, -0.0964017), (-0.0960557, -0.0951634, -0.0960555), (-0.0957735, -0.0957735, -0.0957735), (-0.09, -0.1, -0.09), (-0.0915644, -0.0998769, -0.09), (-0.0916125, -0.0997391, -0.091597), (-0.09, -0.0998769, -0.0915644), (-0.09309, -0.0995106, -0.09), (-0.0931796, -0.0993439, -0.0916064), (-0.09454, -0.09891, -0.09), (-0.0946089, -0.0987286, -0.0916029), (-0.0958778, -0.0980902, -0.09), (-0.0958751, -0.0979335, -0.0915948), (-0.0970711, -0.0970711, -0.09), (-0.0969773, -0.0969851, -0.0915896), (-0.0916247, -0.0993449, -0.0931676), (-0.09, -0.0995106, -0.09309), (-0.0931885, -0.0989321, -0.0931705), (-0.0945649, -0.0983306, -0.0931246), (-0.0957371, -0.0975928, -0.0930717), (-0.0967328, -0.0967387, -0.0930429), (-0.0916164, -0.0987258, -0.0946096), (-0.09, -0.09891, -0.09454), (-0.0931396, -0.0983267, -0.0945617), (-0.0944418, -0.0977837, -0.0944368), (-0.0955138, -0.0971428, -0.0943102), (-0.0964017, -0.0964034, -0.0942445), (-0.0916021, -0.0979262, -0.0958829), (-0.09, -0.0980902, -0.0958778), (-0.0930797, -0.097586, -0.0957419), (-0.0943132, -0.0971407, -0.0955143), (-0.09529, -0.0966359, -0.0952897), (-0.0960555, -0.0960557, -0.0951634), (-0.1, -0.09, -0.09), (-0.0998769, -0.09, -0.0915644), (-0.0997391, -0.091597, -0.0916125), (-0.0998769, -0.0915644, -0.09), (-0.0995106, -0.09, -0.09309), (-0.0993439, -0.0916064, -0.0931796), (-0.09891, -0.09, -0.09454), (-0.0987286, -0.0916029, -0.0946089), (-0.0980902, -0.09, -0.0958778), (-0.0979335, -0.0915948, -0.0958751), (-0.0993449, -0.0931676, -0.0916247), (-0.0995106, -0.09309, -0.09), (-0.0989321, -0.0931705, -0.0931885), (-0.0983306, -0.0931246, -0.0945649), (-0.0975928, -0.0930717, -0.0957371), (-0.0987258, -0.0946096, -0.0916164), (-0.09891, -0.09454, -0.09), (-0.0983267, -0.0945617, -0.0931396), (-0.0977837, -0.0944368, -0.0944418), (-0.0971428, -0.0943102, -0.0955138), (-0.0979262, -0.0958829, -0.0916021), (-0.0980902, -0.0958778, -0.09), (-0.097586, -0.0957419, -0.0930797), (-0.0971407, -0.0955143, -0.0943132), (-0.0966359, -0.0952897, -0.09529)]
            uniform token subdivisionScheme = "none"
        }
    }
    def Scope "collisions"
    {
        def Mesh "collision_0" (
            prepend apiSchemas = ["PhysicsCollisionAPI", "PhysicsMeshCollisionAPI"]
        )
        {
            uniform token physics:approximation = "convexHull"
            uniform token purpose = "guide"
            int[] faceVertexCounts = [3, 3, 3, 3, 3, 3, 3, 3, 3, 3, 3, 3, 3, 3, 3, 3, 3, 3, 3, 3, 3, 3, 3, 3, 3, 3, 3, 3, 3, 3, 3, 3, 3, 3, 3, 3, 3, 3, 3, 3, 3, 3, 3, 3, 3, 3, 3, 3, 3, 3, 3, 3, 3, 3, 3, 3, 3, 3, 3, 3, 3, 3, 3, 3, 3, 3, 3, 3, 3, 3, 3, 3, 3, 3, 3, 3, 3, 3, 3, 3, 3, 3, 3, 3, 3, 3, 3, 3, 3, 3, 3, 3, 3, 3, 3, 3, 3, 3, 3, 3, 3, 3, 3, 3, 3, 3, 3, 3, 3, 3, 3, 3, 3, 3, 3, 3, 3, 3, 3, 3, 3, 3, 3, 3, 3, 3, 3, 3, 3, 3, 3, 3, 3, 3, 3, 3, 3, 3, 3, 3, 3, 3, 3, 3, 3, 3, 3, 3, 3, 3, 3, 3, 3, 3, 3, 3, 3, 3, 3, 3, 3, 3, 3, 3, 3, 3, 3, 3, 3, 3, 3, 3, 3, 3, 3, 3, 3, 3, 3, 3, 3, 3, 3, 3, 3, 3, 3, 3, 3, 3, 3, 3, 3, 3, 3, 3, 3, 3, 3, 3, 3, 3, 3, 3, 3, 3, 3, 3, 3, 3, 3, 3, 3, 3, 3, 3, 3, 3, 3, 3, 3, 3, 3, 3, 3, 3, 3, 3, 3, 3, 3, 3, 3, 3, 3, 3, 3, 3, 3, 3, 3, 3, 3, 3, 3, 3, 3, 3, 3, 3, 3, 3, 3, 3, 3, 3, 3, 3, 3, 3, 3, 3, 3, 3, 3, 3, 3, 3, 3, 3, 3, 3, 3, 3, 3, 3, 3, 3, 3, 3, 3, 3, 3, 3, 3, 3, 3, 3, 3, 3, 3, 3, 3, 3, 3, 3, 3, 3, 3, 3, 3, 3, 3, 3, 3, 3, 3, 3, 3, 3, 3, 3, 3, 3, 3, 3, 3, 3, 3, 3, 3, 3, 3, 3, 3, 3, 3, 3, 3, 3, 3, 3, 3, 3, 3, 3, 3, 3, 3, 3, 3, 3, 3, 3, 3, 3, 3, 3, 3, 3, 3, 3, 3, 3, 3, 3, 3, 3, 3, 3, 3, 3, 3, 3, 3, 3, 3, 3, 3, 3, 3, 3, 3, 3, 3, 3, 3, 3, 3, 3, 3, 3, 3, 3, 3, 3, 3, 3, 3, 3, 3, 3, 3, 3, 3, 3, 3, 3, 3, 3, 3, 3, 3, 3, 3, 3, 3, 3, 3, 3, 3, 3, 3, 3, 3, 3, 3, 3, 3, 3, 3, 3, 3, 3, 3, 3, 3, 3, 3, 3, 3, 3, 3, 3, 3, 3, 3, 3, 3, 3, 3, 3, 3, 3, 3, 3, 3, 3, 3, 3, 3, 3, 3, 3, 3, 3, 3, 3, 3, 3, 3, 3, 3, 3, 3, 3, 3, 3, 3, 3, 3, 3, 3, 3, 3, 3, 3, 3, 3, 3, 3, 3, 3, 3, 3, 3, 3, 3, 3, 3, 3, 3, 3, 3, 3, 3, 3, 3, 3, 3, 3, 3, 3, 3, 3, 3, 3, 3, 3, 3, 3, 3, 3, 3, 3, 3, 3, 3, 3, 3, 3, 3, 3, 3, 3, 3, 3, 3, 3, 3, 3, 3, 3, 3, 3, 3, 3, 3, 3, 3, 3, 3, 3, 3, 3, 3, 3, 3, 3, 3, 3, 3, 3, 3, 3, 3, 3, 3, 3, 3, 3, 3, 3, 3, 3, 3, 3, 3, 3, 3, 3, 3, 3, 3, 3, 3, 3, 3, 3, 3, 3, 3, 3, 3, 3, 3, 3, 3, 3, 3, 3, 3, 3, 3, 3, 3, 3, 3, 3, 3, 3, 3, 3, 3, 3, 3, 3, 3, 3, 3, 3, 3, 3, 3, 3, 3, 3, 3, 3, 3, 3, 3, 3, 3, 3, 3, 3, 3, 3, 3, 3, 3, 3, 3, 3, 3, 3, 3, 3, 3, 3, 3, 3, 3, 3, 3, 3, 3, 3, 3, 3, 3, 3, 3, 3, 3, 3, 3, 3, 3, 3, 3, 3, 3, 3, 3, 3, 3, 3, 3, 3, 3, 3, 3, 3, 3, 3, 3, 3, 3, 3, 3, 3, 3, 3, 3, 3, 3, 3, 3, 3, 3, 3, 3, 3, 3, 3, 3, 3, 3, 3, 3, 3, 3, 3, 3, 3, 3, 3, 3, 3, 3, 3, 3, 3, 3, 3, 3, 3, 3, 3, 3, 3, 3, 3, 3, 3, 3, 3, 3, 3, 3, 3, 3, 3, 3, 3, 3, 3, 3, 3, 3, 3, 3, 3, 3, 3, 3, 3, 3, 3, 3, 3, 3, 3, 3, 3, 3, 3, 3, 3, 3, 3, 3, 3, 3, 3, 3, 3, 3, 3, 3, 3, 3, 3, 3, 3, 3, 3, 3, 3, 3, 3, 3, 3, 3, 3, 3, 3, 3, 3, 3, 3, 3, 3, 3, 3, 3, 3, 3, 3, 3, 3, 3, 3, 3, 3, 3, 3, 3, 3, 3, 3, 3, 3, 3, 3, 3, 3, 3, 3, 3, 3, 3, 3, 3, 3, 3, 3, 3, 3, 3, 3, 3, 3, 3, 3, 3, 3, 3, 3, 3, 3, 3, 3, 3, 3, 3, 3, 3, 3, 3, 3, 3, 3, 3, 3, 3, 3, 3, 3, 3, 3, 3, 3, 3, 3, 3, 3, 3, 3, 3, 3, 3, 3, 3, 3, 3, 3, 3, 3, 3, 3, 3, 3, 3, 3, 3, 3, 3, 3, 3, 3, 3, 3, 3, 3, 3, 3, 3, 3, 3, 3, 3, 3, 3, 3, 3, 3, 3, 3, 3, 3, 3, 3, 3, 3, 3, 3, 3, 3, 3, 3, 3, 3, 3, 3, 3, 3, 3, 3, 3, 3, 3, 3, 3, 3, 3, 3, 3, 3, 3, 3, 3, 3, 3, 3, 3, 3, 3, 3, 3, 3, 3, 3, 3, 3, 3, 3, 3, 3, 3, 3, 3, 3, 3, 3, 3, 3, 3, 3, 3, 3, 3, 3, 3, 3, 3, 3, 3, 3, 3, 3, 3, 3, 3, 3, 3, 3, 3, 3, 3, 3, 3, 3, 3, 3, 3, 3, 3, 3, 3, 3, 3, 3, 3, 3, 3, 3, 3, 3, 3, 3, 3, 3, 3, 3, 3, 3, 3, 3, 3, 3, 3, 3, 3, 3, 3, 3, 3, 3, 3, 3, 3, 3, 3, 3, 3, 3, 3, 3, 3, 3, 3, 3, 3, 3, 3, 3, 3, 3, 3, 3, 3, 3, 3, 3, 3, 3, 3, 3, 3, 3, 3, 3, 3, 3, 3, 3, 3, 3, 3, 3, 3, 3, 3, 3, 3, 3, 3, 3, 3, 3, 3, 3, 3, 3, 3, 3, 3, 3, 3, 3, 3, 3, 3, 3, 3, 3, 3, 3, 3, 3, 3, 3, 3, 3, 3, 3, 3, 3, 3, 3, 3, 3, 3, 3, 3, 3, 3, 3, 3, 3, 3, 3, 3, 3, 3, 3, 3, 3, 3, 3, 3, 3, 3, 3, 3, 3, 3, 3, 3, 3, 3, 3, 3, 3, 3, 3, 3, 3, 3, 3, 3, 3, 3, 3, 3, 3, 3, 3, 3, 3, 3, 3, 3, 3, 3, 3, 3, 3, 3, 3, 3, 3, 3, 3, 3, 3, 3, 3, 3, 3, 3, 3, 3, 3, 3, 3, 3, 3, 3, 3, 3, 3, 3, 3, 3, 3, 3, 3, 3, 3, 3, 3, 3, 3, 3, 3, 3, 3, 3, 3, 3, 3, 3, 3, 3, 3, 3, 3, 3, 3, 3, 3, 3, 3, 3, 3, 3, 3, 3, 3, 3, 3, 3, 3, 3, 3, 3, 3, 3, 3, 3, 3, 3, 3, 3, 3, 3, 3, 3, 3, 3, 3, 3, 3, 3, 3, 3, 3, 3, 3, 3, 3, 3, 3, 3, 3, 3, 3, 3, 3, 3, 3, 3, 3, 3, 3, 3, 3, 3, 3, 3, 3, 3, 3, 3, 3, 3, 3, 3, 3, 3, 3, 3, 3, 3, 3, 3, 3, 3, 3, 3, 3, 3, 3, 3, 3, 3, 3, 3, 3, 3, 3, 3, 3, 3, 3, 3, 3, 3, 3, 3, 3, 3, 3, 3, 3, 3, 3, 3, 3, 3, 3, 3, 3, 3, 3, 3, 3, 3, 3, 3, 3, 3, 3, 3, 3, 3, 3, 3, 3, 3, 3, 3, 3, 3, 3, 3, 3, 3, 3, 3, 3, 3, 3, 3, 3, 3, 3, 3, 3, 3, 3, 3, 3, 3, 3, 3, 3, 3, 3, 3, 3, 3, 3, 3, 3, 3, 3, 3, 3, 3, 3, 3, 3, 3, 3, 3, 3, 3, 3, 3, 3, 3, 3, 3, 3, 3, 3, 3, 3, 3, 3, 3, 3, 3, 3, 3, 3, 3, 3, 3, 3, 3, 3, 3, 3, 3, 3, 3, 3, 3, 3, 3, 3, 3, 3, 3, 3, 3, 3, 3, 3, 3, 3, 3, 3, 3, 3, 3]
            int[] faceVertexIndices = [0, 1, 2, 0, 2, 3, 1, 4, 5, 1, 5, 2, 4, 6, 7, 4, 7, 5, 6, 8, 9, 6, 9, 7, 8, 10, 11, 8, 11, 9, 3, 2, 12, 3, 12, 13, 2, 5, 14, 2, 14, 12, 5, 7, 15, 5, 15, 14, 7, 9, 16, 7, 16, 15, 9, 11, 17, 9, 17, 16, 13, 12, 18, 13, 18, 19, 12, 14, 20, 12, 20, 18, 14, 15, 21, 14, 21, 20, 15, 16, 22, 15, 22, 21, 16, 17, 23, 16, 23, 22, 19, 18, 24, 19, 24, 25, 18, 20, 26, 18, 26, 24, 20, 21, 27, 20, 27, 26, 21, 22, 28, 21, 28, 27, 22, 23, 29, 22, 29, 28, 25, 24, 30, 25, 30, 31, 24, 26, 32, 24, 32, 30, 26, 27, 33, 26, 33, 32, 27, 28, 34, 27, 34, 33, 28, 29, 35, 28, 35, 34, 36, 37, 38, 36, 38, 39, 37, 40, 41, 37, 41, 38, 40, 42, 43, 40, 43, 41, 42, 44, 45, 42, 45, 43, 44, 46, 47, 44, 47, 45, 39, 38, 48, 39, 48, 49, 38, 41, 50, 38, 50, 48, 41, 43, 51, 41, 51, 50, 43, 45, 52, 43, 52, 51, 45, 47, 53, 45, 53, 52, 49, 48, 54, 49, 54, 55, 48, 50, 56, 48, 56, 54, 50, 51, 57, 50, 57, 56, 51, 52, 58, 51, 58, 57, 52, 53, 59, 52, 59, 58, 55, 54, 60, 55, 60, 61, 54, 56, 62, 54, 62, 60, 56, 57, 63, 56, 63, 62, 57, 58, 64, 57, 64, 63, 58, 59, 65, 58, 65, 64, 61, 60, 11, 61, 11, 10, 60, 62, 17, 60, 17, 11, 62, 63, 23, 62, 23, 17, 63, 64, 29, 63, 29, 23, 64, 65, 35, 64, 35, 29, 66, 67, 68, 66, 68, 69, 67, 70, 71, 67, 71, 68, 70, 72, 73, 70, 73, 71, 72, 74, 75, 72, 75, 73, 74, 31, 30, 74, 30, 75, 69, 68, 76, 69, 76, 77, 68, 71, 78, 68, 78, 76, 71, 73, 79, 71, 79, 78, 73, 75, 80, 73, 80, 79, 75, 30, 32, 75, 32, 80, 77, 76, 81, 77, 81, 82, 76, 78, 83, 76, 83, 81, 78, 79, 84, 78, 84, 83, 79, 80, 85, 79, 85, 84, 80, 32, 33, 80, 33, 85, 82, 81, 86, 82, 86, 87, 81, 83, 88, 81, 88, 86, 83, 84, 89, 83, 89, 88, 84, 85, 90, 84, 90, 89, 85, 33, 34, 85, 34, 90, 87, 86, 47, 87, 47, 46, 86, 88, 53, 86, 53, 47, 88, 89, 59, 88, 59, 53, 89, 90, 65, 89, 65, 59, 90, 34, 35, 90, 35, 65, 91, 92, 93, 91, 93, 94, 92, 95, 96, 92, 96, 93, 95, 97, 98, 95, 98, 96, 97, 99, 100, 97, 100, 98, 99, 101, 102, 99, 102, 100, 94, 93, 103, 94, 103, 104, 93, 96, 105, 93, 105, 103, 96, 98, 106, 96, 106, 105, 98, 100, 107, 98, 107, 106, 100, 102, 108, 100, 108, 107, 104, 103, 109, 104, 109, 110, 103, 105, 111, 103, 111, 109, 105, 106, 112, 105, 112, 111, 106, 107, 113, 106, 113, 112, 107, 108, 114, 107, 114, 113, 110, 109, 115, 110, 115, 116, 109, 111, 117, 109, 117, 115, 111, 112, 118, 111, 118, 117, 112, 113, 119, 112, 119, 118, 113, 114, 120, 113, 120, 119, 116, 115, 121, 116, 121, 122, 115, 117, 123, 115, 123, 121, 117, 118, 124, 117, 124, 123, 118, 119, 125, 118, 125, 124, 119, 120, 126, 119, 126, 125, 127, 128, 129, 127, 129, 130, 128, 131, 132, 128, 132, 129, 131, 133, 134, 131, 134, 132, 133, 135, 136, 133, 136, 134, 135, 137, 138, 135, 138, 136, 130, 129, 139, 130, 139, 140, 129, 132, 141, 129, 141, 139, 132, 134, 142, 132, 142, 141, 134, 136, 143, 134, 143, 142, 136, 138, 144, 136, 144, 143, 140, 139, 145, 140, 145, 146, 139, 141, 147, 139, 147, 145, 141, 142, 148, 141, 148, 147, 142, 143, 149, 142, 149, 148, 143, 144, 150, 143, 150, 149, 146, 145, 151, 146, 151, 152, 145, 147, 153, 145, 153, 151, 147, 148, 154, 147, 154, 153, 148, 149, 155, 148, 155, 154, 149, 150, 156, 149, 156, 155, 152, 151, 102, 152, 102, 101, 151, 153, 108, 151, 108, 102, 153, 154, 114, 153, 114, 108, 154, 155, 120, 154, 120, 114, 155, 156, 126, 155, 126, 120, 157, 158, 159, 157, 159, 160, 158, 161, 162, 158, 162, 159, 161, 163, 164, 161, 164, 162, 163, 165, 166, 163, 166, 164, 165, 122, 121, 165, 121, 166, 160, 159, 167, 160, 167, 168, 159, 162, 169, 159, 169, 167, 162, 164, 170, 162, 170, 169, 164, 166, 171, 164, 171, 170, 166, 121, 123, 166, 123, 171, 168, 167, 172, 168, 172, 173, 167, 169, 174, 167, 174, 172, 169, 170, 175, 169, 175, 174, 170, 171, 176, 170, 176, 175, 171, 123, 124, 171, 124, 176, 173, 172, 177, 173, 177, 178, 172, 174, 179, 172, 179, 177, 174, 175, 180, 174, 180, 179, 175, 176, 181, 175, 181, 180, 176, 124, 125, 176, 125, 181, 178, 177, 138, 178, 138, 137, 177, 179, 144, 177, 144, 138, 179, 180, 150, 179, 150, 144, 180, 181, 156, 180, 156, 150, 181, 125, 126, 181, 126, 156, 182, 183, 184, 182, 184, 185, 183, 186, 187, 183, 187, 184, 186, 188, 189, 186, 189, 187, 188, 190, 191, 188, 191, 189, 190, 192, 193, 190, 193, 191, 185, 184, 194, 185, 194, 195, 184, 187, 196, 184, 196, 194, 187, 189, 197, 187, 197, 196, 189, 191, 198, 189, 198, 197, 191, 193, 199, 191, 199, 198, 195, 194, 200, 195, 200, 201, 194, 196, 202, 194, 202, 200, 196, 197, 203, 196, 203, 202, 197, 198, 204, 197, 204, 203, 198, 199, 205, 198, 205, 204, 201, 200, 206, 201, 206, 207, 200, 202, 208, 200, 208, 206, 202, 203, 209, 202, 209, 208, 203, 204, 210, 203, 210, 209, 204, 205, 211, 204, 211, 210, 207, 206, 212, 207, 212, 213, 206, 208, 214, 206, 214, 212, 208, 209, 215, 208, 215, 214, 209, 210, 216, 209, 216, 215, 210, 211, 217, 210, 217, 216, 218, 219, 220, 218, 220, 221, 219, 222, 223, 219, 223, 220, 222, 224, 225, 222, 225, 223, 224, 226, 227, 224, 227, 225, 226, 228, 229, 226, 229, 227, 221, 220, 230, 221, 230, 231, 220, 223, 232, 220, 232, 230, 223, 225, 233, 223, 233, 232, 225, 227, 234, 225, 234, 233, 227, 229, 235, 227, 235, 234, 231, 230, 236, 231, 236, 237, 230, 232, 238, 230, 238, 236, 232, 233, 239, 232, 239, 238, 233, 234, 240, 233, 240, 239, 234, 235, 241, 234, 241, 240, 237, 236, 242, 237, 242, 243, 236, 238, 244, 236, 244, 242, 238, 239, 245, 238, 245, 244, 239, 240, 246, 239, 246, 245, 240, 241, 247, 240, 247, 246, 243, 242, 193, 243, 193, 192, 242, 244, 199, 242, 199, 193, 244, 245, 205, 244, 205, 199, 245, 246, 211, 245, 211, 205, 246, 247, 217, 246, 217, 211, 248, 249, 250, 248, 250, 251, 249, 252, 253, 249, 253, 250, 252, 254, 255, 252, 255, 253, 254, 256, 257, 254, 257, 255, 256, 213, 212, 256, 212, 257, 251, 250, 258, 251, 258, 259, 250, 253, 260, 250, 260, 258, 253, 255, 261, 253, 261, 260, 255, 257, 262, 255, 262, 261, 257, 212, 214, 257, 214, 262, 259, 258, 263, 259, 263, 264, 258, 260, 265, 258, 265, 263, 260, 261, 266, 260, 266, 265, 261, 262, 267, 261, 267, 266, 262, 214, 215, 262, 215, 267, 264, 263, 268, 264, 268, 269, 263, 265, 270, 263, 270, 268, 265, 266, 271, 265, 271, 270, 266, 267, 272, 266, 272, 271, 267, 215, 216, 267, 216, 272, 269, 268, 229, 269, 229, 228, 268, 270, 235, 268, 235, 229, 270, 271, 241, 270, 241, 235, 271, 272, 247, 271, 247, 241, 272, 216, 217, 272, 217, 247, 273, 274, 275, 273, 275, 276, 274, 277, 278, 274, 278, 275, 277, 279, 280, 277, 280, 278, 279, 281, 282, 279, 282, 280, 281, 283, 284, 281, 284, 282, 276, 275, 285, 276, 285, 286, 275, 278, 287, 275, 287, 285, 278, 280, 288, 278, 288, 287, 280, 282, 289, 280, 289, 288, 282, 284, 290, 282, 290, 289, 286, 285, 291, 286, 291, 292, 285, 287, 293, 285, 293, 291, 287, 288, 294, 287, 294, 293, 288, 289, 295, 288, 295, 294, 289, 290, 296, 289, 296, 295, 292, 291, 297, 292, 297, 298, 291, 293, 299, 291, 299, 297, 293, 294, 300, 293, 300, 299, 294, 295, 301, 294, 301, 300, 295, 296, 302, 295, 302, 301, 298, 297, 303, 298, 303, 304, 297, 299, 305, 297, 305, 303, 299, 300, 306, 299, 306, 305, 300, 301, 307, 300, 307, 306, 301, 302, 308, 301, 308, 307, 309, 310, 311, 309, 311, 312, 310, 313, 314, 310, 314, 311, 313, 315, 316, 313, 316, 314, 315, 317, 318, 315, 318, 316, 317, 319, 320, 317, 320, 318, 312, 311, 321, 312, 321, 322, 311, 314, 323, 311, 323, 321, 314, 316, 324, 314, 324, 323, 316, 318, 325, 316, 325, 324, 318, 320, 326, 318, 326, 325, 322, 321, 327, 322, 327, 328, 321, 323, 329, 321, 329, 327, 323, 324, 330, 323, 330, 329, 324, 325, 331, 324, 331, 330, 325, 326, 332, 325, 332, 331, 328, 327, 333, 328, 333, 334, 327, 329, 335, 327, 335, 333, 329, 330, 336, 329, 336, 335, 330, 331, 337, 330, 337, 336, 331, 332, 338, 331, 338, 337, 334, 333, 284, 334, 284, 283, 333, 335, 290, 333, 290, 284, 335, 336, 296, 335, 296, 290, 336, 337, 302, 336, 302, 296, 337, 338, 308, 337, 308, 302, 339, 340, 341, 339, 341, 342, 340, 343, 344, 340, 344, 341, 343, 345, 346, 343, 346, 344, 345, 347, 348, 345, 348, 346, 347, 304, 303, 347, 303, 348, 342, 341, 349, 342, 349, 350, 341, 344, 351, 341, 351, 349, 344, 346, 352, 344, 352, 351, 346, 348, 353, 346, 353, 352, 348, 303, 305, 348, 305, 353, 350, 349, 354, 350, 354, 355, 349, 351, 356, 349, 356, 354, 351, 352, 357, 351, 357, 356, 352, 353, 358, 352, 358, 357, 353, 305, 306, 353, 306, 358, 355, 354, 359, 355, 359, 360, 354, 356, 361, 354, 361, 359, 356, 357, 362, 356, 362, 361, 357, 358, 363, 357, 363, 362, 358, 306, 307, 358, 307, 363, 360, 359, 320, 360, 320, 319, 359, 361, 326, 359, 326, 320, 361, 362, 332, 361, 332, 326, 362, 363, 338, 362, 338, 332, 363, 307, 308, 363, 308, 338, 364, 365, 366, 364, 366, 367, 365, 368, 369, 365, 369, 366, 368, 370, 371, 368, 371, 369, 370, 372, 373, 370, 373, 371, 372, 374, 375, 372, 375, 373, 367, 366, 376, 367, 376, 377, 366, 369, 378, 366, 378, 376, 369, 371, 379, 369, 379, 378, 371, 373, 380, 371, 380, 379, 373, 375, 381, 373, 381, 380, 377, 376, 382, 377, 382, 383, 376, 378, 384, 376, 384, 382, 378, 379, 385, 378, 385, 384, 379, 380, 386, 379, 386, 385, 380, 381, 387, 380, 387, 386, 383, 382, 388, 383, 388, 389, 382, 384, 390, 382, 390, 388, 384, 385, 391, 384, 391, 390, 385, 386, 392, 385, 392, 391, 386, 387, 393, 386, 393, 392, 389, 388, 394, 389, 394, 395, 388, 390, 396, 388, 396, 394, 390, 391, 397, 390, 397, 396, 391, 392, 398, 391, 398, 397, 392, 393, 399, 392, 399, 398, 400, 401, 402, 400, 402, 403, 401, 404, 405, 401, 405, 402, 404, 406, 407, 404, 407, 405, 406, 408, 409, 406, 409, 407, 408, 410, 411, 408, 411, 409, 403, 402, 412, 403, 412, 413, 402, 405, 414, 402, 414, 412, 405, 407, 415, 405, 415, 414, 407, 409, 416, 407, 416, 415, 409, 411, 417, 409, 417, 416, 413, 412, 418, 413, 418, 419, 412, 414, 420, 412, 420, 418, 414, 415, 421, 414, 421, 420, 415, 416, 422, 415, 422, 421, 416, 417, 423, 416, 423, 422, 419, 418, 424, 419, 424, 425, 418, 420, 426, 418, 426, 424, 420, 421, 427, 420, 427, 426, 421, 422, 428, 421, 428, 427, 422, 423, 429, 422, 429, 428, 425, 424, 375, 425, 375, 374, 424, 426, 381, 424, 381, 375, 426, 427, 387, 426, 387, 381, 427, 428, 393, 427, 393, 387, 428, 429, 399, 428, 399, 393, 430, 431, 432, 430, 432, 433, 431, 434, 435, 431, 435, 432, 434, 436, 437, 434, 437, 435, 436, 438, 439, 436, 439, 437, 438, 395, 394, 438, 394, 439, 433, 432, 440, 433, 440, 441, 432, 435, 442, 432, 442, 440, 435, 437, 443, 435, 443, 442, 437, 439, 444, 437, 444, 443, 439, 394, 396, 439, 396, 444, 441, 440, 445, 441, 445, 446, 440, 442, 447, 440, 447, 445, 442, 443, 448, 442, 448, 447, 443, 444, 449, 443, 449, 448, 444, 396, 397, 444, 397, 449, 446, 445, 450, 446, 450, 451, 445, 447, 452, 445, 452, 450, 447, 448, 453, 447, 453, 452, 448, 449, 454, 448, 454, 453, 449, 397, 398, 449, 398, 454, 451, 450, 411, 451, 411, 410, 450, 452, 417, 450, 417, 411, 452, 453, 423, 452, 423, 417, 453, 454, 429, 453, 429, 423, 454, 398, 399, 454, 399, 429, 455, 456, 457, 455, 457, 458, 456, 459, 460, 456, 460, 457, 459, 461, 462, 459, 462, 460, 461, 463, 464, 461, 464, 462, 463, 465, 466, 463, 466, 464, 458, 457, 467, 458, 467, 468, 457, 460, 469, 457, 469, 467, 460, 462, 470, 460, 470, 469, 462, 464, 471, 462, 471, 470, 464, 466, 472, 464, 472, 471, 468, 467, 473, 468, 473, 474, 467, 469, 475, 467, 475, 473, 469, 470, 476, 469, 476, 475, 470, 471, 477, 470, 477, 476, 471, 472, 478, 471, 478, 477, 474, 473, 479, 474, 479, 480, 473, 475, 481, 473, 481, 479, 475, 476, 482, 475, 482, 481, 476, 477, 483, 476, 483, 482, 477, 478, 484, 477, 484, 483, 480, 479, 485, 480, 485, 486, 479, 481, 487, 479, 487, 485, 481, 482, 488, 481, 488, 487, 482, 483, 489, 482, 489, 488, 483, 484, 490, 483, 490, 489, 491, 492, 493, 491, 493, 494, 492, 495, 496, 492, 496, 493, 495, 497, 498, 495, 498, 496, 497, 499, 500, 497, 500, 498, 499, 501, 502, 499, 502, 500, 494, 493, 503, 494, 503, 504, 493, 496, 505, 493, 505, 503, 496, 498, 506, 496, 506, 505, 498, 500, 507, 498, 507, 506, 500, 502, 508, 500, 508, 507, 504, 503, 509, 504, 509, 510, 503, 505, 511, 503, 511, 509, 505, 506, 512, 505, 512, 511, 506, 507, 513, 506, 513, 512, 507, 508, 514, 507, 514, 513, 510, 509, 515, 510, 515, 516, 509, 511, 517, 509, 517, 515, 511, 512, 518, 511, 518, 517, 512, 513, 519, 512, 519, 518, 513, 514, 520, 513, 520, 519, 516, 515, 466, 516, 466, 465, 515, 517, 472, 515, 472, 466, 517, 518, 478, 517, 478, 472, 518, 519, 484, 518, 484, 478, 519, 520, 490, 519, 490, 484, 521, 522, 523, 521, 523, 524, 522, 525, 526, 522, 526, 523, 525, 527, 528, 525, 528, 526, 527, 529, 530, 527, 530, 528, 529, 486, 485, 529, 485, 530, 524, 523, 531, 524, 531, 532, 523, 526, 533, 523, 533, 531, 526, 528, 534, 526, 534, 533, 528, 530, 535, 528, 535, 534, 530, 485, 487, 530, 487, 535, 532, 531, 536, 532, 536, 537, 531, 533, 538, 531, 538, 536, 533, 534, 539, 533, 539, 538, 534, 535, 540, 534, 540, 539, 535, 487, 488, 535, 488, 540, 537, 536, 541, 537, 541, 542, 536, 538, 543, 536, 543, 541, 538, 539, 544, 538, 544, 543, 539, 540, 545, 539, 545, 544, 540, 488, 489, 540, 489, 545, 542, 541, 502, 542, 502, 501, 541, 543, 508, 541, 508, 502, 543, 544, 514, 543, 514, 508, 544, 545, 520, 544, 520, 514, 545, 489, 490, 545, 490, 520, 546, 547, 548, 546, 548, 549, 547, 550, 551, 547, 551, 548, 550, 552, 553, 550, 553, 551, 552, 554, 555, 552, 555, 553, 554, 556, 557, 554, 557, 555, 549, 548, 558, 549, 558, 559, 548, 551, 560, 548, 560, 558, 551, 553, 561, 551, 561, 560, 553, 555, 562, 553, 562, 561, 555, 557, 563, 555, 563, 562, 559, 558, 564, 559, 564, 565, 558, 560, 566, 558, 566, 564, 560, 561, 567, 560, 567, 566, 561, 562, 568, 561, 568, 567, 562, 563, 569, 562, 569, 568, 565, 564, 570, 565, 570, 571, 564, 566, 572, 564, 572, 570, 566, 567, 573, 566, 573, 572, 567, 568, 574, 567, 574, 573, 568, 569, 575, 568, 575, 574, 571, 570, 576, 571, 576, 577, 570, 572, 578, 570, 578, 576, 572, 573, 579, 572, 579, 578, 573, 574, 580, 573, 580, 579, 574, 575, 581, 574, 581, 580, 582, 583, 584, 582, 584, 585, 583, 586, 587, 583, 587, 584, 586, 588, 589, 586, 589, 587, 588, 590, 591, 588, 591, 589, 590, 592, 593, 590, 593, 591, 585, 584, 594, 585, 594, 595, 584, 587, 596, 584, 596, 594, 587, 589, 597, 587, 597, 596, 589, 591, 598, 589, 598, 597, 591, 593, 599, 591, 599, 598, 595, 594, 600, 595, 600, 601, 594, 596, 602, 594, 602, 600, 596, 597, 603, 596, 603, 602, 597, 598, 604, 597, 604, 603, 598, 599, 605, 598, 605, 604, 601, 600, 606, 601, 606, 607, 600, 602, 608, 600, 608, 606, 602, 603, 609, 602, 609, 608, 603, 604, 610, 603, 610, 609, 604, 605, 611, 604, 611, 610, 607, 606, 557, 607, 557, 556, 606, 608, 563, 606, 563, 557, 608, 609, 569, 608, 569, 563, 609, 610, 575, 609, 575, 569, 610, 611, 581, 610, 581, 575, 612, 613, 614, 612, 614, 615, 613, 616, 617, 613, 617, 614, 616, 618, 619, 616, 619, 617, 618, 620, 621, 618, 621, 619, 620, 577, 576, 620, 576, 621, 615, 614, 622, 615, 622, 623, 614, 617, 624, 614, 624, 622, 617, 619, 625, 617, 625, 624, 619, 621, 626, 619, 626, 625, 621, 576, 578, 621, 578, 626, 623, 622, 627, 623, 627, 628, 622, 624, 629, 622, 629, 627, 624, 625, 630, 624, 630, 629, 625, 626, 631, 625, 631, 630, 626, 578, 579, 626, 579, 631, 628, 627, 632, 628, 632, 633, 627, 629, 634, 627, 634, 632, 629, 630, 635, 629, 635, 634, 630, 631, 636, 630, 636, 635, 631, 579, 580, 631, 580, 636, 633, 632, 593, 633, 593, 592, 632, 634, 599, 632, 599, 593, 634, 635, 605, 634, 605, 599, 635, 636, 611, 635, 611, 605, 636, 580, 581, 636, 581, 611, 637, 638, 639, 637, 639, 640, 638, 641, 642, 638, 642, 639, 641, 643, 644, 641, 644, 642, 643, 645, 646, 643, 646, 644, 645, 647, 648, 645, 648, 646, 640, 639, 649, 640, 649, 650, 639, 642, 651, 639, 651, 649, 642, 644, 652, 642, 652, 651, 644, 646, 653, 644, 653, 652, 646, 648, 654, 646, 654, 653, 650, 649, 655, 650, 655, 656, 649, 651, 657, 649, 657, 655, 651, 652, 658, 651, 658, 657, 652, 653, 659, 652, 659, 658, 653, 654, 660, 653, 660, 659, 656, 655, 661, 656, 661, 662, 655, 657, 663, 655, 663, 661, 657, 658, 664, 657, 664, 663, 658, 659, 665, 658, 665, 664, 659, 660, 666, 659, 666, 665, 662, 661, 667, 662, 667, 668, 661, 663, 669, 661, 669, 667, 663, 664, 670, 663, 670, 669, 664, 665, 671, 664, 671, 670, 665, 666, 672, 665, 672, 671, 673, 674, 675, 673, 675, 676, 674, 677, 678, 674, 678, 675, 677, 679, 680, 677, 680, 678, 679, 681, 682, 679, 682, 680, 681, 683, 684, 681, 684, 682, 676, 675, 685, 676, 685, 686, 675, 678, 687, 675, 687, 685, 678, 680, 688, 678, 688, 687, 680, 682, 689, 680, 689, 688, 682, 684, 690, 682, 690, 689, 686, 685, 691, 686, 691, 692, 685, 687, 693, 685, 693, 691, 687, 688, 694, 687, 694, 693, 688, 689, 695, 688, 695, 694, 689, 690, 696, 689, 696, 695, 692, 691, 697, 692, 697, 698, 691, 693, 699, 691, 699, 697, 693, 694, 700, 693, 700, 699, 694, 695, 701, 694, 701, 700, 695, 696, 702, 695, 702, 701, 698, 697, 648, 698, 648, 647, 697, 699, 654, 697, 654, 648, 699, 700, 660, 699, 660, 654, 700, 701, 666, 700, 666, 660, 701, 702, 672, 701, 672, 666, 703, 704, 705, 703, 705, 706, 704, 707, 708, 704, 708, 705, 707, 709, 710, 707, 710, 708, 709, 711, 712, 709, 712, 710, 711, 668, 667, 711, 667, 712, 706, 705, 713, 706, 713, 714, 705, 708, 715, 705, 715, 713, 708, 710, 716, 708, 716, 715, 710, 712, 717, 710, 717, 716, 712, 667, 669, 712, 669, 717, 714, 713, 718, 714, 718, 719, 713, 715, 720, 713, 720, 718, 715, 716, 721, 715, 721, 720, 716, 717, 722, 716, 722, 721, 717, 669, 670, 717, 670, 722, 719, 718, 723, 719, 723, 724, 718, 720, 725, 718, 725, 723, 720, 721, 726, 720, 726, 725, 721, 722, 727, 721, 727, 726, 722, 670, 671, 722, 671, 727, 724, 723, 684, 724, 684, 683, 723, 725, 690, 723, 690, 684, 725, 726, 696, 725, 696, 690, 726, 727, 702, 726, 702, 696, 727, 671, 672, 727, 672, 702, 521, 637, 640, 521, 640, 522, 522, 640, 650, 522, 650, 525, 525, 650, 656, 525, 656, 527, 527, 656, 662, 527, 662, 529, 529, 662, 668, 529, 668, 486, 486, 668, 711, 486, 711, 480, 480, 711, 709, 480, 709, 474, 474, 709, 707, 474, 707, 468, 468, 707, 704, 468, 704, 458, 458, 704, 703, 458, 703, 455, 91, 521, 524, 91, 524, 92, 92, 524, 532, 92, 532, 95, 95, 532, 537, 95, 537, 97, 97, 537, 542, 97, 542, 99, 99, 542, 501, 99, 501, 101, 101, 501, 499, 101, 499, 152, 152, 499, 497, 152, 497, 146, 146, 497, 495, 146, 495, 140, 140, 495, 492, 140, 492, 130, 130, 492, 491, 130, 491, 127, 66, 157, 160, 66, 160, 67, 67, 160, 168, 67, 168, 70, 70, 168, 173, 70, 173, 72, 72, 173, 178, 72, 178, 74, 74, 178, 137, 74, 137, 31, 31, 137, 135, 31, 135, 25, 25, 135, 133, 25, 133, 19, 19, 133, 131, 19, 131, 13, 13, 131, 128, 13, 128, 3, 3, 128, 127, 3, 127, 0, 673, 582, 585, 673, 585, 674, 674, 585, 595, 674, 595, 677, 677, 595, 601, 677, 601, 679, 679, 601, 607, 679, 607, 681, 681, 607, 556, 681, 556, 683, 683, 556, 554, 683, 554, 724, 724, 554, 552, 724, 552, 719, 719, 552, 550, 719, 550, 714, 714, 550, 547, 714, 547, 706, 706, 547, 546, 706, 546, 703, 248, 309, 312, 248, 312, 249, 249, 312, 322, 249, 322, 252, 252, 322, 328, 252, 328, 254, 254, 328, 334, 254, 334, 256, 256, 334, 283, 256, 283, 213, 213, 283, 281, 213, 281, 207, 207, 281, 279, 207, 279, 201, 201, 279, 277, 201, 277, 195, 195, 277, 274, 195, 274, 185, 185, 274, 273, 185, 273, 182, 364, 491, 494, 364, 494, 365, 365, 494, 504, 365, 504, 368, 368, 504, 510, 368, 510, 370, 370, 510, 516, 370, 516, 372, 372, 516, 465, 372, 465, 374, 374, 465, 463, 374, 463, 425, 425, 463, 461, 425, 461, 419, 419, 461, 459, 419, 459, 413, 413, 459, 456, 413, 456, 403, 403, 456, 455, 403, 455, 400, 218, 612, 615, 218, 615, 219, 219, 615, 623, 219, 623, 222, 222, 623, 628, 222, 628, 224, 224, 628, 633, 224, 633, 226, 226, 633, 592, 226, 592, 228, 228, 592, 590, 228, 590, 269, 269, 590, 588, 269, 588, 264, 264, 588, 586, 264, 586, 259, 259, 586, 583, 259, 583, 251, 251, 583, 582, 251, 582, 248, 36, 218, 221, 36, 221, 37, 37, 221, 231, 37, 231, 40, 40, 231, 237, 40, 237, 42, 42, 237, 243, 42, 243, 44, 44, 243, 192, 44, 192, 46, 46, 192, 190, 46, 190, 87, 87, 190, 188, 87, 188, 82, 82, 188, 186, 82, 186, 77, 77, 186, 183, 77, 183, 69, 69, 183, 182, 69, 182, 66, 637, 339, 342, 637, 342, 638, 638, 342, 350, 638, 350, 641, 641, 350, 355, 641, 355, 643, 643, 355, 360, 643, 360, 645, 645, 360, 319, 645, 319, 647, 647, 319, 317, 647, 317, 698, 698, 317, 315, 698, 315, 692, 692, 315, 313, 692, 313, 686, 686, 313, 310, 686, 310, 676, 676, 310, 309, 676, 309, 673, 612, 430, 433, 612, 433, 613, 613, 433, 441, 613, 441, 616, 616, 441, 446, 616, 446, 618, 618, 446, 451, 618, 451, 620, 620, 451, 410, 620, 410, 577, 577, 410, 408, 577, 408, 571, 571, 408, 406, 571, 406, 565, 565, 406, 404, 565, 404, 559, 559, 404, 401, 559, 401, 549, 549, 401, 400, 549, 400, 546, 430, 36, 39, 430, 39, 431, 431, 39, 49, 431, 49, 434, 434, 49, 55, 434, 55, 436, 436, 55, 61, 436, 61, 438, 438, 61, 10, 438, 10, 395, 395, 10, 8, 395, 8, 389, 389, 8, 6, 389, 6, 383, 383, 6, 4, 383, 4, 377, 377, 4, 1, 377, 1, 367, 367, 1, 0, 367, 0, 364, 339, 91, 94, 339, 94, 340, 340, 94, 104, 340, 104, 343, 343, 104, 110, 343, 110, 345, 345, 110, 116, 345, 116, 347, 347, 116, 122, 347, 122, 304, 304, 122, 165, 304, 165, 298, 298, 165, 163, 298, 163, 292, 292, 163, 161, 292, 161, 286, 286, 161, 158, 286, 158, 276, 276, 158, 157, 276, 157, 273, 491, 364, 0, 491, 0, 127, 157, 66, 182, 157, 182, 273, 36, 430, 612, 36, 612, 218, 521, 91, 339, 521, 339, 637, 309, 248, 582, 309, 582, 673, 703, 546, 400, 703, 400, 455]
            point3f[] points = [(0.09, 0.1, 0.09), (0.09, 0.0998769, 0.0915644), (0.091597, 0.0997391, 0.0916125), (0.0915644, 0.0998769, 0.09), (0.09, 0.0995106, 0.09309), (0.0916064, 0.0993439, 0.0931796), (0.09, 0.09891, 0.09454), (0.0916029, 0.0987286, 0.0946089), (0.09, 0.0980902, 0.0958778), (0.0915948, 0.0979335, 0.0958751), (0.09, 0.0970711, 0.0970711), (0.0915896, 0.0969851, 0.0969773), (0.0931676, 0.0993449, 0.0916247), (0.09309, 0.0995106, 0.09), (0.0931705, 0.0989321, 0.0931885), (0.0931246, 0.0983306, 0.0945649), (0.0930717, 0.0975928, 0.0957371), (0.0930429, 0.0967387, 0.0967328), (0.0946096, 0.0987258, 0.0916164), (0.09454, 0.09891, 0.09), (0.0945617, 0.0983267, 0.0931396), (0.0944368, 0.0977837, 0.0944418), (0.0943102, 0.0971428, 0.0955138), (0.0942445, 0.0964034, 0.0964017), (0.0958829, 0.0979262, 0.0916021), (0.0958778, 0.0980902, 0.09), (0.0957419, 0.097586, 0.0930797), (0.0955143, 0.0971407, 0.0943132), (0.0952897, 0.0966359, 0.09529), (0.0951634, 0.0960557, 0.0960555), (0.0969851, 0.0969773, 0.0915896), (0.0970711, 0.0970711, 0.09), (0.0967387, 0.0967328, 0.0930429), (0.0964034, 0.0964017, 0.0942445), (0.0960557, 0.0960555, 0.0951634), (0.0957735, 0.0957735, 0.0957735), (0.09, 0.09, 0.1), (0.0915644, 0.09, 0.0998769), (0.0916125, 0.091597, 0.0997391), (0.09, 0.0915644, 0.0998769), (0.09309, 0.09, 0.0995106), (0.0931796, 0.0916064, 0.0993439), (0.09454, 0.09, 0.09891), (0.0946089, 0.0916029, 0.0987286), (0.0958778, 0.09, 0.0980902), (0.0958751, 0.0915948, 0.0979335), (0.0970711, 0.09, 0.0970711), (0.0969773, 0.0915896, 0.0969851), (0.0916247, 0.0931676, 0.0993449), (0.09, 0.09309, 0.0995106), (0.0931885, 0.0931705, 0.0989321), (0.0945649, 0.0931246, 0.0983306), (0.0957371, 0.0930717, 0.0975928), (0.0967328, 0.0930429, 0.0967387), (0.0916164, 0.0946096, 0.0987258), (0.09, 0.09454, 0.09891), (0.0931396, 0.0945617, 0.0983267), (0.0944418, 0.0944368, 0.0977837), (0.0955138, 0.0943102, 0.0971428), (0.0964017, 0.0942445, 0.0964034), (0.0916021, 0.0958829, 0.0979262), (0.09, 0.0958778, 0.0980902), (0.0930797, 0.0957419, 0.097586), (0.0943132, 0.0955143, 0.0971407), (0.09529, 0.0952897, 0.0966359), (0.0960555, 0.0951634, 0.0960557), (0.1, 0.09, 0.09), (0.0998769, 0.0915644, 0.09), (0.0997391, 0.0916125, 0.091597), (0.0998769, 0.09, 0.0915644), (0.0995106, 0.09309, 0.09), (0.0993439, 0.0931796, 0.0916064), (0.09891, 0.09454, 0.09), (0.0987286, 0.0946089, 0.0916029), (0.0980902, 0.0958778, 0.09), (0.0979335, 0.0958751, 0.0915948), (0.0993449, 0.0916247, 0.0931676), (0.0995106, 0.09, 0.09309), (0.0989321, 0.0931885, 0.0931705), (0.0983306, 0.0945649, 0.0931246), (0.0975928, 0.0957371, 0.0930717), (0.0987258, 0.0916164, 0.0946096), (0.09891, 0.09, 0.09454), (0.0983267, 0.0931396, 0.0945617), (0.0977837, 0.0944418, 0.0944368), (0.0971428, 0.0955138, 0.0943102), (0.0979262, 0.0916021, 0.0958829), (0.0980902, 0.09, 0.0958778), (0.097586, 0.0930797, 0.0957419), (0.0971407, 0.0943132, 0.0955143), (0.0966359, 0.09529, 0.0952897), (0.09, 0.09, -0.1), (0.09, 0.0915644, -0.0998769), (0.091597, 0.0916125, -0.0997391), (0.0915644, 0.09, -0.0998769), (0.09, 0.09309, -0.0995106), (0.0916064, 0.0931796, -0.0993439), (0.09, 0.09454, -0.09891), (0.0916029, 0.0946089, -0.0987286), (0.09, 0.0958778, -0.0980902), (0.0915948, 0.0958751, -0.0979335), (0.09, 0.0970711, -0.0970711), (0.0915896, 0.0969773, -0.0969851), (0.0931676, 0.0916247, -0.0993449), (0.09309, 0.09, -0.0995106), (0.0931705, 0.0931885, -0.0989321), (0.0931246, 0.0945649, -0.0983306), (0.0930717, 0.0957371, -0.0975928), (0.0930429, 0.0967328, -0.0967387), (0.0946096, 0.0916164, -0.0987258), (0.09454, 0.09, -0.09891), (0.0945617, 0.0931396, -0.0983267), (0.0944368, 0.0944418, -0.0977837), (0.0943102, 0.0955138, -0.0971428), (0.0942445, 0.0964017, -0.0964034), (0.0958829, 0.0916021, -0.0979262), (0.0958778, 0.09, -0.0980902), (0.0957419, 0.0930797, -0.097586), (0.0955143, 0.0943132, -0.0971407), (0.0952897, 0.09529, -0.0966359), (0.0951634, 0.0960555, -0.0960557), (0.0969851, 0.0915896, -0.0969773), (0.0970711, 0.09, -0.0970711), (0.0967387, 0.0930429, -0.0967328), (0.0964034, 0.0942445, -0.0964017), (0.0960557, 0.0951634, -0.0960555), (0.0957735, 0.0957735, -0.0957735), (0.09, 0.1, -0.09), (0.0915644, 0.0998769, -0.09), (0.0916125, 0.0997391, -0.091597), (0.09, 0.0998769, -0.0915644), (0.09309, 0.0995106, -0.09), (0.0931796, 0.0993439, -0.0916064), (0.09454, 0.09891, -0.09), (0.0946089, 0.0987286, -0.0916029), (0.0958778, 0.0980902, -0.09), (0.0958751, 0.0979335, -0.0915948), (0.0970711, 0.0970711, -0.09), (0.0969773, 0.0969851, -0.0915896), (0.0916247, 0.0993449, -0.0931676), (0.09, 0.0995106, -0.09309), (0.0931885, 0.0989321, -0.0931705), (0.0945649, 0.0983306, -0.0931246), (0.0957371, 0.0975928, -0.0930717), (0.0967328, 0.0967387, -0.0930429), (0.0916164, 0.0987258, -0.0946096), (0.09, 0.09891, -0.09454), (0.0931396, 0.0983267, -0.0945617), (0.0944418, 0.0977837, -0.0944368), (0.0955138, 0.0971428, -0.0943102), (0.0964017, 0.0964034, -0.0942445), (0.0916021, 0.0979262, -0.0958829), (0.09, 0.0980902, -0.0958778), (0.0930797, 0.097586, -0.0957419), (0.0943132, 0.0971407, -0.0955143), (0.09529, 0.0966359, -0.0952897), (0.0960555, 0.0960557, -0.0951634), (0.1, 0.09, -0.09), (0.0998769, 0.09, -0.0915644), (0.0997391, 0.091597, -0.0916125), (0.0998769, 0.0915644, -0.09), (0.0995106, 0.09, -0.09309), (0.0993439, 0.0916064, -0.0931796), (0.09891, 0.09, -0.09454), (0.0987286, 0.0916029, -0.0946089), (0.0980902, 0.09, -0.0958778), (0.0979335, 0.0915948, -0.0958751), (0.0993449, 0.0931676, -0.0916247), (0.0995106, 0.09309, -0.09), (0.0989321, 0.0931705, -0.0931885), (0.0983306, 0.0931246, -0.0945649), (0.0975928, 0.0930717, -0.0957371), (0.0987258, 0.0946096, -0.0916164), (0.09891, 0.09454, -0.09), (0.0983267, 0.0945617, -0.0931396), (0.0977837, 0.0944368, -0.0944418), (0.0971428, 0.0943102, -0.0955138), (0.0979262, 0.0958829, -0.0916021), (0.0980902, 0.0958778, -0.09), (0.097586, 0.0957419, -0.0930797), (0.0971407, 0.0955143, -0.0943132), (0.0966359, 0.0952897, -0.09529), (0.1, -0.09, 0.09), (0.0998769, -0.09, 0.0915644), (0.0997391, -0.091597, 0.0916125), (0.0998769, -0.0915644, 0.09), (0.0995106, -0.09, 0.09309), (0.0993439, -0.0916064, 0.0931796), (0.09891, -0.09, 0.09454), (0.0987286, -0.0916029, 0.0946089), (0.0980902, -0.09, 0.0958778), (0.0979335, -0.0915948, 0.0958751), (0.0970711, -0.09, 0.0970711), (0.0969851, -0.0915896, 0.0969773), (0.0993449, -0.0931676, 0.0916247), (0.0995106, -0.09309, 0.09), (0.0989321, -0.0931705, 0.0931885), (0.0983306, -0.0931246, 0.0945649), (0.0975928, -0.0930717, 0.0957371), (0.0967387, -0.0930429, 0.0967328), (0.0987258, -0.0946096, 0.0916164), (0.09891, -0.09454, 0.09), (0.0983267, -0.0945617, 0.0931396), (0.0977837, -0.0944368, 0.0944418), (0.0971428, -0.0943102, 0.0955138), (0.0964034, -0.0942445, 0.0964017), (0.0979262, -0.0958829, 0.0916021), (0.0980902, -0.0958778, 0.09), (0.097586, -0.0957419, 0.0930797), (0.0971407, -0.0955143, 0.0943132), (0.0966359, -0.0952897, 0.09529), (0.0960557, -0.0951634, 0.0960555), (0.0969773, -0.0969851, 0.0915896), (0.0970711, -0.0970711, 0.09), (0.0967328, -0.0967387, 0.0930429), (0.0964017, -0.0964034, 0.0942445), (0.0960555, -0.0960557, 0.0951634), (0.0957735, -0.0957735, 0.0957735), (0.09, -0.09, 0.1), (0.09, -0.0915644, 0.0998769), (0.091597, -0.0916125, 0.0997391), (0.0915644, -0.09, 0.0998769), (0.09, -0.09309, 0.0995106), (0.0916064, -0.0931796, 0.0993439), (0.09, -0.09454, 0.09891), (0.0916029, -0.0946089, 0.0987286), (0.09, -0.0958778, 0.0980902), (0.0915948, -0.0958751, 0.0979335), (0.09, -0.0970711, 0.0970711), (0.0915896, -0.0969773, 0.0969851), (0.0931676, -0.0916247, 0.0993449), (0.09309, -0.09, 0.0995106), (0.0931705, -0.0931885, 0.0989321), (0.0931246, -0.0945649, 0.0983306), (0.0930717, -0.0957371, 0.0975928), (0.0930429, -0.0967328, 0.0967387), (0.0946096, -0.0916164, 0.0987258), (0.09454, -0.09, 0.09891), (0.0945617, -0.0931396, 0.0983267), (0.0944368, -0.0944418, 0.0977837), (0.0943102, -0.0955138, 0.0971428), (0.0942445, -0.0964017, 0.0964034), (0.0958829, -0.0916021, 0.0979262), (0.0958778, -0.09, 0.0980902), (0.0957419, -0.0930797, 0.097586), (0.0955143, -0.0943132, 0.0971407), (0.0952897, -0.09529, 0.0966359), (0.0951634, -0.0960555, 0.0960557), (0.09, -0.1, 0.09), (0.0915644, -0.0998769, 0.09), (0.0916125, -0.0997391, 0.091597), (0.09, -0.0998769, 0.0915644), (0.09309, -0.0995106, 0.09), (0.0931796, -0.0993439, 0.0916064), (0.09454, -0.09891, 0.09), (0.0946089, -0.0987286, 0.0916029), (0.0958778, -0.0980902, 0.09), (0.0958751, -0.0979335, 0.0915948), (0.0916247, -0.0993449, 0.0931676), (0.09, -0.0995106, 0.09309), (0.0931885, -0.0989321, 0.0931705), (0.0945649, -0.0983306, 0.0931246), (0.0957371, -0.0975928, 0.0930717), (0.0916164, -0.0987258, 0.0946096), (0.09, -0.09891, 0.09454), (0.0931396, -0.0983267, 0.0945617), (0.0944418, -0.0977837, 0.0944368), (0.0955138, -0.0971428, 0.0943102), (0.0916021, -0.0979262, 0.0958829), (0.09, -0.0980902, 0.0958778), (0.0930797, -0.097586, 0.0957419), (0.0943132, -0.0971407, 0.0955143), (0.09529, -0.0966359, 0.0952897), (0.1, -0.09, -0.09), (0.0998769, -0.0915644, -0.09), (0.0997391, -0.0916125, -0.091597), (0.0998769, -0.09, -0.0915644), (0.0995106, -0.09309, -0.09), (0.0993439, -0.0931796, -0.0916064), (0.09891, -0.09454, -0.09), (0.0987286, -0.0946089, -0.0916029), (0.0980902, -0.0958778, -0.09), (0.0979335, -0.0958751, -0.0915948), (0.0970711, -0.0970711, -0.09), (0.0969851, -0.0969773, -0.0915896), (0.0993449, -0.0916247, -0.0931676), (0.0995106, -0.09, -0.09309), (0.0989321, -0.0931885, -0.0931705), (0.0983306, -0.0945649, -0.0931246), (0.0975928, -0.0957371, -0.0930717), (0.0967387, -0.0967328, -0.0930429), (0.0987258, -0.0916164, -0.0946096), (0.09891, -0.09, -0.09454), (0.0983267, -0.0931396, -0.0945617), (0.0977837, -0.0944418, -0.0944368), (0.0971428, -0.0955138, -0.0943102), (0.0964034, -0.0964017, -0.0942445), (0.0979262, -0.0916021, -0.0958829), (0.0980902, -0.09, -0.0958778), (0.097586, -0.0930797, -0.0957419), (0.0971407, -0.0943132, -0.0955143), (0.0966359, -0.09529, -0.0952897), (0.0960557, -0.0960555, -0.0951634), (0.0969773, -0.0915896, -0.0969851), (0.0970711, -0.09, -0.0970711), (0.0967328, -0.0930429, -0.0967387), (0.0964017, -0.0942445, -0.0964034), (0.0960555, -0.0951634, -0.0960557), (0.0957735, -0.0957735, -0.0957735), (0.09, -0.1, -0.09), (0.09, -0.0998769, -0.0915644), (0.091597, -0.0997391, -0.0916125), (0.0915644, -0.0998769, -0.09), (0.09, -0.0995106, -0.09309), (0.0916064, -0.0993439, -0.0931796), (0.09, -0.09891, -0.09454), (0.0916029, -0.0987286, -0.0946089), (0.09, -0.0980902, -0.0958778), (0.0915948, -0.0979335, -0.0958751), (0.09, -0.0970711, -0.0970711), (0.0915896, -0.0969851, -0.0969773), (0.0931676, -0.0993449, -0.0916247), (0.09309, -0.0995106, -0.09), (0.0931705, -0.0989321, -0.0931885), (0.0931246, -0.0983306, -0.0945649), (0.0930717, -0.0975928, -0.0957371), (0.0930429, -0.0967387, -0.0967328), (0.0946096, -0.0987258, -0.0916164), (0.09454, -0.09891, -0.09), (0.0945617, -0.0983267, -0.0931396), (0.0944368, -0.0977837, -0.0944418), (0.0943102, -0.0971428, -0.0955138), (0.0942445, -0.0964034, -0.0964017), (0.0958829, -0.0979262, -0.0916021), (0.0958778, -0.0980902, -0.09), (0.0957419, -0.097586, -0.0930797), (0.0955143, -0.0971407, -0.0943132), (0.0952897, -0.0966359, -0.09529), (0.0951634, -0.0960557, -0.0960555), (0.09, -0.09, -0.1), (0.0915644, -0.09, -0.0998769), (0.0916125, -0.091597, -0.0997391), (0.09, -0.0915644, -0.0998769), (0.09309, -0.09, -0.0995106), (0.0931796, -0.0916064, -0.0993439), (0.09454, -0.09, -0.09891), (0.0946089, -0.0916029, -0.0987286), (0.0958778, -0.09, -0.0980902), (0.0958751, -0.0915948, -0.0979335), (0.0916247, -0.0931676, -0.0993449), (0.09, -0.09309, -0.0995106), (0.0931885, -0.0931705, -0.0989321), (0.0945649, -0.0931246, -0.0983306), (0.0957371, -0.0930717, -0.0975928), (0.0916164, -0.0946096, -0.0987258), (0.09, -0.09454, -0.09891), (0.0931396, -0.0945617, -0.0983267), (0.0944418, -0.0944368, -0.0977837), (0.0955138, -0.0943102, -0.0971428), (0.0916021, -0.0958829, -0.0979262), (0.09, -0.0958778, -0.0980902), (0.0930797, -0.0957419, -0.097586), (0.0943132, -0.0955143, -0.0971407), (0.09529, -0.0952897, -0.0966359), (-0.09, 0.1, 0.09), (-0.0915644, 0.0998769, 0.09), (-0.0916125, 0.0997391, 0.091597), (-0.09, 0.0998769, 0.0915644), (-0.09309, 0.0995106, 0.09), (-0.0931796, 0.0993439, 0.0916064), (-0.09454, 0.09891, 0.09), (-0.0946089, 0.0987286, 0.0916029), (-0.0958778, 0.0980902, 0.09), (-0.0958751, 0.0979335, 0.0915948), (-0.0970711, 0.0970711, 0.09), (-0.0969773, 0.0969851, 0.0915896), (-0.0916247, 0.0993449, 0.0931676), (-0.09, 0.0995106, 0.09309), (-0.0931885, 0.0989321, 0.0931705), (-0.0945649, 0.0983306, 0.0931246), (-0.0957371, 0.0975928, 0.0930717), (-0.0967328, 0.0967387, 0.0930429), (-0.0916164, 0.0987258, 0.0946096), (-0.09, 0.09891, 0.09454), (-0.0931396, 0.0983267, 0.0945617), (-0.0944418, 0.0977837, 0.0944368), (-0.0955138, 0.0971428, 0.0943102), (-0.0964017, 0.0964034, 0.0942445), (-0.0916021, 0.0979262, 0.0958829), (-0.09, 0.0980902, 0.0958778), (-0.0930797, 0.097586, 0.0957419), (-0.0943132, 0.0971407, 0.0955143), (-0.09529, 0.0966359, 0.0952897), (-0.0960555, 0.0960557, 0.0951634), (-0.0915896, 0.0969773, 0.0969851), (-0.09, 0.0970711, 0.0970711), (-0.0930429, 0.0967328, 0.0967387), (-0.0942445, 0.0964017, 0.0964034), (-0.0951634, 0.0960555, 0.0960557), (-0.0957735, 0.0957735, 0.0957735), (-0.1, 0.09, 0.09), (-0.0998769, 0.09, 0.0915644), (-0.0997391, 0.091597, 0.0916125), (-0.0998769, 0.0915644, 0.09), (-0.0995106, 0.09, 0.09309), (-0.0993439, 0.0916064, 0.0931796), (-0.09891, 0.09, 0.09454), (-0.0987286, 0.0916029, 0.0946089), (-0.0980902, 0.09, 0.0958778), (-0.0979335, 0.0915948, 0.0958751), (-0.0970711, 0.09, 0.0970711), (-0.0969851, 0.0915896, 0.0969773), (-0.0993449, 0.0931676, 0.0916247), (-0.0995106, 0.09309, 0.09), (-0.0989321, 0.0931705, 0.0931885), (-0.0983306, 0.0931246, 0.0945649), (-0.0975928, 0.0930717, 0.0957371), (-0.0967387, 0.0930429, 0.0967328), (-0.0987258, 0.0946096, 0.0916164), (-0.09891, 0.09454, 0.09), (-0.0983267, 0.0945617, 0.0931396), (-0.0977837, 0.0944368, 0.0944418), (-0.0971428, 0.0943102, 0.0955138), (-0.0964034, 0.0942445, 0.0964017), (-0.0979262, 0.0958829, 0.0916021), (-0.0980902, 0.0958778, 0.09), (-0.097586, 0.0957419, 0.0930797), (-0.0971407, 0.0955143, 0.0943132), (-0.0966359, 0.0952897, 0.09529), (-0.0960557, 0.0951634, 0.0960555), (-0.09, 0.09, 0.1), (-0.09, 0.0915644, 0.0998769), (-0.091597, 0.0916125, 0.0997391), (-0.0915644, 0.09, 0.0998769), (-0.09, 0.09309, 0.0995106), (-0.0916064, 0.0931796, 0.0993439), (-0.09, 0.09454, 0.09891), (-0.0916029, 0.0946089, 0.0987286), (-0.09, 0.0958778, 0.0980902), (-0.0915948, 0.0958751, 0.0979335), (-0.0931676, 0.0916247, 0.0993449), (-0.09309, 0.09, 0.0995106), (-0.0931705, 0.0931885, 0.0989321), (-0.0931246, 0.0945649, 0.0983306), (-0.0930717, 0.0957371, 0.0975928), (-0.0946096, 0.0916164, 0.0987258), (-0.09454, 0.09, 0.09891), (-0.0945617, 0.0931396, 0.0983267), (-0.0944368, 0.0944418, 0.0977837), (-0.0943102, 0.0955138, 0.0971428), (-0.0958829, 0.0916021, 0.0979262), (-0.0958778, 0.09, 0.0980902), (-0.0957419, 0.0930797, 0.097586), (-0.0955143, 0.0943132, 0.0971407), (-0.0952897, 0.09529, 0.0966359), (-0.1, 0.09, -0.09), (-0.0998769, 0.0915644, -0.09), (-0.0997391, 0.0916125, -0.091597), (-0.0998769, 0.09, -0.0915644), (-0.0995106, 0.09309, -0.09), (-0.0993439, 0.0931796, -0.0916064), (-0.09891, 0.09454, -0.09), (-0.0987286, 0.0946089, -0.0916029), (-0.0980902, 0.0958778, -0.09), (-0.0979335, 0.0958751, -0.0915948), (-0.0970711, 0.0970711, -0.09), (-0.0969851, 0.0969773, -0.0915896), (-0.0993449, 0.0916247, -0.0931676), (-0.0995106, 0.09, -0.09309), (-0.0989321, 0.0931885, -0.0931705), (-0.0983306, 0.0945649, -0.0931246), (-0.0975928, 0.0957371, -0.0930717), (-0.0967387, 0.0967328, -0.0930429), (-0.0987258, 0.0916164, -0.0946096), (-0.09891, 0.09, -0.09454), (-0.0983267, 0.0931396, -0.0945617), (-0.0977837, 0.0944418, -0.0944368), (-0.0971428, 0.0955138, -0.0943102), (-0.0964034, 0.0964017, -0.0942445), (-0.0979262, 0.0916021, -0.0958829), (-0.0980902, 0.09, -0.0958778), (-0.097586, 0.0930797, -0.0957419), (-0.0971407, 0.0943132, -0.0955143), (-0.0966359, 0.09529, -0.0952897), (-0.0960557, 0.0960555, -0.0951634), (-0.0969773, 0.0915896, -0.0969851), (-0.0970711, 0.09, -0.0970711), (-0.0967328, 0.0930429, -0.0967387), (-0.0964017, 0.0942445, -0.0964034), (-0.0960555, 0.0951634, -0.0960557), (-0.0957735, 0.0957735, -0.0957735), (-0.09, 0.1, -0.09), (-0.09, 0.0998769, -0.0915644), (-0.091597, 0.0997391, -0.0916125), (-0.0915644, 0.0998769, -0.09), (-0.09, 0.0995106, -0.09309), (-0.0916064, 0.0993439, -0.0931796), (-0.09, 0.09891, -0.09454), (-0.0916029, 0.0987286, -0.0946089), (-0.09, 0.0980902, -0.0958778), (-0.0915948, 0.0979335, -0.0958751), (-0.09, 0.0970711, -0.0970711), (-0.0915896, 0.0969851, -0.0969773), (-0.0931676, 0.0993449, -0.0916247), (-0.09309, 0.0995106, -0.09), (-0.0931705, 0.0989321, -0.0931885), (-0.0931246, 0.0983306, -0.0945649), (-0.0930717, 0.0975928, -0.0957371), (-0.0930429, 0.0967387, -0.0967328), (-0.0946096, 0.0987258, -0.0916164), (-0.09454, 0.09891, -0.09), (-0.0945617, 0.0983267, -0.0931396), (-0.0944368, 0.0977837, -0.0944418), (-0.0943102, 0.0971428, -0.0955138), (-0.0942445, 0.0964034, -0.0964017), (-0.0958829, 0.0979262, -0.0916021), (-0.0958778, 0.0980902, -0.09), (-0.0957419, 0.097586, -0.0930797), (-0.0955143, 0.0971407, -0.0943132), (-0.0952897, 0.0966359, -0.09529), (-0.0951634, 0.0960557, -0.0960555), (-0.09, 0.09, -0.1), (-0.0915644, 0.09, -0.0998769), (-0.0916125, 0.091597, -0.0997391), (-0.09, 0.0915644, -0.0998769), (-0.09309, 0.09, -0.0995106), (-0.0931796, 0.0916064, -0.0993439), (-0.09454, 0.09, -0.09891), (-0.0946089, 0.0916029, -0.0987286), (-0.0958778, 0.09, -0.0980902), (-0.0958751, 0.0915948, -0.0979335), (-0.0916247, 0.0931676, -0.0993449), (-0.09, 0.09309, -0.0995106), (-0.0931885, 0.0931705, -0.0989321), (-0.0945649, 0.0931246, -0.0983306), (-0.0957371, 0.0930717, -0.0975928), (-0.0916164, 0.0946096, -0.0987258), (-0.09, 0.09454, -0.09891), (-0.0931396, 0.0945617, -0.0983267), (-0.0944418, 0.0944368, -0.0977837), (-0.0955138, 0.0943102, -0.0971428), (-0.0916021, 0.0958829, -0.0979262), (-0.09, 0.0958778, -0.0980902), (-0.0930797, 0.0957419, -0.097586), (-0.0943132, 0.0955143, -0.0971407), (-0.09529, 0.0952897, -0.0966359), (-0.1, -0.09, 0.09), (-0.0998769, -0.0915644, 0.09), (-0.0997391, -0.0916125, 0.091597), (-0.0998769, -0.09, 0.0915644), (-0.0995106, -0.09309, 0.09), (-0.0993439, -0.0931796, 0.0916064), (-0.09891, -0.09454, 0.09), (-0.0987286, -0.0946089, 0.0916029), (-0.0980902, -0.0958778, 0.09), (-0.0979335, -0.0958751, 0.0915948), (-0.0970711, -0.0970711, 0.09), (-0.0969851, -0.0969773, 0.0915896), (-0.0993449, -0.0916247, 0.0931676), (-0.0995106, -0.09, 0.09309), (-0.0989321, -0.0931885, 0.0931705), (-0.0983306, -0.0945649, 0.0931246), (-0.0975928, -0.0957371, 0.0930717), (-0.0967387, -0.0967328, 0.0930429), (-0.0987258, -0.0916164, 0.0946096), (-0.09891, -0.09, 0.09454), (-0.0983267, -0.0931396, 0.0945617), (-0.0977837, -0.0944418, 0.0944368), (-0.0971428, -0.0955138, 0.0943102), (-0.0964034, -0.0964017, 0.0942445), (-0.0979262, -0.0916021, 0.0958829), (-0.0980902, -0.09, 0.0958778), (-0.097586, -0.0930797, 0.0957419), (-0.0971407, -0.0943132, 0.0955143), (-0.0966359, -0.09529, 0.0952897), (-0.0960557, -0.0960555, 0.0951634), (-0.0969773, -0.0915896, 0.0969851), (-0.0970711, -0.09, 0.0970711), (-0.0967328, -0.0930429, 0.0967387), (-0.0964017, -0.0942445, 0.0964034), (-0.0960555, -0.0951634, 0.0960557), (-0.0957735, -0.0957735, 0.0957735), (-0.09, -0.1, 0.09), (-0.09, -0.0998769, 0.0915644), (-0.091597, -0.0997391, 0.0916125), (-0.0915644, -0.0998769, 0.09), (-0.09, -0.0995106, 0.09309), (-0.0916064, -0.0993439, 0.0931796), (-0.09, -0.09891, 0.09454), (-0.0916029, -0.0987286, 0.0946089), (-0.09, -0.0980902, 0.0958778), (-0.0915948, -0.0979335, 0.0958751), (-0.09, -0.0970711, 0.0970711), (-0.0915896, -0.0969851, 0.0969773), (-0.0931676, -0.0993449, 0.0916247), (-0.09309, -0.0995106, 0.09), (-0.0931705, -0.0989321, 0.0931885), (-0.0931246, -0.0983306, 0.0945649), (-0.0930717, -0.0975928, 0.0957371), (-0.0930429, -0.0967387, 0.0967328), (-0.0946096, -0.0987258, 0.0916164), (-0.09454, -0.09891, 0.09), (-0.0945617, -0.0983267, 0.0931396), (-0.0944368, -0.0977837, 0.0944418), (-0.0943102, -0.0971428, 0.0955138), (-0.0942445, -0.0964034, 0.0964017), (-0.0958829, -0.0979262, 0.0916021), (-0.0958778, -0.0980902, 0.09), (-0.0957419, -0.097586, 0.0930797), (-0.0955143, -0.0971407, 0.0943132), (-0.0952897, -0.0966359, 0.09529), (-0.0951634, -0.0960557, 0.0960555), (-0.09, -0.09, 0.1), (-0.0915644, -0.09, 0.0998769), (-0.0916125, -0.091597, 0.0997391), (-0.09, -0.0915644, 0.0998769), (-0.09309, -0.09, 0.0995106), (-0.0931796, -0.0916064, 0.0993439), (-0.09454, -0.09, 0.09891), (-0.0946089, -0.0916029, 0.0987286), (-0.0958778, -0.09, 0.0980902), (-0.0958751, -0.0915948, 0.0979335), (-0.0916247, -0.0931676, 0.0993449), (-0.09, -0.09309, 0.0995106), (-0.0931885, -0.0931705, 0.0989321), (-0.0945649, -0.0931246, 0.0983306), (-0.0957371, -0.0930717, 0.0975928), (-0.0916164, -0.0946096, 0.0987258), (-0.09, -0.09454, 0.09891), (-0.0931396, -0.0945617, 0.0983267), (-0.0944418, -0.0944368, 0.0977837), (-0.0955138, -0.0943102, 0.0971428), (-0.0916021, -0.0958829, 0.0979262), (-0.09, -0.0958778, 0.0980902), (-0.0930797, -0.0957419, 0.097586), (-0.0943132, -0.0955143, 0.0971407), (-0.09529, -0.0952897, 0.0966359), (-0.09, -0.09, -0.1), (-0.09, -0.0915644, -0.0998769), (-0.091597, -0.0916125, -0.0997391), (-0.0915644, -0.09, -0.0998769), (-0.09, -0.09309, -0.0995106), (-0.0916064, -0.0931796, -0.0993439), (-0.09, -0.09454, -0.09891), (-0.0916029, -0.0946089, -0.0987286), (-0.09, -0.0958778, -0.0980902), (-0.0915948, -0.0958751, -0.0979335), (-0.09, -0.0970711, -0.0970711), (-0.0915896, -0.0969773, -0.0969851), (-0.0931676, -0.0916247, -0.0993449), (-0.09309, -0.09, -0.0995106), (-0.0931705, -0.0931885, -0.0989321), (-0.0931246, -0.0945649, -0.0983306), (-0.0930717, -0.0957371, -0.0975928), (-0.0930429, -0.0967328, -0.0967387), (-0.0946096, -0.0916164, -0.0987258), (-0.09454, -0.09, -0.09891), (-0.0945617, -0.0931396, -0.0983267), (-0.0944368, -0.0944418, -0.0977837), (-0.0943102, -0.0955138, -0.0971428), (-0.0942445, -0.0964017, -0.0964034), (-0.0958829, -0.0916021, -0.0979262), (-0.0958778, -0.09, -0.0980902), (-0.0957419, -0.0930797, -0.097586), (-0.0955143, -0.0943132, -0.0971407), (-0.0952897, -0.09529, -0.0966359), (-0.0951634, -0.0960555, -0.0960557), (-0.0969851, -0.0915896, -0.0969773), (-0.0970711, -0.09, -0.0970711), (-0.0967387, -0.0930429, -0.0967328), (-0.0964034, -0.0942445, -0.0964017), (-0.0960557, -0.0951634, -0.0960555), (-0.0957735, -0.0957735, -0.0957735), (-0.09, -0.1, -0.09), (-0.0915644, -0.0998769, -0.09), (-0.0916125, -0.0997391, -0.091597), (-0.09, -0.0998769, -0.0915644), (-0.09309, -0.0995106, -0.09), (-0.0931796, -0.0993439, -0.0916064), (-0.09454, -0.09891, -0.09), (-0.0946089, -0.0987286, -0.0916029), (-0.0958778, -0.0980902, -0.09), (-0.0958751, -0.0979335, -0.0915948), (-0.0970711, -0.0970711, -0.09), (-0.0969773, -0.0969851, -0.0915896), (-0.0916247, -0.0993449, -0.0931676), (-0.09, -0.0995106, -0.09309), (-0.0931885, -0.0989321, -0.0931705), (-0.0945649, -0.0983306, -0.0931246), (-0.0957371, -0.0975928, -0.0930717), (-0.0967328, -0.0967387, -0.0930429), (-0.0916164, -0.0987258, -0.0946096), (-0.09, -0.09891, -0.09454), (-0.0931396, -0.0983267, -0.0945617), (-0.0944418, -0.0977837, -0.0944368), (-0.0955138, -0.0971428, -0.0943102), (-0.0964017, -0.0964034, -0.0942445), (-0.0916021, -0.0979262, -0.0958829), (-0.09, -0.0980902, -0.0958778), (-0.0930797, -0.097586, -0.0957419), (-0.0943132, -0.0971407, -0.0955143), (-0.09529, -0.0966359, -0.0952897), (-0.0960555, -0.0960557, -0.0951634), (-0.1, -0.09, -0.09), (-0.0998769, -0.09, -0.0915644), (-0.0997391, -0.091597, -0.0916125), (-0.0998769, -0.0915644, -0.09), (-0.0995106, -0.09, -0.09309), (-0.0993439, -0.0916064, -0.0931796), (-0.09891, -0.09, -0.09454), (-0.0987286, -0.0916029, -0.0946089), (-0.0980902, -0.09, -0.0958778), (-0.0979335, -0.0915948, -0.0958751), (-0.0993449, -0.0931676, -0.0916247), (-0.0995106, -0.09309, -0.09), (-0.0989321, -0.0931705, -0.0931885), (-0.0983306, -0.0931246, -0.0945649), (-0.0975928, -0.0930717, -0.0957371), (-0.0987258, -0.0946096, -0.0916164), (-0.09891, -0.09454, -0.09), (-0.0983267, -0.0945617, -0.0931396), (-0.0977837, -0.0944368, -0.0944418), (-0.0971428, -0.0943102, -0.0955138), (-0.0979262, -0.0958829, -0.0916021), (-0.0980902, -0.0958778, -0.09), (-0.097586, -0.0957419, -0.0930797), (-0.0971407, -0.0955143, -0.0943132), (-0.0966359, -0.0952897, -0.09529)]
            uniform token subdivisionScheme = "none"
        }
    }
}
