#usda 1.0
(
    defaultPrim = "object"
    metersPerUnit = 1
    upAxis = "Z"
    doc = "Generated by mc_isaac_mesh_to_usd from wrench_holder.STL"
)

def Xform "object" (
    prepend apiSchemas = ["PhysicsRigidBodyAPI", "PhysicsMassAPI"]
)
{
    float physics:mass = 5
    def Scope "visuals"
    {
        def Mesh "visual_0"
        {
            color3f[] primvars:displayColor = [(0.35, 0.35, 0.38)]
            int[] faceVertexCounts = [3, 3, 3, 3, 3, 3, 3, 3, 3, 3, 3, 3, 3, 3, 3, 3, 3, 3, 3, 3, 3, 3, 3, 3, 3, 3, 3, 3, 3, 3, 3, 3, 3, 3, 3, 3, 3, 3, 3, 3, 3, 3, 3, 3, 3, 3, 3, 3, 3, 3, 3, 3, 3, 3, 3, 3, 3, 3, 3, 3, 3, 3, 3, 3, 3, 3, 3, 3, 3, 3, 3, 3, 3, 3, 3, 3, 3, 3, 3, 3, 3, 3, 3, 3, 3, 3, 3, 3, 3, 3, 3, 3, 3, 3, 3, 3, 3, 3, 3, 3, 3, 3, 3, 3, 3, 3, 3, 3, 3, 3, 3, 3, 3, 3, 3, 3, 3, 3, 3, 3, 3, 3, 3, 3, 3, 3, 3, 3, 3, 3, 3, 3, 3, 3, 3, 3, 3, 3, 3, 3, 3, 3, 3, 3, 3, 3, 3, 3, 3, 3, 3, 3, 3, 3, 3, 3, 3, 3, 3, 3, 3, 3, 3, 3, 3, 3, 3, 3, 3, 3, 3, 3, 3, 3, 3, 3, 3, 3, 3, 3, 3, 3, 3, 3, 3, 3, 3, 3, 3, 3, 3, 3, 3, 3, 3, 3, 3, 3, 3, 3, 3, 3, 3, 3, 3, 3, 3, 3, 3, 3, 3, 3, 3, 3, 3, 3, 3, 3, 3, 3, 3, 3, 3, 3, 3, 3, 3, 3, 3, 3, 3, 3, 3, 3, 3, 3, 3, 3, 3, 3, 3, 3, 3, 3, 3, 3, 3, 3, 3, 3, 3, 3, 3, 3, 3, 3, 3, 3, 3, 3, 3, 3, 3, 3, 3, 3, 3, 3, 3, 3, 3, 3, 3, 3, 3, 3, 3, 3, 3, 3, 3, 3, 3, 3, 3, 3, 3, 3, 3, 3, 3, 3, 3, 3, 3, 3, 3, 3, 3, 3, 3, 3, 3, 3, 3, 3, 3, 3, 3, 3, 3, 3, 3, 3, 3, 3, 3, 3, 3, 3, 3, 3, 3, 3, 3, 3, 3, 3, 3, 3, 3, 3, 3, 3, 3, 3, 3, 3, 3, 3, 3, 3, 3, 3, 3, 3, 3, 3, 3, 3, 3, 3, 3, 3, 3, 3, 3, 3, 3, 3, 3, 3, 3, 3, 3, 3, 3, 3, 3, 3, 3, 3, 3, 3, 3, 3, 3, 3, 3, 3, 3, 3, 3, 3, 3, 3, 3, 3, 3, 3, 3, 3, 3, 3, 3, 3, 3, 3, 3, 3, 3, 3, 3, 3, 3, 3, 3, 3, 3, 3, 3, 3, 3, 3, 3, 3, 3, 3, 3, 3, 3, 3, 3, 3, 3, 3, 3, 3, 3, 3, 3, 3, 3, 3, 3, 3, 3, 3, 3, 3, 3, 3, 3, 3, 3, 3, 3, 3, 3, 3, 3, 3, 3, 3, 3, 3, 3, 3, 3, 3, 3, 3, 3, 3, 3, 3, 3, 3, 3, 3, 3, 3, 3, 3, 3, 3, 3, 3, 3, 3, 3, 3, 3, 3, 3, 3, 3, 3, 3, 3, 3, 3, 3, 3, 3, 3, 3, 3, 3, 3, 3, 3, 3, 3, 3, 3, 3, 3, 3, 3, 3, 3, 3, 3, 3, 3, 3, 3, 3, 3, 3, 3, 3, 3, 3, 3, 3, 3, 3, 3, 3, 3, 3, 3, 3, 3, 3, 3, 3, 3, 3, 3, 3, 3, 3, 3, 3, 3, 3, 3, 3, 3, 3, 3, 3, 3, 3, 3, 3, 3, 3, 3, 3, 3, 3, 3, 3, 3, 3, 3, 3, 3, 3, 3, 3, 3, 3, 3, 3, 3, 3, 3, 3, 3, 3, 3, 3, 3, 3, 3, 3, 3, 3, 3, 3, 3, 3, 3, 3, 3, 3, 3, 3, 3, 3, 3, 3, 3, 3, 3, 3, 3, 3, 3, 3, 3, 3, 3, 3, 3, 3, 3, 3, 3, 3, 3, 3, 3, 3, 3, 3, 3, 3, 3, 3, 3, 3, 3, 3, 3, 3, 3, 3, 3, 3, 3, 3, 3, 3, 3, 3, 3, 3, 3, 3, 3, 3, 3, 3, 3, 3, 3, 3, 3, 3, 3, 3, 3, 3, 3, 3, 3, 3, 3, 3, 3, 3, 3, 3, 3, 3, 3, 3, 3, 3, 3, 3, 3, 3, 3, 3, 3, 3, 3, 3, 3, 3, 3, 3, 3, 3, 3, 3, 3, 3, 3, 3, 3, 3, 3, 3, 3, 3, 3, 3, 3, 3, 3, 3, 3, 3, 3, 3, 3, 3, 3, 3, 3, 3, 3, 3, 3, 3, 3, 3, 3, 3, 3, 3, 3, 3, 3, 3, 3, 3, 3, 3, 3, 3, 3, 3, 3, 3, 3, 3, 3, 3, 3, 3, 3, 3, 3, 3, 3, 3, 3, 3, 3, 3, 3, 3, 3, 3, 3, 3, 3, 3, 3, 3, 3, 3, 3, 3, 3, 3, 3, 3, 3, 3, 3, 3, 3, 3, 3, 3, 3, 3, 3, 3, 3, 3, 3, 3, 3, 3, 3, 3, 3, 3, 3, 3, 3, 3, 3, 3, 3, 3, 3, 3, 3, 3, 3, 3, 3, 3, 3, 3, 3, 3, 3, 3, 3, 3, 3, 3, 3, 3, 3, 3, 3, 3, 3, 3, 3, 3, 3, 3, 3, 3, 3, 3, 3, 3, 3, 3, 3, 3, 3, 3, 3, 3, 3, 3, 3, 3, 3, 3, 3, 3, 3, 3, 3, 3, 3, 3, 3, 3, 3, 3, 3, 3, 3, 3, 3, 3, 3, 3, 3, 3, 3, 3, 3, 3, 3, 3, 3, 3, 3, 3, 3, 3, 3, 3, 3, 3, 3, 3, 3, 3, 3, 3, 3, 3, 3, 3, 3, 3, 3, 3, 3, 3, 3, 3, 3, 3, 3, 3, 3, 3, 3, 3, 3, 3, 3, 3, 3, 3, 3, 3, 3, 3, 3, 3, 3, 3, 3, 3, 3, 3, 3, 3, 3, 3, 3, 3, 3, 3, 3, 3, 3, 3, 3, 3, 3, 3, 3, 3, 3, 3, 3, 3, 3, 3, 3, 3, 3, 3, 3, 3, 3, 3, 3, 3, 3, 3, 3, 3, 3, 3, 3, 3, 3, 3, 3, 3, 3, 3, 3, 3, 3, 3, 3, 3, 3, 3, 3, 3, 3, 3, 3, 3, 3, 3, 3, 3, 3, 3, 3, 3, 3, 3, 3, 3, 3, 3, 3, 3, 3, 3, 3, 3, 3, 3, 3, 3, 3, 3, 3, 3, 3, 3, 3, 3, 3, 3, 3, 3, 3, 3, 3, 3, 3, 3, 3, 3, 3, 3, 3, 3, 3, 3, 3, 3, 3, 3, 3, 3, 3, 3, 3, 3, 3, 3, 3, 3, 3, 3, 3, 3, 3, 3, 3, 3, 3, 3, 3, 3, 3, 3, 3, 3, 3, 3, 3, 3, 3, 3, 3, 3, 3, 3, 3, 3, 3, 3, 3, 3, 3, 3, 3, 3, 3, 3, 3, 3, 3, 3, 3, 3, 3, 3, 3, 3, 3, 3, 3, 3, 3, 3, 3, 3, 3, 3, 3, 3, 3, 3, 3, 3, 3, 3, 3, 3, 3, 3, 3, 3, 3, 3, 3, 3, 3, 3, 3, 3, 3, 3, 3, 3, 3, 3, 3, 3, 3, 3, 3, 3, 3, 3, 3, 3, 3, 3, 3, 3, 3, 3, 3, 3, 3, 3, 3, 3, 3, 3, 3, 3, 3, 3, 3, 3, 3, 3, 3, 3, 3, 3, 3, 3, 3, 3, 3, 3, 3, 3, 3, 3, 3, 3, 3, 3, 3, 3, 3, 3, 3, 3, 3, 3, 3, 3, 3, 3, 3, 3, 3, 3, 3, 3, 3, 3, 3, 3, 3, 3, 3, 3, 3, 3, 3, 3, 3, 3, 3, 3, 3, 3, 3, 3, 3, 3, 3, 3, 3, 3, 3, 3, 3, 3, 3, 3, 3, 3, 3, 3, 3, 3, 3, 3, 3, 3, 3, 3, 3, 3, 3, 3, 3, 3, 3, 3, 3, 3, 3, 3, 3, 3, 3, 3, 3, 3, 3, 3, 3, 3, 3, 3, 3, 3, 3, 3, 3, 3, 3, 3, 3, 3, 3, 3, 3, 3, 3, 3, 3, 3, 3, 3, 3, 3, 3, 3, 3, 3, 3, 3, 3, 3, 3, 3, 3, 3, 3, 3, 3, 3, 3, 3, 3, 3, 3, 3, 3, 3, 3, 3, 3, 3, 3, 3, 3, 3, 3, 3, 3, 3, 3, 3, 3, 3, 3, 3, 3, 3, 3, 3, 3, 3, 3, 3, 3, 3, 3, 3, 3, 3, 3, 3, 3, 3, 3, 3, 3, 3, 3, 3, 3, 3, 3, 3, 3, 3, 3, 3, 3, 3, 3, 3, 3, 3, 3, 3, 3, 3, 3, 3, 3, 3, 3, 3, 3, 3, 3, 3, 3, 3, 3, 3, 3, 3, 3, 3, 3, 3, 3, 3, 3, 3, 3, 3, 3, 3, 3, 3, 3, 3, 3, 3, 3, 3, 3, 3, 3, 3, 3, 3, 3, 3, 3, 3, 3, 3, 3, 3, 3, 3, 3, 3, 3, 3, 3, 3, 3, 3, 3, 3, 3, 3, 3, 3, 3, 3, 3, 3, 3, 3, 3, 3, 3, 3, 3, 3, 3, 3, 3, 3, 3, 3, 3, 3, 3, 3, 3, 3, 3, 3, 3, 3, 3, 3, 3, 3, 3, 3, 3, 3, 3, 3, 3, 3, 3, 3, 3, 3, 3, 3, 3, 3, 3, 3, 3, 3, 3, 3, 3, 3, 3, 3, 3, 3, 3, 3, 3, 3, 3, 3, 3, 3, 3, 3, 3, 3, 3, 3, 3, 3, 3, 3, 3, 3, 3, 3, 3, 3, 3, 3, 3, 3, 3, 3, 3, 3, 3, 3, 3, 3, 3, 3, 3, 3, 3, 3, 3, 3, 3, 3, 3, 3, 3, 3, 3, 3, 3, 3, 3, 3, 3, 3, 3, 3, 3, 3, 3, 3, 3, 3, 3, 3, 3, 3, 3, 3, 3, 3, 3, 3, 3, 3, 3, 3, 3, 3, 3, 3, 3, 3, 3, 3, 3, 3, 3, 3, 3, 3, 3, 3, 3, 3, 3, 3, 3, 3, 3, 3, 3, 3, 3, 3, 3, 3, 3, 3, 3, 3, 3, 3, 3, 3, 3, 3, 3, 3, 3, 3, 3, 3, 3, 3, 3, 3, 3, 3, 3, 3, 3, 3, 3, 3, 3, 3, 3, 3, 3, 3, 3, 3, 3, 3, 3, 3, 3, 3, 3, 3, 3, 3, 3, 3, 3, 3, 3, 3, 3, 3, 3, 3, 3, 3, 3, 3, 3, 3, 3, 3, 3, 3, 3, 3, 3, 3, 3, 3, 3, 3, 3, 3, 3, 3, 3, 3, 3, 3, 3, 3, 3, 3, 3, 3, 3, 3, 3, 3, 3, 3, 3, 3, 3, 3, 3, 3, 3, 3, 3, 3, 3, 3, 3, 3, 3, 3, 3, 3, 3, 3, 3, 3, 3, 3, 3, 3, 3, 3, 3, 3, 3, 3, 3, 3, 3, 3, 3, 3, 3, 3, 3, 3, 3, 3, 3, 3, 3, 3, 3, 3, 3, 3, 3, 3, 3, 3, 3, 3, 3, 3, 3, 3, 3, 3, 3, 3, 3, 3, 3, 3, 3, 3, 3, 3, 3, 3, 3, 3, 3, 3, 3, 3, 3, 3, 3, 3, 3, 3, 3, 3, 3, 3, 3, 3, 3, 3, 3, 3, 3, 3, 3, 3, 3, 3, 3, 3, 3, 3, 3, 3, 3, 3, 3, 3, 3, 3, 3, 3, 3, 3, 3, 3, 3, 3, 3, 3, 3, 3, 3, 3, 3, 3, 3, 3, 3, 3, 3, 3, 3, 3, 3, 3, 3, 3, 3, 3, 3, 3, 3, 3, 3, 3, 3, 3, 3, 3, 3, 3, 3, 3, 3, 3, 3, 3, 3, 3, 3, 3, 3, 3, 3, 3, 3, 3, 3, 3, 3, 3, 3, 3, 3, 3, 3, 3, 3, 3, 3, 3, 3, 3, 3, 3, 3, 3, 3, 3, 3, 3, 3, 3, 3, 3, 3, 3, 3, 3, 3, 3, 3, 3, 3, 3, 3, 3, 3, 3, 3, 3, 3, 3, 3, 3, 3, 3, 3, 3, 3, 3, 3, 3, 3, 3, 3, 3, 3, 3, 3, 3, 3, 3, 3, 3, 3, 3, 3, 3, 3, 3, 3, 3, 3, 3, 3, 3, 3, 3, 3, 3, 3, 3, 3, 3, 3, 3, 3, 3, 3, 3, 3, 3, 3, 3, 3, 3, 3, 3, 3, 3, 3, 3, 3, 3, 3, 3, 3, 3, 3, 3, 3, 3, 3, 3, 3, 3, 3, 3, 3, 3, 3, 3, 3, 3, 3, 3, 3, 3, 3, 3, 3, 3, 3, 3, 3, 3, 3, 3, 3, 3, 3, 3, 3, 3, 3, 3, 3, 3, 3, 3, 3, 3, 3, 3, 3, 3, 3, 3, 3, 3, 3, 3, 3, 3, 3, 3, 3, 3, 3, 3, 3, 3, 3, 3, 3, 3, 3, 3, 3, 3, 3, 3, 3, 3, 3, 3, 3, 3, 3, 3, 3, 3, 3, 3, 3, 3, 3, 3, 3, 3, 3, 3, 3, 3, 3, 3, 3, 3, 3, 3, 3, 3, 3, 3, 3, 3, 3, 3, 3, 3, 3, 3, 3, 3, 3, 3, 3, 3, 3, 3, 3, 3, 3, 3, 3, 3, 3, 3, 3, 3, 3, 3, 3, 3, 3, 3, 3, 3, 3, 3, 3, 3, 3, 3, 3, 3, 3, 3, 3, 3, 3, 3, 3, 3, 3, 3, 3, 3, 3, 3, 3, 3, 3, 3, 3, 3, 3, 3, 3, 3, 3, 3, 3, 3, 3, 3, 3, 3, 3, 3, 3, 3, 3, 3, 3, 3, 3, 3, 3, 3, 3, 3, 3, 3, 3, 3, 3, 3, 3, 3, 3, 3, 3, 3, 3, 3, 3, 3, 3, 3, 3, 3, 3, 3, 3, 3, 3, 3, 3, 3, 3, 3, 3, 3, 3, 3, 3, 3, 3, 3, 3, 3, 3, 3, 3, 3, 3, 3, 3, 3, 3, 3, 3, 3, 3, 3, 3, 3, 3, 3, 3, 3, 3, 3, 3, 3, 3, 3, 3, 3, 3, 3, 3, 3, 3, 3, 3, 3, 3, 3, 3, 3, 3, 3, 3, 3, 3, 3, 3, 3, 3, 3, 3, 3, 3, 3, 3, 3, 3, 3, 3, 3, 3, 3, 3, 3, 3, 3, 3, 3, 3, 3, 3, 3, 3, 3, 3, 3, 3, 3, 3, 3, 3, 3, 3, 3, 3, 3, 3, 3, 3, 3, 3, 3, 3, 3, 3, 3, 3, 3, 3, 3, 3, 3, 3, 3, 3, 3, 3, 3, 3, 3, 3, 3, 3, 3, 3, 3, 3, 3, 3, 3, 3, 3, 3, 3, 3, 3, 3, 3, 3, 3, 3, 3, 3, 3, 3, 3, 3, 3, 3, 3, 3, 3, 3, 3, 3, 3, 3, 3, 3, 3, 3, 3, 3, 3, 3, 3, 3, 3, 3, 3, 3, 3, 3, 3, 3, 3, 3, 3, 3, 3, 3, 3, 3, 3, 3, 3, 3, 3, 3, 3, 3, 3, 3, 3, 3, 3, 3, 3, 3, 3, 3, 3, 3, 3, 3, 3, 3, 3, 3, 3, 3, 3, 3, 3, 3, 3, 3, 3, 3, 3, 3, 3, 3, 3, 3, 3, 3, 3, 3, 3, 3, 3, 3, 3, 3, 3, 3, 3, 3, 3, 3, 3, 3, 3, 3, 3, 3, 3, 3, 3, 3, 3, 3, 3, 3, 3, 3, 3, 3, 3, 3, 3, 3, 3, 3, 3, 3, 3, 3, 3, 3, 3, 3, 3, 3, 3, 3, 3, 3, 3, 3, 3, 3, 3, 3, 3, 3, 3, 3, 3, 3, 3, 3, 3, 3, 3, 3, 3, 3, 3, 3, 3, 3, 3, 3, 3, 3, 3, 3, 3, 3, 3, 3, 3, 3, 3, 3, 3, 3, 3, 3, 3, 3, 3, 3, 3, 3, 3, 3, 3, 3, 3, 3, 3, 3, 3, 3, 3, 3, 3, 3, 3, 3, 3, 3, 3, 3, 3, 3, 3, 3, 3, 3, 3, 3, 3, 3, 3, 3, 3, 3, 3, 3, 3, 3, 3, 3, 3, 3, 3, 3, 3, 3, 3, 3, 3, 3, 3, 3, 3, 3, 3, 3, 3, 3, 3, 3, 3, 3, 3, 3, 3, 3, 3, 3, 3, 3, 3, 3, 3, 3, 3, 3, 3, 3, 3, 3, 3, 3, 3, 3, 3, 3, 3, 3, 3, 3, 3, 3, 3, 3, 3, 3, 3, 3, 3, 3, 3, 3, 3, 3, 3, 3, 3, 3, 3, 3, 3, 3, 3, 3, 3, 3, 3, 3, 3, 3, 3, 3, 3, 3, 3, 3, 3, 3, 3, 3, 3, 3, 3, 3, 3, 3, 3, 3, 3, 3, 3, 3, 3, 3, 3, 3, 3, 3, 3, 3, 3, 3, 3, 3, 3, 3, 3, 3, 3, 3, 3, 3, 3, 3, 3, 3, 3, 3, 3, 3, 3, 3, 3, 3, 3, 3, 3, 3, 3, 3, 3, 3, 3, 3, 3, 3, 3, 3, 3, 3, 3, 3, 3, 3, 3, 3, 3, 3, 3, 3, 3, 3, 3, 3, 3, 3, 3, 3, 3, 3, 3, 3, 3, 3, 3, 3, 3, 3, 3, 3, 3, 3, 3, 3, 3, 3, 3, 3, 3, 3, 3, 3, 3, 3, 3, 3, 3, 3, 3, 3, 3, 3, 3, 3, 3, 3, 3, 3, 3, 3, 3, 3, 3, 3, 3, 3, 3, 3, 3, 3, 3, 3, 3, 3, 3, 3, 3, 3, 3, 3, 3, 3, 3, 3, 3, 3, 3, 3, 3, 3, 3, 3, 3, 3, 3, 3, 3, 3, 3, 3, 3, 3, 3, 3, 3, 3, 3, 3, 3, 3, 3, 3, 3, 3, 3, 3, 3, 3, 3, 3, 3, 3, 3, 3, 3, 3, 3, 3, 3, 3, 3, 3, 3, 3, 3, 3, 3, 3, 3, 3, 3, 3, 3, 3, 3, 3, 3, 3, 3, 3, 3, 3, 3, 3, 3, 3, 3, 3, 3, 3, 3, 3, 3, 3, 3, 3, 3, 3, 3, 3, 3, 3, 3, 3, 3, 3, 3, 3, 3, 3, 3, 3, 3, 3, 3, 3, 3, 3, 3, 3, 3, 3, 3, 3, 3, 3, 3, 3, 3, 3, 3, 3, 3, 3, 3, 3, 3, 3, 3, 3, 3, 3, 3, 3, 3, 3, 3, 3, 3, 3, 3, 3, 3, 3, 3, 3, 3, 3, 3, 3, 3, 3, 3, 3, 3, 3, 3, 3, 3, 3, 3, 3, 3, 3, 3, 3, 3, 3, 3, 3, 3, 3, 3, 3, 3, 3, 3, 3, 3, 3, 3, 3, 3, 3, 3, 3, 3, 3, 3, 3, 3, 3, 3, 3, 3, 3, 3, 3, 3, 3, 3, 3, 3, 3, 3, 3, 3, 3, 3, 3, 3, 3, 3, 3, 3, 3, 3, 3, 3, 3, 3, 3, 3, 3, 3, 3, 3, 3, 3, 3, 3, 3, 3, 3, 3, 3, 3, 3, 3, 3, 3, 3, 3, 3, 3, 3, 3, 3, 3, 3, 3, 3, 3, 3, 3, 3, 3, 3, 3, 3, 3, 3, 3, 3, 3, 3, 3, 3, 3, 3, 3, 3, 3, 3, 3, 3, 3, 3, 3, 3, 3, 3, 3, 3, 3, 3, 3, 3, 3, 3, 3, 3, 3, 3, 3, 3, 3, 3, 3, 3, 3, 3, 3, 3, 3, 3, 3, 3, 3, 3, 3, 3, 3, 3, 3, 3, 3, 3, 3, 3, 3, 3, 3, 3, 3, 3, 3, 3, 3, 3, 3, 3, 3, 3, 3, 3, 3, 3, 3, 3, 3, 3, 3, 3, 3, 3, 3, 3, 3, 3, 3, 3, 3, 3, 3, 3, 3, 3, 3, 3, 3, 3, 3, 3, 3, 3, 3, 3, 3, 3, 3, 3, 3, 3, 3, 3, 3, 3, 3, 3, 3, 3, 3, 3, 3, 3, 3, 3, 3, 3, 3, 3, 3, 3, 3, 3, 3, 3, 3, 3, 3, 3, 3, 3, 3, 3, 3, 3, 3, 3, 3, 3, 3, 3, 3, 3, 3, 3, 3, 3, 3, 3, 3, 3, 3, 3, 3, 3, 3, 3, 3, 3, 3, 3, 3, 3, 3, 3, 3, 3, 3, 3, 3, 3, 3, 3, 3, 3, 3, 3, 3, 3, 3, 3, 3, 3, 3, 3, 3, 3, 3, 3, 3, 3, 3, 3, 3, 3, 3, 3, 3, 3, 3, 3, 3, 3, 3, 3, 3, 3, 3, 3, 3, 3, 3, 3, 3, 3, 3, 3, 3, 3, 3, 3, 3, 3, 3, 3, 3, 3, 3, 3, 3, 3, 3, 3, 3, 3, 3, 3, 3, 3, 3, 3, 3, 3, 3, 3, 3, 3, 3, 3, 3, 3, 3, 3, 3, 3, 3, 3, 3, 3, 3, 3, 3, 3, 3, 3, 3, 3, 3, 3, 3, 3, 3, 3, 3, 3, 3, 3, 3, 3, 3, 3, 3, 3, 3, 3, 3, 3, 3, 3, 3, 3, 3, 3, 3, 3, 3, 3, 3, 3, 3, 3, 3, 3, 3, 3, 3, 3, 3, 3, 3, 3, 3, 3, 3, 3, 3, 3, 3, 3, 3, 3, 3, 3, 3, 3, 3, 3, 3, 3, 3, 3, 3, 3, 3, 3, 3, 3, 3, 3, 3, 3, 3, 3, 3, 3, 3, 3, 3, 3, 3, 3, 3, 3, 3, 3, 3, 3, 3, 3, 3, 3, 3, 3, 3, 3, 3, 3, 3, 3, 3, 3, 3, 3, 3, 3, 3, 3, 3, 3, 3, 3, 3, 3, 3, 3, 3, 3, 3, 3, 3, 3, 3, 3, 3, 3, 3, 3, 3, 3, 3, 3, 3, 3, 3, 3, 3, 3, 3, 3, 3, 3, 3, 3, 3, 3, 3, 3, 3, 3, 3, 3, 3, 3, 3, 3, 3, 3, 3, 3, 3, 3, 3, 3, 3, 3, 3, 3, 3, 3, 3, 3, 3, 3, 3, 3, 3, 3, 3, 3, 3, 3, 3, 3, 3, 3, 3, 3, 3, 3, 3, 3, 3, 3, 3, 3, 3, 3, 3, 3, 3, 3, 3, 3, 3, 3, 3, 3, 3, 3, 3, 3, 3, 3, 3, 3, 3, 3, 3, 3, 3, 3, 3, 3, 3, 3, 3, 3, 3, 3, 3, 3, 3, 3, 3, 3, 3, 3, 3, 3, 3, 3, 3, 3, 3, 3, 3, 3, 3, 3, 3, 3, 3, 3, 3, 3, 3, 3, 3, 3, 3, 3, 3, 3, 3, 3, 3, 3, 3, 3, 3, 3, 3, 3, 3, 3, 3, 3, 3, 3, 3, 3, 3, 3, 3, 3, 3, 3, 3, 3, 3, 3, 3, 3, 3, 3, 3, 3, 3, 3, 3, 3, 3, 3, 3, 3, 3, 3, 3, 3, 3, 3, 3, 3, 3, 3, 3, 3, 3, 3, 3, 3, 3, 3, 3, 3, 3, 3, 3, 3, 3, 3, 3, 3, 3, 3, 3, 3, 3, 3, 3, 3, 3, 3, 3, 3, 3, 3, 3, 3, 3, 3, 3, 3, 3, 3, 3, 3, 3, 3, 3, 3, 3, 3, 3, 3, 3, 3, 3, 3, 3, 3, 3, 3, 3, 3, 3, 3, 3, 3, 3, 3, 3, 3, 3, 3, 3, 3, 3, 3, 3, 3, 3, 3, 3, 3, 3, 3, 3, 3, 3, 3, 3, 3, 3, 3, 3, 3, 3, 3, 3, 3, 3, 3, 3, 3, 3, 3, 3, 3, 3, 3, 3, 3, 3, 3, 3, 3, 3, 3, 3, 3, 3, 3, 3, 3, 3, 3, 3, 3, 3, 3, 3, 3, 3, 3, 3, 3, 3, 3, 3, 3, 3, 3, 3, 3, 3, 3, 3, 3, 3, 3, 3, 3, 3, 3, 3, 3, 3, 3, 3, 3, 3, 3, 3, 3, 3, 3, 3, 3, 3, 3, 3, 3, 3, 3, 3, 3, 3, 3, 3, 3, 3, 3, 3, 3, 3, 3, 3, 3, 3, 3, 3, 3, 3, 3, 3, 3, 3, 3, 3, 3, 3, 3, 3, 3, 3, 3, 3, 3, 3, 3, 3, 3, 3, 3, 3, 3, 3, 3, 3, 3, 3, 3, 3, 3, 3, 3, 3, 3, 3, 3, 3, 3, 3, 3, 3, 3, 3, 3, 3, 3, 3, 3, 3, 3, 3, 3, 3, 3, 3, 3, 3, 3, 3, 3, 3, 3, 3, 3, 3, 3, 3, 3, 3, 3, 3, 3, 3, 3, 3, 3, 3, 3, 3, 3, 3, 3, 3, 3, 3, 3, 3, 3, 3, 3, 3, 3, 3, 3, 3, 3, 3, 3, 3, 3, 3, 3, 3, 3, 3, 3, 3, 3, 3, 3, 3, 3, 3, 3, 3, 3, 3, 3, 3, 3, 3, 3, 3, 3, 3, 3, 3, 3, 3, 3, 3, 3, 3, 3, 3, 3, 3, 3, 3, 3, 3, 3, 3, 3, 3, 3, 3, 3, 3, 3, 3, 3, 3, 3, 3, 3, 3, 3, 3, 3, 3, 3, 3, 3, 3, 3, 3, 3, 3, 3, 3, 3, 3, 3, 3, 3, 3, 3, 3, 3, 3, 3, 3, 3, 3, 3, 3, 3, 3, 3, 3, 3, 3, 3, 3, 3, 3, 3, 3, 3, 3, 3, 3, 3, 3, 3, 3, 3, 3, 3, 3, 3, 3, 3, 3, 3, 3, 3, 3, 3, 3, 3, 3, 3, 3, 3, 3, 3, 3, 3, 3, 3, 3, 3, 3, 3, 3, 3, 3, 3, 3, 3, 3, 3, 3, 3, 3, 3, 3, 3, 3, 3, 3, 3, 3, 3, 3, 3, 3, 3, 3, 3, 3, 3, 3, 3, 3, 3, 3, 3, 3, 3, 3, 3, 3, 3, 3, 3, 3, 3, 3, 3, 3, 3, 3, 3, 3, 3, 3, 3, 3, 3, 3, 3, 3, 3, 3, 3, 3, 3, 3, 3, 3, 3, 3, 3, 3, 3, 3, 3, 3, 3, 3, 3, 3, 3, 3, 3, 3, 3, 3, 3, 3, 3, 3, 3, 3, 3, 3, 3, 3, 3, 3, 3, 3, 3, 3, 3, 3, 3, 3, 3, 3, 3, 3, 3, 3, 3, 3, 3, 3, 3, 3, 3, 3, 3, 3, 3, 3, 3, 3, 3, 3, 3, 3, 3, 3, 3, 3, 3, 3, 3, 3, 3, 3, 3, 3, 3, 3, 3, 3, 3, 3, 3, 3, 3, 3, 3, 3, 3, 3, 3, 3, 3, 3, 3, 3, 3, 3, 3, 3, 3, 3, 3, 3, 3, 3, 3, 3, 3, 3, 3, 3, 3, 3, 3, 3, 3, 3, 3, 3, 3, 3, 3, 3, 3, 3, 3, 3, 3, 3, 3, 3, 3, 3, 3, 3, 3, 3, 3, 3, 3, 3, 3, 3, 3, 3, 3, 3, 3, 3, 3, 3, 3, 3, 3, 3, 3, 3, 3, 3, 3, 3, 3]
            int[] faceVertexIndices = [0, 1, 2, 3, 4, 2, 4, 5, 2, 5, 0, 2, 1, 6, 2, 6, 7, 2, 7, 8, 2, 9, 10, 2, 11, 12, 2, 13, 11, 2, 10, 13, 2, 14, 15, 2, 15, 16, 2, 16, 9, 2, 17, 18, 2, 18, 19, 2, 19, 14, 2, 8, 20, 2, 20, 21, 2, 21, 17, 2, 12, 22, 2, 22, 23, 2, 23, 24, 2, 24, 25, 2, 26, 27, 2, 27, 28, 2, 28, 29, 2, 29, 30, 2, 25, 31, 2, 31, 32, 2, 32, 33, 2, 33, 34, 2, 34, 35, 2, 35, 36, 2, 30, 37, 2, 37, 38, 2, 38, 39, 2, 36, 40, 2, 40, 41, 2, 41, 42, 2, 39, 43, 2, 43, 44, 2, 44, 3, 2, 42, 45, 2, 45, 46, 2, 46, 26, 2, 47, 48, 8, 48, 49, 8, 7, 50, 8, 50, 51, 8, 51, 52, 8, 52, 53, 8, 53, 47, 8, 54, 55, 8, 56, 54, 8, 49, 56, 8, 55, 57, 8, 57, 20, 8, 58, 59, 55, 54, 58, 55, 59, 60, 55, 60, 57, 55, 61, 62, 59, 58, 61, 59, 62, 63, 59, 63, 60, 59, 64, 65, 62, 66, 67, 62, 67, 68, 62, 68, 64, 62, 65, 69, 62, 69, 70, 62, 70, 71, 62, 61, 66, 62, 71, 72, 62, 72, 63, 62, 73, 74, 71, 75, 76, 71, 76, 77, 71, 77, 78, 71, 78, 73, 71, 70, 79, 71, 79, 75, 71, 74, 80, 71, 80, 81, 71, 81, 82, 71, 82, 83, 71, 83, 72, 71, 73, 84, 74, 85, 86, 74, 86, 87, 74, 87, 88, 74, 88, 89, 74, 89, 90, 74, 90, 91, 74, 91, 92, 74, 92, 93, 74, 93, 80, 74, 94, 85, 74, 95, 96, 74, 96, 97, 74, 97, 94, 74, 98, 99, 74, 100, 101, 74, 102, 100, 74, 103, 104, 74, 104, 105, 74, 105, 106, 74, 106, 107, 74, 101, 108, 74, 108, 109, 74, 109, 95, 74, 110, 98, 74, 84, 110, 74, 111, 112, 74, 107, 113, 74, 113, 114, 74, 114, 115, 74, 112, 116, 74, 116, 117, 74, 117, 103, 74, 115, 118, 74, 118, 119, 74, 119, 102, 74, 120, 121, 74, 121, 122, 74, 122, 111, 74, 99, 123, 74, 123, 124, 74, 124, 120, 74, 125, 126, 21, 20, 125, 21, 126, 127, 21, 127, 128, 21, 128, 129, 21, 130, 131, 21, 132, 130, 21, 129, 132, 21, 131, 17, 21, 57, 133, 20, 134, 135, 20, 136, 134, 20, 135, 137, 20, 137, 138, 20, 138, 125, 20, 133, 139, 20, 139, 140, 20, 140, 136, 20, 141, 133, 57, 60, 141, 57, 63, 142, 60, 142, 141, 60, 143, 144, 63, 145, 143, 63, 72, 146, 63, 146, 147, 63, 147, 145, 63, 144, 148, 63, 148, 142, 63, 83, 149, 72, 149, 150, 72, 150, 151, 72, 151, 152, 72, 152, 153, 72, 153, 154, 72, 154, 146, 72, 82, 149, 83, 131, 155, 17, 155, 156, 17, 156, 157, 17, 157, 158, 17, 158, 18, 17, 159, 160, 82, 161, 159, 82, 160, 162, 82, 162, 149, 82, 163, 161, 82, 81, 163, 82, 158, 164, 18, 164, 19, 18, 165, 163, 81, 80, 165, 81, 164, 166, 19, 166, 14, 19, 167, 165, 80, 93, 167, 80, 166, 168, 14, 168, 15, 14, 169, 167, 93, 92, 169, 93, 168, 170, 15, 170, 16, 15, 171, 169, 92, 91, 171, 92, 170, 172, 16, 172, 9, 16, 173, 171, 91, 90, 173, 91, 172, 174, 9, 174, 10, 9, 175, 173, 90, 89, 175, 90, 174, 176, 10, 176, 13, 10, 177, 175, 89, 88, 177, 89, 176, 178, 13, 178, 11, 13, 179, 177, 88, 87, 179, 88, 180, 12, 11, 181, 180, 11, 182, 183, 11, 183, 184, 11, 184, 181, 11, 185, 186, 11, 186, 187, 11, 188, 189, 11, 189, 190, 11, 190, 185, 11, 191, 192, 11, 193, 191, 11, 192, 194, 11, 194, 195, 11, 195, 182, 11, 187, 196, 11, 196, 197, 11, 197, 198, 11, 198, 199, 11, 199, 200, 11, 200, 193, 11, 201, 202, 11, 202, 203, 11, 203, 188, 11, 204, 205, 11, 206, 204, 11, 205, 207, 11, 207, 208, 11, 208, 201, 11, 209, 210, 11, 210, 211, 11, 211, 206, 11, 212, 209, 11, 213, 212, 11, 214, 215, 11, 216, 217, 11, 218, 219, 11, 219, 220, 11, 220, 221, 11, 222, 214, 11, 223, 224, 11, 224, 225, 11, 225, 213, 11, 226, 227, 11, 227, 228, 11, 228, 229, 11, 230, 231, 11, 231, 232, 11, 232, 233, 11, 234, 235, 11, 235, 236, 11, 236, 223, 11, 237, 216, 11, 238, 218, 11, 229, 238, 11, 215, 239, 11, 239, 240, 11, 240, 237, 11, 178, 241, 11, 241, 242, 11, 242, 222, 11, 243, 226, 11, 217, 243, 11, 244, 230, 11, 221, 244, 11, 245, 234, 11, 233, 245, 11, 86, 246, 87, 246, 247, 87, 247, 248, 87, 248, 249, 87, 249, 250, 87, 250, 251, 87, 251, 252, 87, 252, 253, 87, 253, 254, 87, 255, 256, 87, 254, 257, 87, 257, 258, 87, 258, 259, 87, 260, 255, 87, 261, 260, 87, 259, 261, 87, 256, 262, 87, 262, 263, 87, 263, 264, 87, 264, 265, 87, 265, 266, 87, 266, 267, 87, 267, 268, 87, 268, 269, 87, 269, 270, 87, 270, 271, 87, 271, 272, 87, 272, 273, 87, 273, 274, 87, 274, 275, 87, 275, 276, 87, 276, 277, 87, 278, 279, 87, 280, 281, 87, 277, 282, 87, 282, 283, 87, 283, 280, 87, 281, 284, 87, 284, 285, 87, 285, 286, 87, 286, 287, 87, 287, 288, 87, 288, 289, 87, 279, 290, 87, 290, 291, 87, 291, 292, 87, 292, 293, 87, 293, 294, 87, 294, 295, 87, 289, 296, 87, 296, 297, 87, 297, 278, 87, 295, 298, 87, 298, 299, 87, 299, 300, 87, 300, 301, 87, 301, 302, 87, 302, 303, 87, 303, 179, 87, 304, 305, 12, 305, 306, 12, 306, 22, 12, 307, 308, 12, 308, 309, 12, 309, 304, 12, 180, 310, 12, 310, 307, 12, 311, 312, 180, 312, 313, 180, 181, 314, 180, 314, 311, 180, 313, 315, 180, 315, 316, 180, 316, 310, 180, 317, 318, 86, 319, 320, 86, 320, 321, 86, 321, 317, 86, 318, 322, 86, 322, 246, 86, 85, 323, 86, 323, 319, 86, 94, 324, 85, 324, 325, 85, 325, 326, 85, 326, 327, 85, 327, 328, 85, 328, 329, 85, 329, 323, 85, 306, 314, 22, 314, 181, 22, 181, 23, 22, 306, 311, 314, 322, 324, 246, 324, 94, 246, 94, 247, 246, 322, 325, 324, 181, 184, 23, 184, 24, 23, 94, 97, 247, 97, 248, 247, 305, 311, 306, 305, 312, 311, 318, 325, 322, 318, 326, 325, 184, 183, 24, 183, 25, 24, 97, 96, 248, 96, 249, 248, 304, 312, 305, 304, 313, 312, 317, 326, 318, 317, 327, 326, 183, 182, 25, 182, 31, 25, 96, 95, 249, 95, 250, 249, 309, 313, 304, 309, 315, 313, 321, 327, 317, 321, 328, 327, 182, 195, 31, 195, 32, 31, 95, 109, 250, 109, 251, 250, 308, 315, 309, 308, 316, 315, 320, 328, 321, 320, 329, 328, 194, 33, 32, 195, 194, 32, 109, 108, 251, 108, 252, 251, 307, 330, 308, 330, 316, 308, 331, 310, 316, 330, 331, 316, 319, 332, 320, 332, 329, 320, 333, 323, 329, 332, 333, 329, 310, 334, 307, 334, 335, 307, 335, 330, 307, 331, 334, 310, 323, 336, 319, 336, 337, 319, 337, 332, 319, 333, 336, 323, 194, 192, 33, 192, 34, 33, 108, 101, 252, 101, 253, 252, 192, 191, 34, 191, 35, 34, 101, 100, 253, 100, 254, 253, 191, 193, 35, 193, 36, 35, 100, 102, 254, 102, 257, 254, 193, 200, 36, 200, 40, 36, 102, 119, 257, 119, 258, 257, 200, 199, 40, 199, 41, 40, 119, 118, 258, 118, 259, 258, 199, 198, 41, 198, 42, 41, 118, 115, 259, 115, 261, 259, 338, 339, 42, 339, 45, 42, 198, 197, 42, 197, 338, 42, 115, 114, 261, 114, 260, 261, 340, 341, 338, 341, 342, 338, 342, 339, 338, 197, 196, 338, 196, 340, 338, 343, 344, 260, 345, 343, 260, 344, 255, 260, 114, 113, 260, 113, 345, 260, 346, 341, 340, 196, 347, 340, 347, 346, 340, 187, 347, 196, 348, 343, 345, 113, 107, 345, 107, 348, 345, 349, 350, 346, 350, 341, 346, 347, 351, 346, 351, 349, 346, 187, 351, 347, 352, 353, 348, 353, 343, 348, 107, 354, 348, 354, 352, 348, 106, 354, 107, 355, 356, 349, 356, 357, 349, 357, 350, 349, 358, 355, 349, 359, 358, 349, 360, 359, 349, 351, 360, 349, 187, 361, 351, 361, 360, 351, 362, 363, 352, 363, 364, 352, 364, 353, 352, 365, 362, 352, 366, 365, 352, 354, 367, 352, 367, 366, 352, 368, 369, 354, 369, 370, 354, 370, 371, 354, 371, 372, 354, 372, 373, 354, 106, 368, 354, 373, 367, 354, 374, 126, 125, 375, 374, 125, 138, 375, 125, 376, 147, 146, 377, 376, 146, 154, 377, 146, 378, 127, 126, 374, 378, 126, 379, 145, 147, 376, 379, 147, 380, 375, 138, 137, 380, 138, 381, 377, 154, 153, 381, 154, 382, 128, 127, 378, 382, 127, 383, 143, 145, 379, 383, 145, 384, 380, 137, 135, 384, 137, 385, 381, 153, 152, 385, 153, 386, 129, 128, 382, 386, 128, 387, 144, 143, 383, 387, 143, 388, 384, 135, 134, 388, 135, 389, 385, 152, 151, 389, 152, 390, 132, 129, 386, 390, 129, 391, 148, 144, 387, 391, 144, 392, 388, 134, 136, 392, 134, 393, 389, 151, 150, 393, 151, 394, 130, 132, 390, 394, 132, 395, 142, 148, 396, 395, 148, 391, 396, 148, 140, 392, 136, 149, 397, 150, 397, 393, 150, 162, 397, 149, 398, 131, 130, 399, 398, 130, 394, 399, 130, 400, 142, 395, 401, 400, 395, 396, 401, 395, 402, 403, 131, 403, 155, 131, 398, 404, 131, 404, 405, 131, 405, 406, 131, 406, 407, 131, 407, 408, 131, 408, 402, 131, 399, 409, 398, 409, 404, 398, 139, 410, 140, 411, 392, 140, 410, 411, 140, 412, 413, 139, 413, 414, 139, 414, 415, 139, 415, 416, 139, 416, 417, 139, 417, 418, 139, 418, 410, 139, 419, 420, 139, 421, 419, 139, 420, 422, 139, 422, 423, 139, 423, 424, 139, 424, 425, 139, 425, 426, 139, 426, 427, 139, 427, 428, 139, 428, 429, 139, 429, 412, 139, 133, 421, 139, 430, 431, 133, 432, 430, 133, 433, 434, 133, 434, 435, 133, 435, 432, 133, 431, 436, 133, 436, 437, 133, 437, 438, 133, 439, 440, 133, 440, 441, 133, 441, 433, 133, 438, 421, 133, 442, 439, 133, 141, 442, 133, 443, 444, 141, 444, 445, 141, 445, 446, 141, 446, 447, 141, 447, 448, 141, 448, 449, 141, 449, 450, 141, 142, 451, 141, 451, 452, 141, 452, 443, 141, 450, 453, 141, 453, 454, 141, 454, 442, 141, 455, 456, 142, 457, 458, 142, 458, 459, 142, 459, 460, 142, 460, 461, 142, 461, 455, 142, 400, 457, 142, 462, 463, 142, 463, 464, 142, 464, 465, 142, 465, 466, 142, 466, 467, 142, 467, 468, 142, 468, 469, 142, 469, 451, 142, 456, 470, 142, 470, 471, 142, 471, 462, 142, 401, 472, 400, 472, 457, 400, 162, 473, 397, 474, 393, 397, 473, 474, 397, 160, 475, 162, 475, 476, 162, 476, 477, 162, 477, 478, 162, 478, 479, 162, 479, 480, 162, 480, 473, 162, 481, 411, 410, 418, 481, 410, 482, 474, 473, 480, 482, 473, 50, 378, 51, 378, 374, 51, 374, 52, 51, 69, 379, 70, 379, 376, 70, 376, 79, 70, 375, 52, 374, 377, 79, 376, 483, 330, 335, 334, 484, 335, 484, 483, 335, 331, 484, 334, 485, 332, 337, 336, 486, 337, 486, 485, 337, 333, 486, 336, 7, 382, 50, 382, 378, 50, 65, 383, 69, 383, 379, 69, 375, 53, 52, 377, 75, 79, 380, 53, 375, 381, 75, 377, 6, 386, 7, 386, 382, 7, 64, 387, 65, 387, 383, 65, 380, 47, 53, 381, 76, 75, 384, 47, 380, 385, 76, 381, 1, 390, 6, 390, 386, 6, 68, 391, 64, 391, 387, 64, 409, 405, 404, 472, 458, 457, 384, 48, 47, 385, 77, 76, 388, 48, 384, 389, 77, 385, 0, 394, 1, 394, 390, 1, 67, 396, 68, 396, 391, 68, 487, 330, 483, 484, 488, 483, 488, 487, 483, 331, 488, 484, 489, 332, 485, 486, 490, 485, 490, 489, 485, 333, 490, 486, 388, 49, 48, 389, 78, 77, 392, 49, 388, 393, 78, 389, 491, 481, 418, 417, 491, 418, 492, 482, 480, 479, 492, 480, 5, 399, 0, 399, 394, 0, 66, 401, 67, 401, 396, 67, 493, 56, 49, 392, 493, 49, 494, 73, 78, 393, 494, 78, 411, 493, 392, 474, 494, 393, 495, 330, 487, 488, 496, 487, 496, 495, 487, 331, 496, 488, 497, 332, 489, 490, 498, 489, 498, 497, 489, 333, 498, 490, 4, 399, 5, 61, 499, 66, 499, 401, 66, 4, 409, 399, 499, 472, 401, 500, 406, 405, 409, 500, 405, 501, 459, 458, 472, 501, 458, 502, 503, 3, 503, 504, 3, 504, 505, 3, 506, 507, 3, 507, 508, 3, 508, 502, 3, 505, 509, 3, 509, 4, 3, 510, 511, 3, 512, 513, 3, 511, 506, 3, 513, 514, 3, 514, 515, 3, 515, 516, 3, 516, 517, 3, 517, 518, 3, 518, 519, 3, 519, 520, 3, 520, 521, 3, 521, 510, 3, 44, 522, 3, 522, 512, 3, 509, 409, 4, 523, 56, 493, 411, 523, 493, 524, 525, 56, 523, 526, 56, 526, 527, 56, 527, 528, 56, 528, 529, 56, 529, 530, 56, 530, 524, 56, 531, 532, 56, 533, 534, 56, 535, 533, 56, 532, 536, 56, 536, 537, 56, 537, 535, 56, 534, 538, 56, 538, 539, 56, 539, 54, 56, 525, 540, 56, 540, 541, 56, 541, 531, 56, 542, 543, 54, 543, 544, 54, 544, 545, 54, 545, 546, 54, 546, 547, 54, 547, 548, 54, 548, 549, 54, 549, 550, 54, 550, 551, 54, 551, 552, 54, 539, 553, 54, 553, 542, 54, 552, 554, 54, 554, 58, 54, 555, 556, 58, 557, 555, 58, 556, 558, 58, 558, 559, 58, 559, 560, 58, 560, 561, 58, 561, 562, 58, 562, 563, 58, 563, 564, 58, 564, 565, 58, 565, 61, 58, 554, 566, 58, 566, 567, 58, 567, 557, 58, 568, 569, 61, 569, 570, 61, 570, 571, 61, 572, 573, 61, 573, 574, 61, 574, 568, 61, 571, 575, 61, 575, 499, 61, 576, 577, 61, 578, 576, 61, 577, 579, 61, 579, 580, 61, 580, 581, 61, 565, 582, 61, 582, 578, 61, 581, 583, 61, 583, 584, 61, 584, 572, 61, 575, 472, 499, 585, 73, 494, 474, 585, 494, 585, 586, 73, 586, 587, 73, 587, 588, 73, 589, 84, 73, 590, 589, 73, 588, 591, 73, 591, 592, 73, 592, 590, 73, 593, 594, 84, 589, 593, 84, 595, 110, 84, 596, 597, 84, 597, 598, 84, 598, 599, 84, 599, 595, 84, 600, 601, 84, 601, 602, 84, 602, 596, 84, 594, 603, 84, 603, 604, 84, 604, 600, 84, 411, 526, 523, 474, 586, 585, 481, 526, 411, 482, 586, 474, 605, 330, 495, 496, 606, 495, 606, 605, 495, 331, 606, 496, 607, 332, 497, 498, 608, 497, 608, 607, 497, 333, 608, 498, 505, 500, 509, 500, 409, 509, 571, 501, 575, 501, 472, 575, 609, 491, 417, 416, 609, 417, 610, 492, 479, 478, 610, 479, 481, 527, 526, 482, 587, 586, 491, 527, 481, 492, 587, 482, 611, 330, 605, 606, 612, 605, 612, 611, 605, 331, 612, 606, 613, 332, 607, 608, 614, 607, 614, 613, 607, 333, 614, 608, 504, 615, 505, 615, 500, 505, 570, 616, 571, 616, 501, 571, 615, 406, 500, 616, 459, 501, 611, 617, 330, 617, 331, 330, 618, 612, 331, 617, 618, 331, 613, 619, 332, 619, 333, 332, 620, 614, 333, 619, 620, 333, 615, 407, 406, 616, 460, 459, 491, 528, 527, 492, 588, 587, 609, 528, 491, 610, 588, 492, 621, 617, 611, 612, 622, 611, 622, 621, 611, 618, 622, 612, 623, 619, 613, 614, 624, 613, 624, 623, 613, 620, 624, 614, 503, 625, 504, 625, 615, 504, 569, 626, 570, 626, 616, 570, 625, 407, 615, 626, 460, 616, 621, 627, 617, 627, 618, 617, 628, 622, 618, 627, 628, 618, 623, 629, 619, 629, 620, 619, 630, 624, 620, 629, 630, 620, 631, 627, 621, 622, 632, 621, 632, 631, 621, 628, 632, 622, 633, 629, 623, 624, 634, 623, 634, 633, 623, 630, 634, 624, 609, 529, 528, 421, 438, 539, 438, 553, 539, 419, 421, 539, 538, 419, 539, 438, 542, 553, 452, 451, 564, 451, 565, 564, 443, 452, 564, 563, 443, 564, 451, 582, 565, 610, 591, 588, 503, 635, 625, 635, 408, 625, 408, 407, 625, 636, 529, 609, 416, 636, 609, 569, 637, 626, 637, 461, 626, 461, 460, 626, 638, 591, 610, 478, 638, 610, 415, 636, 416, 437, 542, 438, 469, 582, 451, 477, 638, 478, 631, 639, 627, 639, 628, 627, 640, 632, 628, 639, 640, 628, 633, 641, 629, 641, 630, 629, 642, 634, 630, 641, 642, 630, 420, 419, 538, 534, 420, 538, 469, 578, 582, 468, 578, 469, 437, 543, 542, 444, 443, 563, 562, 444, 563, 436, 543, 437, 643, 639, 631, 632, 644, 631, 644, 643, 631, 640, 644, 632, 645, 641, 633, 634, 646, 633, 646, 645, 633, 642, 646, 634, 502, 647, 503, 647, 635, 503, 568, 648, 569, 648, 637, 569, 647, 402, 635, 402, 408, 635, 648, 455, 637, 455, 461, 637, 643, 649, 639, 649, 640, 639, 650, 644, 640, 649, 650, 640, 645, 651, 641, 651, 642, 641, 652, 646, 642, 651, 652, 642, 653, 649, 643, 644, 654, 643, 654, 653, 643, 650, 654, 644, 655, 651, 645, 646, 656, 645, 656, 655, 645, 652, 656, 646, 653, 650, 649, 653, 654, 650, 655, 652, 651, 655, 656, 652, 636, 530, 529, 638, 592, 591, 657, 530, 636, 415, 657, 636, 658, 592, 638, 477, 658, 638, 422, 420, 534, 533, 422, 534, 468, 576, 578, 467, 576, 468, 436, 544, 543, 445, 444, 562, 561, 445, 562, 431, 544, 436, 508, 659, 502, 659, 647, 502, 574, 660, 568, 660, 648, 568, 659, 403, 647, 403, 402, 647, 660, 661, 648, 661, 455, 648, 657, 524, 530, 658, 590, 592, 662, 524, 657, 415, 414, 657, 414, 662, 657, 663, 590, 658, 477, 476, 658, 476, 663, 658, 507, 664, 508, 664, 659, 508, 573, 665, 574, 665, 660, 574, 664, 666, 659, 666, 403, 659, 665, 667, 660, 667, 661, 660, 423, 422, 533, 535, 423, 533, 467, 577, 576, 466, 577, 467, 668, 525, 524, 662, 668, 524, 669, 589, 590, 663, 669, 590, 670, 668, 662, 414, 413, 662, 413, 670, 662, 671, 669, 663, 476, 475, 663, 475, 671, 663, 431, 545, 544, 446, 445, 561, 560, 446, 561, 430, 545, 431, 661, 456, 455, 506, 672, 507, 672, 673, 507, 673, 664, 507, 572, 674, 573, 674, 675, 573, 675, 665, 573, 673, 676, 664, 676, 666, 664, 675, 677, 665, 677, 667, 665, 678, 525, 668, 670, 678, 668, 679, 589, 669, 671, 679, 669, 680, 678, 670, 413, 681, 670, 681, 680, 670, 682, 679, 671, 475, 683, 671, 683, 682, 671, 506, 684, 672, 684, 685, 672, 685, 673, 672, 572, 686, 674, 686, 687, 674, 687, 675, 674, 685, 688, 673, 688, 676, 673, 687, 689, 675, 689, 677, 675, 690, 525, 678, 680, 690, 678, 691, 589, 679, 682, 691, 679, 692, 690, 680, 681, 693, 680, 693, 692, 680, 694, 691, 682, 683, 695, 682, 695, 694, 682, 506, 696, 684, 696, 697, 684, 697, 685, 684, 572, 698, 686, 698, 699, 686, 699, 687, 686, 697, 700, 685, 700, 688, 685, 699, 701, 687, 701, 689, 687, 702, 525, 690, 692, 702, 690, 703, 589, 691, 694, 703, 691, 704, 702, 692, 693, 705, 692, 705, 704, 692, 706, 703, 694, 695, 707, 694, 707, 706, 694, 424, 423, 535, 537, 424, 535, 466, 579, 577, 465, 579, 466, 430, 546, 545, 447, 446, 560, 559, 447, 560, 432, 546, 430, 666, 155, 403, 667, 456, 661, 506, 708, 696, 708, 709, 696, 709, 697, 696, 572, 710, 698, 710, 711, 698, 711, 699, 698, 709, 712, 697, 712, 700, 697, 711, 713, 699, 713, 701, 699, 714, 525, 702, 704, 714, 702, 715, 589, 703, 716, 715, 703, 706, 716, 703, 717, 714, 704, 705, 718, 704, 718, 717, 704, 719, 716, 706, 707, 720, 706, 720, 719, 706, 506, 721, 708, 721, 722, 708, 722, 709, 708, 572, 723, 710, 723, 724, 710, 724, 711, 710, 722, 725, 709, 725, 712, 709, 724, 726, 711, 726, 713, 711, 727, 525, 714, 717, 727, 714, 728, 572, 716, 572, 715, 716, 719, 728, 716, 729, 727, 717, 718, 730, 717, 730, 729, 717, 731, 728, 719, 720, 732, 719, 732, 731, 719, 506, 727, 721, 727, 729, 721, 729, 722, 721, 572, 728, 723, 728, 731, 723, 731, 724, 723, 729, 733, 722, 733, 725, 722, 731, 734, 724, 734, 726, 724, 506, 525, 727, 730, 733, 729, 732, 734, 731, 412, 681, 413, 160, 683, 475, 676, 155, 666, 677, 456, 667, 425, 424, 537, 536, 425, 537, 465, 580, 579, 464, 580, 465, 432, 547, 546, 448, 447, 559, 558, 448, 559, 435, 547, 432, 412, 693, 681, 160, 695, 683, 688, 155, 676, 689, 456, 677, 412, 705, 693, 160, 707, 695, 700, 155, 688, 701, 456, 689, 412, 718, 705, 160, 720, 707, 426, 425, 536, 532, 426, 536, 464, 581, 580, 463, 581, 464, 435, 548, 547, 449, 448, 558, 556, 449, 558, 434, 548, 435, 712, 155, 700, 713, 456, 701, 412, 730, 718, 160, 732, 720, 725, 155, 712, 726, 456, 713, 412, 733, 730, 160, 734, 732, 733, 155, 725, 160, 456, 726, 734, 160, 726, 412, 155, 733, 427, 426, 532, 531, 427, 532, 463, 583, 581, 462, 583, 463, 434, 549, 548, 450, 449, 556, 555, 450, 556, 433, 549, 434, 428, 427, 531, 541, 428, 531, 462, 584, 583, 471, 584, 462, 433, 550, 549, 453, 450, 555, 557, 453, 555, 441, 550, 433, 540, 428, 541, 735, 572, 584, 471, 470, 584, 470, 735, 584, 540, 429, 428, 441, 551, 550, 454, 453, 557, 567, 454, 557, 440, 551, 441, 736, 552, 551, 440, 736, 551, 566, 737, 567, 737, 454, 567, 439, 738, 440, 738, 736, 440, 737, 442, 454, 350, 189, 341, 189, 188, 341, 188, 342, 341, 350, 190, 189, 353, 368, 343, 368, 106, 343, 106, 344, 343, 353, 369, 368, 188, 203, 342, 203, 339, 342, 106, 105, 344, 105, 255, 344, 357, 190, 350, 357, 185, 190, 364, 369, 353, 364, 370, 369, 203, 202, 339, 202, 45, 339, 105, 104, 255, 104, 256, 255, 356, 185, 357, 356, 186, 185, 363, 370, 364, 363, 371, 370, 202, 201, 45, 201, 46, 45, 104, 103, 256, 103, 262, 256, 355, 186, 356, 355, 187, 186, 362, 371, 363, 362, 372, 371, 201, 208, 46, 208, 26, 46, 103, 117, 262, 117, 263, 262, 358, 187, 355, 358, 361, 187, 365, 372, 362, 365, 373, 372, 207, 27, 26, 208, 207, 26, 117, 116, 263, 116, 264, 263, 739, 740, 358, 741, 739, 358, 742, 743, 358, 743, 744, 358, 744, 741, 358, 359, 742, 358, 740, 361, 358, 745, 746, 361, 747, 745, 361, 746, 748, 361, 748, 749, 361, 749, 750, 361, 750, 751, 361, 751, 360, 361, 740, 747, 361, 752, 753, 365, 754, 752, 365, 755, 756, 365, 756, 757, 365, 757, 754, 365, 366, 755, 365, 753, 373, 365, 758, 759, 373, 760, 758, 373, 759, 761, 373, 761, 762, 373, 762, 763, 373, 763, 764, 373, 764, 367, 373, 753, 760, 373, 207, 205, 27, 205, 28, 27, 116, 112, 264, 112, 265, 264, 205, 204, 28, 204, 29, 28, 112, 111, 265, 111, 266, 265, 204, 206, 29, 206, 30, 29, 111, 122, 266, 122, 267, 266, 206, 211, 30, 211, 37, 30, 122, 121, 267, 121, 268, 267, 211, 210, 37, 210, 38, 37, 121, 120, 268, 120, 269, 268, 210, 209, 38, 209, 39, 38, 120, 124, 269, 124, 270, 269, 209, 765, 39, 765, 43, 39, 766, 765, 209, 212, 766, 209, 767, 768, 270, 768, 271, 270, 124, 123, 270, 123, 767, 270, 769, 770, 43, 770, 771, 43, 771, 44, 43, 765, 772, 43, 772, 769, 43, 766, 772, 765, 773, 774, 767, 774, 775, 767, 775, 768, 767, 123, 776, 767, 776, 773, 767, 99, 776, 123, 360, 751, 359, 751, 742, 359, 367, 764, 366, 764, 755, 366, 751, 750, 742, 750, 743, 742, 764, 763, 755, 763, 756, 755, 777, 770, 769, 772, 778, 769, 778, 777, 769, 766, 778, 772, 779, 774, 773, 776, 780, 773, 780, 779, 773, 99, 780, 776, 750, 749, 743, 749, 744, 743, 763, 762, 756, 762, 757, 756, 781, 782, 777, 782, 770, 777, 778, 783, 777, 783, 781, 777, 766, 783, 778, 784, 785, 779, 785, 774, 779, 780, 786, 779, 786, 784, 779, 99, 786, 780, 787, 788, 781, 788, 789, 781, 789, 782, 781, 790, 787, 781, 791, 790, 781, 792, 791, 781, 783, 792, 781, 793, 794, 783, 794, 795, 783, 795, 796, 783, 797, 798, 783, 798, 799, 783, 799, 793, 783, 796, 792, 783, 766, 797, 783, 800, 801, 784, 801, 802, 784, 802, 785, 784, 803, 800, 784, 804, 803, 784, 786, 805, 784, 805, 804, 784, 806, 807, 786, 807, 808, 786, 808, 809, 786, 809, 810, 786, 810, 805, 786, 99, 811, 786, 811, 806, 786, 749, 748, 744, 748, 741, 744, 762, 761, 757, 761, 754, 757, 748, 746, 741, 746, 739, 741, 761, 759, 754, 759, 752, 754, 745, 812, 739, 746, 745, 739, 812, 740, 739, 758, 813, 752, 759, 758, 752, 813, 753, 752, 814, 740, 812, 745, 815, 812, 815, 814, 812, 747, 815, 745, 816, 753, 813, 758, 817, 813, 817, 816, 813, 760, 817, 758, 818, 740, 814, 815, 819, 814, 819, 818, 814, 747, 819, 815, 820, 753, 816, 817, 821, 816, 821, 820, 816, 760, 821, 817, 822, 740, 818, 819, 823, 818, 823, 822, 818, 747, 823, 819, 824, 753, 820, 821, 825, 820, 825, 824, 820, 760, 825, 821, 826, 740, 822, 823, 827, 822, 827, 826, 822, 747, 827, 823, 828, 753, 824, 825, 829, 824, 829, 828, 824, 760, 829, 825, 830, 740, 826, 827, 831, 826, 831, 830, 826, 747, 831, 827, 832, 753, 828, 829, 833, 828, 833, 832, 828, 760, 833, 829, 830, 834, 740, 834, 747, 740, 835, 831, 747, 834, 835, 747, 832, 836, 753, 836, 760, 753, 837, 833, 760, 836, 837, 760, 838, 834, 830, 831, 839, 830, 839, 838, 830, 835, 839, 831, 840, 836, 832, 833, 841, 832, 841, 840, 832, 837, 841, 833, 838, 842, 834, 842, 835, 834, 843, 839, 835, 842, 843, 835, 840, 844, 836, 844, 837, 836, 845, 841, 837, 844, 845, 837, 846, 842, 838, 839, 847, 838, 847, 846, 838, 843, 847, 839, 848, 844, 840, 841, 849, 840, 849, 848, 840, 845, 849, 841, 525, 850, 540, 851, 429, 540, 850, 851, 540, 852, 572, 735, 470, 852, 735, 851, 412, 429, 456, 853, 470, 853, 852, 470, 846, 854, 842, 854, 843, 842, 855, 847, 843, 854, 855, 843, 848, 856, 844, 856, 845, 844, 857, 849, 845, 856, 857, 845, 858, 854, 846, 847, 859, 846, 859, 858, 846, 855, 859, 847, 860, 856, 848, 849, 861, 848, 861, 860, 848, 857, 861, 849, 858, 862, 854, 862, 855, 854, 863, 859, 855, 862, 863, 855, 860, 864, 856, 864, 857, 856, 865, 861, 857, 864, 865, 857, 866, 862, 858, 859, 867, 858, 867, 866, 858, 863, 867, 859, 868, 864, 860, 861, 869, 860, 869, 868, 860, 865, 869, 861, 866, 863, 862, 866, 867, 863, 868, 865, 864, 868, 869, 865, 525, 870, 850, 871, 851, 850, 870, 871, 850, 872, 572, 852, 853, 872, 852, 871, 412, 851, 456, 873, 853, 873, 872, 853, 525, 874, 870, 875, 871, 870, 874, 875, 870, 876, 572, 872, 873, 876, 872, 875, 412, 871, 456, 877, 873, 877, 876, 873, 878, 593, 589, 879, 880, 589, 715, 879, 589, 881, 882, 589, 882, 883, 589, 883, 884, 589, 884, 878, 589, 885, 886, 589, 886, 887, 589, 887, 881, 589, 880, 888, 589, 888, 889, 589, 889, 885, 589, 525, 890, 874, 890, 891, 874, 891, 875, 874, 892, 572, 876, 877, 892, 876, 891, 412, 875, 456, 893, 877, 893, 892, 877, 894, 525, 506, 895, 896, 506, 511, 897, 506, 897, 898, 506, 898, 899, 506, 899, 900, 506, 900, 901, 506, 896, 902, 506, 902, 903, 506, 903, 904, 506, 904, 905, 506, 905, 906, 506, 906, 907, 506, 901, 908, 506, 908, 909, 506, 909, 910, 506, 910, 911, 506, 911, 912, 506, 912, 895, 506, 907, 913, 506, 913, 914, 506, 914, 915, 506, 915, 916, 506, 916, 917, 506, 917, 894, 506, 894, 918, 525, 918, 919, 525, 919, 890, 525, 919, 920, 890, 920, 891, 890, 921, 552, 736, 738, 921, 736, 921, 922, 552, 922, 923, 552, 923, 554, 552, 923, 924, 554, 924, 566, 554, 924, 925, 566, 925, 737, 566, 926, 572, 892, 927, 926, 892, 893, 927, 892, 926, 715, 572, 926, 928, 715, 929, 930, 715, 928, 929, 715, 931, 879, 715, 932, 933, 715, 933, 934, 715, 934, 935, 715, 935, 931, 715, 936, 937, 715, 937, 938, 715, 938, 932, 715, 930, 939, 715, 939, 940, 715, 940, 936, 715, 412, 156, 155, 891, 156, 412, 920, 156, 891, 439, 941, 738, 941, 921, 738, 942, 941, 439, 943, 942, 439, 442, 943, 439, 925, 943, 442, 737, 925, 442, 456, 944, 893, 944, 927, 893, 160, 159, 456, 159, 944, 456, 782, 798, 770, 798, 797, 770, 797, 771, 770, 782, 799, 798, 785, 811, 774, 811, 99, 774, 99, 775, 774, 785, 806, 811, 797, 766, 771, 766, 44, 771, 99, 98, 775, 98, 768, 775, 789, 799, 782, 789, 793, 799, 802, 806, 785, 802, 807, 806, 766, 212, 44, 212, 522, 44, 98, 110, 768, 110, 271, 768, 788, 793, 789, 788, 794, 793, 801, 807, 802, 801, 808, 807, 212, 213, 522, 213, 512, 522, 110, 595, 271, 595, 272, 271, 787, 794, 788, 787, 795, 794, 800, 808, 801, 800, 809, 808, 213, 225, 512, 225, 513, 512, 595, 599, 272, 599, 273, 272, 790, 795, 787, 790, 796, 795, 803, 809, 800, 803, 810, 809, 224, 514, 513, 225, 224, 513, 599, 598, 273, 598, 274, 273, 945, 946, 790, 947, 945, 790, 948, 949, 790, 949, 950, 790, 950, 947, 790, 791, 948, 790, 946, 796, 790, 951, 952, 796, 953, 951, 796, 952, 954, 796, 954, 955, 796, 955, 956, 796, 956, 957, 796, 957, 792, 796, 946, 953, 796, 958, 959, 803, 960, 958, 803, 961, 962, 803, 962, 963, 803, 963, 960, 803, 804, 961, 803, 959, 810, 803, 964, 965, 810, 966, 964, 810, 965, 967, 810, 967, 968, 810, 968, 969, 810, 969, 970, 810, 970, 805, 810, 959, 966, 810, 224, 223, 514, 223, 515, 514, 598, 597, 274, 597, 275, 274, 223, 236, 515, 236, 516, 515, 597, 596, 275, 596, 276, 275, 236, 235, 516, 235, 517, 516, 596, 602, 276, 602, 277, 276, 235, 234, 517, 234, 518, 517, 602, 601, 277, 601, 282, 277, 234, 245, 518, 245, 519, 518, 601, 600, 282, 600, 283, 282, 245, 971, 519, 971, 520, 519, 233, 971, 245, 972, 973, 283, 973, 280, 283, 600, 604, 283, 604, 972, 283, 971, 974, 520, 974, 521, 520, 975, 974, 971, 976, 977, 971, 977, 978, 971, 978, 975, 971, 233, 979, 971, 979, 976, 971, 980, 981, 972, 981, 982, 972, 982, 983, 972, 983, 984, 972, 984, 973, 972, 604, 603, 972, 603, 980, 972, 985, 986, 521, 987, 985, 521, 986, 510, 521, 974, 988, 521, 988, 987, 521, 975, 988, 974, 989, 990, 980, 990, 991, 980, 991, 981, 980, 603, 992, 980, 992, 989, 980, 594, 992, 603, 792, 957, 791, 957, 948, 791, 805, 970, 804, 970, 961, 804, 957, 956, 948, 956, 949, 948, 970, 969, 961, 969, 962, 961, 993, 985, 987, 988, 994, 987, 994, 993, 987, 975, 994, 988, 995, 990, 989, 992, 996, 989, 996, 995, 989, 594, 996, 992, 956, 955, 949, 955, 950, 949, 969, 968, 962, 968, 963, 962, 997, 998, 993, 998, 985, 993, 994, 999, 993, 999, 997, 993, 975, 999, 994, 1000, 1001, 995, 1001, 990, 995, 996, 1002, 995, 1002, 1000, 995, 594, 1002, 996, 1003, 1004, 997, 1004, 1005, 997, 1005, 998, 997, 1006, 1003, 997, 1007, 1006, 997, 1008, 1007, 997, 999, 1008, 997, 1009, 1010, 999, 1010, 1011, 999, 1011, 1012, 999, 1012, 1013, 999, 1013, 1014, 999, 1014, 1008, 999, 975, 1015, 999, 1015, 1009, 999, 1016, 1017, 1000, 1017, 1018, 1000, 1018, 1001, 1000, 1019, 1016, 1000, 1020, 1019, 1000, 1002, 1021, 1000, 1021, 1020, 1000, 1022, 1023, 1002, 1023, 1024, 1002, 1024, 1025, 1002, 1025, 1026, 1002, 1026, 1027, 1002, 1027, 1021, 1002, 594, 1028, 1002, 1028, 1022, 1002, 955, 954, 950, 954, 947, 950, 968, 967, 963, 967, 960, 963, 954, 952, 947, 952, 945, 947, 967, 965, 960, 965, 958, 960, 951, 1029, 945, 952, 951, 945, 1029, 946, 945, 964, 1030, 958, 965, 964, 958, 1030, 959, 958, 1031, 946, 1029, 951, 1032, 1029, 1032, 1031, 1029, 953, 1032, 951, 1033, 959, 1030, 964, 1034, 1030, 1034, 1033, 1030, 966, 1034, 964, 1035, 946, 1031, 1032, 1036, 1031, 1036, 1035, 1031, 953, 1036, 1032, 1037, 959, 1033, 1034, 1038, 1033, 1038, 1037, 1033, 966, 1038, 1034, 1039, 946, 1035, 1036, 1040, 1035, 1040, 1039, 1035, 953, 1040, 1036, 1041, 959, 1037, 1038, 1042, 1037, 1042, 1041, 1037, 966, 1042, 1038, 1043, 946, 1039, 1040, 1044, 1039, 1044, 1043, 1039, 953, 1044, 1040, 1045, 959, 1041, 1042, 1046, 1041, 1046, 1045, 1041, 966, 1046, 1042, 1047, 946, 1043, 1044, 1048, 1043, 1048, 1047, 1043, 953, 1048, 1044, 1049, 959, 1045, 1046, 1050, 1045, 1050, 1049, 1045, 966, 1050, 1046, 1047, 1051, 946, 1051, 953, 946, 1052, 1048, 953, 1051, 1052, 953, 1049, 1053, 959, 1053, 966, 959, 1054, 1050, 966, 1053, 1054, 966, 1055, 1051, 1047, 1048, 1056, 1047, 1056, 1055, 1047, 1052, 1056, 1048, 1057, 1053, 1049, 1050, 1058, 1049, 1058, 1057, 1049, 1054, 1058, 1050, 1055, 1059, 1051, 1059, 1052, 1051, 1060, 1056, 1052, 1059, 1060, 1052, 1057, 1061, 1053, 1061, 1054, 1053, 1062, 1058, 1054, 1061, 1062, 1054, 1063, 1059, 1055, 1056, 1064, 1055, 1064, 1063, 1055, 1060, 1064, 1056, 1065, 1061, 1057, 1058, 1066, 1057, 1066, 1065, 1057, 1062, 1066, 1058, 1063, 1067, 1059, 1067, 1060, 1059, 1068, 1064, 1060, 1067, 1068, 1060, 1065, 1069, 1061, 1069, 1062, 1061, 1070, 1066, 1062, 1069, 1070, 1062, 1071, 1067, 1063, 1064, 1072, 1063, 1072, 1071, 1063, 1068, 1072, 1064, 1073, 1069, 1065, 1066, 1074, 1065, 1074, 1073, 1065, 1070, 1074, 1066, 1071, 1075, 1067, 1075, 1068, 1067, 1076, 1072, 1068, 1075, 1076, 1068, 1073, 1077, 1069, 1077, 1070, 1069, 1078, 1074, 1070, 1077, 1078, 1070, 1079, 1075, 1071, 1072, 1080, 1071, 1080, 1079, 1071, 1076, 1080, 1072, 1081, 1077, 1073, 1074, 1082, 1073, 1082, 1081, 1073, 1078, 1082, 1074, 1079, 1076, 1075, 1079, 1080, 1076, 1081, 1078, 1077, 1081, 1082, 1078, 1083, 922, 921, 941, 1083, 921, 923, 1084, 924, 1085, 925, 924, 1084, 1085, 924, 942, 1086, 941, 1086, 1083, 941, 1085, 943, 925, 1087, 922, 1083, 1086, 1087, 1083, 923, 1088, 1084, 1089, 1085, 1084, 1088, 1089, 1084, 942, 1090, 1086, 1090, 1087, 1086, 1089, 943, 1085, 918, 1091, 919, 1092, 920, 919, 1091, 1092, 919, 1093, 926, 927, 944, 1093, 927, 1092, 156, 920, 159, 1094, 944, 1094, 1093, 944, 1095, 922, 1087, 1090, 1095, 1087, 923, 1096, 1088, 1097, 1089, 1088, 1096, 1097, 1088, 942, 1098, 1090, 1098, 1095, 1090, 1097, 943, 1089, 918, 1099, 1091, 1100, 1092, 1091, 1099, 1100, 1091, 1101, 926, 1093, 1094, 1101, 1093, 1100, 156, 1092, 159, 1102, 1094, 1102, 1101, 1094, 998, 1009, 985, 1009, 1015, 985, 1015, 986, 985, 998, 1010, 1009, 1001, 1022, 990, 1022, 1028, 990, 1028, 991, 990, 1001, 1023, 1022, 1015, 975, 986, 975, 510, 986, 1028, 594, 991, 594, 981, 991, 1005, 1010, 998, 1005, 1011, 1010, 1018, 1023, 1001, 1018, 1024, 1023, 975, 978, 510, 978, 511, 510, 594, 593, 981, 593, 982, 981, 1004, 1011, 1005, 1004, 1012, 1011, 1017, 1024, 1018, 1017, 1025, 1024, 1103, 922, 1095, 1098, 1103, 1095, 923, 1104, 1096, 1105, 1097, 1096, 1104, 1105, 1096, 942, 1106, 1098, 1106, 1103, 1098, 1105, 943, 1097, 978, 977, 511, 977, 897, 511, 593, 878, 982, 878, 983, 982, 1003, 1012, 1004, 1003, 1013, 1012, 1016, 1025, 1017, 1016, 1026, 1025, 977, 976, 897, 976, 898, 897, 878, 884, 983, 884, 984, 983, 1006, 1013, 1003, 1006, 1014, 1013, 1019, 1026, 1016, 1019, 1027, 1026, 979, 899, 898, 976, 979, 898, 884, 883, 984, 883, 973, 984, 1107, 1108, 1006, 1109, 1107, 1006, 1110, 1111, 1006, 1111, 1112, 1006, 1112, 1109, 1006, 1007, 1110, 1006, 1108, 1014, 1006, 1113, 1114, 1014, 1115, 1113, 1014, 1114, 1116, 1014, 1116, 1117, 1014, 1117, 1118, 1014, 1118, 1119, 1014, 1119, 1008, 1014, 1108, 1115, 1014, 1120, 1121, 1019, 1122, 1120, 1019, 1123, 1124, 1019, 1124, 1125, 1019, 1125, 1122, 1019, 1020, 1123, 1019, 1121, 1027, 1019, 1126, 1127, 1027, 1128, 1126, 1027, 1127, 1129, 1027, 1129, 1130, 1027, 1130, 1131, 1027, 1131, 1132, 1027, 1132, 1021, 1027, 1121, 1128, 1027, 918, 1133, 1099, 1134, 1100, 1099, 1133, 1134, 1099, 1135, 926, 1101, 1102, 1135, 1101, 1134, 156, 1100, 159, 1136, 1102, 1136, 1135, 1102, 1137, 922, 1103, 1106, 1137, 1103, 923, 1138, 1104, 1139, 1105, 1104, 1138, 1139, 1104, 942, 1140, 1106, 1140, 1137, 1106, 1139, 943, 1105, 918, 1141, 1133, 1142, 1134, 1133, 1141, 1142, 1133, 1143, 926, 1135, 1136, 1143, 1135, 1144, 156, 1134, 1142, 1144, 1134, 159, 1145, 1136, 1145, 1143, 1136, 1146, 922, 1137, 1140, 1146, 1137, 923, 1147, 1138, 1148, 1139, 1138, 1147, 1148, 1138, 942, 1149, 1140, 1149, 1146, 1140, 1148, 943, 1139, 918, 1150, 1141, 1151, 1142, 1141, 1150, 1151, 1141, 1152, 926, 1143, 1145, 1152, 1143, 1151, 1144, 1142, 161, 1153, 1145, 159, 161, 1145, 1153, 1152, 1145, 1154, 922, 1146, 1149, 1154, 1146, 923, 1155, 1147, 1156, 1148, 1147, 1155, 1156, 1147, 942, 1157, 1149, 1157, 1154, 1149, 1156, 943, 1148, 979, 233, 899, 233, 900, 899, 883, 882, 973, 882, 280, 973, 918, 1158, 1150, 1159, 1151, 1150, 1158, 1159, 1150, 1160, 926, 1152, 1153, 1160, 1152, 1159, 1144, 1151, 161, 1161, 1153, 1161, 1160, 1153, 233, 232, 900, 232, 901, 900, 882, 881, 280, 881, 281, 280, 1162, 922, 1154, 1157, 1162, 1154, 923, 1163, 1155, 1164, 1156, 1155, 1163, 1164, 1155, 942, 1165, 1157, 1165, 1162, 1157, 1164, 943, 1156, 232, 231, 901, 231, 908, 901, 881, 887, 281, 887, 284, 281, 918, 1166, 1158, 1167, 1159, 1158, 1166, 1167, 1158, 1168, 926, 1160, 1161, 1168, 1160, 1167, 1144, 1159, 161, 1169, 1161, 1169, 1168, 1161, 1170, 922, 1162, 1165, 1170, 1162, 923, 1171, 1163, 1172, 1164, 1163, 1171, 1172, 1163, 942, 1173, 1165, 1173, 1170, 1165, 1172, 943, 1164, 231, 230, 908, 230, 909, 908, 887, 886, 284, 886, 285, 284, 918, 1174, 1166, 1175, 1167, 1166, 1174, 1175, 1166, 1176, 926, 1168, 1169, 1176, 1168, 1175, 1144, 1167, 161, 1177, 1169, 1177, 1176, 1169, 1178, 922, 1170, 1173, 1178, 1170, 923, 1179, 1171, 1180, 1172, 1171, 1179, 1180, 1171, 942, 1181, 1173, 1181, 1178, 1173, 1180, 943, 1172, 230, 244, 909, 244, 910, 909, 886, 885, 285, 885, 286, 285, 918, 1178, 1174, 1178, 1175, 1174, 918, 922, 1178, 1181, 1175, 1178, 923, 1176, 1179, 1176, 1180, 1179, 923, 926, 1176, 1177, 1180, 1176, 942, 1144, 1175, 1181, 942, 1175, 161, 943, 1180, 1177, 161, 1180, 244, 1182, 910, 1182, 911, 910, 221, 1182, 244, 1183, 1184, 286, 1184, 287, 286, 885, 889, 286, 889, 1183, 286, 1182, 1185, 911, 1185, 912, 911, 1186, 1185, 1182, 1187, 1188, 1182, 1188, 1189, 1182, 1189, 1186, 1182, 221, 1190, 1182, 1190, 1187, 1182, 1191, 1192, 1183, 1192, 1193, 1183, 1193, 1194, 1183, 1194, 1195, 1183, 1195, 1184, 1183, 889, 888, 1183, 888, 1191, 1183, 1196, 1197, 912, 1198, 1196, 912, 1197, 895, 912, 1185, 1199, 912, 1199, 1198, 912, 1186, 1199, 1185, 1200, 1201, 1191, 1201, 1202, 1191, 1202, 1192, 1191, 888, 1203, 1191, 1203, 1200, 1191, 880, 1203, 888, 1008, 1119, 1007, 1119, 1110, 1007, 1021, 1132, 1020, 1132, 1123, 1020, 1119, 1118, 1110, 1118, 1111, 1110, 1132, 1131, 1123, 1131, 1124, 1123, 1204, 1196, 1198, 1199, 1205, 1198, 1205, 1204, 1198, 1186, 1205, 1199, 1206, 1201, 1200, 1203, 1207, 1200, 1207, 1206, 1200, 880, 1207, 1203, 1118, 1117, 1111, 1117, 1112, 1111, 1131, 1130, 1124, 1130, 1125, 1124, 1208, 1209, 1204, 1209, 1196, 1204, 1205, 1210, 1204, 1210, 1208, 1204, 1186, 1210, 1205, 1211, 1212, 1206, 1212, 1201, 1206, 1207, 1213, 1206, 1213, 1211, 1206, 880, 1213, 1207, 1214, 1215, 1208, 1215, 1216, 1208, 1216, 1209, 1208, 1217, 1214, 1208, 1218, 1217, 1208, 1219, 1218, 1208, 1210, 1219, 1208, 1220, 1221, 1210, 1221, 1222, 1210, 1222, 1223, 1210, 1223, 1224, 1210, 1224, 1225, 1210, 1225, 1219, 1210, 1186, 1226, 1210, 1226, 1220, 1210, 1227, 1228, 1211, 1228, 1229, 1211, 1229, 1212, 1211, 1230, 1227, 1211, 1231, 1230, 1211, 1213, 1232, 1211, 1232, 1231, 1211, 1233, 1234, 1213, 1234, 1235, 1213, 1235, 1236, 1213, 1236, 1237, 1213, 1237, 1238, 1213, 1238, 1232, 1213, 880, 1239, 1213, 1239, 1233, 1213, 1117, 1116, 1112, 1116, 1109, 1112, 1130, 1129, 1125, 1129, 1122, 1125, 1116, 1114, 1109, 1114, 1107, 1109, 1129, 1127, 1122, 1127, 1120, 1122, 1113, 1240, 1107, 1114, 1113, 1107, 1240, 1108, 1107, 1126, 1241, 1120, 1127, 1126, 1120, 1241, 1121, 1120, 1144, 157, 156, 1242, 1108, 1240, 1113, 1243, 1240, 1243, 1242, 1240, 1115, 1243, 1113, 1244, 1121, 1241, 1126, 1245, 1241, 1245, 1244, 1241, 1128, 1245, 1126, 1246, 1108, 1242, 1243, 1247, 1242, 1247, 1246, 1242, 1115, 1247, 1243, 1248, 1121, 1244, 1245, 1249, 1244, 1249, 1248, 1244, 1128, 1249, 1245, 1250, 1108, 1246, 1247, 1251, 1246, 1251, 1250, 1246, 1115, 1251, 1247, 1252, 1121, 1248, 1249, 1253, 1248, 1253, 1252, 1248, 1128, 1253, 1249, 1254, 1108, 1250, 1251, 1255, 1250, 1255, 1254, 1250, 1115, 1255, 1251, 1256, 1121, 1252, 1253, 1257, 1252, 1257, 1256, 1252, 1128, 1257, 1253, 1258, 918, 894, 1259, 1260, 894, 1260, 1261, 894, 1262, 1258, 894, 1263, 1264, 894, 1264, 1265, 894, 1265, 1266, 894, 1261, 1267, 894, 1267, 1268, 894, 1268, 1269, 894, 1269, 1270, 894, 1270, 1271, 894, 1271, 1272, 894, 917, 1273, 894, 1273, 1263, 894, 1266, 1274, 894, 1274, 1275, 894, 1275, 1276, 894, 1276, 1277, 894, 1277, 1278, 894, 1278, 1259, 894, 1272, 1279, 894, 1279, 1280, 894, 1280, 1262, 894, 1281, 1282, 918, 1282, 1283, 918, 1283, 1284, 918, 1284, 1285, 918, 1285, 1286, 918, 1286, 1287, 918, 1287, 1288, 918, 1288, 1289, 918, 1289, 1290, 918, 1290, 922, 918, 1258, 1281, 918, 1290, 1291, 922, 1291, 1292, 922, 1292, 1293, 922, 1293, 923, 922, 1294, 926, 923, 1293, 1294, 923, 1295, 928, 926, 1296, 1297, 926, 1297, 1298, 926, 1298, 1299, 926, 1294, 1296, 926, 1299, 1300, 926, 1300, 1301, 926, 1301, 1302, 926, 1302, 1303, 926, 1303, 1304, 926, 1304, 1295, 926, 1305, 1306, 928, 1307, 1305, 928, 1308, 1309, 928, 1295, 1308, 928, 1310, 929, 928, 1311, 1312, 928, 1313, 1314, 928, 1312, 1315, 928, 1315, 1316, 928, 1316, 1310, 928, 1314, 1317, 928, 1317, 1318, 928, 1318, 1307, 928, 1319, 1320, 928, 1320, 1321, 928, 1321, 1313, 928, 1322, 1323, 928, 1323, 1324, 928, 1324, 1311, 928, 1309, 1325, 928, 1325, 1326, 928, 1326, 1319, 928, 1306, 1327, 928, 1327, 1328, 928, 1328, 1322, 928, 1329, 1330, 1144, 1330, 1331, 1144, 1331, 1332, 1144, 1332, 1333, 1144, 1334, 1335, 1144, 1335, 1336, 1144, 1336, 1329, 1144, 1333, 1337, 1144, 1337, 1338, 1144, 1338, 1339, 1144, 942, 1340, 1144, 1340, 1341, 1144, 1341, 1334, 1144, 1339, 157, 1144, 1342, 1343, 942, 1343, 1340, 942, 943, 1342, 942, 161, 1344, 943, 1344, 1345, 943, 1345, 1342, 943, 1346, 1347, 161, 1348, 1349, 161, 1349, 1350, 161, 1350, 1351, 161, 1351, 1352, 161, 1352, 1353, 161, 1353, 1346, 161, 1354, 1355, 161, 1355, 1356, 161, 1356, 1348, 161, 1347, 1357, 161, 1357, 1344, 161, 163, 1354, 161, 1358, 1108, 1254, 1255, 1359, 1254, 1359, 1358, 1254, 1115, 1359, 1255, 1360, 1121, 1256, 1257, 1361, 1256, 1361, 1360, 1256, 1128, 1361, 1257, 1358, 1362, 1108, 1362, 1115, 1108, 1363, 1359, 1115, 1362, 1363, 1115, 1360, 1364, 1121, 1364, 1128, 1121, 1365, 1361, 1128, 1364, 1365, 1128, 1366, 1362, 1358, 1359, 1367, 1358, 1367, 1366, 1358, 1363, 1367, 1359, 1368, 1364, 1360, 1361, 1369, 1360, 1369, 1368, 1360, 1365, 1369, 1361, 1366, 1370, 1362, 1370, 1363, 1362, 1371, 1367, 1363, 1370, 1371, 1363, 1368, 1372, 1364, 1372, 1365, 1364, 1373, 1369, 1365, 1372, 1373, 1365, 1374, 1370, 1366, 1367, 1375, 1366, 1375, 1374, 1366, 1371, 1375, 1367, 1376, 1372, 1368, 1369, 1377, 1368, 1377, 1376, 1368, 1373, 1377, 1369, 1374, 1378, 1370, 1378, 1371, 1370, 1379, 1375, 1371, 1378, 1379, 1371, 1376, 1380, 1372, 1380, 1373, 1372, 1381, 1377, 1373, 1380, 1381, 1373, 1382, 1378, 1374, 1375, 1383, 1374, 1383, 1382, 1374, 1379, 1383, 1375, 1384, 1380, 1376, 1377, 1385, 1376, 1385, 1384, 1376, 1381, 1385, 1377, 1382, 1386, 1378, 1386, 1379, 1378, 1387, 1383, 1379, 1386, 1387, 1379, 1384, 1388, 1380, 1388, 1381, 1380, 1389, 1385, 1381, 1388, 1389, 1381, 1390, 1386, 1382, 1383, 1391, 1382, 1391, 1390, 1382, 1387, 1391, 1383, 1392, 1388, 1384, 1385, 1393, 1384, 1393, 1392, 1384, 1389, 1393, 1385, 1390, 1387, 1386, 1390, 1391, 1387, 1392, 1389, 1388, 1392, 1393, 1389, 1209, 1220, 1196, 1220, 1226, 1196, 1226, 1197, 1196, 1209, 1221, 1220, 1212, 1233, 1201, 1233, 1239, 1201, 1239, 1202, 1201, 1212, 1234, 1233, 1226, 1186, 1197, 1186, 895, 1197, 1239, 880, 1202, 880, 1192, 1202, 1216, 1221, 1209, 1216, 1222, 1221, 1229, 1234, 1212, 1229, 1235, 1234, 1186, 1189, 895, 1189, 896, 895, 880, 879, 1192, 879, 1193, 1192, 1215, 1222, 1216, 1215, 1223, 1222, 1228, 1235, 1229, 1228, 1236, 1235, 1189, 1188, 896, 1188, 902, 896, 879, 931, 1193, 931, 1194, 1193, 1214, 1223, 1215, 1214, 1224, 1223, 1227, 1236, 1228, 1227, 1237, 1236, 1188, 1187, 902, 1187, 903, 902, 931, 935, 1194, 935, 1195, 1194, 1217, 1224, 1214, 1217, 1225, 1224, 1230, 1237, 1227, 1230, 1238, 1237, 1190, 904, 903, 1187, 1190, 903, 935, 934, 1195, 934, 1184, 1195, 1394, 1395, 1217, 1396, 1394, 1217, 1397, 1398, 1217, 1398, 1399, 1217, 1399, 1396, 1217, 1218, 1397, 1217, 1395, 1225, 1217, 1400, 1401, 1225, 1402, 1400, 1225, 1401, 1403, 1225, 1403, 1404, 1225, 1404, 1405, 1225, 1405, 1406, 1225, 1406, 1219, 1225, 1395, 1402, 1225, 1407, 1408, 1230, 1409, 1407, 1230, 1410, 1411, 1230, 1411, 1412, 1230, 1412, 1409, 1230, 1231, 1410, 1230, 1408, 1238, 1230, 1413, 1414, 1238, 1415, 1413, 1238, 1414, 1416, 1238, 1416, 1417, 1238, 1417, 1418, 1238, 1418, 1419, 1238, 1419, 1232, 1238, 1408, 1415, 1238, 1340, 1292, 1291, 1343, 1292, 1340, 1341, 1340, 1291, 1290, 1341, 1291, 1293, 1292, 1343, 1342, 1293, 1343, 1342, 1294, 1293, 1345, 1294, 1342, 1345, 1296, 1294, 1344, 1296, 1345, 1334, 1341, 1290, 1289, 1334, 1290, 1344, 1297, 1296, 1357, 1297, 1344, 1335, 1334, 1289, 1288, 1335, 1289, 1357, 1298, 1297, 1347, 1298, 1357, 1336, 1335, 1288, 1287, 1336, 1288, 1347, 1299, 1298, 1346, 1299, 1347, 1329, 1336, 1287, 1286, 1329, 1287, 1346, 1300, 1299, 1353, 1300, 1346, 1190, 221, 904, 221, 905, 904, 934, 933, 1184, 933, 287, 1184, 1330, 1329, 1286, 1285, 1330, 1286, 1353, 1301, 1300, 1352, 1301, 1353, 221, 220, 905, 220, 906, 905, 933, 932, 287, 932, 288, 287, 220, 219, 906, 219, 907, 906, 932, 938, 288, 938, 289, 288, 219, 218, 907, 218, 913, 907, 938, 937, 289, 937, 296, 289, 1331, 1330, 1285, 1284, 1331, 1285, 1352, 1302, 1301, 1351, 1302, 1352, 218, 238, 913, 238, 914, 913, 937, 936, 296, 936, 297, 296, 238, 1420, 914, 1420, 915, 914, 229, 1420, 238, 1421, 1422, 297, 1422, 278, 297, 936, 940, 297, 940, 1421, 297, 1420, 1423, 915, 1423, 916, 915, 1424, 1423, 1420, 1425, 1426, 1420, 1426, 1427, 1420, 1427, 1424, 1420, 229, 1428, 1420, 1428, 1425, 1420, 1429, 1430, 1421, 1430, 1431, 1421, 1431, 1432, 1421, 1432, 1433, 1421, 1433, 1422, 1421, 940, 939, 1421, 939, 1429, 1421, 1434, 1435, 916, 1435, 1436, 916, 1436, 917, 916, 1423, 1437, 916, 1437, 1434, 916, 1424, 1437, 1423, 1438, 1439, 1429, 1439, 1440, 1429, 1440, 1430, 1429, 939, 1441, 1429, 1441, 1438, 1429, 930, 1441, 939, 1219, 1406, 1218, 1406, 1397, 1218, 1232, 1419, 1231, 1419, 1410, 1231, 1332, 1331, 1284, 1283, 1332, 1284, 1351, 1303, 1302, 1350, 1303, 1351, 1406, 1405, 1397, 1405, 1398, 1397, 1419, 1418, 1410, 1418, 1411, 1410, 1442, 1435, 1434, 1437, 1443, 1434, 1443, 1442, 1434, 1424, 1443, 1437, 1444, 1439, 1438, 1441, 1445, 1438, 1445, 1444, 1438, 930, 1445, 1441, 1405, 1404, 1398, 1404, 1399, 1398, 1418, 1417, 1411, 1417, 1412, 1411, 1446, 1447, 1442, 1447, 1435, 1442, 1443, 1448, 1442, 1448, 1446, 1442, 1424, 1448, 1443, 1449, 1450, 1444, 1450, 1439, 1444, 1445, 1451, 1444, 1451, 1449, 1444, 930, 1451, 1445, 1452, 1453, 1446, 1453, 1454, 1446, 1454, 1447, 1446, 1455, 1452, 1446, 1456, 1455, 1446, 1457, 1456, 1446, 1448, 1457, 1446, 1458, 1459, 1448, 1459, 1460, 1448, 1460, 1461, 1448, 1461, 1462, 1448, 1462, 1463, 1448, 1463, 1457, 1448, 1424, 1464, 1448, 1464, 1458, 1448, 1465, 1466, 1449, 1466, 1467, 1449, 1467, 1450, 1449, 1468, 1465, 1449, 1469, 1468, 1449, 1451, 1470, 1449, 1470, 1469, 1449, 1471, 1472, 1451, 1472, 1473, 1451, 1473, 1474, 1451, 1474, 1475, 1451, 1475, 1476, 1451, 1476, 1470, 1451, 930, 1477, 1451, 1477, 1471, 1451, 1404, 1403, 1399, 1403, 1396, 1399, 1417, 1416, 1412, 1416, 1409, 1412, 1403, 1401, 1396, 1401, 1394, 1396, 1416, 1414, 1409, 1414, 1407, 1409, 1333, 1332, 1283, 1282, 1333, 1283, 1350, 1304, 1303, 1349, 1304, 1350, 1400, 1478, 1394, 1401, 1400, 1394, 1478, 1395, 1394, 1413, 1479, 1407, 1414, 1413, 1407, 1479, 1408, 1407, 1337, 1333, 1282, 1281, 1337, 1282, 1480, 1295, 1304, 1349, 1480, 1304, 1348, 1480, 1349, 1258, 1481, 1281, 1338, 1337, 1281, 1481, 1338, 1281, 1482, 1295, 1480, 1348, 1482, 1480, 1356, 1482, 1348, 1258, 1483, 1481, 1483, 1338, 1481, 1484, 1295, 1482, 1485, 1484, 1482, 1356, 1355, 1482, 1355, 1485, 1482, 1486, 1339, 1338, 1483, 1486, 1338, 1487, 1395, 1478, 1400, 1488, 1478, 1488, 1487, 1478, 1402, 1488, 1400, 1489, 1408, 1479, 1413, 1490, 1479, 1490, 1489, 1479, 1415, 1490, 1413, 1491, 1395, 1487, 1488, 1492, 1487, 1492, 1491, 1487, 1402, 1492, 1488, 1493, 1408, 1489, 1490, 1494, 1489, 1494, 1493, 1489, 1415, 1494, 1490, 1495, 1395, 1491, 1492, 1496, 1491, 1496, 1495, 1491, 1402, 1496, 1492, 1497, 1408, 1493, 1494, 1498, 1493, 1498, 1497, 1493, 1415, 1498, 1494, 1499, 1395, 1495, 1496, 1500, 1495, 1500, 1499, 1495, 1402, 1500, 1496, 1501, 1408, 1497, 1498, 1502, 1497, 1502, 1501, 1497, 1415, 1502, 1498, 1503, 1395, 1499, 1500, 1504, 1499, 1504, 1503, 1499, 1402, 1504, 1500, 1505, 1408, 1501, 1502, 1506, 1501, 1506, 1505, 1501, 1415, 1506, 1502, 1503, 1507, 1395, 1507, 1402, 1395, 1508, 1504, 1402, 1507, 1508, 1402, 1505, 1509, 1408, 1509, 1415, 1408, 1510, 1506, 1415, 1509, 1510, 1415, 1511, 1507, 1503, 1504, 1512, 1503, 1512, 1511, 1503, 1508, 1512, 1504, 1513, 1509, 1505, 1506, 1514, 1505, 1514, 1513, 1505, 1510, 1514, 1506, 1511, 1515, 1507, 1515, 1508, 1507, 1516, 1512, 1508, 1515, 1516, 1508, 1513, 1517, 1509, 1517, 1510, 1509, 1518, 1514, 1510, 1517, 1518, 1510, 1519, 1515, 1511, 1512, 1520, 1511, 1520, 1519, 1511, 1516, 1520, 1512, 1521, 1517, 1513, 1514, 1522, 1513, 1522, 1521, 1513, 1518, 1522, 1514, 1519, 1523, 1515, 1523, 1516, 1515, 1524, 1520, 1516, 1523, 1524, 1516, 1521, 1525, 1517, 1525, 1518, 1517, 1526, 1522, 1518, 1525, 1526, 1518, 1527, 1523, 1519, 1520, 1528, 1519, 1528, 1527, 1519, 1524, 1528, 1520, 1529, 1525, 1521, 1522, 1530, 1521, 1530, 1529, 1521, 1526, 1530, 1522, 1527, 1531, 1523, 1531, 1524, 1523, 1532, 1528, 1524, 1531, 1532, 1524, 1529, 1533, 1525, 1533, 1526, 1525, 1534, 1530, 1526, 1533, 1534, 1526, 1535, 1531, 1527, 1528, 1536, 1527, 1536, 1535, 1527, 1532, 1536, 1528, 1537, 1533, 1529, 1530, 1538, 1529, 1538, 1537, 1529, 1534, 1538, 1530, 1535, 1532, 1531, 1535, 1536, 1532, 1537, 1534, 1533, 1537, 1538, 1534, 1447, 1458, 1435, 1458, 1464, 1435, 1464, 1436, 1435, 1447, 1459, 1458, 1450, 1471, 1439, 1471, 1477, 1439, 1477, 1440, 1439, 1450, 1472, 1471, 1464, 1424, 1436, 1424, 917, 1436, 1477, 930, 1440, 930, 1430, 1440, 1454, 1459, 1447, 1454, 1460, 1459, 1467, 1472, 1450, 1467, 1473, 1472, 1424, 1427, 917, 1427, 1273, 917, 930, 929, 1430, 929, 1431, 1430, 1453, 1460, 1454, 1453, 1461, 1460, 1466, 1473, 1467, 1466, 1474, 1473, 1427, 1426, 1273, 1426, 1263, 1273, 929, 1310, 1431, 1310, 1432, 1431, 1452, 1461, 1453, 1452, 1462, 1461, 1465, 1474, 1466, 1465, 1475, 1474, 1426, 1425, 1263, 1425, 1264, 1263, 1310, 1316, 1432, 1316, 1433, 1432, 1455, 1462, 1452, 1455, 1463, 1462, 1468, 1475, 1465, 1468, 1476, 1475, 1428, 1265, 1264, 1425, 1428, 1264, 1316, 1315, 1433, 1315, 1422, 1433, 1539, 1540, 1455, 1541, 1539, 1455, 1542, 1543, 1455, 1543, 1544, 1455, 1544, 1541, 1455, 1456, 1542, 1455, 1540, 1463, 1455, 1545, 1546, 1463, 1547, 1545, 1463, 1546, 1548, 1463, 1548, 1549, 1463, 1549, 1550, 1463, 1550, 1551, 1463, 1551, 1457, 1463, 1540, 1547, 1463, 1552, 1553, 1468, 1554, 1552, 1468, 1555, 1556, 1468, 1556, 1557, 1468, 1557, 1554, 1468, 1469, 1555, 1468, 1553, 1476, 1468, 1558, 1559, 1476, 1560, 1558, 1476, 1559, 1561, 1476, 1561, 1562, 1476, 1562, 1563, 1476, 1563, 1564, 1476, 1564, 1470, 1476, 1553, 1560, 1476, 1428, 229, 1265, 229, 1266, 1265, 1315, 1312, 1422, 1312, 278, 1422, 229, 228, 1266, 228, 1274, 1266, 1312, 1311, 278, 1311, 279, 278, 228, 227, 1274, 227, 1275, 1274, 1311, 1324, 279, 1324, 290, 279, 227, 226, 1275, 226, 1276, 1275, 1324, 1323, 290, 1323, 291, 290, 226, 243, 1276, 243, 1277, 1276, 1323, 1322, 291, 1322, 292, 291, 243, 1565, 1277, 1565, 1278, 1277, 217, 1565, 243, 1566, 1567, 292, 1567, 293, 292, 1322, 1328, 292, 1328, 1566, 292, 1568, 1259, 1278, 1565, 1569, 1278, 1569, 1568, 1278, 1570, 1569, 1565, 1571, 1572, 1565, 1572, 1573, 1565, 1573, 1570, 1565, 217, 1574, 1565, 1574, 1571, 1565, 1575, 1576, 1566, 1576, 1577, 1566, 1577, 1578, 1566, 1578, 1579, 1566, 1579, 1567, 1566, 1328, 1327, 1566, 1327, 1575, 1566, 1580, 1581, 1568, 1582, 1259, 1568, 1581, 1582, 1568, 1569, 1583, 1568, 1583, 1580, 1568, 1570, 1583, 1569, 1584, 1585, 1575, 1585, 1586, 1575, 1586, 1576, 1575, 1327, 1587, 1575, 1587, 1584, 1575, 1306, 1587, 1327, 1457, 1551, 1456, 1551, 1542, 1456, 1470, 1564, 1469, 1564, 1555, 1469, 1551, 1550, 1542, 1550, 1543, 1542, 1564, 1563, 1555, 1563, 1556, 1555, 1588, 1483, 1258, 1262, 1589, 1258, 1589, 1590, 1258, 1591, 1588, 1258, 1592, 1591, 1258, 1590, 1592, 1258, 1593, 1308, 1295, 1594, 1593, 1295, 1484, 1595, 1295, 1595, 1596, 1295, 1596, 1594, 1295, 1597, 1581, 1580, 1583, 1598, 1580, 1598, 1597, 1580, 1570, 1598, 1583, 1599, 1585, 1584, 1587, 1600, 1584, 1600, 1599, 1584, 1306, 1600, 1587, 1550, 1549, 1543, 1549, 1544, 1543, 1563, 1562, 1556, 1562, 1557, 1556, 1601, 1602, 1597, 1602, 1581, 1597, 1598, 1603, 1597, 1603, 1601, 1597, 1570, 1603, 1598, 1604, 1605, 1599, 1605, 1585, 1599, 1600, 1606, 1599, 1606, 1604, 1599, 1306, 1606, 1600, 1607, 1608, 1601, 1608, 1609, 1601, 1609, 1602, 1601, 1610, 1607, 1601, 1611, 1610, 1601, 1612, 1611, 1601, 1603, 1612, 1601, 1613, 1614, 1603, 1614, 1615, 1603, 1615, 1616, 1603, 1616, 1617, 1603, 1617, 1618, 1603, 1618, 1612, 1603, 1570, 1619, 1603, 1619, 1613, 1603, 1620, 1621, 1604, 1621, 1622, 1604, 1622, 1605, 1604, 1623, 1620, 1604, 1624, 1623, 1604, 1606, 1625, 1604, 1625, 1624, 1604, 1626, 1627, 1606, 1627, 1628, 1606, 1628, 1629, 1606, 1629, 1630, 1606, 1630, 1631, 1606, 1631, 1625, 1606, 1306, 1632, 1606, 1632, 1626, 1606, 1549, 1548, 1544, 1548, 1541, 1544, 1562, 1561, 1557, 1561, 1554, 1557, 1548, 1546, 1541, 1546, 1539, 1541, 1561, 1559, 1554, 1559, 1552, 1554, 1545, 1633, 1539, 1546, 1545, 1539, 1633, 1540, 1539, 1558, 1634, 1552, 1559, 1558, 1552, 1634, 1553, 1552, 1635, 1540, 1633, 1545, 1636, 1633, 1636, 1635, 1633, 1547, 1636, 1545, 1637, 1553, 1634, 1558, 1638, 1634, 1638, 1637, 1634, 1560, 1638, 1558, 1639, 1540, 1635, 1636, 1640, 1635, 1640, 1639, 1635, 1547, 1640, 1636, 1641, 1553, 1637, 1638, 1642, 1637, 1642, 1641, 1637, 1560, 1642, 1638, 1643, 1540, 1639, 1640, 1644, 1639, 1644, 1643, 1639, 1547, 1644, 1640, 1645, 1553, 1641, 1642, 1646, 1641, 1646, 1645, 1641, 1560, 1646, 1642, 1647, 1540, 1643, 1644, 1648, 1643, 1648, 1647, 1643, 1547, 1648, 1644, 1649, 1553, 1645, 1646, 1650, 1645, 1650, 1649, 1645, 1560, 1650, 1646, 1651, 1540, 1647, 1648, 1652, 1647, 1652, 1651, 1647, 1547, 1652, 1648, 1653, 1553, 1649, 1650, 1654, 1649, 1654, 1653, 1649, 1560, 1654, 1650, 1651, 1655, 1540, 1655, 1547, 1540, 1656, 1652, 1547, 1655, 1656, 1547, 1653, 1657, 1553, 1657, 1560, 1553, 1658, 1654, 1560, 1657, 1658, 1560, 1659, 1655, 1651, 1652, 1660, 1651, 1660, 1659, 1651, 1656, 1660, 1652, 1661, 1657, 1653, 1654, 1662, 1653, 1662, 1661, 1653, 1658, 1662, 1654, 1659, 1663, 1655, 1663, 1656, 1655, 1664, 1660, 1656, 1663, 1664, 1656, 1661, 1665, 1657, 1665, 1658, 1657, 1666, 1662, 1658, 1665, 1666, 1658, 1667, 1663, 1659, 1660, 1668, 1659, 1668, 1667, 1659, 1664, 1668, 1660, 1669, 1665, 1661, 1662, 1670, 1661, 1670, 1669, 1661, 1666, 1670, 1662, 1667, 1671, 1663, 1671, 1664, 1663, 1672, 1668, 1664, 1671, 1672, 1664, 1669, 1673, 1665, 1673, 1666, 1665, 1674, 1670, 1666, 1673, 1674, 1666, 1675, 1671, 1667, 1668, 1676, 1667, 1676, 1675, 1667, 1672, 1676, 1668, 1677, 1673, 1669, 1670, 1678, 1669, 1678, 1677, 1669, 1674, 1678, 1670, 1675, 1679, 1671, 1679, 1672, 1671, 1680, 1676, 1672, 1679, 1680, 1672, 1677, 1681, 1673, 1681, 1674, 1673, 1682, 1678, 1674, 1681, 1682, 1674, 1683, 1679, 1675, 1676, 1684, 1675, 1684, 1683, 1675, 1680, 1684, 1676, 1685, 1681, 1677, 1678, 1686, 1677, 1686, 1685, 1677, 1682, 1686, 1678, 1683, 1680, 1679, 1683, 1684, 1680, 1685, 1682, 1681, 1685, 1686, 1682, 1602, 1613, 1581, 1613, 1619, 1581, 1619, 1582, 1581, 1602, 1614, 1613, 1605, 1626, 1585, 1626, 1632, 1585, 1632, 1586, 1585, 1605, 1627, 1626, 1619, 1570, 1582, 1570, 1259, 1582, 1632, 1306, 1586, 1306, 1576, 1586, 1609, 1614, 1602, 1609, 1615, 1614, 1622, 1627, 1605, 1622, 1628, 1627, 1570, 1573, 1259, 1573, 1260, 1259, 1306, 1305, 1576, 1305, 1577, 1576, 1608, 1615, 1609, 1608, 1616, 1615, 1621, 1628, 1622, 1621, 1629, 1628, 1573, 1572, 1260, 1572, 1261, 1260, 1305, 1307, 1577, 1307, 1578, 1577, 1607, 1616, 1608, 1607, 1617, 1616, 1620, 1629, 1621, 1620, 1630, 1629, 1572, 1571, 1261, 1571, 1267, 1261, 1307, 1318, 1578, 1318, 1579, 1578, 1610, 1617, 1607, 1610, 1618, 1617, 1623, 1630, 1620, 1623, 1631, 1630, 1574, 1268, 1267, 1571, 1574, 1267, 1318, 1317, 1579, 1317, 1567, 1579, 1687, 1688, 1610, 1689, 1687, 1610, 1690, 1691, 1610, 1691, 1692, 1610, 1692, 1689, 1610, 1611, 1690, 1610, 1688, 1618, 1610, 1693, 1694, 1618, 1695, 1693, 1618, 1694, 1696, 1618, 1696, 1697, 1618, 1697, 1698, 1618, 1698, 1699, 1618, 1699, 1612, 1618, 1688, 1695, 1618, 1700, 1701, 1623, 1702, 1700, 1623, 1703, 1704, 1623, 1704, 1705, 1623, 1705, 1702, 1623, 1624, 1703, 1623, 1701, 1631, 1623, 1706, 1707, 1631, 1708, 1706, 1631, 1707, 1709, 1631, 1709, 1710, 1631, 1710, 1711, 1631, 1711, 1712, 1631, 1712, 1625, 1631, 1701, 1708, 1631, 1574, 217, 1268, 217, 1269, 1268, 1317, 1314, 1567, 1314, 293, 1567, 217, 216, 1269, 216, 1270, 1269, 1314, 1313, 293, 1313, 294, 293, 216, 237, 1270, 237, 1271, 1270, 1313, 1321, 294, 1321, 295, 294, 237, 240, 1271, 240, 1272, 1271, 1321, 1320, 295, 1320, 298, 295, 240, 239, 1272, 239, 1279, 1272, 1320, 1319, 298, 1319, 299, 298, 239, 1713, 1279, 1713, 1280, 1279, 215, 1713, 239, 1714, 1715, 299, 1715, 300, 299, 1319, 1326, 299, 1326, 1714, 299, 1716, 1262, 1280, 1713, 1717, 1280, 1717, 1716, 1280, 1718, 1717, 1713, 1719, 1718, 1713, 1720, 1721, 1713, 1721, 1722, 1713, 1722, 1719, 1713, 215, 1720, 1713, 1723, 1724, 1714, 1724, 1725, 1714, 1725, 1726, 1714, 1726, 1727, 1714, 1727, 1715, 1714, 1326, 1325, 1714, 1325, 1723, 1714, 1728, 1729, 1716, 1730, 1262, 1716, 1729, 1730, 1716, 1717, 1731, 1716, 1731, 1728, 1716, 1718, 1731, 1717, 1732, 1733, 1723, 1733, 1734, 1723, 1734, 1724, 1723, 1325, 1735, 1723, 1735, 1732, 1723, 1309, 1735, 1325, 1612, 1699, 1611, 1699, 1690, 1611, 1625, 1712, 1624, 1712, 1703, 1624, 1699, 1698, 1690, 1698, 1691, 1690, 1712, 1711, 1703, 1711, 1704, 1703, 1736, 1729, 1728, 1731, 1737, 1728, 1737, 1736, 1728, 1718, 1737, 1731, 1738, 1733, 1732, 1735, 1739, 1732, 1739, 1738, 1732, 1309, 1739, 1735, 1698, 1697, 1691, 1697, 1692, 1691, 1711, 1710, 1704, 1710, 1705, 1704, 1740, 1741, 1736, 1741, 1729, 1736, 1737, 1742, 1736, 1742, 1740, 1736, 1718, 1742, 1737, 1743, 1744, 1738, 1744, 1733, 1738, 1739, 1745, 1738, 1745, 1743, 1738, 1309, 1745, 1739, 1746, 1747, 1740, 1747, 1748, 1740, 1748, 1741, 1740, 1749, 1746, 1740, 1750, 1749, 1740, 1751, 1750, 1740, 1742, 1751, 1740, 1752, 1753, 1742, 1753, 1754, 1742, 1754, 1755, 1742, 1755, 1756, 1742, 1756, 1757, 1742, 1757, 1758, 1742, 1758, 1751, 1742, 1718, 1752, 1742, 1759, 1760, 1743, 1760, 1761, 1743, 1761, 1744, 1743, 1762, 1759, 1743, 1763, 1762, 1743, 1745, 1764, 1743, 1764, 1763, 1743, 1765, 1766, 1745, 1766, 1767, 1745, 1767, 1768, 1745, 1768, 1769, 1745, 1769, 1770, 1745, 1770, 1764, 1745, 1309, 1771, 1745, 1771, 1765, 1745, 1697, 1696, 1692, 1696, 1689, 1692, 1710, 1709, 1705, 1709, 1702, 1705, 1696, 1694, 1689, 1694, 1687, 1689, 1709, 1707, 1702, 1707, 1700, 1702, 1693, 1772, 1687, 1694, 1693, 1687, 1772, 1688, 1687, 1706, 1773, 1700, 1707, 1706, 1700, 1773, 1701, 1700, 1588, 1774, 1483, 1775, 1486, 1483, 1774, 1775, 1483, 1776, 1484, 1485, 1355, 1776, 1485, 1775, 1339, 1486, 1354, 1777, 1355, 1777, 1776, 1355, 1588, 1778, 1774, 1779, 1775, 1774, 1778, 1779, 1774, 1780, 1484, 1776, 1777, 1780, 1776, 1779, 1339, 1775, 1354, 1781, 1777, 1781, 1780, 1777, 1588, 1782, 1778, 1783, 1779, 1778, 1782, 1783, 1778, 1784, 1484, 1780, 1781, 1784, 1780, 1783, 1339, 1779, 1354, 1785, 1781, 1785, 1784, 1781, 1588, 1786, 1782, 1787, 1783, 1782, 1786, 1787, 1782, 1788, 1484, 1784, 1785, 1788, 1784, 1787, 1339, 1783, 1354, 1789, 1785, 1789, 1788, 1785, 1588, 1790, 1786, 1791, 1787, 1786, 1790, 1791, 1786, 1792, 1484, 1788, 1789, 1792, 1788, 1791, 1339, 1787, 1354, 1793, 1789, 1793, 1792, 1789, 1588, 1794, 1790, 1795, 1791, 1790, 1794, 1795, 1790, 1796, 1484, 1792, 1793, 1796, 1792, 1795, 1339, 1791, 1354, 1797, 1793, 1797, 1796, 1793, 1798, 1688, 1772, 1693, 1799, 1772, 1799, 1798, 1772, 1695, 1799, 1693, 1800, 1701, 1773, 1706, 1801, 1773, 1801, 1800, 1773, 1708, 1801, 1706, 1588, 1802, 1794, 1803, 1795, 1794, 1802, 1803, 1794, 1804, 1805, 1796, 1805, 1484, 1796, 1797, 1804, 1796, 1803, 1806, 1795, 1806, 1339, 1795, 1354, 1807, 1797, 1807, 1804, 1797, 1808, 1688, 1798, 1799, 1809, 1798, 1809, 1808, 1798, 1695, 1809, 1799, 1810, 1701, 1800, 1801, 1811, 1800, 1811, 1810, 1800, 1708, 1811, 1801, 1588, 1812, 1802, 1812, 1813, 1802, 1814, 1803, 1802, 1813, 1814, 1802, 1815, 1805, 1804, 1807, 1815, 1804, 1814, 1806, 1803, 1816, 1817, 1807, 1354, 1816, 1807, 1817, 1815, 1807, 1812, 1818, 1813, 1818, 1819, 1813, 1819, 1814, 1813, 1805, 1820, 1818, 1812, 1805, 1818, 1820, 1821, 1818, 1821, 1819, 1818, 1805, 1815, 1820, 1815, 1817, 1820, 1817, 1821, 1820, 1819, 1806, 1814, 1816, 1806, 1819, 1821, 1816, 1819, 1817, 1816, 1821, 1822, 1688, 1808, 1809, 1823, 1808, 1823, 1822, 1808, 1695, 1823, 1809, 1824, 1701, 1810, 1811, 1825, 1810, 1825, 1824, 1810, 1708, 1825, 1811, 1826, 1688, 1822, 1823, 1827, 1822, 1827, 1826, 1822, 1695, 1827, 1823, 1828, 1701, 1824, 1825, 1829, 1824, 1829, 1828, 1824, 1708, 1829, 1825, 1830, 1688, 1826, 1827, 1831, 1826, 1831, 1830, 1826, 1695, 1831, 1827, 1832, 1701, 1828, 1829, 1833, 1828, 1833, 1832, 1828, 1708, 1833, 1829, 1830, 1834, 1688, 1834, 1695, 1688, 1835, 1831, 1695, 1834, 1835, 1695, 1832, 1836, 1701, 1836, 1708, 1701, 1837, 1833, 1708, 1836, 1837, 1708, 1838, 1834, 1830, 1831, 1839, 1830, 1839, 1838, 1830, 1835, 1839, 1831, 1840, 1836, 1832, 1833, 1841, 1832, 1841, 1840, 1832, 1837, 1841, 1833, 1838, 1842, 1834, 1842, 1835, 1834, 1843, 1839, 1835, 1842, 1843, 1835, 1840, 1844, 1836, 1844, 1837, 1836, 1845, 1841, 1837, 1844, 1845, 1837, 1846, 1842, 1838, 1839, 1847, 1838, 1847, 1846, 1838, 1843, 1847, 1839, 1848, 1844, 1840, 1841, 1849, 1840, 1849, 1848, 1840, 1845, 1849, 1841, 1846, 1850, 1842, 1850, 1843, 1842, 1851, 1847, 1843, 1850, 1851, 1843, 1848, 1852, 1844, 1852, 1845, 1844, 1853, 1849, 1845, 1852, 1853, 1845, 1854, 1850, 1846, 1847, 1855, 1846, 1855, 1854, 1846, 1851, 1855, 1847, 1856, 1852, 1848, 1849, 1857, 1848, 1857, 1856, 1848, 1853, 1857, 1849, 1854, 1858, 1850, 1858, 1851, 1850, 1859, 1855, 1851, 1858, 1859, 1851, 1856, 1860, 1852, 1860, 1853, 1852, 1861, 1857, 1853, 1860, 1861, 1853, 1862, 1858, 1854, 1855, 1863, 1854, 1863, 1862, 1854, 1859, 1863, 1855, 1864, 1860, 1856, 1857, 1865, 1856, 1865, 1864, 1856, 1861, 1865, 1857, 1862, 1859, 1858, 1862, 1863, 1859, 1864, 1861, 1860, 1864, 1865, 1861, 1806, 1866, 1339, 1866, 1867, 1339, 1867, 157, 1339, 1868, 1869, 1806, 1816, 1870, 1806, 1870, 1871, 1806, 1871, 1868, 1806, 1869, 1872, 1806, 1872, 1873, 1806, 1873, 1874, 1806, 1874, 1875, 1806, 1875, 1876, 1806, 1876, 1877, 1806, 1877, 1878, 1806, 1878, 1879, 1806, 1879, 1866, 1806, 1880, 1881, 1816, 1354, 1880, 1816, 1882, 1883, 1816, 1883, 1884, 1816, 1884, 1885, 1816, 1885, 1870, 1816, 1886, 1887, 1816, 1887, 1888, 1816, 1888, 1882, 1816, 1881, 1889, 1816, 1889, 1890, 1816, 1890, 1886, 1816, 163, 1880, 1354, 1891, 1812, 1588, 1591, 1892, 1588, 1893, 1891, 1588, 1892, 1894, 1588, 1894, 1895, 1588, 1895, 1896, 1588, 1896, 1897, 1588, 1897, 1898, 1588, 1898, 1893, 1588, 1891, 1899, 1812, 1900, 1901, 1812, 1902, 1900, 1812, 1899, 1903, 1812, 1903, 1904, 1812, 1904, 1905, 1812, 1905, 1906, 1812, 1906, 1907, 1812, 1907, 1902, 1812, 1901, 1908, 1812, 1908, 1909, 1812, 1909, 1805, 1812, 1910, 1484, 1805, 1909, 1911, 1805, 1911, 1912, 1805, 1912, 1913, 1805, 1913, 1914, 1805, 1914, 1915, 1805, 1915, 1916, 1805, 1916, 1917, 1805, 1917, 1918, 1805, 1918, 1919, 1805, 1919, 1920, 1805, 1920, 1910, 1805, 1910, 1921, 1484, 1922, 1923, 1484, 1923, 1595, 1484, 1921, 1924, 1484, 1924, 1925, 1484, 1925, 1926, 1484, 1926, 1927, 1484, 1927, 1928, 1484, 1928, 1922, 1484, 1741, 1753, 1729, 1753, 1752, 1729, 1752, 1730, 1729, 1741, 1754, 1753, 1744, 1765, 1733, 1765, 1771, 1733, 1771, 1734, 1733, 1744, 1766, 1765, 1752, 1718, 1730, 1718, 1262, 1730, 1771, 1309, 1734, 1309, 1724, 1734, 1748, 1754, 1741, 1748, 1755, 1754, 1761, 1766, 1744, 1761, 1767, 1766, 1718, 1719, 1262, 1719, 1589, 1262, 1309, 1308, 1724, 1308, 1725, 1724, 1747, 1755, 1748, 1747, 1756, 1755, 1760, 1767, 1761, 1760, 1768, 1767, 1719, 1722, 1589, 1722, 1590, 1589, 1308, 1593, 1725, 1593, 1726, 1725, 1746, 1756, 1747, 1746, 1757, 1756, 1759, 1768, 1760, 1759, 1769, 1768, 1722, 1721, 1590, 1721, 1592, 1590, 1593, 1594, 1726, 1594, 1727, 1726, 1749, 1757, 1746, 1749, 1758, 1757, 1762, 1769, 1759, 1762, 1770, 1769, 1720, 1591, 1592, 1721, 1720, 1592, 1594, 1596, 1727, 1596, 1715, 1727, 1929, 1930, 1749, 1931, 1929, 1749, 1932, 1933, 1749, 1933, 1934, 1749, 1934, 1931, 1749, 1750, 1932, 1749, 1930, 1758, 1749, 1935, 1936, 1758, 1937, 1935, 1758, 1936, 1938, 1758, 1938, 1939, 1758, 1939, 1940, 1758, 1940, 1941, 1758, 1941, 1751, 1758, 1930, 1937, 1758, 1942, 1943, 1762, 1944, 1942, 1762, 1945, 1946, 1762, 1946, 1947, 1762, 1947, 1944, 1762, 1763, 1945, 1762, 1943, 1770, 1762, 1948, 1949, 1770, 1950, 1948, 1770, 1949, 1951, 1770, 1951, 1952, 1770, 1952, 1953, 1770, 1953, 1954, 1770, 1954, 1764, 1770, 1943, 1950, 1770, 1720, 215, 1591, 215, 1892, 1591, 1596, 1595, 1715, 1595, 300, 1715, 215, 214, 1892, 214, 1894, 1892, 1595, 1923, 300, 1923, 301, 300, 214, 222, 1894, 222, 1895, 1894, 1923, 1922, 301, 1922, 302, 301, 222, 242, 1895, 242, 1896, 1895, 1955, 303, 302, 1922, 1928, 302, 1928, 1955, 302, 242, 241, 1896, 241, 1897, 1896, 1956, 303, 1955, 1928, 1927, 1955, 1927, 1956, 1955, 241, 1957, 1897, 1957, 1898, 1897, 178, 1957, 241, 1958, 303, 1956, 1927, 1926, 1956, 1926, 1958, 1956, 1957, 1959, 1898, 1959, 1893, 1898, 178, 1959, 1957, 1960, 303, 1958, 1926, 1925, 1958, 1925, 1960, 1958, 1961, 1891, 1893, 1959, 1962, 1893, 1962, 1961, 1893, 178, 1962, 1959, 1963, 303, 1960, 1925, 1924, 1960, 1924, 1963, 1960, 1751, 1941, 1750, 1941, 1932, 1750, 1764, 1954, 1763, 1954, 1945, 1763, 1941, 1940, 1932, 1940, 1933, 1932, 1954, 1953, 1945, 1953, 1946, 1945, 1964, 1891, 1961, 1962, 1965, 1961, 1965, 1964, 1961, 178, 1965, 1962, 1966, 303, 1963, 1924, 1967, 1963, 1967, 1966, 1963, 1921, 1967, 1924, 1940, 1939, 1933, 1939, 1934, 1933, 1953, 1952, 1946, 1952, 1947, 1946, 1968, 1891, 1964, 1965, 1969, 1964, 1969, 1968, 1964, 178, 1969, 1965, 1970, 303, 1966, 1967, 1971, 1966, 1971, 1970, 1966, 1921, 1971, 1967, 1972, 1973, 1968, 1973, 1974, 1968, 1974, 1891, 1968, 1975, 1972, 1968, 1976, 1975, 1968, 1977, 1976, 1968, 1969, 1977, 1968, 178, 1978, 1969, 1978, 1979, 1969, 1979, 1980, 1969, 1980, 1981, 1969, 1981, 1977, 1969, 1982, 1983, 1970, 1983, 1984, 1970, 1984, 303, 1970, 1985, 1982, 1970, 1986, 1985, 1970, 1987, 1986, 1970, 1971, 1987, 1970, 1921, 1988, 1971, 1988, 1989, 1971, 1989, 1990, 1971, 1990, 1991, 1971, 1991, 1987, 1971, 1939, 1938, 1934, 1938, 1931, 1934, 1952, 1951, 1947, 1951, 1944, 1947, 1938, 1936, 1931, 1936, 1929, 1931, 1951, 1949, 1944, 1949, 1942, 1944, 1992, 1871, 1870, 1993, 1992, 1870, 1885, 1993, 1870, 1994, 1868, 1871, 1992, 1994, 1871, 1995, 1993, 1885, 1884, 1995, 1885, 1996, 1869, 1868, 1994, 1996, 1868, 1935, 1997, 1929, 1936, 1935, 1929, 1997, 1930, 1929, 1948, 1998, 1942, 1949, 1948, 1942, 1998, 1943, 1942, 1999, 1995, 1884, 1883, 1999, 1884, 2000, 1872, 1869, 1996, 2000, 1869, 2001, 1999, 1883, 1882, 2001, 1883, 2002, 1873, 1872, 2000, 2002, 1872, 2003, 2001, 1882, 1888, 2003, 1882, 2004, 1874, 1873, 2002, 2004, 1873, 2005, 2003, 1888, 1887, 2005, 1888, 2006, 1875, 1874, 2004, 2006, 1874, 2007, 2005, 1887, 1886, 2007, 1887, 1909, 1994, 1911, 1994, 1992, 1911, 1992, 1912, 1911, 1993, 1912, 1992, 1908, 1996, 1909, 1996, 1994, 1909, 1993, 1913, 1912, 1995, 1913, 1993, 1901, 2000, 1908, 2000, 1996, 1908, 1995, 1914, 1913, 1999, 1914, 1995, 1900, 2002, 1901, 2002, 2000, 1901, 2008, 1876, 1875, 2006, 2008, 1875, 1999, 1915, 1914, 2001, 1915, 1999, 1902, 2004, 1900, 2004, 2002, 1900, 2001, 1916, 1915, 2003, 1916, 2001, 2009, 2007, 1886, 1890, 2009, 1886, 1907, 2006, 1902, 2006, 2004, 1902, 2003, 1917, 1916, 2005, 1917, 2003, 1906, 2008, 1907, 2008, 2006, 1907, 2010, 1877, 1876, 2008, 2010, 1876, 2005, 1918, 1917, 2007, 1918, 2005, 1905, 2010, 1906, 2010, 2008, 1906, 2011, 2009, 1890, 1889, 2011, 1890, 2007, 1919, 1918, 2009, 1919, 2007, 1904, 2012, 1905, 2012, 2010, 1905, 2012, 1877, 2010, 2012, 1878, 1877, 2009, 1920, 1919, 2011, 1920, 2009, 1903, 2013, 1904, 2013, 2012, 1904, 2013, 1878, 2012, 2014, 1910, 1920, 2011, 2014, 1920, 1903, 2015, 2013, 2015, 1879, 2013, 1879, 1878, 2013, 2016, 2014, 2011, 1889, 2016, 2011, 1881, 2017, 1889, 2017, 2016, 1889, 1899, 2018, 1903, 2019, 2015, 1903, 2018, 2019, 1903, 2019, 2020, 2015, 2020, 1879, 2015, 2021, 1910, 2014, 2016, 2021, 2014, 2022, 2021, 2016, 2017, 2022, 2016, 2020, 1866, 1879, 1899, 2023, 2018, 2023, 2024, 2018, 2024, 2019, 2018, 2024, 2025, 2019, 2025, 2020, 2019, 2026, 1910, 2021, 2022, 2026, 2021, 2027, 2026, 2022, 2017, 2028, 2022, 2028, 2027, 2022, 1881, 2028, 2017, 1899, 2029, 2023, 2029, 2030, 2023, 2030, 2024, 2023, 2030, 2031, 2024, 2031, 2025, 2024, 2032, 1910, 2026, 2027, 2032, 2026, 2033, 2032, 2027, 2028, 2034, 2027, 2034, 2033, 2027, 2025, 1866, 2020, 1899, 2035, 2029, 2035, 2036, 2029, 2036, 2030, 2029, 2036, 2037, 2030, 2037, 2031, 2030, 2038, 1910, 2032, 2033, 2038, 2032, 2039, 2038, 2033, 2034, 2040, 2033, 2040, 2039, 2033, 1899, 2041, 2035, 2041, 2042, 2035, 2042, 2036, 2035, 2042, 2043, 2036, 2043, 2037, 2036, 1881, 2034, 2028, 2044, 1910, 2038, 2039, 2044, 2038, 2045, 2044, 2039, 2040, 2046, 2039, 2046, 2045, 2039, 1899, 2047, 2041, 2047, 2048, 2041, 2048, 2042, 2041, 2048, 2049, 2042, 2049, 2043, 2042, 2050, 1910, 2044, 2045, 2050, 2044, 2051, 2050, 2045, 2046, 2052, 2045, 2052, 2051, 2045, 2031, 1866, 2025, 1899, 2053, 2047, 2053, 2054, 2047, 2054, 2048, 2047, 2054, 2055, 2048, 2055, 2049, 2048, 2056, 1910, 2050, 2051, 2056, 2050, 2057, 2056, 2051, 2052, 2058, 2051, 2058, 2057, 2051, 1899, 2059, 2053, 2059, 2060, 2053, 2060, 2054, 2053, 2060, 2061, 2054, 2061, 2055, 2054, 2062, 1910, 2056, 2057, 2062, 2056, 2063, 2062, 2057, 2058, 2064, 2057, 2064, 2063, 2057, 1899, 2062, 2059, 2062, 2063, 2059, 2063, 2060, 2059, 2063, 2065, 2060, 2065, 2061, 2060, 1899, 1910, 2062, 2064, 2065, 2063, 1881, 2040, 2034, 2037, 1866, 2031, 1881, 2046, 2040, 2043, 1866, 2037, 1881, 2052, 2046, 2066, 1930, 1997, 1935, 2067, 1997, 2067, 2066, 1997, 1937, 2067, 1935, 2068, 1943, 1998, 1948, 2069, 1998, 2069, 2068, 1998, 1950, 2069, 1948, 2049, 1866, 2043, 1881, 2058, 2052, 2070, 1930, 2066, 2067, 2071, 2066, 2071, 2070, 2066, 1937, 2071, 2067, 2072, 1943, 2068, 2069, 2073, 2068, 2073, 2072, 2068, 1950, 2073, 2069, 2055, 1866, 2049, 1881, 2064, 2058, 2061, 1866, 2055, 2074, 1930, 2070, 2071, 2075, 2070, 2075, 2074, 2070, 1937, 2075, 2071, 2076, 1943, 2072, 2073, 2077, 2072, 2077, 2076, 2072, 1950, 2077, 2073, 1881, 2065, 2064, 1881, 1866, 2061, 2065, 1881, 2061, 2078, 1930, 2074, 2075, 2079, 2074, 2079, 2078, 2074, 1937, 2079, 2075, 2080, 1943, 2076, 2077, 2081, 2076, 2081, 2080, 2076, 1950, 2081, 2077, 2082, 1930, 2078, 2079, 2083, 2078, 2083, 2082, 2078, 1937, 2083, 2079, 2084, 1943, 2080, 2081, 2085, 2080, 2085, 2084, 2080, 1950, 2085, 2081, 2082, 2086, 1930, 2086, 1937, 1930, 2087, 2083, 1937, 2086, 2087, 1937, 2084, 2088, 1943, 2088, 1950, 1943, 2089, 2085, 1950, 2088, 2089, 1950, 2090, 2086, 2082, 2083, 2091, 2082, 2091, 2090, 2082, 2087, 2091, 2083, 2092, 2088, 2084, 2085, 2093, 2084, 2093, 2092, 2084, 2089, 2093, 2085, 2090, 2094, 2086, 2094, 2087, 2086, 2095, 2091, 2087, 2094, 2095, 2087, 2092, 2096, 2088, 2096, 2089, 2088, 2097, 2093, 2089, 2096, 2097, 2089, 2098, 2094, 2090, 2091, 2099, 2090, 2099, 2098, 2090, 2095, 2099, 2091, 2100, 2096, 2092, 2093, 2101, 2092, 2101, 2100, 2092, 2097, 2101, 2093, 2098, 2102, 2094, 2102, 2095, 2094, 2103, 2099, 2095, 2102, 2103, 2095, 2100, 2104, 2096, 2104, 2097, 2096, 2105, 2101, 2097, 2104, 2105, 2097, 2106, 2102, 2098, 2099, 2107, 2098, 2107, 2106, 2098, 2103, 2107, 2099, 2108, 2104, 2100, 2101, 2109, 2100, 2109, 2108, 2100, 2105, 2109, 2101, 2106, 2110, 2102, 2110, 2103, 2102, 2111, 2107, 2103, 2110, 2111, 2103, 2108, 2112, 2104, 2112, 2105, 2104, 2113, 2109, 2105, 2112, 2113, 2105, 2114, 2110, 2106, 2107, 2115, 2106, 2115, 2114, 2106, 2111, 2115, 2107, 2116, 2112, 2108, 2109, 2117, 2108, 2117, 2116, 2108, 2113, 2117, 2109, 2114, 2111, 2110, 2114, 2115, 2111, 2116, 2113, 2112, 2116, 2117, 2113, 2118, 1975, 1976, 2119, 2118, 1976, 1977, 2120, 1976, 2120, 2119, 1976, 1981, 2121, 1977, 2121, 2120, 1977, 2122, 1985, 1986, 2123, 2122, 1986, 1987, 2124, 1986, 2124, 2123, 1986, 1991, 2125, 1987, 2125, 2124, 1987, 2126, 2118, 2119, 2120, 2127, 2119, 2127, 2126, 2119, 2121, 2127, 2120, 2128, 2122, 2123, 2124, 2129, 2123, 2129, 2128, 2123, 2125, 2129, 2124, 2130, 2118, 2126, 2127, 2131, 2126, 2131, 2130, 2126, 2121, 2131, 2127, 2132, 2122, 2128, 2129, 2133, 2128, 2133, 2132, 2128, 2125, 2133, 2129, 2134, 2118, 2130, 2131, 2135, 2130, 2135, 2134, 2130, 2121, 2135, 2131, 2136, 2122, 2132, 2133, 2137, 2132, 2137, 2136, 2132, 2125, 2137, 2133, 2138, 2118, 2134, 2135, 2139, 2134, 2139, 2138, 2134, 2121, 2139, 2135, 2140, 2122, 2136, 2137, 2141, 2136, 2141, 2140, 2136, 2125, 2141, 2137, 2142, 2118, 2138, 2139, 2143, 2138, 2143, 2142, 2138, 2121, 2143, 2139, 2144, 2122, 2140, 2141, 2145, 2140, 2145, 2144, 2140, 2125, 2145, 2141, 2146, 2118, 2142, 2143, 2147, 2142, 2147, 2146, 2142, 2121, 2147, 2143, 2148, 2122, 2144, 2145, 2149, 2144, 2149, 2148, 2144, 2125, 2149, 2145, 2150, 2118, 2146, 2147, 2151, 2146, 2151, 2150, 2146, 2121, 2151, 2147, 2152, 2122, 2148, 2149, 2153, 2148, 2153, 2152, 2148, 2125, 2153, 2149, 2154, 2118, 2150, 2151, 2155, 2150, 2155, 2154, 2150, 2121, 2155, 2151, 2156, 2122, 2152, 2153, 2157, 2152, 2157, 2156, 2152, 2125, 2157, 2153, 2158, 2118, 2154, 2155, 2159, 2154, 2159, 2158, 2154, 2121, 2159, 2155, 2160, 2122, 2156, 2157, 2161, 2156, 2161, 2160, 2156, 2125, 2161, 2157, 2162, 2118, 2158, 2159, 2163, 2158, 2163, 2162, 2158, 2121, 2163, 2159, 2164, 2122, 2160, 2161, 2165, 2160, 2165, 2164, 2160, 2125, 2165, 2161, 2163, 2121, 2162, 2121, 2118, 2162, 2165, 2125, 2164, 2125, 2122, 2164, 1981, 1975, 2118, 2121, 1981, 2118, 1991, 1985, 2122, 2125, 1991, 2122, 1980, 1972, 1975, 1981, 1980, 1975, 1990, 1982, 1985, 1991, 1990, 1985, 1979, 1973, 1972, 1980, 1979, 1972, 1989, 1983, 1982, 1990, 1989, 1982, 1978, 1974, 1973, 1979, 1978, 1973, 1988, 1984, 1983, 1989, 1988, 1983, 1974, 1978, 1891, 1978, 178, 1891, 178, 176, 1891, 176, 174, 1891, 174, 172, 1891, 172, 170, 1891, 170, 168, 1891, 168, 166, 1891, 166, 164, 1891, 164, 158, 1891, 158, 157, 1891, 157, 1867, 1891, 1867, 1899, 1891, 1867, 1866, 1899, 1866, 1910, 1899, 1866, 1881, 1910, 1881, 1921, 1910, 175, 177, 1921, 303, 1988, 1921, 179, 303, 1921, 177, 179, 1921, 169, 171, 1921, 171, 173, 1921, 173, 175, 1921, 163, 165, 1921, 165, 167, 1921, 167, 169, 1921, 1881, 1880, 1921, 1880, 163, 1921, 1984, 1988, 303]
            point3f[] points = [(0.0873452, -0.0616716, 5.24e-05), (0.0875805, -0.0614043, 5.24e-05), (0.1098921, -0.0841555, 5.24e-05), (0.0869421, -0.0795655, 5.24e-05), (0.0869421, -0.0619658, 5.24e-05), (0.0870681, -0.0618954, 5.24e-05), (0.0877673, -0.061101, 5.24e-05), (0.0879001, -0.0607705, 5.24e-05), (0.1098921, -0.053384, 5.24e-05), (0.1098921, -0.0775032, 0.0086732), (0.1098921, -0.0777971, 0.0093691), (0.1098921, -0.0780367, 0.0108524), (0.1098921, -0.0841555, 0.0384524), (0.1098921, -0.0779764, 0.0101015), (0.1098921, -0.0760189, 0.0069691), (0.1098921, -0.076603, 0.0074583), (0.1098921, -0.0771018, 0.008031), (0.1098921, -0.0739074, 0.0061115), (0.1098921, -0.0746543, 0.0062873), (0.1098921, -0.075364, 0.0065756), (0.1098921, -0.052184, 0.0060524), (0.1098921, -0.0731416, 0.0060524), (0.104098, -0.0829967, 0.0251421), (0.1040684, -0.0829908, 0.0247667), (0.1039805, -0.0829732, 0.0244005), (0.1038364, -0.0829444, 0.0240526), (0.0751543, -0.077208, 0.0234451), (0.0717602, -0.0765292, 0.020051), (0.0714739, -0.0764719, 0.0198064), (0.0711527, -0.0764077, 0.0196096), (0.0708048, -0.0763381, 0.0194655), (0.1036396, -0.082905, 0.0237314), (0.1033951, -0.0828561, 0.0234451), (0.1000009, -0.0821773, 0.020051), (0.0997146, -0.08212, 0.0198064), (0.0993935, -0.0820558, 0.0196096), (0.0990455, -0.0819862, 0.0194655), (0.0704386, -0.0762648, 0.0193776), (0.0700632, -0.0761897, 0.019348), (0.0696877, -0.0761147, 0.0193776), (0.0986793, -0.081913, 0.0193776), (0.0983039, -0.0818379, 0.019348), (0.0979284, -0.0817628, 0.0193776), (0.0693215, -0.0760414, 0.0194655), (0.0474991, -0.0716769, 0.0244005), (0.0755957, -0.0772963, 0.0240526), (0.0753989, -0.0772569, 0.0237314), (0.0876803, -0.0590545, 5.24e-05), (0.0874685, -0.0587681, 5.24e-05), (0.0872114, -0.0585217, 5.24e-05), (0.0879751, -0.0604223, 5.24e-05), (0.0879902, -0.0600664, 5.24e-05), (0.087945, -0.0597131, 5.24e-05), (0.0878407, -0.0593725, 5.24e-05), (0.0869421, -0.0072055, 5.24e-05), (0.1098921, -0.0072055, 5.24e-05), (0.0869421, -0.053384, 5.24e-05), (0.1098921, -0.0084055, 0.0060524), (0.0869421, 0.0068945, 5.24e-05), (0.1098921, 0.0068945, 5.24e-05), (0.1098921, 0.0080945, 0.0060524), (0.0869421, 0.0530729, 5.24e-05), (0.1098921, 0.0530729, 5.24e-05), (0.1098921, 0.0518729, 0.0060524), (0.0877673, 0.058899, 5.24e-05), (0.0879001, 0.0592295, 5.24e-05), (0.0870681, 0.0581046, 5.24e-05), (0.0873452, 0.0583284, 5.24e-05), (0.0875805, 0.0585957, 5.24e-05), (0.0879751, 0.0595777, 5.24e-05), (0.0879902, 0.0599336, 5.24e-05), (0.1098921, 0.0728945, 5.24e-05), (0.1098921, 0.0685875, 0.0060524), (0.0869421, 0.0728945, 5.24e-05), (0.1098921, 0.0838445, 5.24e-05), (0.0878407, 0.0606275, 5.24e-05), (0.0876803, 0.0609455, 5.24e-05), (0.0874685, 0.0612319, 5.24e-05), (0.0872114, 0.0614783, 5.24e-05), (0.087945, 0.0602869, 5.24e-05), (0.1098921, 0.0750529, 0.0065756), (0.1098921, 0.0743432, 0.0062873), (0.1098921, 0.0735964, 0.0061115), (0.1098921, 0.0728306, 0.0060524), (0.0869421, 0.0792545, 5.24e-05), (0.1098921, 0.0838445, 0.0384524), (0.1098921, 0.0777257, 0.0384524), (0.1098921, 0.0777257, 0.0108524), (0.1098921, 0.0776654, 0.0101015), (0.1098921, 0.0774861, 0.0093691), (0.1098921, 0.0771921, 0.0086732), (0.1098921, 0.0767908, 0.008031), (0.1098921, 0.0762919, 0.0074583), (0.1098921, 0.0757078, 0.0069691), (0.1040684, 0.0826797, 0.0247667), (0.1036396, 0.082594, 0.0237314), (0.1038364, 0.0826333, 0.0240526), (0.1039805, 0.0826622, 0.0244005), (0.0474991, 0.0713659, 0.0244005), (0.047587, 0.0713834, 0.0247667), (0.0993935, 0.0817447, 0.0196096), (0.0997146, 0.081809, 0.0198064), (0.0990455, 0.0816751, 0.0194655), (0.0753989, 0.0769458, 0.0237314), (0.0755957, 0.0769852, 0.0240526), (0.0757398, 0.077014, 0.0244005), (0.0758277, 0.0770316, 0.0247667), (0.0968932, 0.0812447, 0.0198064), (0.1000009, 0.0818662, 0.020051), (0.1033951, 0.0825451, 0.0234451), (0.047355, 0.071337, 0.0240526), (0.0711527, 0.0760966, 0.0196096), (0.0714739, 0.0761608, 0.0198064), (0.0972143, 0.0813089, 0.0196096), (0.0975623, 0.0813785, 0.0194655), (0.0979284, 0.0814517, 0.0193776), (0.0717602, 0.0762181, 0.020051), (0.0751543, 0.0768969, 0.0234451), (0.0983039, 0.0815268, 0.019348), (0.0986793, 0.0816019, 0.0193776), (0.0700632, 0.0758787, 0.019348), (0.0704386, 0.0759538, 0.0193776), (0.0708048, 0.076027, 0.0194655), (0.0693215, 0.0757303, 0.0194655), (0.0696877, 0.0758036, 0.0193776), (0.0903881, -0.0599645, 0.0060524), (0.0903557, -0.0607271, 0.0060524), (0.0901949, -0.0614732, 0.0060524), (0.0899103, -0.0621815, 0.0060524), (0.0895101, -0.0628314, 0.0060524), (0.088412, -0.0638838, 0.0060524), (0.0881421, -0.0687917, 0.0060524), (0.0890058, -0.0634043, 0.0060524), (0.0881421, -0.0084055, 0.0060524), (0.0892701, -0.0571825, 0.0060524), (0.089724, -0.0577962, 0.0060524), (0.0887191, -0.0566544, 0.0060524), (0.0900676, -0.0584777, 0.0060524), (0.0902911, -0.0592075, 0.0060524), (0.0881421, -0.052184, 0.0060524), (0.0881421, -0.0562644, 0.0060524), (0.0881421, 0.0080945, 0.0060524), (0.0881421, 0.0518729, 0.0060524), (0.0899103, 0.0578186, 0.0060524), (0.0895101, 0.0571686, 0.0060524), (0.0901949, 0.0585268, 0.0060524), (0.0903881, 0.0600355, 0.0060524), (0.0903557, 0.0592729, 0.0060524), (0.0890058, 0.0565957, 0.0060524), (0.0886768, 0.0685875, 0.0060524), (0.0887191, 0.0633456, 0.0060524), (0.0892701, 0.0628175, 0.0060524), (0.089724, 0.0622039, 0.0060524), (0.0900676, 0.0615223, 0.0060524), (0.0902911, 0.0607925, 0.0060524), (0.0476421, -0.0606917, 0.0060524), (0.0051038, -0.052184, 0.0060524), (-0.1301079, -0.0259074, 0.0061115), (-0.1301079, -0.0266543, 0.0062873), (0.0051038, 0.0518729, 0.0060524), (0.0476421, 0.0603806, 0.0060524), (0.0018921, 0.0512306, 0.0060524), (0.0881421, 0.0684806, 0.0060524), (-0.1301079, 0.0255963, 0.0061115), (-0.1301079, -0.027364, 0.0065756), (-0.1301079, 0.0263432, 0.0062873), (-0.1301079, -0.0280189, 0.0069691), (-0.1301079, 0.0270529, 0.0065756), (-0.1301079, -0.028603, 0.0074583), (-0.1301079, 0.0277078, 0.0069691), (-0.1301079, -0.0291018, 0.008031), (-0.1301079, 0.0282919, 0.0074583), (-0.1301079, -0.0295032, 0.0086732), (-0.1301079, 0.0287908, 0.008031), (-0.1301079, -0.0297971, 0.0093691), (-0.1301079, 0.0291921, 0.0086732), (-0.1301079, -0.0299765, 0.0101015), (-0.1301079, 0.0294861, 0.0093691), (-0.1301079, -0.0300367, 0.0108524), (-0.1301079, 0.0296654, 0.0101015), (0.1098921, -0.0780367, 0.0384524), (0.1040684, -0.076872, 0.0247667), (0.1036396, -0.0767862, 0.0237314), (0.1038364, -0.0768256, 0.0240526), (0.1039805, -0.0768544, 0.0244005), (0.0757398, -0.0712063, 0.0258838), (0.0755957, -0.0711774, 0.0262317), (0.0753989, -0.0711381, 0.0265528), (0.0758277, -0.0712238, 0.0247667), (0.0758573, -0.0712297, 0.0251421), (0.0758277, -0.0712238, 0.0255176), (0.0993935, -0.075937, 0.0196096), (0.0997146, -0.0760012, 0.0198064), (0.0990455, -0.0758674, 0.0194655), (0.1000009, -0.0760585, 0.020051), (0.1033951, -0.0767373, 0.0234451), (0.0972143, -0.0755012, 0.0196096), (0.0975623, -0.0755707, 0.0194655), (0.0979284, -0.075644, 0.0193776), (0.0983039, -0.0757191, 0.019348), (0.0986793, -0.0757942, 0.0193776), (0.0753989, -0.0711381, 0.0237314), (0.0755957, -0.0711774, 0.0240526), (0.0757398, -0.0712063, 0.0244005), (0.0711527, -0.0702888, 0.0196096), (0.0714739, -0.0703531, 0.0198064), (0.0708048, -0.0702193, 0.0194655), (0.0717602, -0.0704103, 0.020051), (0.0751543, -0.0710892, 0.0234451), (0.0696877, -0.0699958, 0.0193776), (0.0700632, -0.0700709, 0.019348), (0.0704386, -0.070146, 0.0193776), (0.047355, -0.0655293, 0.0240526), (0.0471582, -0.0654899, 0.0237314), (-0.0982916, -0.0364, 0.0196096), (-0.0979705, -0.0364642, 0.0198064), (-0.0700509, -0.0420481, 0.0196096), (-0.0697298, -0.0421123, 0.0198064), (-0.0142836, -0.0532016, 0.0193776), (-0.0139174, -0.0532748, 0.0194655), (-0.0135694, -0.0533444, 0.0196096), (-0.0132483, -0.0534086, 0.0198064), (-0.0986395, -0.0363304, 0.0194655), (0.0432331, -0.0647049, 0.0198064), (0.0435195, -0.0647622, 0.020051), (0.0469136, -0.065441, 0.0234451), (-0.0425243, -0.0475534, 0.0193776), (-0.0421581, -0.0476267, 0.0194655), (-0.0418102, -0.0476963, 0.0196096), (-0.041489, -0.0477605, 0.0198064), (0.0139572, -0.0588497, 0.0193776), (0.0143234, -0.058923, 0.0194655), (0.0146713, -0.0589926, 0.0196096), (0.0149924, -0.0590568, 0.0198064), (0.0421979, -0.0644979, 0.0193776), (0.0425641, -0.0645711, 0.0194655), (0.042912, -0.0646407, 0.0196096), (-0.0703988, -0.0419785, 0.0194655), (-0.014659, -0.0531265, 0.019348), (-0.0711405, -0.0418302, 0.019348), (-0.070765, -0.0419053, 0.0193776), (-0.0993812, -0.0361821, 0.019348), (-0.0990057, -0.0362572, 0.0193776), (-0.0428997, -0.0474784, 0.019348), (0.0135817, -0.0587746, 0.019348), (0.0418224, -0.0644228, 0.019348), (0.104098, 0.0765668, 0.0251421), (0.1040684, 0.0765609, 0.0247667), (0.1039805, 0.0765433, 0.0244005), (0.1038364, 0.0765145, 0.0240526), (0.1036396, 0.0764752, 0.0237314), (0.1033951, 0.0764262, 0.0234451), (0.1000009, 0.0757474, 0.020051), (0.0997146, 0.0756901, 0.0198064), (0.0993935, 0.0756259, 0.0196096), (0.0757398, 0.0708952, 0.0244005), (0.0755957, 0.0708664, 0.0240526), (0.0990455, 0.0755563, 0.0194655), (0.0986793, 0.0754831, 0.0193776), (0.0983039, 0.075408, 0.019348), (0.0975623, 0.0752597, 0.0194655), (0.0979284, 0.0753329, 0.0193776), (0.0753989, 0.070827, 0.0237314), (0.0751543, 0.0707781, 0.0234451), (0.0717602, 0.0700993, 0.020051), (0.0714739, 0.070042, 0.0198064), (0.0711527, 0.0699778, 0.0196096), (0.0708048, 0.0699082, 0.0194655), (0.0704386, 0.0698349, 0.0193776), (0.0700632, 0.0697598, 0.019348), (0.0696877, 0.0696848, 0.0193776), (0.047355, 0.0652182, 0.0240526), (0.0471582, 0.0651789, 0.0237314), (0.0469136, 0.0651299, 0.0234451), (0.0435195, 0.0644511, 0.020051), (0.0432331, 0.0643938, 0.0198064), (0.042912, 0.0643296, 0.0196096), (0.0425641, 0.06426, 0.0194655), (-0.041489, 0.0474494, 0.0198064), (-0.0418102, 0.0473852, 0.0196096), (0.0149924, 0.0587457, 0.0198064), (0.0146713, 0.0586815, 0.0196096), (0.0421979, 0.0641868, 0.0193776), (0.0418224, 0.0641117, 0.019348), (0.0143234, 0.0586119, 0.0194655), (0.0139572, 0.0585386, 0.0193776), (0.0135817, 0.0584636, 0.019348), (-0.0132483, 0.0530976, 0.0198064), (-0.0135694, 0.0530333, 0.0196096), (-0.0139174, 0.0529637, 0.0194655), (-0.0421581, 0.0473156, 0.0194655), (-0.0425243, 0.0472424, 0.0193776), (-0.0428997, 0.0471673, 0.019348), (-0.0697298, 0.0418013, 0.0198064), (-0.0700509, 0.041737, 0.0196096), (-0.0703988, 0.0416675, 0.0194655), (-0.0142836, 0.0528905, 0.0193776), (-0.014659, 0.0528154, 0.019348), (-0.070765, 0.0415942, 0.0193776), (-0.0711405, 0.0415191, 0.019348), (-0.0979705, 0.0361531, 0.0198064), (-0.0982916, 0.0360889, 0.0196096), (-0.0986395, 0.0360193, 0.0194655), (-0.1301079, 0.0297256, 0.0108524), (0.1038364, -0.0829444, 0.0262317), (0.1039805, -0.0829732, 0.0258838), (0.1040684, -0.0829908, 0.0255176), (0.1002921, -0.0822355, 0.0480524), (0.1033951, -0.0828561, 0.0268392), (0.1036396, -0.082905, 0.0265528), (0.1002921, -0.0761167, 0.0480524), (0.1040684, -0.076872, 0.0255176), (0.1039805, -0.0768544, 0.0258838), (0.1038364, -0.0768256, 0.0262317), (0.104098, -0.0768779, 0.0251421), (0.1036396, -0.0767862, 0.0265528), (0.1033951, -0.0767373, 0.0268392), (0.1038364, 0.0765145, 0.0262317), (0.1039805, 0.0765433, 0.0258838), (0.1002921, 0.0758056, 0.0480524), (0.1033951, 0.0764262, 0.0268392), (0.1036396, 0.0764752, 0.0265528), (0.1040684, 0.0765609, 0.0255176), (0.1002921, 0.0819245, 0.0480524), (0.104098, 0.0826856, 0.0251421), (0.1040684, 0.0826797, 0.0255176), (0.1039805, 0.0826622, 0.0258838), (0.1038364, 0.0826333, 0.0262317), (0.1036396, 0.082594, 0.0265528), (0.1033951, 0.0825451, 0.0268392), (0.0862789, -0.0794329, 0.0439553), (0.0862789, -0.0733141, 0.0439553), (0.0862789, 0.073003, 0.0439553), (0.0862789, 0.0791218, 0.0439553), (0.087976, -0.0736535, 0.0480524), (0.087976, -0.0797723, 0.0480524), (0.087976, 0.0794612, 0.0480524), (0.087976, 0.0733424, 0.0480524), (0.0975623, -0.0816896, 0.0194655), (0.0757398, -0.0773251, 0.0244005), (0.0972143, -0.08162, 0.0196096), (0.0758573, -0.0773486, 0.0251421), (0.0758277, -0.0773427, 0.0247667), (0.0758573, 0.0709187, 0.0251421), (0.0758277, 0.0709128, 0.0247667), (0.0972143, 0.0751901, 0.0196096), (0.0968932, -0.0815557, 0.0198064), (0.0968932, -0.0754369, 0.0198064), (0.0968932, 0.0751259, 0.0198064), (0.0966068, -0.0814985, 0.020051), (0.0758277, -0.0773427, 0.0255176), (0.0966068, -0.0753797, 0.020051), (0.0966068, 0.0750686, 0.020051), (0.0758277, 0.0709128, 0.0255176), (0.0966068, 0.0811874, 0.020051), (0.0753989, -0.0772569, 0.0265528), (0.0755957, -0.0772963, 0.0262317), (0.0757398, -0.0773251, 0.0258838), (0.0751543, -0.077208, 0.0268392), (0.0693083, -0.0760388, 0.0473494), (0.0693083, -0.06992, 0.0473494), (0.0751543, -0.0710892, 0.0268392), (0.0753989, 0.070827, 0.0265528), (0.0755957, 0.0708664, 0.0262317), (0.0757398, 0.0708952, 0.0258838), (0.0751543, 0.0707781, 0.0268392), (0.0693083, 0.0696089, 0.0473494), (0.0693083, 0.0757277, 0.0473494), (0.0758573, 0.0770375, 0.0251421), (0.0758277, 0.0770316, 0.0255176), (0.0757398, 0.077014, 0.0258838), (0.0755957, 0.0769852, 0.0262317), (0.0753989, 0.0769458, 0.0265528), (0.0751543, 0.0768969, 0.0268392), (0.0879902, -0.0600664, 0.0036524), (0.087945, -0.0597131, 0.0036524), (0.0879902, 0.0599336, 0.0036524), (0.087945, 0.0602869, 0.0036524), (0.0879751, -0.0604223, 0.0036524), (0.0879751, 0.0595777, 0.0036524), (0.0878407, -0.0593725, 0.0036524), (0.0878407, 0.0606275, 0.0036524), (0.0879001, -0.0607705, 0.0036524), (0.0879001, 0.0592295, 0.0036524), (0.0876803, -0.0590545, 0.0036524), (0.0876803, 0.0609455, 0.0036524), (0.0877673, -0.061101, 0.0036524), (0.0877673, 0.058899, 0.0036524), (0.0874685, -0.0587681, 0.0036524), (0.0874685, 0.0612319, 0.0036524), (0.0875805, -0.0614043, 0.0036524), (0.0875805, 0.0585957, 0.0036524), (0.0872114, -0.0585217, 0.0036524), (0.0872114, 0.0614783, 0.0036524), (0.0873452, -0.0616716, 0.0036524), (0.088412, 0.0561162, 0.0060524), (0.0873452, 0.0583284, 0.0036524), (0.0881421, 0.0637356, 0.0060524), (0.0881421, -0.0640346, 0.0060524), (0.0870681, -0.0618954, 0.0036524), (0.0881421, 0.0559654, 0.0060524), (0.0870681, 0.0581046, 0.0036524), (0.0847582, -0.0645103, 0.0060524), (0.0840386, -0.0642561, 0.0060524), (0.0877457, -0.0642561, 0.0060524), (0.087026, -0.0645103, 0.0060524), (0.0862737, -0.0646393, 0.0060524), (0.0858921, -0.0646555, 0.0060524), (0.0855105, -0.0646393, 0.0060524), (0.0867571, -0.0620691, 0.0036524), (0.0880867, -0.056227, 0.0060524), (0.0869163, -0.0583222, 0.0036524), (0.0476421, -0.052184, 0.0060524), (0.0836975, -0.056227, 0.0060524), (0.084393, -0.0559126, 0.0060524), (0.0851316, -0.0557203, 0.0060524), (0.0858921, -0.0556555, 0.0060524), (0.0866526, -0.0557203, 0.0060524), (0.0873912, -0.0559126, 0.0060524), (0.0857768, -0.0370185, 0.0060524), (0.0854337, -0.0384662, 0.0060524), (0.0858921, -0.0355351, 0.0060524), (0.084871, -0.0398435, 0.0060524), (0.0841022, -0.0411174, 0.0060524), (0.0831458, -0.0422572, 0.0060524), (0.0820248, -0.0432355, 0.0060524), (0.0807661, -0.0440288, 0.0060524), (0.0794, -0.0446181, 0.0060524), (0.0779591, -0.0449892, 0.0060524), (0.0576708, -0.0485666, 0.0060524), (0.0840587, -0.0161128, 0.0060524), (0.0848458, -0.0173972, 0.0060524), (0.0830803, -0.0149673, 0.0060524), (0.0792587, -0.0126254, 0.0060524), (0.0806504, -0.0132019, 0.0060524), (0.0819348, -0.013989, 0.0060524), (0.0854223, -0.018789, 0.0060524), (0.0857739, -0.0202538, 0.0060524), (0.0858921, -0.0217555, 0.0060524), (0.0476421, -0.0084055, 0.0060524), (0.0762921, -0.0121555, 0.0060524), (0.0777939, -0.0122737, 0.0060524), (0.0476421, 0.0080945, 0.0060524), (0.0857739, 0.0199427, 0.0060524), (0.0854223, 0.0184779, 0.0060524), (0.0848458, 0.0170862, 0.0060524), (0.0840587, 0.0158017, 0.0060524), (0.0830803, 0.0146562, 0.0060524), (0.0819348, 0.0136779, 0.0060524), (0.0806504, 0.0128908, 0.0060524), (0.0792587, 0.0123143, 0.0060524), (0.0858921, 0.035224, 0.0060524), (0.0858921, 0.0214445, 0.0060524), (0.0777939, 0.0119627, 0.0060524), (0.0762921, 0.0118445, 0.0060524), (0.0847582, 0.0554897, 0.0060524), (0.0476421, 0.0518729, 0.0060524), (0.0877457, 0.0557439, 0.0060524), (0.087026, 0.0554897, 0.0060524), (0.0862737, 0.0553607, 0.0060524), (0.0858921, 0.0553445, 0.0060524), (0.0855105, 0.0553607, 0.0060524), (0.0794, 0.044307, 0.0060524), (0.0807661, 0.0437177, 0.0060524), (0.0820248, 0.0429244, 0.0060524), (0.0831458, 0.0419461, 0.0060524), (0.0841022, 0.0408063, 0.0060524), (0.084871, 0.0395325, 0.0060524), (0.0854337, 0.0381551, 0.0060524), (0.0857768, 0.0367074, 0.0060524), (0.0576708, 0.0482555, 0.0060524), (0.0779591, 0.0446782, 0.0060524), (0.0867571, 0.0579309, 0.0036524), (0.0880867, 0.063773, 0.0060524), (0.0869163, 0.0616778, 0.0036524), (0.0836975, 0.063773, 0.0060524), (0.084393, 0.0640874, 0.0060524), (0.0851316, 0.0642797, 0.0060524), (0.0858921, 0.0643445, 0.0060524), (0.0866526, 0.0642797, 0.0060524), (0.0873912, 0.0640874, 0.0060524), (0.0865917, -0.0581755, 0.0036524), (0.0865917, 0.0618245, 0.0036524), (0.087574, -0.0796919, 0.0480185), (0.087574, -0.0735731, 0.0480185), (0.087574, 0.073262, 0.0480185), (0.087574, 0.0793808, 0.0480185), (0.0871833, -0.0796138, 0.0479177), (0.0871833, -0.0734949, 0.0479177), (0.0871833, 0.0731839, 0.0479177), (0.0871833, 0.0793027, 0.0479177), (0.086247, -0.0580857, 0.0036524), (0.086247, 0.0619143, 0.0036524), (0.0869421, -0.0583397, 5.24e-05), (0.0869421, 0.0616603, 5.24e-05), (0.086815, -0.0795401, 0.0477529), (0.086815, -0.0734213, 0.0477529), (0.086815, 0.0731102, 0.0477529), (0.086815, 0.0792291, 0.0477529), (0.0869421, 0.0580342, 5.24e-05), (0.0864213, -0.0621878, 0.0036524), (0.0864213, 0.0578122, 0.0036524), (0.085363, -0.0621878, 5.24e-05), (0.085714, -0.062248, 5.24e-05), (0.0860702, -0.062248, 5.24e-05), (0.0864213, -0.0621878, 5.24e-05), (0.0488421, -0.0719455, 5.24e-05), (0.0847162, -0.0618954, 5.24e-05), (0.0850271, -0.0620691, 5.24e-05), (0.0867571, -0.0620691, 5.24e-05), (0.0192584, -0.0660288, 0.0244005), (0.0191142, -0.066, 0.0240526), (0.0471582, -0.0716088, 0.0237314), (0.0469136, -0.0715598, 0.0234451), (0.0435195, -0.070881, 0.020051), (0.0432331, -0.0708237, 0.0198064), (0.042912, -0.0707595, 0.0196096), (0.0425641, -0.0706899, 0.0194655), (0.0421979, -0.0706167, 0.0193776), (0.0418224, -0.0705416, 0.019348), (0.041447, -0.0704665, 0.0193776), (0.0410808, -0.0703933, 0.0194655), (0.047355, -0.0716481, 0.0240526), (0.0869163, -0.0583222, 5.24e-05), (0.084868, -0.0583222, 5.24e-05), (0.0488421, -0.053384, 5.24e-05), (0.0865917, -0.0581755, 5.24e-05), (0.086247, -0.0580857, 5.24e-05), (0.0858921, -0.0580555, 5.24e-05), (0.0855372, -0.0580857, 5.24e-05), (0.0851925, -0.0581755, 5.24e-05), (0.0794, -0.0446181, 5.24e-05), (0.0807661, -0.0440288, 5.24e-05), (0.084871, -0.0398435, 5.24e-05), (0.0854337, -0.0384662, 5.24e-05), (0.0841022, -0.0411174, 5.24e-05), (0.0820248, -0.0432355, 5.24e-05), (0.0831458, -0.0422572, 5.24e-05), (0.0857768, -0.0370185, 5.24e-05), (0.0858921, -0.0355351, 5.24e-05), (0.0576708, -0.0485666, 5.24e-05), (0.0779591, -0.0449892, 5.24e-05), (0.0857739, -0.0202538, 5.24e-05), (0.0854223, -0.018789, 5.24e-05), (0.0848458, -0.0173972, 5.24e-05), (0.0840587, -0.0161128, 5.24e-05), (0.0830803, -0.0149673, 5.24e-05), (0.0819348, -0.013989, 5.24e-05), (0.0806504, -0.0132019, 5.24e-05), (0.0792587, -0.0126254, 5.24e-05), (0.0777939, -0.0122737, 5.24e-05), (0.0762921, -0.0121555, 5.24e-05), (0.0488421, -0.0072055, 5.24e-05), (0.0858921, -0.0217555, 5.24e-05), (0.0488421, 0.0068945, 5.24e-05), (0.0792587, 0.0123143, 5.24e-05), (0.0806504, 0.0128908, 5.24e-05), (0.0777939, 0.0119627, 5.24e-05), (0.0819348, 0.0136779, 5.24e-05), (0.0830803, 0.0146562, 5.24e-05), (0.0840587, 0.0158017, 5.24e-05), (0.0848458, 0.0170862, 5.24e-05), (0.0854223, 0.0184779, 5.24e-05), (0.0857739, 0.0199427, 5.24e-05), (0.0858921, 0.0214445, 5.24e-05), (0.0858921, 0.035224, 5.24e-05), (0.0488421, 0.0118445, 5.24e-05), (0.0762921, 0.0118445, 5.24e-05), (0.085363, 0.0578122, 5.24e-05), (0.085714, 0.057752, 5.24e-05), (0.0860702, 0.057752, 5.24e-05), (0.0864213, 0.0578122, 5.24e-05), (0.0488421, 0.0530729, 5.24e-05), (0.0847162, 0.0581046, 5.24e-05), (0.0850271, 0.0579309, 5.24e-05), (0.0867571, 0.0579309, 5.24e-05), (0.084871, 0.0395325, 5.24e-05), (0.0841022, 0.0408063, 5.24e-05), (0.0854337, 0.0381551, 5.24e-05), (0.0831458, 0.0419461, 5.24e-05), (0.0820248, 0.0429244, 5.24e-05), (0.0807661, 0.0437177, 5.24e-05), (0.0857768, 0.0367074, 5.24e-05), (0.0794, 0.044307, 5.24e-05), (0.0779591, 0.0446782, 5.24e-05), (0.0869163, 0.0616778, 5.24e-05), (0.0865917, 0.0618245, 5.24e-05), (0.086247, 0.0619143, 5.24e-05), (0.0858921, 0.0619445, 5.24e-05), (0.0551421, 0.0728945, 5.24e-05), (0.084868, 0.0616778, 5.24e-05), (0.0855372, 0.0619143, 5.24e-05), (0.0851925, 0.0618245, 5.24e-05), (0.0191142, 0.0656889, 0.0240526), (0.0192584, 0.0657177, 0.0244005), (0.0471582, 0.0712977, 0.0237314), (0.042912, 0.0704485, 0.0196096), (0.0432331, 0.0705127, 0.0198064), (0.0435195, 0.0705699, 0.020051), (0.0469136, 0.0712488, 0.0234451), (0.0418224, 0.0702305, 0.019348), (0.0421979, 0.0703056, 0.0193776), (0.0425641, 0.0703789, 0.0194655), (0.0410808, 0.0700822, 0.0194655), (0.041447, 0.0701554, 0.0193776), (0.0864796, -0.079473, 0.0475288), (0.0864796, -0.0733542, 0.0475288), (0.0864796, 0.0730432, 0.0475288), (0.0864796, 0.079162, 0.0475288), (0.0858921, -0.0580555, 0.0036524), (0.0858921, 0.0619445, 0.0036524), (0.0861864, -0.0794144, 0.0472516), (0.0861864, -0.0732956, 0.0472516), (0.0861864, 0.0729845, 0.0472516), (0.0861864, 0.0791033, 0.0472516), (0.0860702, -0.062248, 0.0036524), (0.0860702, 0.057752, 0.0036524), (0.0860186, -0.0793808, 0.0442636), (0.0860186, -0.073262, 0.0442636), (0.0860186, 0.0729509, 0.0442636), (0.0860186, 0.0790698, 0.0442636), (0.0859438, -0.0793659, 0.0469293), (0.0859438, -0.0732471, 0.0469293), (0.0859438, 0.072936, 0.0469293), (0.0859438, 0.0790548, 0.0469293), (0.0858921, -0.0622555, 0.0036524), (0.0858921, 0.0577445, 0.0036524), (0.0858136, -0.0793398, 0.0446111), (0.0858136, -0.073221, 0.0446111), (0.0858136, 0.07291, 0.0446111), (0.0858136, 0.0790288, 0.0446111), (0.0857587, -0.0793288, 0.0465708), (0.0857587, -0.07321, 0.0465708), (0.0857587, 0.072899, 0.0465708), (0.0857587, 0.0790178, 0.0465708), (0.085714, -0.062248, 0.0036524), (0.0855372, -0.0580857, 0.0036524), (0.085714, 0.057752, 0.0036524), (0.0855372, 0.0619143, 0.0036524), (0.0856698, -0.0793111, 0.044988), (0.0856698, -0.0731922, 0.044988), (0.0856698, 0.0728812, 0.044988), (0.0856698, 0.079, 0.044988), (0.0856361, -0.0793043, 0.0461864), (0.0856361, -0.0731855, 0.0461864), (0.0856361, 0.0728745, 0.0461864), (0.0856361, 0.0789933, 0.0461864), (0.085363, -0.0621878, 0.0036524), (0.085363, 0.0578122, 0.0036524), (0.0855911, -0.0792953, 0.0453837), (0.0855911, -0.0731765, 0.0453837), (0.0855911, 0.0728654, 0.0453837), (0.0855911, 0.0789843, 0.0453837), (0.0855797, -0.0792931, 0.045787), (0.0855797, -0.0731742, 0.045787), (0.0855797, 0.0728632, 0.045787), (0.0855797, 0.078982, 0.045787), (0.0851925, -0.0581755, 0.0036524), (0.0851925, 0.0618245, 0.0036524), (0.0850271, -0.0620691, 0.0036524), (0.0850271, 0.0579309, 0.0036524), (0.0840386, 0.0557439, 0.0060524), (0.084868, -0.0583222, 0.0036524), (0.084868, 0.0616778, 0.0036524), (0.0847162, -0.0618954, 0.0036524), (0.0847162, 0.0581046, 0.0036524), (0.0833722, -0.0638838, 0.0060524), (0.0833722, 0.0561162, 0.0060524), (0.0845729, -0.0585217, 5.24e-05), (0.0845729, 0.0614783, 5.24e-05), (0.0845729, -0.0585217, 0.0036524), (0.0845729, 0.0614783, 0.0036524), (0.084439, -0.0616716, 5.24e-05), (0.084439, -0.0616716, 0.0036524), (0.084439, 0.0583284, 5.24e-05), (0.084439, 0.0583284, 0.0036524), (0.0827784, -0.0634043, 0.0060524), (0.0827784, 0.0565957, 0.0060524), (0.0843157, -0.0587681, 5.24e-05), (0.0843157, 0.0612319, 5.24e-05), (0.0843157, -0.0587681, 0.0036524), (0.0830651, -0.0566544, 0.0060524), (0.0843157, 0.0612319, 0.0036524), (0.0830651, 0.0633456, 0.0060524), (0.0842037, -0.0614043, 5.24e-05), (0.0842037, -0.0614043, 0.0036524), (0.0842037, 0.0585957, 5.24e-05), (0.0842037, 0.0585957, 0.0036524), (0.0822741, -0.0628314, 0.0060524), (0.0822741, 0.0571686, 0.0060524), (0.0841039, -0.0590545, 5.24e-05), (0.0841039, 0.0609455, 5.24e-05), (0.0841039, -0.0590545, 0.0036524), (0.0825141, -0.0571825, 0.0060524), (0.0841039, 0.0609455, 0.0036524), (0.0825141, 0.0628175, 0.0060524), (0.084017, -0.061101, 5.24e-05), (0.084017, -0.061101, 0.0036524), (0.084017, 0.058899, 5.24e-05), (0.084017, 0.058899, 0.0036524), (0.0818739, -0.0621815, 0.0060524), (0.0818739, 0.0578186, 0.0060524), (0.0839436, -0.0593725, 5.24e-05), (0.0839436, 0.0606275, 5.24e-05), (0.0839436, -0.0593725, 0.0036524), (0.0820602, -0.0577962, 0.0060524), (0.0839436, 0.0606275, 0.0036524), (0.0820602, 0.0622039, 0.0060524), (0.0838842, -0.0607705, 5.24e-05), (0.0838842, -0.0607705, 0.0036524), (0.0838842, 0.0592295, 5.24e-05), (0.0838842, 0.0592295, 0.0036524), (0.0815894, -0.0614732, 0.0060524), (0.0815894, 0.0585268, 0.0060524), (0.0838392, -0.0597131, 5.24e-05), (0.0488421, 0.0716345, 5.24e-05), (0.0838392, 0.0602869, 5.24e-05), (0.0838392, -0.0597131, 0.0036524), (0.0817166, -0.0584777, 0.0060524), (0.0838392, 0.0602869, 0.0036524), (0.0817166, 0.0615223, 0.0060524), (0.0838091, -0.0604223, 5.24e-05), (0.0838091, -0.0604223, 0.0036524), (0.0838091, 0.0595777, 5.24e-05), (0.0838091, 0.0595777, 0.0036524), (0.0814286, -0.0607271, 0.0060524), (0.0814286, 0.0592729, 0.0060524), (0.083794, -0.0600664, 5.24e-05), (0.083794, 0.0599336, 5.24e-05), (0.083794, -0.0600664, 0.0036524), (0.0814931, -0.0592075, 0.0060524), (0.083794, 0.0599336, 0.0036524), (0.0814931, 0.0607925, 0.0060524), (0.0813962, -0.0599645, 0.0060524), (0.0813962, 0.0600355, 0.0060524), (0.0576708, 0.0482555, 5.24e-05), (0.0488421, -0.0121555, 5.24e-05), (0.0476421, 0.0118445, 0.0060524), (0.0476421, -0.0121555, 0.0060524), (0.0676113, -0.0756994, 0.0480524), (0.0580382, -0.0737848, 0.0439553), (0.0679867, -0.0757745, 0.0480228), (0.069022, -0.0759815, 0.047594), (0.0687009, -0.0759173, 0.0477908), (0.0683529, -0.0758477, 0.0479349), (0.0597352, -0.0680053, 0.0480524), (0.0676113, -0.0695806, 0.0480524), (0.0580382, -0.0676659, 0.0439553), (0.0679867, -0.0696556, 0.0480228), (0.0683529, -0.0697289, 0.0479349), (0.0687009, -0.0697985, 0.0477908), (0.069022, -0.0698627, 0.047594), (0.0676113, 0.0692695, 0.0480524), (0.0580382, 0.0673549, 0.0439553), (0.0679867, 0.0693446, 0.0480228), (0.069022, 0.0695516, 0.047594), (0.0687009, 0.0694874, 0.0477908), (0.0683529, 0.0694178, 0.0479349), (0.0597352, 0.0738131, 0.0480524), (0.0676113, 0.0753883, 0.0480524), (0.0580382, 0.0734737, 0.0439553), (0.0679867, 0.0754634, 0.0480228), (0.0683529, 0.0755366, 0.0479349), (0.0687009, 0.0756062, 0.0477908), (0.069022, 0.0756704, 0.047594), (0.0693215, -0.0699226, 0.0194655), (0.0474991, -0.0655581, 0.0244005), (0.0693215, 0.0696115, 0.0194655), (0.0474991, 0.065247, 0.0244005), (0.0689736, -0.0759718, 0.0196096), (0.0476166, -0.0717004, 0.0251421), (0.047587, -0.0716945, 0.0247667), (0.0689736, -0.069853, 0.0196096), (0.0689736, 0.0695419, 0.0196096), (0.0476165, 0.0652705, 0.0251421), (0.047587, 0.0652646, 0.0247667), (0.0689736, 0.0756608, 0.0196096), (0.0686525, -0.0759076, 0.0198064), (0.0686525, -0.0697888, 0.0198064), (0.0686525, 0.0694777, 0.0198064), (0.0686525, 0.0755965, 0.0198064), (0.0683661, -0.0758503, 0.020051), (0.047587, -0.0716945, 0.0255176), (0.0683661, -0.0697315, 0.020051), (0.0683661, 0.0694204, 0.020051), (0.047587, 0.0652646, 0.0255176), (0.0683661, 0.0755393, 0.020051), (0.0471582, -0.0716088, 0.0265528), (0.047355, -0.0716481, 0.0262317), (0.0474991, -0.0716769, 0.0258838), (0.0469136, -0.0715598, 0.0268392), (0.0410676, -0.0703906, 0.0473494), (0.0410676, -0.0642718, 0.0473494), (0.0474991, -0.0655581, 0.0258838), (0.047355, -0.0655293, 0.0262317), (0.0471582, -0.0654899, 0.0265528), (0.0469136, -0.065441, 0.0268392), (0.047587, -0.0655757, 0.0247667), (0.0476166, -0.0655816, 0.0251421), (0.047587, -0.0655757, 0.0255176), (0.0471582, 0.0651789, 0.0265528), (0.047355, 0.0652182, 0.0262317), (0.0474991, 0.065247, 0.0258838), (0.0469136, 0.0651299, 0.0268392), (0.0410676, 0.0639607, 0.0473494), (0.0410676, 0.0700796, 0.0473494), (0.047587, 0.0713834, 0.0255176), (0.0474991, 0.0713659, 0.0258838), (0.047355, 0.071337, 0.0262317), (0.0471582, 0.0712977, 0.0265528), (0.0469136, 0.0712488, 0.0268392), (0.0476165, 0.0713894, 0.0251421), (0.0597352, -0.0741242, 0.0480524), (0.0597352, 0.0676943, 0.0480524), (0.0593332, -0.0740438, 0.0480185), (0.0593332, -0.0679249, 0.0480185), (0.0593332, 0.0676139, 0.0480185), (0.0593332, 0.0737327, 0.0480185), (0.0589426, -0.0739656, 0.0479177), (0.0589426, -0.0678468, 0.0479177), (0.0589426, 0.0675357, 0.0479177), (0.0589426, 0.0736546, 0.0479177), (0.0585743, -0.073892, 0.0477529), (0.0585743, -0.0677732, 0.0477529), (0.0585743, 0.0674621, 0.0477529), (0.0585743, 0.0735809, 0.0477529), (0.0582389, -0.0738249, 0.0475288), (0.0582389, -0.0677061, 0.0475288), (0.0582389, 0.067395, 0.0475288), (0.0582389, 0.0735138, 0.0475288), (0.0579457, -0.0737663, 0.0472516), (0.0579457, -0.0676474, 0.0472516), (0.0579457, 0.0673364, 0.0472516), (0.0579457, 0.0734552, 0.0472516), (0.0577779, -0.0737327, 0.0442636), (0.0577779, -0.0676139, 0.0442636), (0.0577779, 0.0673028, 0.0442636), (0.0577779, 0.0734216, 0.0442636), (0.0577031, -0.0737177, 0.0469293), (0.0577031, -0.0675989, 0.0469293), (0.0577031, 0.0672878, 0.0469293), (0.0577031, 0.0734067, 0.0469293), (0.0575729, -0.0736917, 0.0446111), (0.0575729, -0.0675729, 0.0446111), (0.0575729, 0.0672618, 0.0446111), (0.0575729, 0.0733806, 0.0446111), (0.0575179, -0.0736807, 0.0465708), (0.0575179, -0.0675619, 0.0465708), (0.0575179, 0.0672508, 0.0465708), (0.0575179, 0.0733696, 0.0465708), (0.0564889, -0.0487002, 5.24e-05), (0.0564889, -0.0487002, 0.0060524), (0.0564889, 0.0483891, 5.24e-05), (0.0564889, 0.0483891, 0.0060524), (0.057429, -0.0736629, 0.044988), (0.057429, -0.0675441, 0.044988), (0.057429, 0.067233, 0.044988), (0.057429, 0.0733518, 0.044988), (0.0573954, -0.0736562, 0.0461864), (0.0573954, -0.0675374, 0.0461864), (0.0573954, 0.0672263, 0.0461864), (0.0573954, 0.0733451, 0.0461864), (0.0573503, -0.0736472, 0.0453837), (0.0573503, -0.0675284, 0.0453837), (0.0573503, 0.0672173, 0.0453837), (0.0573503, 0.0733361, 0.0453837), (0.057339, -0.0736449, 0.045787), (0.057339, -0.0675261, 0.045787), (0.057339, 0.067215, 0.045787), (0.057339, 0.0733338, 0.045787), (0.0552996, -0.0486866, 5.24e-05), (0.0552996, -0.0486866, 0.0060524), (0.0552996, 0.0483755, 5.24e-05), (0.0552996, 0.0483755, 0.0060524), (0.0541211, -0.048526, 5.24e-05), (0.0541211, -0.048526, 0.0060524), (0.0541211, 0.048215, 5.24e-05), (0.0541211, 0.048215, 0.0060524), (0.0189175, 0.0656495, 0.0237314), (-0.0091265, 0.0600407, 0.0240526), (-0.0089824, 0.0600696, 0.0244005), (0.0146713, 0.0648003, 0.0196096), (0.0149924, 0.0648645, 0.0198064), (0.0152788, 0.0649218, 0.020051), (0.0186729, 0.0656006, 0.0234451), (0.0135817, 0.0645824, 0.019348), (0.0139572, 0.0646575, 0.0193776), (0.0143234, 0.0647307, 0.0194655), (0.0128401, 0.0644341, 0.0194655), (0.0132063, 0.0645073, 0.0193776), (0.0488421, -0.0474702, 5.24e-05), (0.0476421, -0.0472302, 0.0060524), (0.0488421, 0.0471592, 5.24e-05), (0.0476421, 0.0469192, 0.0060524), (0.0018921, -0.0625555, 5.24e-05), (-0.0089824, -0.0603806, 0.0244005), (-0.0091265, -0.0603518, 0.0240526), (0.0189175, -0.0659606, 0.0237314), (0.0186729, -0.0659117, 0.0234451), (0.0152788, -0.0652329, 0.020051), (0.0149924, -0.0651756, 0.0198064), (0.0146713, -0.0651114, 0.0196096), (-0.0093233, -0.0603125, 0.0237314), (-0.0095678, -0.0602636, 0.0234451), (-0.012962, -0.0595847, 0.020051), (-0.0132483, -0.0595275, 0.0198064), (-0.0135694, -0.0594632, 0.0196096), (-0.0139174, -0.0593936, 0.0194655), (0.0143234, -0.0650418, 0.0194655), (0.0139572, -0.0649685, 0.0193776), (0.0135817, -0.0648935, 0.019348), (0.0132063, -0.0648184, 0.0193776), (0.0128401, -0.0647451, 0.0194655), (-0.0142836, -0.0593204, 0.0193776), (-0.014659, -0.0592453, 0.019348), (-0.0150344, -0.0591702, 0.0193776), (-0.0154007, -0.059097, 0.0194655), (-0.0372231, -0.0547325, 0.0244005), (0.0018921, -0.053384, 5.24e-05), (0.0216094, -0.0420237, 5.24e-05), (0.0216094, -0.0420237, 0.0060524), (0.0234921, -0.0121555, 5.24e-05), (0.0018921, -0.0072055, 5.24e-05), (0.0018921, 0.0068945, 5.24e-05), (0.0234921, 0.0118445, 5.24e-05), (0.0234921, 0.0118445, 0.0060524), (0.0018921, 0.0530729, 5.24e-05), (0.0216094, 0.0417126, 5.24e-05), (0.0018921, 0.0622445, 5.24e-05), (-0.0373672, 0.0543926, 0.0240526), (-0.0372231, 0.0544214, 0.0244005), (-0.0093233, 0.0600014, 0.0237314), (-0.0135694, 0.0591522, 0.0196096), (-0.0132483, 0.0592164, 0.0198064), (-0.012962, 0.0592737, 0.020051), (-0.0095678, 0.0599525, 0.0234451), (-0.014659, 0.0589342, 0.019348), (-0.0142836, 0.0590093, 0.0193776), (-0.0139174, 0.0590826, 0.0194655), (-0.0154007, 0.0587859, 0.0194655), (-0.0150345, 0.0588592, 0.0193776), (0.0234921, -0.0121555, 0.0060524), (0.0018921, -0.0084055, 0.0060524), (0.0018921, 0.0080945, 0.0060524), (0.0216094, 0.0417126, 0.0060524), (0.0393706, -0.0700512, 0.0480524), (0.0297975, -0.0681366, 0.0439553), (0.039746, -0.0701263, 0.0480228), (0.0407813, -0.0703334, 0.047594), (0.0404601, -0.0702691, 0.0477908), (0.0401122, -0.0701996, 0.0479349), (0.0314945, -0.0623572, 0.0480524), (0.0393706, -0.0639324, 0.0480524), (0.0297975, -0.0620178, 0.0439553), (0.039746, -0.0640075, 0.0480228), (0.0401122, -0.0640807, 0.0479349), (0.0404601, -0.0641503, 0.0477908), (0.0407813, -0.0642145, 0.047594), (0.0393706, 0.0636213, 0.0480524), (0.0297975, 0.0617067, 0.0439553), (0.039746, 0.0636964, 0.0480228), (0.0407812, 0.0639035, 0.047594), (0.0404601, 0.0638392, 0.0477908), (0.0401122, 0.0637697, 0.0479349), (0.0314945, 0.0681649, 0.0480524), (0.0393706, 0.0697402, 0.0480524), (0.0297975, 0.0678255, 0.0439553), (0.039746, 0.0698152, 0.0480228), (0.0401122, 0.0698885, 0.0479349), (0.0404601, 0.0699581, 0.0477908), (0.0407812, 0.0700223, 0.047594), (0.041447, -0.0643477, 0.0193776), (0.041447, 0.0640366, 0.0193776), (0.0152788, 0.058803, 0.020051), (0.0410808, -0.0642745, 0.0194655), (0.0192584, -0.05991, 0.0244005), (0.0186729, -0.0597929, 0.0234451), (0.0189175, -0.0598418, 0.0237314), (0.0191142, -0.0598811, 0.0240526), (0.0152788, -0.059114, 0.020051), (0.0410808, 0.0639634, 0.0194655), (0.0192584, 0.0595989, 0.0244005), (0.0191142, 0.0595701, 0.0240526), (0.0189175, 0.0595307, 0.0237314), (0.0186729, 0.0594818, 0.0234451), (0.0193758, -0.0660523, 0.0251421), (0.0193463, -0.0660464, 0.0247667), (0.0407329, -0.0703237, 0.0196096), (0.0407329, -0.0642049, 0.0196096), (0.0407329, 0.0638938, 0.0196096), (0.0193758, 0.0596224, 0.0251421), (0.0193463, 0.0596165, 0.0247667), (0.0407329, 0.0700126, 0.0196096), (0.0404118, -0.0702595, 0.0198064), (0.0404118, -0.0641406, 0.0198064), (0.0404118, 0.0638296, 0.0198064), (0.0404118, 0.0699484, 0.0198064), (0.0401254, -0.0702022, 0.020051), (0.0193463, -0.0660464, 0.0255176), (0.0401254, -0.0640834, 0.020051), (0.0401254, 0.0637723, 0.020051), (0.0193463, 0.0596165, 0.0255176), (0.0401254, 0.0698911, 0.020051), (0.0189175, -0.0659606, 0.0265528), (0.0191142, -0.066, 0.0262317), (0.0192584, -0.0660288, 0.0258838), (0.0186729, -0.0659117, 0.0268392), (0.0128269, -0.0647425, 0.0473494), (0.0128269, -0.0586237, 0.0473494), (0.0193758, -0.0599335, 0.0251421), (0.0193463, -0.0599275, 0.0255176), (0.0192584, -0.05991, 0.0258838), (0.0191142, -0.0598811, 0.0262317), (0.0189175, -0.0598418, 0.0265528), (0.0186729, -0.0597929, 0.0268392), (0.0193463, -0.0599275, 0.0247667), (0.0189175, 0.0595307, 0.0265528), (0.0191142, 0.0595701, 0.0262317), (0.0192584, 0.0595989, 0.0258838), (0.0186729, 0.0594818, 0.0268392), (0.0128269, 0.0583126, 0.0473494), (0.0128269, 0.0644314, 0.0473494), (0.0193758, 0.0657412, 0.0251421), (0.0193463, 0.0657353, 0.0255176), (0.0192584, 0.0657177, 0.0258838), (0.0191142, 0.0656889, 0.0262317), (0.0189175, 0.0656495, 0.0265528), (0.0186729, 0.0656006, 0.0268392), (0.0193463, 0.0657353, 0.0247667), (0.0314945, -0.068476, 0.0480524), (0.0314945, 0.0620461, 0.0480524), (0.0310925, -0.0683956, 0.0480185), (0.0310925, -0.0622768, 0.0480185), (0.0310925, 0.0619657, 0.0480185), (0.0310925, 0.0680845, 0.0480185), (0.0307018, -0.0683175, 0.0479177), (0.0307018, -0.0621987, 0.0479177), (0.0307018, 0.0618876, 0.0479177), (0.0307018, 0.0680064, 0.0479177), (0.0303336, -0.0682438, 0.0477529), (0.0303336, -0.062125, 0.0477529), (0.0303336, 0.0618139, 0.0477529), (0.0303336, 0.0679328, 0.0477529), (0.0299981, -0.0681767, 0.0475288), (0.0299981, -0.0620579, 0.0475288), (0.0299981, 0.0617468, 0.0475288), (0.0299981, 0.0678657, 0.0475288), (0.029705, -0.0681181, 0.0472516), (0.029705, -0.0619993, 0.0472516), (0.029705, 0.0616882, 0.0472516), (0.029705, 0.067807, 0.0472516), (0.0295372, -0.0680846, 0.0442636), (0.0295372, -0.0619657, 0.0442636), (0.0295372, 0.0616547, 0.0442636), (0.0295372, 0.0677735, 0.0442636), (0.0294624, -0.0680696, 0.0469293), (0.0294624, -0.0619508, 0.0469293), (0.0294624, 0.0616397, 0.0469293), (0.0294624, 0.0677585, 0.0469293), (0.0293322, -0.0680436, 0.0446111), (0.0293322, -0.0619247, 0.0446111), (0.0293322, 0.0616137, 0.0446111), (0.0293322, 0.0677325, 0.0446111), (0.0292772, -0.0680326, 0.0465708), (0.0292772, -0.0619137, 0.0465708), (0.0292772, 0.0616027, 0.0465708), (0.0292772, 0.0677215, 0.0465708), (0.0291883, -0.0680148, 0.044988), (0.0291883, -0.061896, 0.044988), (0.0291883, 0.0615849, 0.044988), (0.0291883, 0.0677037, 0.044988), (0.0291547, -0.0680081, 0.0461864), (0.0291547, -0.0618892, 0.0461864), (0.0291547, 0.0615782, 0.0461864), (0.0291547, 0.067697, 0.0461864), (0.0291096, -0.067999, 0.0453837), (0.0291096, -0.0618802, 0.0453837), (0.0291096, 0.0615691, 0.0453837), (0.0291096, 0.067688, 0.0453837), (0.0290983, -0.0679968, 0.045787), (0.0290983, -0.061878, 0.045787), (0.0290983, 0.0615669, 0.045787), (0.0290983, 0.0676857, 0.045787), (0.0219903, -0.0122737, 5.24e-05), (0.0219903, 0.0119627, 5.24e-05), (0.0219903, 0.0119627, 0.0060524), (0.0219903, -0.0122737, 0.0060524), (0.0205255, -0.0126254, 5.24e-05), (0.0205255, 0.0123143, 5.24e-05), (0.0205255, 0.0123143, 0.0060524), (0.0205255, -0.0126254, 0.0060524), (0.0200289, -0.0415637, 5.24e-05), (0.0200289, -0.0415637, 0.0060524), (0.0200289, 0.0412526, 5.24e-05), (0.0200289, 0.0412526, 0.0060524), (0.0191338, -0.0132019, 5.24e-05), (0.0191338, 0.0128908, 5.24e-05), (0.0191338, 0.0128908, 0.0060524), (0.0191338, -0.0132019, 0.0060524), (0.0185503, -0.0408405, 5.24e-05), (0.0185503, -0.0408405, 0.0060524), (0.0185503, 0.0405294, 5.24e-05), (0.0185503, 0.0405294, 0.0060524), (0.0178494, -0.013989, 5.24e-05), (0.0178494, 0.0136779, 5.24e-05), (0.0178494, 0.0136779, 0.0060524), (0.0178494, -0.013989, 0.0060524), (0.0111298, -0.0644031, 0.0480524), (0.0015567, -0.0624885, 0.0439553), (0.0115053, -0.0644782, 0.0480228), (0.0125405, -0.0646852, 0.047594), (0.0122194, -0.064621, 0.0477908), (0.0118715, -0.0645514, 0.0479349), (0.0032538, -0.0567091, 0.0480524), (0.0111298, -0.0582843, 0.0480524), (0.0015567, -0.0563696, 0.0439553), (0.0115053, -0.0583594, 0.0480228), (0.0118715, -0.0584326, 0.0479349), (0.0122194, -0.0585022, 0.0477908), (0.0125405, -0.0585664, 0.047594), (0.0111298, 0.0579732, 0.0480524), (0.0015567, 0.0560586, 0.0439553), (0.0115053, 0.0580483, 0.0480228), (0.0125405, 0.0582553, 0.047594), (0.0122194, 0.0581911, 0.0477908), (0.0118715, 0.0581215, 0.0479349), (0.0032538, 0.0625168, 0.0480524), (0.0111298, 0.064092, 0.0480524), (0.0015567, 0.0621774, 0.0439553), (0.0115053, 0.0641671, 0.0480228), (0.0118715, 0.0642403, 0.0479349), (0.0122194, 0.0643099, 0.0477908), (0.0125405, 0.0643741, 0.047594), (0.0172169, -0.0398752, 5.24e-05), (0.0172169, -0.0398752, 0.0060524), (0.0172169, 0.0395642, 5.24e-05), (0.0172169, 0.0395642, 0.0060524), (0.0167039, -0.0149673, 5.24e-05), (0.0167039, 0.0146562, 5.24e-05), (0.0167039, 0.0146562, 0.0060524), (0.0167039, -0.0149673, 0.0060524), (0.016068, -0.0386964, 5.24e-05), (0.016068, -0.0386964, 0.0060524), (0.016068, 0.0383853, 5.24e-05), (0.0018921, -0.0515417, 0.0060524), (0.016068, 0.0383853, 0.0060524), (0.0157255, -0.0161128, 5.24e-05), (0.0157255, 0.0158017, 5.24e-05), (0.0157255, 0.0158017, 0.0060524), (0.0157255, -0.0161128, 0.0060524), (0.0151374, -0.0373387, 5.24e-05), (0.0151374, -0.0373387, 0.0060524), (0.0151374, 0.0370276, 5.24e-05), (0.0151374, 0.0370276, 0.0060524), (0.0149385, -0.0173972, 5.24e-05), (0.0149384, 0.0170861, 5.24e-05), (0.0149384, 0.0170861, 0.0060524), (0.0149385, -0.0173972, 0.0060524), (0.0144524, -0.0358419, 5.24e-05), (0.0144524, -0.0358419, 0.0060524), (0.0144524, 0.0355308, 5.24e-05), (0.0144524, 0.0355308, 0.0060524), (0.014362, -0.018789, 5.24e-05), (0.014362, 0.0184779, 5.24e-05), (0.014362, 0.0184779, 0.0060524), (0.014362, -0.018789, 0.0060524), (0.0140332, -0.0342501, 5.24e-05), (0.0140332, -0.0342501, 0.0060524), (0.0140332, 0.033939, 5.24e-05), (0.0140332, 0.033939, 0.0060524), (0.0140103, -0.0202538, 5.24e-05), (0.0140103, 0.0199427, 5.24e-05), (0.0140103, 0.0199427, 0.0060524), (0.0140103, -0.0202538, 0.0060524), (0.0138921, -0.0326101, 5.24e-05), (0.0138921, -0.0326101, 0.0060524), (0.0138921, 0.0322991, 5.24e-05), (0.0138921, 0.0322991, 0.0060524), (0.0138921, -0.0217555, 5.24e-05), (0.0138921, 0.0214445, 5.24e-05), (0.0138921, 0.0214445, 0.0060524), (0.0138921, -0.0217555, 0.0060524), (0.0132063, -0.0586996, 0.0193776), (0.0132063, 0.0583885, 0.0193776), (-0.012962, 0.0531548, 0.020051), (0.0128401, -0.0586263, 0.0194655), (-0.0089824, -0.0542618, 0.0244005), (-0.0095678, -0.0541447, 0.0234451), (-0.0093233, -0.0541936, 0.0237314), (-0.0091265, -0.054233, 0.0240526), (-0.012962, -0.0534659, 0.020051), (0.0128401, 0.0583152, 0.0194655), (-0.0089824, 0.0539507, 0.0244005), (-0.0091265, 0.0539219, 0.0240526), (-0.0093233, 0.0538826, 0.0237314), (-0.0095678, 0.0538337, 0.0234451), (-0.0088649, -0.0604041, 0.0251421), (-0.0088944, -0.0603982, 0.0247667), (0.0124921, -0.0646755, 0.0196096), (0.0124921, -0.0585567, 0.0196096), (0.0124921, 0.0582456, 0.0196096), (-0.0088649, 0.0539742, 0.0251421), (-0.0088945, 0.0539683, 0.0247667), (0.0124921, 0.0643645, 0.0196096), (0.012171, -0.0646113, 0.0198064), (0.012171, -0.0584925, 0.0198064), (0.012171, 0.0581814, 0.0198064), (0.012171, 0.0643003, 0.0198064), (0.0118847, -0.0645541, 0.020051), (-0.0088944, -0.0603982, 0.0255176), (0.0118847, -0.0584352, 0.020051), (0.0118847, 0.0581242, 0.020051), (-0.0088945, 0.0539683, 0.0255176), (0.0118847, 0.064243, 0.020051), (-0.0093233, -0.0603125, 0.0265528), (-0.0091265, -0.0603518, 0.0262317), (-0.0089824, -0.0603806, 0.0258838), (-0.0095678, -0.0602636, 0.0268392), (-0.0154138, -0.0590944, 0.0473494), (-0.0154138, -0.0529755, 0.0473494), (-0.0088649, -0.0542853, 0.0251421), (-0.0088944, -0.0542794, 0.0255176), (-0.0089824, -0.0542618, 0.0258838), (-0.0091265, -0.054233, 0.0262317), (-0.0093233, -0.0541936, 0.0265528), (-0.0095678, -0.0541447, 0.0268392), (-0.0088944, -0.0542794, 0.0247667), (-0.0093233, 0.0538826, 0.0265528), (-0.0091265, 0.0539219, 0.0262317), (-0.0089824, 0.0539507, 0.0258838), (-0.0095678, 0.0538337, 0.0268392), (-0.0154138, 0.0526645, 0.0473494), (-0.0154138, 0.0587833, 0.0473494), (-0.0088649, 0.0600931, 0.0251421), (-0.0088945, 0.0600872, 0.0255176), (-0.0089824, 0.0600696, 0.0258838), (-0.0091265, 0.0600407, 0.0262317), (-0.0093233, 0.0600014, 0.0265528), (-0.0095678, 0.0599525, 0.0268392), (-0.0088945, 0.0600872, 0.0247667), (0.0032538, -0.0628279, 0.0480524), (0.0032538, 0.056398, 0.0480524), (0.0028518, -0.0627475, 0.0480185), (0.0028518, -0.0566287, 0.0480185), (0.0028518, 0.0563176, 0.0480185), (0.0028518, 0.0624364, 0.0480185), (0.0024611, -0.0626693, 0.0479177), (0.0024611, -0.0565505, 0.0479177), (0.0024611, 0.0562394, 0.0479177), (0.0024611, 0.0623583, 0.0479177), (0.0020929, -0.0625957, 0.0477529), (0.0020929, -0.0564769, 0.0477529), (0.0020929, 0.0561658, 0.0477529), (0.0020929, 0.0622846, 0.0477529), (0.0017574, -0.0625286, 0.0475288), (0.0017574, -0.0564098, 0.0475288), (0.0017574, 0.0560987, 0.0475288), (0.0017574, 0.0622175, 0.0475288), (-0.0439656, -0.053384, 5.24e-05), (-0.0654638, -0.0490844, 0.0244005), (-0.0656079, -0.0490555, 0.0240526), (-0.0658047, -0.0490162, 0.0237314), (-0.0937045, -0.0434362, 0.0244005), (-0.037564, -0.0546643, 0.0237314), (-0.0378086, -0.0546154, 0.0234451), (-0.0412027, -0.0539366, 0.020051), (-0.041489, -0.0538793, 0.0198064), (-0.0660493, -0.0489673, 0.0234451), (-0.0694434, -0.0482884, 0.020051), (-0.0697298, -0.0482312, 0.0198064), (-0.0700509, -0.0481669, 0.0196096), (-0.0703988, -0.0480974, 0.0194655), (-0.070765, -0.0480241, 0.0193776), (-0.0373672, -0.0547037, 0.0240526), (-0.0418102, -0.0538151, 0.0196096), (-0.0421581, -0.0537455, 0.0194655), (-0.0425243, -0.0536723, 0.0193776), (-0.0428997, -0.0535972, 0.019348), (-0.0432752, -0.0535221, 0.0193776), (-0.0711405, -0.047949, 0.019348), (-0.0715159, -0.0478739, 0.0193776), (-0.0200597, -0.0335637, 5.24e-05), (-0.0185196, -0.0334963, 5.24e-05), (-0.0170103, -0.0331833, 5.24e-05), (-0.0155704, -0.0326328, 5.24e-05), (-0.0142373, -0.0318589, 5.24e-05), (-0.0130452, -0.0308816, 5.24e-05), (-0.0120249, -0.0297261, 5.24e-05), (-0.0112027, -0.0284222, 5.24e-05), (-0.0105997, -0.0270035, 5.24e-05), (-0.0102316, -0.0255066, 5.24e-05), (-0.0101079, -0.0239701, 5.24e-05), (-0.0101079, -0.0072055, 5.24e-05), (-0.0101079, 0.0068945, 5.24e-05), (-0.0101079, 0.0236591, 5.24e-05), (-0.0439656, 0.0530729, 5.24e-05), (-0.0102317, 0.0251956, 5.24e-05), (-0.0105997, 0.0266925, 5.24e-05), (-0.0112027, 0.0281111, 5.24e-05), (-0.0120249, 0.029415, 5.24e-05), (-0.0130452, 0.0305705, 5.24e-05), (-0.0142373, 0.0315478, 5.24e-05), (-0.0155704, 0.0323217, 5.24e-05), (-0.0170103, 0.0328722, 5.24e-05), (-0.0185196, 0.0331852, 5.24e-05), (-0.0656079, 0.0487445, 0.0240526), (-0.0654638, 0.0487733, 0.0244005), (-0.0658047, 0.0487051, 0.0237314), (-0.0938487, 0.0430963, 0.0240526), (-0.0937045, 0.0431251, 0.0244005), (-0.037564, 0.0543532, 0.0237314), (-0.0418102, 0.053504, 0.0196096), (-0.041489, 0.0535682, 0.0198064), (-0.0700509, 0.0478559, 0.0196096), (-0.0697298, 0.0479201, 0.0198064), (-0.0412027, 0.0536255, 0.020051), (-0.0378086, 0.0543043, 0.0234451), (-0.0694434, 0.0479774, 0.020051), (-0.0660493, 0.0486562, 0.0234451), (-0.0711405, 0.0476379, 0.019348), (-0.070765, 0.047713, 0.0193776), (-0.0703988, 0.0477863, 0.0194655), (-0.0428997, 0.0532861, 0.019348), (-0.0425243, 0.0533612, 0.0193776), (-0.0421581, 0.0534344, 0.0194655), (-0.0718821, 0.0474896, 0.0194655), (-0.0715159, 0.0475629, 0.0193776), (-0.0436414, 0.0531378, 0.0194655), (-0.0432752, 0.053211, 0.0193776), (-0.0130452, -0.0308816, 0.0060524), (-0.0142373, -0.0318589, 0.0060524), (-0.0155704, -0.0326328, 0.0060524), (-0.0170103, -0.0331833, 0.0060524), (-0.0185196, -0.0334963, 0.0060524), (-0.0105997, -0.0270035, 0.0060524), (-0.0112027, -0.0284222, 0.0060524), (-0.0120249, -0.0297261, 0.0060524), (-0.0200597, -0.0335637, 0.0060524), (-0.0215906, -0.0333837, 0.0060524), (-0.0918579, -0.0327917, 0.0060524), (-0.0101079, -0.0239701, 0.0060524), (-0.0102316, -0.0255066, 0.0060524), (-0.0101079, 0.0080945, 0.0060524), (-0.0101079, -0.0084055, 0.0060524), (-0.0102317, 0.0251956, 0.0060524), (-0.0101079, 0.0236591, 0.0060524), (-0.0120249, 0.029415, 0.0060524), (-0.0112027, 0.0281111, 0.0060524), (-0.0200597, 0.0332526, 0.0060524), (-0.0185196, 0.0331852, 0.0060524), (-0.0170103, 0.0328722, 0.0060524), (-0.0155704, 0.0323217, 0.0060524), (-0.0142373, 0.0315478, 0.0060524), (-0.0130452, 0.0305705, 0.0060524), (-0.0918579, 0.0324806, 0.0060524), (-0.0743906, 0.0225126, 0.0060524), (-0.0215906, 0.0330726, 0.0060524), (-0.0105997, 0.0266925, 0.0060524), (0.0014643, -0.06247, 0.0472516), (0.0014643, -0.0563511, 0.0472516), (0.0014642, 0.0560401, 0.0472516), (0.0014642, 0.0621589, 0.0472516), (0.0012964, -0.0624364, 0.0442636), (0.0012964, -0.0563176, 0.0442636), (0.0012964, 0.0560065, 0.0442636), (0.0012964, 0.0621253, 0.0442636), (0.0012217, -0.0624214, 0.0469293), (0.0012217, -0.0563026, 0.0469293), (0.0012216, 0.0559915, 0.0469293), (0.0012216, 0.0621104, 0.0469293), (0.0010915, -0.0623954, 0.0446111), (0.0010915, -0.0562766, 0.0446111), (0.0010915, 0.0559655, 0.0446111), (0.0010915, 0.0620843, 0.0446111), (0.0010365, -0.0623844, 0.0465708), (0.0010365, -0.0562656, 0.0465708), (0.0010365, 0.0559545, 0.0465708), (0.0010365, 0.0620733, 0.0465708), (0.0009476, -0.0623666, 0.044988), (0.0009476, -0.0562478, 0.044988), (0.0009476, 0.0559367, 0.044988), (0.0009476, 0.0620556, 0.044988), (0.000914, -0.0623599, 0.0461864), (0.000914, -0.0562411, 0.0461864), (0.000914, 0.05593, 0.0461864), (0.000914, 0.0620488, 0.0461864), (0.0008689, -0.0623509, 0.0453837), (0.0008689, -0.0562321, 0.0453837), (0.0008689, 0.055921, 0.0453837), (0.0008689, 0.0620398, 0.0453837), (0.0008576, -0.0623486, 0.045787), (0.0008576, -0.0562298, 0.045787), (0.0008576, 0.0559187, 0.045787), (0.0008576, 0.0620376, 0.045787), (-0.0171109, -0.0587549, 0.0480524), (-0.026684, -0.0568403, 0.0439553), (-0.0167354, -0.05883, 0.0480228), (-0.0157002, -0.0590371, 0.047594), (-0.0160213, -0.0589729, 0.0477908), (-0.0163692, -0.0589033, 0.0479349), (-0.0249869, -0.0510609, 0.0480524), (-0.0171109, -0.0526361, 0.0480524), (-0.026684, -0.0507215, 0.0439553), (-0.0167354, -0.0527112, 0.0480228), (-0.0163692, -0.0527844, 0.0479349), (-0.0160213, -0.052854, 0.0477908), (-0.0157002, -0.0529183, 0.047594), (-0.0171109, 0.052325, 0.0480524), (-0.026684, 0.0504104, 0.0439553), (-0.0167354, 0.0524001, 0.0480228), (-0.0157002, 0.0526072, 0.047594), (-0.0160213, 0.052543, 0.0477908), (-0.0163692, 0.0524734, 0.0479349), (-0.0249869, 0.0568687, 0.0480524), (-0.0171109, 0.0584439, 0.0480524), (-0.026684, 0.0565292, 0.0439553), (-0.0167354, 0.058519, 0.0480228), (-0.0163692, 0.0585922, 0.0479349), (-0.0160213, 0.0586618, 0.0477908), (-0.0157002, 0.058726, 0.047594), (-0.0150345, -0.0530514, 0.0193776), (-0.0150345, 0.0527403, 0.0193776), (-0.0412027, 0.0475067, 0.020051), (-0.0154007, -0.0529782, 0.0194655), (-0.0372231, -0.0486137, 0.0244005), (-0.0378086, -0.0484966, 0.0234451), (-0.037564, -0.0485455, 0.0237314), (-0.0373672, -0.0485849, 0.0240526), (-0.0412027, -0.0478178, 0.020051), (-0.0154007, 0.0526671, 0.0194655), (-0.0372231, 0.0483026, 0.0244005), (-0.0373672, 0.0482738, 0.0240526), (-0.037564, 0.0482344, 0.0237314), (-0.0378086, 0.0481855, 0.0234451), (-0.0157486, -0.0590274, 0.0196096), (-0.0371056, -0.054756, 0.0251421), (-0.0371352, -0.0547501, 0.0247667), (-0.0157486, -0.0529086, 0.0196096), (-0.0157486, 0.0525975, 0.0196096), (-0.0371056, 0.0483261, 0.0251421), (-0.0371352, 0.0483202, 0.0247667), (-0.0157486, 0.0587163, 0.0196096), (-0.0160697, -0.0589632, 0.0198064), (-0.0160697, -0.0528444, 0.0198064), (-0.0160697, 0.0525333, 0.0198064), (-0.0160697, 0.0586521, 0.0198064), (-0.0163561, -0.0589059, 0.020051), (-0.0371352, -0.0547501, 0.0255176), (-0.0163561, -0.0527871, 0.020051), (-0.0163561, 0.052476, 0.020051), (-0.0371352, 0.0483202, 0.0255176), (-0.0163561, 0.0585948, 0.020051), (-0.037564, -0.0546643, 0.0265528), (-0.0373672, -0.0547037, 0.0262317), (-0.0372231, -0.0547325, 0.0258838), (-0.0378086, -0.0546154, 0.0268392), (-0.0436545, -0.0534462, 0.0473494), (-0.0436545, -0.0473274, 0.0473494), (-0.0371056, -0.0486372, 0.0251421), (-0.0371352, -0.0486313, 0.0255176), (-0.0372231, -0.0486137, 0.0258838), (-0.0373672, -0.0485849, 0.0262317), (-0.037564, -0.0485455, 0.0265528), (-0.0378086, -0.0484966, 0.0268392), (-0.0371352, -0.0486313, 0.0247667), (-0.037564, 0.0482344, 0.0265528), (-0.0373672, 0.0482738, 0.0262317), (-0.0372231, 0.0483026, 0.0258838), (-0.0378086, 0.0481855, 0.0268392), (-0.0436546, 0.0470163, 0.0473494), (-0.0436546, 0.0531351, 0.0473494), (-0.0371056, 0.0544449, 0.0251421), (-0.0371352, 0.054439, 0.0255176), (-0.0372231, 0.0544214, 0.0258838), (-0.0373672, 0.0543926, 0.0262317), (-0.037564, 0.0543532, 0.0265528), (-0.0378086, 0.0543043, 0.0268392), (-0.0371352, 0.054439, 0.0247667), (-0.0249869, -0.0571797, 0.0480524), (-0.0249869, 0.0507498, 0.0480524), (-0.0200597, 0.0332526, 5.24e-05), (-0.0215906, -0.0333837, 5.24e-05), (-0.0215906, 0.0330726, 5.24e-05), (-0.0743906, -0.0228237, 5.24e-05), (-0.0930579, 0.0432545, 5.24e-05), (-0.0743906, 0.0225126, 5.24e-05), (-0.0743906, -0.0228237, 0.0060524), (-0.0253889, -0.0570993, 0.0480185), (-0.0253889, -0.0509805, 0.0480185), (-0.025389, 0.0506694, 0.0480185), (-0.025389, 0.0567883, 0.0480185), (-0.0257796, -0.0570212, 0.0479177), (-0.0257796, -0.0509024, 0.0479177), (-0.0257796, 0.0505913, 0.0479177), (-0.0257796, 0.0567101, 0.0479177), (-0.0261479, -0.0569475, 0.0477529), (-0.0261479, -0.0508287, 0.0477529), (-0.0261479, 0.0505176, 0.0477529), (-0.0261479, 0.0566365, 0.0477529), (-0.0264833, -0.0568805, 0.0475288), (-0.0264833, -0.0507616, 0.0475288), (-0.0264833, 0.0504506, 0.0475288), (-0.0264833, 0.0565694, 0.0475288), (-0.0267765, -0.0568218, 0.0472516), (-0.0267765, -0.050703, 0.0472516), (-0.0267765, 0.0503919, 0.0472516), (-0.0267765, 0.0565107, 0.0472516), (-0.0269443, -0.0567883, 0.0442636), (-0.0269443, -0.0506694, 0.0442636), (-0.0269443, 0.0503584, 0.0442636), (-0.0269443, 0.0564772, 0.0442636), (-0.0270191, -0.0567733, 0.0469293), (-0.0270191, -0.0506545, 0.0469293), (-0.0270191, 0.0503434, 0.0469293), (-0.0270191, 0.0564622, 0.0469293), (-0.0271493, -0.0567473, 0.0446111), (-0.0271493, -0.0506284, 0.0446111), (-0.0271493, 0.0503174, 0.0446111), (-0.0271493, 0.0564362, 0.0446111), (-0.0272042, -0.0567363, 0.0465708), (-0.0272042, -0.0506174, 0.0465708), (-0.0272042, 0.0503064, 0.0465708), (-0.0272042, 0.0564252, 0.0465708), (-0.0272931, -0.0567185, 0.044988), (-0.0272931, -0.0505997, 0.044988), (-0.0272931, 0.0502886, 0.044988), (-0.0272931, 0.0564074, 0.044988), (-0.0273268, -0.0567118, 0.0461864), (-0.0273268, -0.0505929, 0.0461864), (-0.0273268, 0.0502819, 0.0461864), (-0.0273268, 0.0564007, 0.0461864), (-0.0273718, -0.0567027, 0.0453837), (-0.0273718, -0.0505839, 0.0453837), (-0.0273718, 0.0502729, 0.0453837), (-0.0273718, 0.0563917, 0.0453837), (-0.0273832, -0.0567005, 0.045787), (-0.0273832, -0.0505817, 0.045787), (-0.0273832, 0.0502706, 0.045787), (-0.0273832, 0.0563894, 0.045787), (-0.0453516, -0.0531068, 0.0480524), (-0.0549247, -0.0511922, 0.0439553), (-0.0449762, -0.0531819, 0.0480228), (-0.0439409, -0.0533889, 0.047594), (-0.044262, -0.0533247, 0.0477908), (-0.04461, -0.0532551, 0.0479349), (-0.0532277, -0.0454128, 0.0480524), (-0.0453516, -0.046988, 0.0480524), (-0.0549247, -0.0450734, 0.0439553), (-0.0449762, -0.0470631, 0.0480228), (-0.04461, -0.0471363, 0.0479349), (-0.044262, -0.0472059, 0.0477908), (-0.0439409, -0.0472701, 0.047594), (-0.0453516, 0.0466769, 0.0480524), (-0.0549247, 0.0447623, 0.0439553), (-0.0449762, 0.046752, 0.0480228), (-0.0439409, 0.046959, 0.047594), (-0.044262, 0.0468948, 0.0477908), (-0.04461, 0.0468252, 0.0479349), (-0.0532277, 0.0512205, 0.0480524), (-0.0453516, 0.0527957, 0.0480524), (-0.0549247, 0.0508811, 0.0439553), (-0.0449762, 0.0528708, 0.0480228), (-0.04461, 0.052944, 0.0479349), (-0.044262, 0.0530136, 0.0477908), (-0.0439409, 0.0530779, 0.047594), (-0.0432752, -0.0474033, 0.0193776), (-0.0432752, 0.0470922, 0.0193776), (-0.0694434, 0.0418585, 0.020051), (-0.0436414, -0.0534488, 0.0194655), (-0.0436414, -0.04733, 0.0194655), (-0.0654638, -0.0429655, 0.0244005), (-0.0660493, -0.0428484, 0.0234451), (-0.0658047, -0.0428974, 0.0237314), (-0.0656079, -0.0429367, 0.0240526), (-0.0694434, -0.0421696, 0.020051), (-0.0436414, 0.0470189, 0.0194655), (-0.0654638, 0.0426545, 0.0244005), (-0.0656079, 0.0426256, 0.0240526), (-0.0658047, 0.0425863, 0.0237314), (-0.0660493, 0.0425374, 0.0234451), (-0.0439893, -0.0533793, 0.0196096), (-0.0653463, -0.0491079, 0.0251421), (-0.0653759, -0.0491019, 0.0247667), (-0.0439893, -0.0472604, 0.0196096), (-0.0439893, 0.0469493, 0.0196096), (-0.0653463, 0.0426779, 0.0251421), (-0.0653759, 0.042672, 0.0247667), (-0.0439893, 0.0530682, 0.0196096), (-0.0930579, -0.0435655, 5.24e-05), (-0.0938487, -0.0434074, 0.0240526), (-0.0940454, -0.043368, 0.0237314), (-0.0976841, -0.0426403, 0.020051), (-0.09429, -0.0433191, 0.0234451), (-0.0940454, 0.043057, 0.0237314), (-0.09429, 0.043008, 0.0234451), (-0.0979705, 0.0422719, 0.0198064), (-0.0976841, 0.0423292, 0.020051), (-0.0443104, -0.053315, 0.0198064), (-0.0443104, -0.0471962, 0.0198064), (-0.0443104, 0.0468851, 0.0198064), (-0.0443104, 0.053004, 0.0198064), (-0.0445968, -0.0532578, 0.020051), (-0.0653759, -0.0491019, 0.0255176), (-0.0445968, -0.0471389, 0.020051), (-0.0445968, 0.0468279, 0.020051), (-0.0653759, 0.042672, 0.0255176), (-0.0445968, 0.0529467, 0.020051), (-0.0658047, -0.0490162, 0.0265528), (-0.0656079, -0.0490555, 0.0262317), (-0.0654638, -0.0490844, 0.0258838), (-0.0660493, -0.0489673, 0.0268392), (-0.0718953, -0.0477981, 0.0473494), (-0.0718953, -0.0416792, 0.0473494), (-0.0653463, -0.042989, 0.0251421), (-0.0653759, -0.0429831, 0.0255176), (-0.0654638, -0.0429655, 0.0258838), (-0.0656079, -0.0429367, 0.0262317), (-0.0658047, -0.0428974, 0.0265528), (-0.0660493, -0.0428484, 0.0268392), (-0.0653759, -0.0429831, 0.0247667), (-0.0658047, 0.0425863, 0.0265528), (-0.0656079, 0.0426256, 0.0262317), (-0.0654638, 0.0426545, 0.0258838), (-0.0660493, 0.0425374, 0.0268392), (-0.0718953, 0.0413682, 0.0473494), (-0.0718953, 0.047487, 0.0473494), (-0.0653463, 0.0487968, 0.0251421), (-0.0653759, 0.0487909, 0.0255176), (-0.0654638, 0.0487733, 0.0258838), (-0.0656079, 0.0487445, 0.0262317), (-0.0658047, 0.0487051, 0.0265528), (-0.0660493, 0.0486562, 0.0268392), (-0.0653759, 0.0487909, 0.0247667), (-0.0532277, -0.0515316, 0.0480524), (-0.0532277, 0.0451017, 0.0480524), (-0.0536297, -0.0514512, 0.0480185), (-0.0536297, -0.0453324, 0.0480185), (-0.0536297, 0.0450213, 0.0480185), (-0.0536297, 0.0511401, 0.0480185), (-0.0540203, -0.0513731, 0.0479177), (-0.0540203, -0.0452542, 0.0479177), (-0.0540203, 0.0449432, 0.0479177), (-0.0540203, 0.051062, 0.0479177), (-0.0543886, -0.0512994, 0.0477529), (-0.0543886, -0.0451806, 0.0477529), (-0.0543886, 0.0448695, 0.0477529), (-0.0543886, 0.0509883, 0.0477529), (-0.054724, -0.0512323, 0.0475288), (-0.054724, -0.0451135, 0.0475288), (-0.054724, 0.0448024, 0.0475288), (-0.054724, 0.0509212, 0.0475288), (-0.0550172, -0.0511737, 0.0472516), (-0.0550172, -0.0450549, 0.0472516), (-0.0550172, 0.0447438, 0.0472516), (-0.0550172, 0.0508626, 0.0472516), (-0.055185, -0.0511401, 0.0442636), (-0.055185, -0.0450213, 0.0442636), (-0.055185, 0.0447102, 0.0442636), (-0.055185, 0.050829, 0.0442636), (-0.0552598, -0.0511252, 0.0469293), (-0.0552598, -0.0450063, 0.0469293), (-0.0552598, 0.0446953, 0.0469293), (-0.0552598, 0.0508141, 0.0469293), (-0.05539, -0.0510991, 0.0446111), (-0.05539, -0.0449803, 0.0446111), (-0.05539, 0.0446692, 0.0446111), (-0.05539, 0.050788, 0.0446111), (-0.055445, -0.0510881, 0.0465708), (-0.055445, -0.0449693, 0.0465708), (-0.055445, 0.0446582, 0.0465708), (-0.055445, 0.050777, 0.0465708), (-0.0555339, -0.0510703, 0.044988), (-0.0555339, -0.0449515, 0.044988), (-0.0555339, 0.0446404, 0.044988), (-0.0555339, 0.0507593, 0.044988), (-0.0555675, -0.0510636, 0.0461864), (-0.0555675, -0.0449448, 0.0461864), (-0.0555675, 0.0446337, 0.0461864), (-0.0555675, 0.0507525, 0.0461864), (-0.0556126, -0.0510546, 0.0453837), (-0.0556126, -0.0449358, 0.0453837), (-0.0556126, 0.0446247, 0.0453837), (-0.0556126, 0.0507435, 0.0453837), (-0.0556239, -0.0510523, 0.045787), (-0.0556239, -0.0449335, 0.045787), (-0.0556239, 0.0446224, 0.045787), (-0.0556239, 0.0507413, 0.045787), (-0.0735923, -0.0474587, 0.0480524), (-0.0831654, -0.045544, 0.0439553), (-0.0732169, -0.0475337, 0.0480228), (-0.0721816, -0.0477408, 0.047594), (-0.0725027, -0.0476766, 0.0477908), (-0.0728507, -0.047607, 0.0479349), (-0.0814684, -0.0397646, 0.0480524), (-0.0735923, -0.0413398, 0.0480524), (-0.0831654, -0.0394252, 0.0439553), (-0.0732169, -0.0414149, 0.0480228), (-0.0728507, -0.0414882, 0.0479349), (-0.0725027, -0.0415577, 0.0477908), (-0.0721816, -0.041622, 0.047594), (-0.0735923, 0.0410287, 0.0480524), (-0.0831654, 0.0391141, 0.0439553), (-0.0732169, 0.0411038, 0.0480228), (-0.0721816, 0.0413109, 0.047594), (-0.0725027, 0.0412467, 0.0477908), (-0.0728507, 0.0411771, 0.0479349), (-0.0814684, 0.0455724, 0.0480524), (-0.0735923, 0.0471476, 0.0480524), (-0.0831654, 0.045233, 0.0439553), (-0.0732169, 0.0472227, 0.0480228), (-0.0728507, 0.0472959, 0.0479349), (-0.0725027, 0.0473655, 0.0477908), (-0.0721816, 0.0474297, 0.047594), (-0.0715159, -0.0417551, 0.0193776), (-0.0715159, 0.041444, 0.0193776), (-0.0976841, 0.0362104, 0.020051), (-0.0718821, -0.0478007, 0.0194655), (-0.0718821, -0.0416819, 0.0194655), (-0.0937045, -0.0373174, 0.0244005), (-0.0938487, -0.0372886, 0.0240526), (-0.0976841, -0.0365215, 0.020051), (-0.09429, -0.0372003, 0.0234451), (-0.0940454, -0.0372492, 0.0237314), (-0.0718821, 0.0413708, 0.0194655), (-0.0937045, 0.0370063, 0.0244005), (-0.0938487, 0.0369775, 0.0240526), (-0.0940454, 0.0369381, 0.0237314), (-0.09429, 0.0368892, 0.0234451), (-0.07223, -0.0477311, 0.0196096), (-0.0935871, -0.0434597, 0.0251421), (-0.0936166, -0.0434538, 0.0247667), (-0.07223, -0.0416123, 0.0196096), (-0.07223, 0.0413012, 0.0196096), (-0.0935871, 0.0370298, 0.0251421), (-0.0936166, 0.0370239, 0.0247667), (-0.07223, 0.04742, 0.0196096), (-0.0725511, -0.0476669, 0.0198064), (-0.0725511, -0.0415481, 0.0198064), (-0.0725511, 0.041237, 0.0198064), (-0.0725511, 0.0473558, 0.0198064), (-0.0728375, -0.0476096, 0.020051), (-0.0936166, -0.0434538, 0.0255176), (-0.0728375, -0.0414908, 0.020051), (-0.0728375, 0.0411797, 0.020051), (-0.0936166, 0.0370239, 0.0255176), (-0.0728375, 0.0472985, 0.020051), (-0.0940454, -0.043368, 0.0265528), (-0.0938487, -0.0434074, 0.0262317), (-0.0937045, -0.0434362, 0.0258838), (-0.09429, -0.0433191, 0.0268392), (-0.100136, -0.0421499, 0.0473494), (-0.100136, -0.0360311, 0.0473494), (-0.0936166, -0.037335, 0.0247667), (-0.0935871, -0.0373409, 0.0251421), (-0.0936166, -0.037335, 0.0255176), (-0.0937045, -0.0373174, 0.0258838), (-0.0938487, -0.0372886, 0.0262317), (-0.0940454, -0.0372492, 0.0265528), (-0.09429, -0.0372003, 0.0268392), (-0.0940454, 0.0369381, 0.0265528), (-0.0938487, 0.0369775, 0.0262317), (-0.0937045, 0.0370063, 0.0258838), (-0.09429, 0.0368892, 0.0268392), (-0.100136, 0.03572, 0.0473494), (-0.100136, 0.0418388, 0.0473494), (-0.0935871, 0.0431486, 0.0251421), (-0.0936166, 0.0431427, 0.0255176), (-0.0937045, 0.0431251, 0.0258838), (-0.0938487, 0.0430963, 0.0262317), (-0.0940454, 0.043057, 0.0265528), (-0.09429, 0.043008, 0.0268392), (-0.0936166, 0.0431427, 0.0247667), (-0.0814684, -0.0458834, 0.0480524), (-0.0814684, 0.0394535, 0.0480524), (-0.0759711, -0.0223637, 5.24e-05), (-0.0759711, -0.0223637, 0.0060524), (-0.0759711, 0.0220526, 5.24e-05), (-0.0759711, 0.0220526, 0.0060524), (-0.0774497, -0.0216405, 5.24e-05), (-0.0774497, -0.0216405, 0.0060524), (-0.0774497, 0.0213294, 5.24e-05), (-0.0774497, 0.0213294, 0.0060524), (-0.0787831, -0.0206752, 5.24e-05), (-0.0787831, -0.0206752, 0.0060524), (-0.0787831, 0.0203642, 5.24e-05), (-0.0787831, 0.0203642, 0.0060524), (-0.079932, -0.0194964, 5.24e-05), (-0.079932, -0.0194964, 0.0060524), (-0.079932, 0.0191853, 5.24e-05), (-0.079932, 0.0191853, 0.0060524), (-0.0808626, -0.0181387, 5.24e-05), (-0.0808626, -0.0181387, 0.0060524), (-0.0808626, 0.0178276, 5.24e-05), (-0.0808626, 0.0178276, 0.0060524), (-0.0815476, -0.0166419, 5.24e-05), (-0.0815476, -0.0166419, 0.0060524), (-0.0815476, 0.0163308, 5.24e-05), (-0.0815476, 0.0163308, 0.0060524), (-0.0818704, -0.045803, 0.0480185), (-0.0818704, -0.0396842, 0.0480185), (-0.0818704, 0.0393731, 0.0480185), (-0.0818704, 0.045492, 0.0480185), (-0.0819668, -0.0150501, 5.24e-05), (-0.0819668, -0.0150501, 0.0060524), (-0.0819668, 0.014739, 5.24e-05), (-0.0930579, 0.0068945, 5.24e-05), (-0.0918579, -0.0084055, 0.0060524), (-0.0819668, 0.014739, 0.0060524), (-0.0822611, -0.0457249, 0.0479177), (-0.0822611, -0.0396061, 0.0479177), (-0.0822611, 0.039295, 0.0479177), (-0.0822611, 0.0454138, 0.0479177), (-0.0930579, -0.0072055, 5.24e-05), (-0.0821079, -0.0134101, 5.24e-05), (-0.0821079, -0.0134101, 0.0060524), (-0.0821079, 0.0130991, 5.24e-05), (-0.0918579, 0.0080945, 0.0060524), (-0.0821079, 0.0130991, 0.0060524), (-0.0821079, -0.0072055, 5.24e-05), (-0.0821079, -0.0084055, 0.0060524), (-0.0821079, 0.0068945, 5.24e-05), (-0.0821079, 0.0080945, 0.0060524), (-0.0826293, -0.0456513, 0.0477529), (-0.0826293, -0.0395324, 0.0477529), (-0.0826293, 0.0392214, 0.0477529), (-0.0826293, 0.0453402, 0.0477529), (-0.0829648, -0.0455842, 0.0475288), (-0.0829648, -0.0394653, 0.0475288), (-0.0829648, 0.0391543, 0.0475288), (-0.0829648, 0.0452731, 0.0475288), (-0.0832579, -0.0455255, 0.0472516), (-0.0832579, -0.0394067, 0.0472516), (-0.0832579, 0.0390956, 0.0472516), (-0.0832579, 0.0452145, 0.0472516), (-0.0834257, -0.045492, 0.0442636), (-0.0834257, -0.0393732, 0.0442636), (-0.0834257, 0.0390621, 0.0442636), (-0.0834257, 0.0451809, 0.0442636), (-0.0835005, -0.045477, 0.0469293), (-0.0835005, -0.0393582, 0.0469293), (-0.0835005, 0.0390471, 0.0469293), (-0.0835005, 0.0451659, 0.0469293), (-0.0836307, -0.045451, 0.0446111), (-0.0836307, -0.0393322, 0.0446111), (-0.0836307, 0.0390211, 0.0446111), (-0.0836307, 0.0451399, 0.0446111), (-0.0836857, -0.04544, 0.0465708), (-0.0836857, -0.0393212, 0.0465708), (-0.0836857, 0.0390101, 0.0465708), (-0.0836857, 0.0451289, 0.0465708), (-0.0837746, -0.0454222, 0.044988), (-0.0837746, -0.0393034, 0.044988), (-0.0837746, 0.0389923, 0.044988), (-0.0837746, 0.0451111, 0.044988), (-0.0838082, -0.0454155, 0.0461864), (-0.0838082, -0.0392967, 0.0461864), (-0.0838082, 0.0389856, 0.0461864), (-0.0838082, 0.0451044, 0.0461864), (-0.0838533, -0.0454065, 0.0453837), (-0.0838533, -0.0392876, 0.0453837), (-0.0838533, 0.0389766, 0.0453837), (-0.0838533, 0.0450954, 0.0453837), (-0.0838646, -0.0454042, 0.045787), (-0.0838646, -0.0392854, 0.045787), (-0.0838646, 0.0389743, 0.045787), (-0.0838646, 0.0450931, 0.045787), (-0.1301079, -0.0084055, 0.0060524), (-0.1301079, -0.0251417, 0.0060524), (-0.1018052, -0.0014732, 0.0060524), (-0.1020897, -0.0021815, 0.0060524), (-0.1016119, 3.54e-05, 0.0060524), (-0.1016443, -0.0007271, 0.0060524), (-0.1024899, -0.0028314, 0.0060524), (-0.1029942, -0.0034043, 0.0060524), (-0.103588, -0.0038838, 0.0060524), (-0.1042543, -0.0042561, 0.0060524), (-0.104974, -0.0045103, 0.0060524), (-0.1057263, -0.0046393, 0.0060524), (-0.1061079, -0.0046555, 0.0060524), (-0.1064895, -0.0046393, 0.0060524), (-0.1301079, 0.0248306, 0.0060524), (-0.1301079, 0.0080945, 0.0060524), (-0.1027299, 0.0028175, 0.0060524), (-0.102276, 0.0022038, 0.0060524), (-0.1019324, 0.0015223, 0.0060524), (-0.1017089, 0.0007925, 0.0060524), (-0.1046088, 0.0040874, 0.0060524), (-0.1039133, 0.003773, 0.0060524), (-0.1032809, 0.0033456, 0.0060524), (-0.1061079, 0.0043445, 0.0060524), (-0.1053474, 0.0042797, 0.0060524), (-0.1301079, -0.0361555, 5.24e-05), (-0.0979705, -0.042583, 0.0198064), (-0.1001228, -0.0421526, 0.0194655), (-0.0982916, -0.0425188, 0.0196096), (-0.0986395, -0.0424492, 0.0194655), (-0.0990057, -0.042376, 0.0193776), (-0.0993812, -0.0423009, 0.019348), (-0.0997566, -0.0422258, 0.0193776), (-0.1301079, -0.0072055, 5.24e-05), (-0.1044195, -0.0014043, 5.24e-05), (-0.1042328, -0.001101, 5.24e-05), (-0.1046548, -0.0016716, 5.24e-05), (-0.106286, -0.002248, 5.24e-05), (-0.1059298, -0.002248, 5.24e-05), (-0.1055787, -0.0021878, 5.24e-05), (-0.1052429, -0.0020691, 5.24e-05), (-0.104932, -0.0018954, 5.24e-05), (-0.1040999, -0.0007705, 5.24e-05), (-0.1040249, -0.0004223, 5.24e-05), (-0.1301079, 0.0068945, 5.24e-05), (-0.1040098, -6.64e-05, 5.24e-05), (-0.104055, 0.0002869, 5.24e-05), (-0.1041593, 0.0006275, 5.24e-05), (-0.1043197, 0.0009455, 5.24e-05), (-0.1045315, 0.0012319, 5.24e-05), (-0.1047886, 0.0014783, 5.24e-05), (-0.1050837, 0.0016778, 5.24e-05), (-0.1054083, 0.0018245, 5.24e-05), (-0.105753, 0.0019143, 5.24e-05), (-0.1061079, 0.0019445, 5.24e-05), (-0.1301079, 0.0358445, 5.24e-05), (-0.0986395, 0.0421381, 0.0194655), (-0.0982916, 0.0422077, 0.0196096), (-0.1004708, 0.0417719, 0.0196096), (-0.1001228, 0.0418415, 0.0194655), (-0.0997566, 0.0419147, 0.0193776), (-0.0993812, 0.0419898, 0.019348), (-0.0990057, 0.0420649, 0.0193776), (-0.1018331, -0.0418105, 0.0480524), (-0.1114062, -0.0398959, 0.0439553), (-0.1014576, -0.0418856, 0.0480228), (-0.1004224, -0.0420926, 0.047594), (-0.1007435, -0.0420284, 0.0477908), (-0.1010914, -0.0419588, 0.0479349), (-0.1097091, -0.0341165, 0.0480524), (-0.1018331, -0.0356917, 0.0480524), (-0.1114062, -0.0337771, 0.0439553), (-0.1014576, -0.0357668, 0.0480228), (-0.1010914, -0.03584, 0.0479349), (-0.1007435, -0.0359096, 0.0477908), (-0.1004224, -0.0359738, 0.047594), (-0.1018331, 0.0353806, 0.0480524), (-0.1114062, 0.033466, 0.0439553), (-0.1014576, 0.0354557, 0.0480228), (-0.1004224, 0.0356627, 0.047594), (-0.1007435, 0.0355985, 0.0477908), (-0.1010914, 0.0355289, 0.0479349), (-0.1097091, 0.0399242, 0.0480524), (-0.1018331, 0.0414994, 0.0480524), (-0.1114062, 0.0395848, 0.0439553), (-0.1014576, 0.0415745, 0.0480228), (-0.1010914, 0.0416478, 0.0479349), (-0.1007435, 0.0417173, 0.0477908), (-0.1004224, 0.0417816, 0.047594), (-0.0990057, 0.0359461, 0.0193776), (-0.0993812, 0.035871, 0.019348), (-0.0997566, -0.036107, 0.0193776), (-0.0997566, 0.0357959, 0.0193776), (-0.1001228, -0.0360337, 0.0194655), (-0.1001228, 0.0357226, 0.0194655), (-0.1004708, -0.042083, 0.0196096), (-0.1004708, -0.0359641, 0.0196096), (-0.1004708, 0.0356531, 0.0196096), (-0.1007919, -0.0420187, 0.0198064), (-0.1007919, -0.0358999, 0.0198064), (-0.1007919, 0.0355888, 0.0198064), (-0.1007919, 0.0417077, 0.0198064), (-0.1010782, -0.0419615, 0.020051), (-0.1010782, -0.0358427, 0.020051), (-0.1010782, 0.0355316, 0.020051), (-0.1010782, 0.0416504, 0.020051), (-0.1300084, -0.0361754, 0.0358649), (-0.1300829, -0.0361606, 0.0355265), (-0.1301079, -0.0361555, 0.035181), (-0.129886, -0.0361999, 0.0361889), (-0.1234466, -0.0374878, 0.0424193), (-0.1234466, -0.031369, 0.0424193), (-0.1301079, -0.0300367, 0.035181), (-0.1300829, -0.0300417, 0.0355265), (-0.1300084, -0.0300566, 0.0358649), (-0.129886, -0.0300811, 0.0361889), (-0.1300084, 0.0297455, 0.0358649), (-0.1300829, 0.0297306, 0.0355265), (-0.1301079, 0.0297256, 0.035181), (-0.129886, 0.02977, 0.0361889), (-0.1234466, 0.0310579, 0.0424193), (-0.1234466, 0.0371767, 0.0424193), (-0.1301079, 0.0358445, 0.035181), (-0.1300829, 0.0358495, 0.0355265), (-0.1300084, 0.0358644, 0.0358649), (-0.129886, 0.0358888, 0.0361889), (-0.1040098, -6.64e-05, 0.0036524), (-0.104055, 0.0002869, 0.0036524), (-0.1040249, -0.0004223, 0.0036524), (-0.1041593, 0.0006275, 0.0036524), (-0.1040999, -0.0007705, 0.0036524), (-0.1097091, -0.0402353, 0.0480524), (-0.1097091, 0.0338054, 0.0480524), (-0.1043197, 0.0009455, 0.0036524), (-0.1042328, -0.001101, 0.0036524), (-0.1045315, 0.0012319, 0.0036524), (-0.1044195, -0.0014043, 0.0036524), (-0.1047886, 0.0014783, 0.0036524), (-0.1046548, -0.0016716, 0.0036524), (-0.1050837, 0.0016778, 0.0036524), (-0.104932, -0.0018954, 0.0036524), (-0.1054083, 0.0018245, 0.0036524), (-0.1052429, -0.0020691, 0.0036524), (-0.105753, 0.0019143, 0.0036524), (-0.1055787, -0.0021878, 0.0036524), (-0.1061079, 0.0019445, 0.0036524), (-0.1059298, -0.002248, 0.0036524), (-0.1061079, -0.0022555, 0.0036524), (-0.1064628, 0.0019143, 5.24e-05), (-0.106286, -0.002248, 0.0036524), (-0.1064628, 0.0019143, 0.0036524), (-0.1068684, 0.0042797, 0.0060524), (-0.1066371, -0.0021878, 5.24e-05), (-0.1066371, -0.0021878, 0.0036524), (-0.1072418, -0.0045103, 0.0060524), (-0.1068075, 0.0018245, 5.24e-05), (-0.1068075, 0.0018245, 0.0036524), (-0.1069729, -0.0020691, 5.24e-05), (-0.1069729, -0.0020691, 0.0036524), (-0.1079615, -0.0042561, 0.0060524), (-0.1071321, 0.0016778, 5.24e-05), (-0.1071321, 0.0016778, 0.0036524), (-0.107607, 0.0040874, 0.0060524), (-0.1072839, -0.0018954, 5.24e-05), (-0.1072839, -0.0018954, 0.0036524), (-0.1086278, -0.0038838, 0.0060524), (-0.1074272, 0.0014783, 5.24e-05), (-0.1074272, 0.0014783, 0.0036524), (-0.1083025, 0.003773, 0.0060524), (-0.107561, -0.0016716, 5.24e-05), (-0.107561, -0.0016716, 0.0036524), (-0.1092216, -0.0034043, 0.0060524), (-0.1076843, 0.0012319, 5.24e-05), (-0.1076843, 0.0012319, 0.0036524), (-0.1089349, 0.0033456, 0.0060524), (-0.1077963, -0.0014043, 5.24e-05), (-0.1077963, -0.0014043, 0.0036524), (-0.1097259, -0.0028314, 0.0060524), (-0.1078961, 0.0009455, 5.24e-05), (-0.1078961, 0.0009455, 0.0036524), (-0.1094859, 0.0028175, 0.0060524), (-0.107983, -0.001101, 5.24e-05), (-0.107983, -0.001101, 0.0036524), (-0.1101261, -0.0021815, 0.0060524), (-0.1080565, 0.0006275, 5.24e-05), (-0.1080565, 0.0006275, 0.0036524), (-0.1099398, 0.0022038, 0.0060524), (-0.1081158, -0.0007705, 5.24e-05), (-0.1081158, -0.0007705, 0.0036524), (-0.1104107, -0.0014732, 0.0060524), (-0.1081608, 0.0002869, 5.24e-05), (-0.1081608, 0.0002869, 0.0036524), (-0.1102834, 0.0015223, 0.0060524), (-0.1081909, -0.0004223, 5.24e-05), (-0.1081909, -0.0004223, 0.0036524), (-0.1105715, -0.0007271, 0.0060524), (-0.108206, -6.64e-05, 5.24e-05), (-0.108206, -6.64e-05, 0.0036524), (-0.1105069, 0.0007925, 0.0060524), (-0.1106038, 3.54e-05, 0.0060524), (-0.1101111, -0.0401549, 0.0480185), (-0.1101111, -0.0340361, 0.0480185), (-0.1101111, 0.033725, 0.0480185), (-0.1101111, 0.0398438, 0.0480185), (-0.1105018, -0.0400768, 0.0479177), (-0.1105018, -0.0339579, 0.0479177), (-0.1105018, 0.0336469, 0.0479177), (-0.1105018, 0.0397657, 0.0479177), (-0.11087, -0.0400031, 0.0477529), (-0.11087, -0.0338843, 0.0477529), (-0.11087, 0.0335732, 0.0477529), (-0.11087, 0.039692, 0.0477529), (-0.1112055, -0.039936, 0.0475288), (-0.1112055, -0.0338172, 0.0475288), (-0.1112055, 0.0335061, 0.0475288), (-0.1112055, 0.0396249, 0.0475288), (-0.1114986, -0.0398774, 0.0472516), (-0.1114986, -0.0337586, 0.0472516), (-0.1114986, 0.0334475, 0.0472516), (-0.1114986, 0.0395663, 0.0472516), (-0.1116664, -0.0398438, 0.0442636), (-0.1116664, -0.033725, 0.0442636), (-0.1116664, 0.0334139, 0.0442636), (-0.1116664, 0.0395328, 0.0442636), (-0.1117412, -0.0398289, 0.0469293), (-0.1117412, -0.0337101, 0.0469293), (-0.1117412, 0.033399, 0.0469293), (-0.1117412, 0.0395178, 0.0469293), (-0.1118714, -0.0398028, 0.0446111), (-0.1118714, -0.033684, 0.0446111), (-0.1118714, 0.0333729, 0.0446111), (-0.1118714, 0.0394918, 0.0446111), (-0.1119264, -0.0397918, 0.0465708), (-0.1119264, -0.033673, 0.0465708), (-0.1119264, 0.0333619, 0.0465708), (-0.1119264, 0.0394807, 0.0465708), (-0.1120153, -0.0397741, 0.044988), (-0.1120153, -0.0336552, 0.044988), (-0.1120153, 0.0333442, 0.044988), (-0.1120153, 0.039463, 0.044988), (-0.1120489, -0.0397673, 0.0461864), (-0.1120489, -0.0336485, 0.0461864), (-0.1120489, 0.0333374, 0.0461864), (-0.1120489, 0.0394563, 0.0461864), (-0.112094, -0.0397583, 0.0453837), (-0.112094, -0.0336395, 0.0453837), (-0.112094, 0.0333284, 0.0453837), (-0.112094, 0.0394472, 0.0453837), (-0.1121053, -0.0397561, 0.045787), (-0.1121053, -0.0336372, 0.045787), (-0.1121053, 0.0333261, 0.045787), (-0.1121053, 0.039445, 0.045787), (-0.1273217, -0.0367128, 0.0417302), (-0.1237391, -0.0374293, 0.0426683), (-0.1237391, -0.0313105, 0.0426683), (-0.1273217, -0.030594, 0.0417302), (-0.1273217, 0.0302829, 0.0417302), (-0.1237391, 0.0309994, 0.0426683), (-0.1237391, 0.0371182, 0.0426683), (-0.1273217, 0.0364017, 0.0417302), (-0.1240676, -0.0373636, 0.0428675), (-0.1240676, -0.0312448, 0.0428675), (-0.1240676, 0.0309337, 0.0428675), (-0.1240676, 0.0370525, 0.0428675), (-0.1244236, -0.0372924, 0.0430117), (-0.1244236, -0.0311736, 0.0430117), (-0.1244236, 0.0308625, 0.0430117), (-0.1244236, 0.0369813, 0.0430117), (-0.1247981, -0.0372175, 0.0430972), (-0.1247981, -0.0310987, 0.0430972), (-0.1247981, 0.0307876, 0.0430972), (-0.1247981, 0.0369064, 0.0430972), (-0.1251815, -0.0371408, 0.043122), (-0.1251815, -0.031022, 0.043122), (-0.1251815, 0.0307109, 0.043122), (-0.1251815, 0.0368298, 0.043122), (-0.1255638, -0.0370644, 0.0430852), (-0.1255638, -0.0309455, 0.0430852), (-0.1255638, 0.0306344, 0.0430852), (-0.1255638, 0.0367533, 0.0430852), (-0.1259355, -0.03699, 0.0429879), (-0.1259355, -0.0308712, 0.0429879), (-0.1259355, 0.0305601, 0.0429879), (-0.1259355, 0.0366789, 0.0429879), (-0.1262868, -0.0369198, 0.0428325), (-0.1262868, -0.0308009, 0.0428325), (-0.1262868, 0.0304899, 0.0428325), (-0.1262868, 0.0366087, 0.0428325), (-0.1266088, -0.0368554, 0.0426231), (-0.1266088, -0.0307365, 0.0426231), (-0.1266088, 0.0304254, 0.0426231), (-0.1266088, 0.0365443, 0.0426231), (-0.1268933, -0.0367985, 0.042365), (-0.1268933, -0.0306796, 0.042365), (-0.1268933, 0.0303685, 0.042365), (-0.1268933, 0.0364874, 0.042365), (-0.127133, -0.0367505, 0.0420648), (-0.127133, -0.0306317, 0.0420648), (-0.127133, 0.0303206, 0.0420648), (-0.127133, 0.0364394, 0.0420648)]
            uniform token subdivisionScheme = "none"
        }
    }
    def Scope "collisions"
    {
        def Mesh "collision_0" (
            prepend apiSchemas = ["PhysicsCollisionAPI", "PhysicsMeshCollisionAPI"]
        )
        {
            uniform token physics:approximation = "none"
            uniform token purpose = "guide"
            int[] faceVertexCounts = [3, 3, 3, 3, 3, 3, 3, 3, 3, 3, 3, 3, 3, 3, 3, 3, 3, 3, 3, 3, 3, 3, 3, 3, 3, 3, 3, 3, 3, 3, 3, 3, 3, 3, 3, 3, 3, 3, 3, 3, 3, 3, 3, 3, 3, 3, 3, 3, 3, 3, 3, 3, 3, 3, 3, 3, 3, 3, 3, 3, 3, 3, 3, 3, 3, 3, 3, 3, 3, 3, 3, 3, 3, 3, 3, 3, 3, 3, 3, 3, 3, 3, 3, 3, 3, 3, 3, 3, 3, 3, 3, 3, 3, 3, 3, 3, 3, 3, 3, 3, 3, 3, 3, 3, 3, 3, 3, 3, 3, 3, 3, 3, 3, 3, 3, 3, 3, 3, 3, 3, 3, 3, 3, 3, 3, 3, 3, 3, 3, 3, 3, 3, 3, 3, 3, 3, 3, 3, 3, 3, 3, 3, 3, 3, 3, 3, 3, 3, 3, 3, 3, 3, 3, 3, 3, 3, 3, 3, 3, 3, 3, 3, 3, 3, 3, 3, 3, 3, 3, 3, 3, 3, 3, 3, 3, 3, 3, 3, 3, 3, 3, 3, 3, 3, 3, 3, 3, 3, 3, 3, 3, 3, 3, 3, 3, 3, 3, 3, 3, 3, 3, 3, 3, 3, 3, 3, 3, 3, 3, 3, 3, 3, 3, 3, 3, 3, 3, 3, 3, 3, 3, 3, 3, 3, 3, 3, 3, 3, 3, 3, 3, 3, 3, 3, 3, 3, 3, 3, 3, 3, 3, 3, 3, 3, 3, 3, 3, 3, 3, 3, 3, 3, 3, 3, 3, 3, 3, 3, 3, 3, 3, 3, 3, 3, 3, 3, 3, 3, 3, 3, 3, 3, 3, 3, 3, 3, 3, 3, 3, 3, 3, 3, 3, 3, 3, 3, 3, 3, 3, 3, 3, 3, 3, 3, 3, 3, 3, 3, 3, 3, 3, 3, 3, 3, 3, 3, 3, 3, 3, 3, 3, 3, 3, 3, 3, 3, 3, 3, 3, 3, 3, 3, 3, 3, 3, 3, 3, 3, 3, 3, 3, 3, 3, 3, 3, 3, 3, 3, 3, 3, 3, 3, 3, 3, 3, 3, 3, 3, 3, 3, 3, 3, 3, 3, 3, 3, 3, 3, 3, 3, 3, 3, 3, 3, 3, 3, 3, 3, 3, 3, 3, 3, 3, 3, 3, 3, 3, 3, 3, 3, 3, 3, 3, 3, 3, 3, 3, 3, 3, 3, 3, 3, 3, 3, 3, 3, 3, 3, 3, 3, 3, 3, 3, 3, 3, 3, 3, 3, 3, 3, 3, 3, 3, 3, 3, 3, 3, 3, 3, 3, 3, 3, 3, 3, 3, 3, 3, 3, 3, 3, 3, 3, 3, 3, 3, 3, 3, 3, 3, 3, 3, 3, 3, 3, 3, 3, 3, 3, 3, 3, 3, 3, 3, 3, 3, 3, 3, 3, 3, 3, 3, 3, 3, 3, 3, 3, 3, 3, 3, 3, 3, 3, 3, 3, 3, 3, 3, 3, 3, 3, 3, 3, 3, 3, 3, 3, 3, 3, 3, 3, 3, 3, 3, 3, 3, 3, 3, 3, 3, 3, 3, 3, 3, 3, 3, 3, 3, 3, 3, 3, 3, 3, 3, 3, 3, 3, 3, 3, 3, 3, 3, 3, 3, 3, 3, 3, 3, 3, 3, 3, 3, 3, 3, 3, 3, 3, 3, 3, 3, 3, 3, 3, 3, 3, 3, 3, 3, 3, 3, 3, 3, 3, 3, 3, 3, 3, 3, 3, 3, 3, 3, 3, 3, 3, 3, 3, 3, 3, 3, 3, 3, 3, 3, 3, 3, 3, 3, 3, 3, 3, 3, 3, 3, 3, 3, 3, 3, 3, 3, 3, 3, 3, 3, 3, 3, 3, 3, 3, 3, 3, 3, 3, 3, 3, 3, 3, 3, 3, 3, 3, 3, 3, 3, 3, 3, 3, 3, 3, 3, 3, 3, 3, 3, 3, 3, 3, 3, 3, 3, 3, 3, 3, 3, 3, 3, 3, 3, 3, 3, 3, 3, 3, 3, 3, 3, 3, 3, 3, 3, 3, 3, 3, 3, 3, 3, 3, 3, 3, 3, 3, 3, 3, 3, 3, 3, 3, 3, 3, 3, 3, 3, 3, 3, 3, 3, 3, 3, 3, 3, 3, 3, 3, 3, 3, 3, 3, 3, 3, 3, 3, 3, 3, 3, 3, 3, 3, 3, 3, 3, 3, 3, 3, 3, 3, 3, 3, 3, 3, 3, 3, 3, 3, 3, 3, 3, 3, 3, 3, 3, 3, 3, 3, 3, 3, 3, 3, 3, 3, 3, 3, 3, 3, 3, 3, 3, 3, 3, 3, 3, 3, 3, 3, 3, 3, 3, 3, 3, 3, 3, 3, 3, 3, 3, 3, 3, 3, 3, 3, 3, 3, 3, 3, 3, 3, 3, 3, 3, 3, 3, 3, 3, 3, 3, 3, 3, 3, 3, 3, 3, 3, 3, 3, 3, 3, 3, 3, 3, 3, 3, 3, 3, 3, 3, 3, 3, 3, 3, 3, 3, 3, 3, 3, 3, 3, 3, 3, 3, 3, 3, 3, 3, 3, 3, 3, 3, 3, 3, 3, 3, 3, 3, 3, 3, 3, 3, 3, 3, 3, 3, 3, 3, 3, 3, 3, 3, 3, 3, 3, 3, 3, 3, 3, 3, 3, 3, 3, 3, 3, 3, 3, 3, 3, 3, 3, 3, 3, 3, 3, 3, 3, 3, 3, 3, 3, 3, 3, 3, 3, 3, 3, 3, 3, 3, 3, 3, 3, 3, 3, 3, 3, 3, 3, 3, 3, 3, 3, 3, 3, 3, 3, 3, 3, 3, 3, 3, 3, 3, 3, 3, 3, 3, 3, 3, 3, 3, 3, 3, 3, 3, 3, 3, 3, 3, 3, 3, 3, 3, 3, 3, 3, 3, 3, 3, 3, 3, 3, 3, 3, 3, 3, 3, 3, 3, 3, 3, 3, 3, 3, 3, 3, 3, 3, 3, 3, 3, 3, 3, 3, 3, 3, 3, 3, 3, 3, 3, 3, 3, 3, 3, 3, 3, 3, 3, 3, 3, 3, 3, 3, 3, 3, 3, 3, 3, 3, 3, 3, 3, 3, 3, 3, 3, 3, 3, 3, 3, 3, 3, 3, 3, 3, 3, 3, 3, 3, 3, 3, 3, 3, 3, 3, 3, 3, 3, 3, 3, 3, 3, 3, 3, 3, 3, 3, 3, 3, 3, 3, 3, 3, 3, 3, 3, 3, 3, 3, 3, 3, 3, 3, 3, 3, 3, 3, 3, 3, 3, 3, 3, 3, 3, 3, 3, 3, 3, 3, 3, 3, 3, 3, 3, 3, 3, 3, 3, 3, 3, 3, 3, 3, 3, 3, 3, 3, 3, 3, 3, 3, 3, 3, 3, 3, 3, 3, 3, 3, 3, 3, 3, 3, 3, 3, 3, 3, 3, 3, 3, 3, 3, 3, 3, 3, 3, 3, 3, 3, 3, 3, 3, 3, 3, 3, 3, 3, 3, 3, 3, 3, 3, 3, 3, 3, 3, 3, 3, 3, 3, 3, 3, 3, 3, 3, 3, 3, 3, 3, 3, 3, 3, 3, 3, 3, 3, 3, 3, 3, 3, 3, 3, 3, 3, 3, 3, 3, 3, 3, 3, 3, 3, 3, 3, 3, 3, 3, 3, 3, 3, 3, 3, 3, 3, 3, 3, 3, 3, 3, 3, 3, 3, 3, 3, 3, 3, 3, 3, 3, 3, 3, 3, 3, 3, 3, 3, 3, 3, 3, 3, 3, 3, 3, 3, 3, 3, 3, 3, 3, 3, 3, 3, 3, 3, 3, 3, 3, 3, 3, 3, 3, 3, 3, 3, 3, 3, 3, 3, 3, 3, 3, 3, 3, 3, 3, 3, 3, 3, 3, 3, 3, 3, 3, 3, 3, 3, 3, 3, 3, 3, 3, 3, 3, 3, 3, 3, 3, 3, 3, 3, 3, 3, 3, 3, 3, 3, 3, 3, 3, 3, 3, 3, 3, 3, 3, 3, 3, 3, 3, 3, 3, 3, 3, 3, 3, 3, 3, 3, 3, 3, 3, 3, 3, 3, 3, 3, 3, 3, 3, 3, 3, 3, 3, 3, 3, 3, 3, 3, 3, 3, 3, 3, 3, 3, 3, 3, 3, 3, 3, 3, 3, 3, 3, 3, 3, 3, 3, 3, 3, 3, 3, 3, 3, 3, 3, 3, 3, 3, 3, 3, 3, 3, 3, 3, 3, 3, 3, 3, 3, 3, 3, 3, 3, 3, 3, 3, 3, 3, 3, 3, 3, 3, 3, 3, 3, 3, 3, 3, 3, 3, 3, 3, 3, 3, 3, 3, 3, 3, 3, 3, 3, 3, 3, 3, 3, 3, 3, 3, 3, 3, 3, 3, 3, 3, 3, 3, 3, 3, 3, 3, 3, 3, 3, 3, 3, 3, 3, 3, 3, 3, 3, 3, 3, 3, 3, 3, 3, 3, 3, 3, 3, 3, 3, 3, 3, 3, 3, 3, 3, 3, 3, 3, 3, 3, 3, 3, 3, 3, 3, 3, 3, 3, 3, 3, 3, 3, 3, 3, 3, 3, 3, 3, 3, 3, 3, 3, 3, 3, 3, 3, 3, 3, 3, 3, 3, 3, 3, 3, 3, 3, 3, 3, 3, 3, 3, 3, 3, 3, 3, 3, 3, 3, 3, 3, 3, 3, 3, 3, 3, 3, 3, 3, 3, 3, 3, 3, 3, 3, 3, 3, 3, 3, 3, 3, 3, 3, 3, 3, 3, 3, 3, 3, 3, 3, 3, 3, 3, 3, 3, 3, 3, 3, 3, 3, 3, 3, 3, 3, 3, 3, 3, 3, 3, 3, 3, 3, 3, 3, 3, 3, 3, 3, 3, 3, 3, 3, 3, 3, 3, 3, 3, 3, 3, 3, 3, 3, 3, 3, 3, 3, 3, 3, 3, 3, 3, 3, 3, 3, 3, 3, 3, 3, 3, 3, 3, 3, 3, 3, 3, 3, 3, 3, 3, 3, 3, 3, 3, 3, 3, 3, 3, 3, 3, 3, 3, 3, 3, 3, 3, 3, 3, 3, 3, 3, 3, 3, 3, 3, 3, 3, 3, 3, 3, 3, 3, 3, 3, 3, 3, 3, 3, 3, 3, 3, 3, 3, 3, 3, 3, 3, 3, 3, 3, 3, 3, 3, 3, 3, 3, 3, 3, 3, 3, 3, 3, 3, 3, 3, 3, 3, 3, 3, 3, 3, 3, 3, 3, 3, 3, 3, 3, 3, 3, 3, 3, 3, 3, 3, 3, 3, 3, 3, 3, 3, 3, 3, 3, 3, 3, 3, 3, 3, 3, 3, 3, 3, 3, 3, 3, 3, 3, 3, 3, 3, 3, 3, 3, 3, 3, 3, 3, 3, 3, 3, 3, 3, 3, 3, 3, 3, 3, 3, 3, 3, 3, 3, 3, 3, 3, 3, 3, 3, 3, 3, 3, 3, 3, 3, 3, 3, 3, 3, 3, 3, 3, 3, 3, 3, 3, 3, 3, 3, 3, 3, 3, 3, 3, 3, 3, 3, 3, 3, 3, 3, 3, 3, 3, 3, 3, 3, 3, 3, 3, 3, 3, 3, 3, 3, 3, 3, 3, 3, 3, 3, 3, 3, 3, 3, 3, 3, 3, 3, 3, 3, 3, 3, 3, 3, 3, 3, 3, 3, 3, 3, 3, 3, 3, 3, 3, 3, 3, 3, 3, 3, 3, 3, 3, 3, 3, 3, 3, 3, 3, 3, 3, 3, 3, 3, 3, 3, 3, 3, 3, 3, 3, 3, 3, 3, 3, 3, 3, 3, 3, 3, 3, 3, 3, 3, 3, 3, 3, 3, 3, 3, 3, 3, 3, 3, 3, 3, 3, 3, 3, 3, 3, 3, 3, 3, 3, 3, 3, 3, 3, 3, 3, 3, 3, 3, 3, 3, 3, 3, 3, 3, 3, 3, 3, 3, 3, 3, 3, 3, 3, 3, 3, 3, 3, 3, 3, 3, 3, 3, 3, 3, 3, 3, 3, 3, 3, 3, 3, 3, 3, 3, 3, 3, 3, 3, 3, 3, 3, 3, 3, 3, 3, 3, 3, 3, 3, 3, 3, 3, 3, 3, 3, 3, 3, 3, 3, 3, 3, 3, 3, 3, 3, 3, 3, 3, 3, 3, 3, 3, 3, 3, 3, 3, 3, 3, 3, 3, 3, 3, 3, 3, 3, 3, 3, 3, 3, 3, 3, 3, 3, 3, 3, 3, 3, 3, 3, 3, 3, 3, 3, 3, 3, 3, 3, 3, 3, 3, 3, 3, 3, 3, 3, 3, 3, 3, 3, 3, 3, 3, 3, 3, 3, 3, 3, 3, 3, 3, 3, 3, 3, 3, 3, 3, 3, 3, 3, 3, 3, 3, 3, 3, 3, 3, 3, 3, 3, 3, 3, 3, 3, 3, 3, 3, 3, 3, 3, 3, 3, 3, 3, 3, 3, 3, 3, 3, 3, 3, 3, 3, 3, 3, 3, 3, 3, 3, 3, 3, 3, 3, 3, 3, 3, 3, 3, 3, 3, 3, 3, 3, 3, 3, 3, 3, 3, 3, 3, 3, 3, 3, 3, 3, 3, 3, 3, 3, 3, 3, 3, 3, 3, 3, 3, 3, 3, 3, 3, 3, 3, 3, 3, 3, 3, 3, 3, 3, 3, 3, 3, 3, 3, 3, 3, 3, 3, 3, 3, 3, 3, 3, 3, 3, 3, 3, 3, 3, 3, 3, 3, 3, 3, 3, 3, 3, 3, 3, 3, 3, 3, 3, 3, 3, 3, 3, 3, 3, 3, 3, 3, 3, 3, 3, 3, 3, 3, 3, 3, 3, 3, 3, 3, 3, 3, 3, 3, 3, 3, 3, 3, 3, 3, 3, 3, 3, 3, 3, 3, 3, 3, 3, 3, 3, 3, 3, 3, 3, 3, 3, 3, 3, 3, 3, 3, 3, 3, 3, 3, 3, 3, 3, 3, 3, 3, 3, 3, 3, 3, 3, 3, 3, 3, 3, 3, 3, 3, 3, 3, 3, 3, 3, 3, 3, 3, 3, 3, 3, 3, 3, 3, 3, 3, 3, 3, 3, 3, 3, 3, 3, 3, 3, 3, 3, 3, 3, 3, 3, 3, 3, 3, 3, 3, 3, 3, 3, 3, 3, 3, 3, 3, 3, 3, 3, 3, 3, 3, 3, 3, 3, 3, 3, 3, 3, 3, 3, 3, 3, 3, 3, 3, 3, 3, 3, 3, 3, 3, 3, 3, 3, 3, 3, 3, 3, 3, 3, 3, 3, 3, 3, 3, 3, 3, 3, 3, 3, 3, 3, 3, 3, 3, 3, 3, 3, 3, 3, 3, 3, 3, 3, 3, 3, 3, 3, 3, 3, 3, 3, 3, 3, 3, 3, 3, 3, 3, 3, 3, 3, 3, 3, 3, 3, 3, 3, 3, 3, 3, 3, 3, 3, 3, 3, 3, 3, 3, 3, 3, 3, 3, 3, 3, 3, 3, 3, 3, 3, 3, 3, 3, 3, 3, 3, 3, 3, 3, 3, 3, 3, 3, 3, 3, 3, 3, 3, 3, 3, 3, 3, 3, 3, 3, 3, 3, 3, 3, 3, 3, 3, 3, 3, 3, 3, 3, 3, 3, 3, 3, 3, 3, 3, 3, 3, 3, 3, 3, 3, 3, 3, 3, 3, 3, 3, 3, 3, 3, 3, 3, 3, 3, 3, 3, 3, 3, 3, 3, 3, 3, 3, 3, 3, 3, 3, 3, 3, 3, 3, 3, 3, 3, 3, 3, 3, 3, 3, 3, 3, 3, 3, 3, 3, 3, 3, 3, 3, 3, 3, 3, 3, 3, 3, 3, 3, 3, 3, 3, 3, 3, 3, 3, 3, 3, 3, 3, 3, 3, 3, 3, 3, 3, 3, 3, 3, 3, 3, 3, 3, 3, 3, 3, 3, 3, 3, 3, 3, 3, 3, 3, 3, 3, 3, 3, 3, 3, 3, 3, 3, 3, 3, 3, 3, 3, 3, 3, 3, 3, 3, 3, 3, 3, 3, 3, 3, 3, 3, 3, 3, 3, 3, 3, 3, 3, 3, 3, 3, 3, 3, 3, 3, 3, 3, 3, 3, 3, 3, 3, 3, 3, 3, 3, 3, 3, 3, 3, 3, 3, 3, 3, 3, 3, 3, 3, 3, 3, 3, 3, 3, 3, 3, 3, 3, 3, 3, 3, 3, 3, 3, 3, 3, 3, 3, 3, 3, 3, 3, 3, 3, 3, 3, 3, 3, 3, 3, 3, 3, 3, 3, 3, 3, 3, 3, 3, 3, 3, 3, 3, 3, 3, 3, 3, 3, 3, 3, 3, 3, 3, 3, 3, 3, 3, 3, 3, 3, 3, 3, 3, 3, 3, 3, 3, 3, 3, 3, 3, 3, 3, 3, 3, 3, 3, 3, 3, 3, 3, 3, 3, 3, 3, 3, 3, 3, 3, 3, 3, 3, 3, 3, 3, 3, 3, 3, 3, 3, 3, 3, 3, 3, 3, 3, 3, 3, 3, 3, 3, 3, 3, 3, 3, 3, 3, 3, 3, 3, 3, 3, 3, 3, 3, 3, 3, 3, 3, 3, 3, 3, 3, 3, 3, 3, 3, 3, 3, 3, 3, 3, 3, 3, 3, 3, 3, 3, 3, 3, 3, 3, 3, 3, 3, 3, 3, 3, 3, 3, 3, 3, 3, 3, 3, 3, 3, 3, 3, 3, 3, 3, 3, 3, 3, 3, 3, 3, 3, 3, 3, 3, 3, 3, 3, 3, 3, 3, 3, 3, 3, 3, 3, 3, 3, 3, 3, 3, 3, 3, 3, 3, 3, 3, 3, 3, 3, 3, 3, 3, 3, 3, 3, 3, 3, 3, 3, 3, 3, 3, 3, 3, 3, 3, 3, 3, 3, 3, 3, 3, 3, 3, 3, 3, 3, 3, 3, 3, 3, 3, 3, 3, 3, 3, 3, 3, 3, 3, 3, 3, 3, 3, 3, 3, 3, 3, 3, 3, 3, 3, 3, 3, 3, 3, 3, 3, 3, 3, 3, 3, 3, 3, 3, 3, 3, 3, 3, 3, 3, 3, 3, 3, 3, 3, 3, 3, 3, 3, 3, 3, 3, 3, 3, 3, 3, 3, 3, 3, 3, 3, 3, 3, 3, 3, 3, 3, 3, 3, 3, 3, 3, 3, 3, 3, 3, 3, 3, 3, 3, 3, 3, 3, 3, 3, 3, 3, 3, 3, 3, 3, 3, 3, 3, 3, 3, 3, 3, 3, 3, 3, 3, 3, 3, 3, 3, 3, 3, 3, 3, 3, 3, 3, 3, 3, 3, 3, 3, 3, 3, 3, 3, 3, 3, 3, 3, 3, 3, 3, 3, 3, 3, 3, 3, 3, 3, 3, 3, 3, 3, 3, 3, 3, 3, 3, 3, 3, 3, 3, 3, 3, 3, 3, 3, 3, 3, 3, 3, 3, 3, 3, 3, 3, 3, 3, 3, 3, 3, 3, 3, 3, 3, 3, 3, 3, 3, 3, 3, 3, 3, 3, 3, 3, 3, 3, 3, 3, 3, 3, 3, 3, 3, 3, 3, 3, 3, 3, 3, 3, 3, 3, 3, 3, 3, 3, 3, 3, 3, 3, 3, 3, 3, 3, 3, 3, 3, 3, 3, 3, 3, 3, 3, 3, 3, 3, 3, 3, 3, 3, 3, 3, 3, 3, 3, 3, 3, 3, 3, 3, 3, 3, 3, 3, 3, 3, 3, 3, 3, 3, 3, 3, 3, 3, 3, 3, 3, 3, 3, 3, 3, 3, 3, 3, 3, 3, 3, 3, 3, 3, 3, 3, 3, 3, 3, 3, 3, 3, 3, 3, 3, 3, 3, 3, 3, 3, 3, 3, 3, 3, 3, 3, 3, 3, 3, 3, 3, 3, 3, 3, 3, 3, 3, 3, 3, 3, 3, 3, 3, 3, 3, 3, 3, 3, 3, 3, 3, 3, 3, 3, 3, 3, 3, 3, 3, 3, 3, 3, 3, 3, 3, 3, 3, 3, 3, 3, 3, 3, 3, 3, 3, 3, 3, 3, 3, 3, 3, 3, 3, 3, 3, 3, 3, 3, 3, 3, 3, 3, 3, 3, 3, 3, 3, 3, 3, 3, 3, 3, 3, 3, 3, 3, 3, 3, 3, 3, 3, 3, 3, 3, 3, 3, 3, 3, 3, 3, 3, 3, 3, 3, 3, 3, 3, 3, 3, 3, 3, 3, 3, 3, 3, 3, 3, 3, 3, 3, 3, 3, 3, 3, 3, 3, 3, 3, 3, 3, 3, 3, 3, 3, 3, 3, 3, 3, 3, 3, 3, 3, 3, 3, 3, 3, 3, 3, 3, 3, 3, 3, 3, 3, 3, 3, 3, 3, 3, 3, 3, 3, 3, 3, 3, 3, 3, 3, 3, 3, 3, 3, 3, 3, 3, 3, 3, 3, 3, 3, 3, 3, 3, 3, 3, 3, 3, 3, 3, 3, 3, 3, 3, 3, 3, 3, 3, 3, 3, 3, 3, 3, 3, 3, 3, 3, 3, 3, 3, 3, 3, 3, 3, 3, 3, 3, 3, 3, 3, 3, 3, 3, 3, 3, 3, 3, 3, 3, 3, 3, 3, 3, 3, 3, 3, 3, 3, 3, 3, 3, 3, 3, 3, 3, 3, 3, 3, 3, 3, 3, 3, 3, 3, 3, 3, 3, 3, 3, 3, 3, 3, 3, 3, 3, 3, 3, 3, 3, 3, 3, 3, 3, 3, 3, 3, 3, 3, 3, 3, 3, 3, 3, 3, 3, 3, 3, 3, 3, 3, 3, 3, 3, 3, 3, 3, 3, 3, 3, 3, 3, 3, 3, 3, 3, 3, 3, 3, 3, 3, 3, 3, 3, 3, 3, 3, 3, 3, 3, 3, 3, 3, 3, 3, 3, 3, 3, 3, 3, 3, 3, 3, 3, 3, 3, 3, 3, 3, 3, 3, 3, 3, 3, 3, 3, 3, 3, 3, 3, 3, 3, 3, 3, 3, 3, 3, 3, 3, 3, 3, 3, 3, 3, 3, 3, 3, 3, 3, 3, 3, 3, 3, 3, 3, 3, 3, 3, 3, 3, 3, 3, 3, 3, 3, 3, 3, 3, 3, 3, 3, 3, 3, 3, 3, 3, 3, 3, 3, 3, 3, 3, 3, 3, 3, 3, 3, 3, 3, 3, 3, 3, 3, 3, 3, 3, 3, 3, 3, 3, 3, 3, 3, 3, 3, 3, 3, 3, 3, 3, 3, 3, 3, 3, 3, 3, 3, 3, 3, 3, 3, 3, 3, 3, 3, 3, 3, 3, 3, 3, 3, 3, 3, 3, 3, 3, 3, 3, 3, 3, 3, 3, 3, 3, 3, 3, 3, 3, 3, 3, 3, 3, 3, 3, 3, 3, 3, 3, 3, 3, 3, 3, 3, 3, 3, 3, 3, 3, 3, 3, 3, 3, 3, 3, 3, 3, 3, 3, 3, 3, 3, 3, 3, 3, 3, 3, 3, 3, 3, 3, 3, 3, 3, 3, 3, 3, 3, 3, 3, 3, 3, 3, 3, 3, 3, 3, 3, 3, 3, 3, 3, 3, 3, 3, 3, 3, 3, 3, 3, 3, 3, 3, 3, 3, 3, 3, 3, 3, 3, 3, 3, 3, 3, 3, 3, 3, 3, 3, 3, 3, 3, 3, 3, 3, 3, 3, 3, 3, 3, 3, 3, 3, 3, 3, 3, 3, 3, 3, 3, 3, 3, 3, 3, 3, 3, 3, 3, 3, 3, 3, 3, 3, 3, 3, 3, 3, 3, 3, 3, 3, 3, 3, 3, 3, 3, 3, 3, 3, 3, 3, 3, 3, 3, 3, 3, 3, 3, 3, 3, 3, 3, 3, 3, 3, 3, 3, 3, 3, 3, 3, 3, 3, 3, 3, 3, 3, 3, 3, 3, 3, 3, 3, 3, 3, 3, 3, 3, 3, 3, 3, 3, 3, 3, 3, 3, 3, 3, 3, 3, 3, 3, 3, 3, 3, 3, 3, 3, 3, 3, 3, 3, 3, 3, 3, 3, 3, 3, 3, 3, 3, 3, 3, 3, 3, 3, 3, 3, 3, 3, 3, 3, 3, 3, 3, 3, 3, 3, 3, 3, 3, 3, 3, 3, 3, 3, 3, 3, 3, 3, 3, 3, 3, 3, 3, 3, 3, 3, 3, 3, 3, 3, 3, 3, 3, 3, 3, 3, 3, 3, 3, 3, 3, 3, 3, 3, 3, 3, 3, 3, 3, 3, 3, 3, 3, 3, 3, 3, 3, 3, 3, 3, 3, 3, 3, 3, 3, 3, 3, 3, 3, 3, 3, 3, 3, 3, 3, 3, 3, 3, 3, 3, 3, 3, 3, 3, 3, 3, 3, 3, 3, 3, 3, 3, 3, 3, 3, 3, 3, 3, 3, 3, 3, 3, 3, 3, 3, 3, 3, 3, 3, 3, 3, 3, 3, 3, 3, 3, 3, 3, 3, 3, 3, 3, 3, 3, 3, 3, 3, 3, 3, 3, 3, 3, 3, 3, 3, 3, 3, 3, 3, 3, 3, 3, 3, 3, 3, 3, 3, 3, 3, 3, 3, 3, 3, 3, 3, 3, 3, 3, 3, 3, 3, 3, 3, 3, 3, 3, 3, 3, 3, 3, 3, 3, 3, 3, 3, 3, 3, 3, 3, 3, 3, 3, 3, 3, 3, 3, 3, 3, 3, 3, 3, 3, 3, 3, 3, 3, 3, 3, 3, 3, 3, 3, 3, 3, 3, 3, 3, 3, 3, 3, 3, 3, 3, 3, 3, 3, 3, 3, 3, 3, 3, 3, 3, 3, 3, 3, 3, 3, 3, 3, 3, 3, 3, 3, 3, 3, 3, 3, 3, 3, 3, 3, 3, 3, 3, 3, 3, 3, 3, 3, 3, 3, 3, 3, 3, 3, 3, 3, 3, 3, 3, 3, 3, 3, 3, 3, 3, 3, 3, 3, 3, 3, 3, 3, 3, 3, 3, 3, 3, 3, 3, 3, 3, 3, 3, 3, 3, 3, 3, 3, 3, 3, 3, 3, 3, 3, 3, 3, 3, 3, 3, 3, 3, 3, 3, 3, 3, 3, 3, 3, 3, 3, 3, 3, 3, 3, 3, 3, 3, 3, 3, 3, 3, 3, 3, 3, 3, 3, 3, 3, 3, 3, 3, 3, 3, 3, 3, 3, 3, 3, 3, 3, 3, 3, 3, 3, 3, 3, 3, 3, 3, 3, 3, 3, 3, 3, 3, 3, 3, 3, 3, 3, 3, 3, 3, 3, 3, 3, 3, 3, 3, 3, 3, 3, 3, 3, 3, 3, 3, 3, 3, 3, 3, 3, 3, 3, 3, 3, 3, 3, 3, 3, 3, 3, 3, 3, 3, 3, 3, 3, 3, 3, 3, 3, 3, 3, 3, 3, 3, 3, 3, 3, 3, 3, 3, 3, 3, 3, 3, 3, 3, 3, 3, 3, 3, 3, 3, 3, 3, 3, 3, 3, 3, 3, 3, 3, 3, 3, 3, 3, 3, 3, 3, 3, 3, 3, 3, 3, 3, 3, 3, 3, 3, 3, 3, 3, 3, 3, 3, 3, 3, 3, 3, 3, 3, 3, 3, 3, 3, 3, 3, 3, 3, 3, 3, 3, 3, 3, 3, 3, 3, 3, 3, 3, 3, 3, 3, 3, 3, 3, 3, 3, 3, 3, 3, 3, 3, 3, 3, 3, 3, 3, 3, 3, 3, 3, 3, 3, 3, 3, 3, 3, 3, 3, 3, 3, 3, 3, 3, 3, 3, 3, 3, 3, 3, 3, 3, 3, 3, 3, 3, 3, 3, 3, 3, 3, 3, 3, 3, 3, 3, 3, 3, 3, 3, 3, 3, 3, 3, 3, 3, 3, 3, 3, 3, 3, 3, 3, 3, 3, 3, 3, 3, 3, 3, 3, 3, 3, 3, 3, 3, 3, 3, 3, 3, 3, 3, 3, 3, 3, 3, 3, 3, 3, 3, 3, 3, 3, 3, 3, 3, 3]
            int[] faceVertexIndices = [0, 1, 2, 3, 4, 2, 4, 5, 2, 5, 0, 2, 1, 6, 2, 6, 7, 2, 7, 8, 2, 9, 10, 2, 11, 12, 2, 13, 11, 2, 10, 13, 2, 14, 15, 2, 15, 16, 2, 16, 9, 2, 17, 18, 2, 18, 19, 2, 19, 14, 2, 8, 20, 2, 20, 21, 2, 21, 17, 2, 12, 22, 2, 22, 23, 2, 23, 24, 2, 24, 25, 2, 26, 27, 2, 27, 28, 2, 28, 29, 2, 29, 30, 2, 25, 31, 2, 31, 32, 2, 32, 33, 2, 33, 34, 2, 34, 35, 2, 35, 36, 2, 30, 37, 2, 37, 38, 2, 38, 39, 2, 36, 40, 2, 40, 41, 2, 41, 42, 2, 39, 43, 2, 43, 44, 2, 44, 3, 2, 42, 45, 2, 45, 46, 2, 46, 26, 2, 47, 48, 8, 48, 49, 8, 7, 50, 8, 50, 51, 8, 51, 52, 8, 52, 53, 8, 53, 47, 8, 54, 55, 8, 56, 54, 8, 49, 56, 8, 55, 57, 8, 57, 20, 8, 58, 59, 55, 54, 58, 55, 59, 60, 55, 60, 57, 55, 61, 62, 59, 58, 61, 59, 62, 63, 59, 63, 60, 59, 64, 65, 62, 66, 67, 62, 67, 68, 62, 68, 64, 62, 65, 69, 62, 69, 70, 62, 70, 71, 62, 61, 66, 62, 71, 72, 62, 72, 63, 62, 73, 74, 71, 75, 76, 71, 76, 77, 71, 77, 78, 71, 78, 73, 71, 70, 79, 71, 79, 75, 71, 74, 80, 71, 80, 81, 71, 81, 82, 71, 82, 83, 71, 83, 72, 71, 73, 84, 74, 85, 86, 74, 86, 87, 74, 87, 88, 74, 88, 89, 74, 89, 90, 74, 90, 91, 74, 91, 92, 74, 92, 93, 74, 93, 80, 74, 94, 85, 74, 95, 96, 74, 96, 97, 74, 97, 94, 74, 98, 99, 74, 100, 101, 74, 102, 100, 74, 103, 104, 74, 104, 105, 74, 105, 106, 74, 106, 107, 74, 101, 108, 74, 108, 109, 74, 109, 95, 74, 110, 98, 74, 84, 110, 74, 111, 112, 74, 107, 113, 74, 113, 114, 74, 114, 115, 74, 112, 116, 74, 116, 117, 74, 117, 103, 74, 115, 118, 74, 118, 119, 74, 119, 102, 74, 120, 121, 74, 121, 122, 74, 122, 111, 74, 99, 123, 74, 123, 124, 74, 124, 120, 74, 125, 126, 21, 20, 125, 21, 126, 127, 21, 127, 128, 21, 128, 129, 21, 130, 131, 21, 132, 130, 21, 129, 132, 21, 131, 17, 21, 57, 133, 20, 134, 135, 20, 136, 134, 20, 135, 137, 20, 137, 138, 20, 138, 125, 20, 133, 139, 20, 139, 140, 20, 140, 136, 20, 141, 133, 57, 60, 141, 57, 63, 142, 60, 142, 141, 60, 143, 144, 63, 145, 143, 63, 72, 146, 63, 146, 147, 63, 147, 145, 63, 144, 148, 63, 148, 142, 63, 83, 149, 72, 149, 150, 72, 150, 151, 72, 151, 152, 72, 152, 153, 72, 153, 154, 72, 154, 146, 72, 82, 149, 83, 131, 155, 17, 155, 156, 17, 156, 157, 17, 157, 158, 17, 158, 18, 17, 159, 160, 82, 161, 159, 82, 160, 162, 82, 162, 149, 82, 163, 161, 82, 81, 163, 82, 158, 164, 18, 164, 19, 18, 165, 163, 81, 80, 165, 81, 164, 166, 19, 166, 14, 19, 167, 165, 80, 93, 167, 80, 166, 168, 14, 168, 15, 14, 169, 167, 93, 92, 169, 93, 168, 170, 15, 170, 16, 15, 171, 169, 92, 91, 171, 92, 170, 172, 16, 172, 9, 16, 173, 171, 91, 90, 173, 91, 172, 174, 9, 174, 10, 9, 175, 173, 90, 89, 175, 90, 174, 176, 10, 176, 13, 10, 177, 175, 89, 88, 177, 89, 176, 178, 13, 178, 11, 13, 179, 177, 88, 87, 179, 88, 180, 12, 11, 181, 180, 11, 182, 183, 11, 183, 184, 11, 184, 181, 11, 185, 186, 11, 186, 187, 11, 188, 189, 11, 189, 190, 11, 190, 185, 11, 191, 192, 11, 193, 191, 11, 192, 194, 11, 194, 195, 11, 195, 182, 11, 187, 196, 11, 196, 197, 11, 197, 198, 11, 198, 199, 11, 199, 200, 11, 200, 193, 11, 201, 202, 11, 202, 203, 11, 203, 188, 11, 204, 205, 11, 206, 204, 11, 205, 207, 11, 207, 208, 11, 208, 201, 11, 209, 210, 11, 210, 211, 11, 211, 206, 11, 212, 209, 11, 213, 212, 11, 214, 215, 11, 216, 217, 11, 218, 219, 11, 219, 220, 11, 220, 221, 11, 222, 214, 11, 223, 224, 11, 224, 225, 11, 225, 213, 11, 226, 227, 11, 227, 228, 11, 228, 229, 11, 230, 231, 11, 231, 232, 11, 232, 233, 11, 234, 235, 11, 235, 236, 11, 236, 223, 11, 237, 216, 11, 238, 218, 11, 229, 238, 11, 215, 239, 11, 239, 240, 11, 240, 237, 11, 178, 241, 11, 241, 242, 11, 242, 222, 11, 243, 226, 11, 217, 243, 11, 244, 230, 11, 221, 244, 11, 245, 234, 11, 233, 245, 11, 86, 246, 87, 246, 247, 87, 247, 248, 87, 248, 249, 87, 249, 250, 87, 250, 251, 87, 251, 252, 87, 252, 253, 87, 253, 254, 87, 255, 256, 87, 254, 257, 87, 257, 258, 87, 258, 259, 87, 260, 255, 87, 261, 260, 87, 259, 261, 87, 256, 262, 87, 262, 263, 87, 263, 264, 87, 264, 265, 87, 265, 266, 87, 266, 267, 87, 267, 268, 87, 268, 269, 87, 269, 270, 87, 270, 271, 87, 271, 272, 87, 272, 273, 87, 273, 274, 87, 274, 275, 87, 275, 276, 87, 276, 277, 87, 278, 279, 87, 280, 281, 87, 277, 282, 87, 282, 283, 87, 283, 280, 87, 281, 284, 87, 284, 285, 87, 285, 286, 87, 286, 287, 87, 287, 288, 87, 288, 289, 87, 279, 290, 87, 290, 291, 87, 291, 292, 87, 292, 293, 87, 293, 294, 87, 294, 295, 87, 289, 296, 87, 296, 297, 87, 297, 278, 87, 295, 298, 87, 298, 299, 87, 299, 300, 87, 300, 301, 87, 301, 302, 87, 302, 303, 87, 303, 179, 87, 304, 305, 12, 305, 306, 12, 306, 22, 12, 307, 308, 12, 308, 309, 12, 309, 304, 12, 180, 310, 12, 310, 307, 12, 311, 312, 180, 312, 313, 180, 181, 314, 180, 314, 311, 180, 313, 315, 180, 315, 316, 180, 316, 310, 180, 317, 318, 86, 319, 320, 86, 320, 321, 86, 321, 317, 86, 318, 322, 86, 322, 246, 86, 85, 323, 86, 323, 319, 86, 94, 324, 85, 324, 325, 85, 325, 326, 85, 326, 327, 85, 327, 328, 85, 328, 329, 85, 329, 323, 85, 306, 314, 22, 314, 181, 22, 181, 23, 22, 306, 311, 314, 322, 324, 246, 324, 94, 246, 94, 247, 246, 322, 325, 324, 181, 184, 23, 184, 24, 23, 94, 97, 247, 97, 248, 247, 305, 311, 306, 305, 312, 311, 318, 325, 322, 318, 326, 325, 184, 183, 24, 183, 25, 24, 97, 96, 248, 96, 249, 248, 304, 312, 305, 304, 313, 312, 317, 326, 318, 317, 327, 326, 183, 182, 25, 182, 31, 25, 96, 95, 249, 95, 250, 249, 309, 313, 304, 309, 315, 313, 321, 327, 317, 321, 328, 327, 182, 195, 31, 195, 32, 31, 95, 109, 250, 109, 251, 250, 308, 315, 309, 308, 316, 315, 320, 328, 321, 320, 329, 328, 194, 33, 32, 195, 194, 32, 109, 108, 251, 108, 252, 251, 307, 330, 308, 330, 316, 308, 331, 310, 316, 330, 331, 316, 319, 332, 320, 332, 329, 320, 333, 323, 329, 332, 333, 329, 310, 334, 307, 334, 335, 307, 335, 330, 307, 331, 334, 310, 323, 336, 319, 336, 337, 319, 337, 332, 319, 333, 336, 323, 194, 192, 33, 192, 34, 33, 108, 101, 252, 101, 253, 252, 192, 191, 34, 191, 35, 34, 101, 100, 253, 100, 254, 253, 191, 193, 35, 193, 36, 35, 100, 102, 254, 102, 257, 254, 193, 200, 36, 200, 40, 36, 102, 119, 257, 119, 258, 257, 200, 199, 40, 199, 41, 40, 119, 118, 258, 118, 259, 258, 199, 198, 41, 198, 42, 41, 118, 115, 259, 115, 261, 259, 338, 339, 42, 339, 45, 42, 198, 197, 42, 197, 338, 42, 115, 114, 261, 114, 260, 261, 340, 341, 338, 341, 342, 338, 342, 339, 338, 197, 196, 338, 196, 340, 338, 343, 344, 260, 345, 343, 260, 344, 255, 260, 114, 113, 260, 113, 345, 260, 346, 341, 340, 196, 347, 340, 347, 346, 340, 187, 347, 196, 348, 343, 345, 113, 107, 345, 107, 348, 345, 349, 350, 346, 350, 341, 346, 347, 351, 346, 351, 349, 346, 187, 351, 347, 352, 353, 348, 353, 343, 348, 107, 354, 348, 354, 352, 348, 106, 354, 107, 355, 356, 349, 356, 357, 349, 357, 350, 349, 358, 355, 349, 359, 358, 349, 360, 359, 349, 351, 360, 349, 187, 361, 351, 361, 360, 351, 362, 363, 352, 363, 364, 352, 364, 353, 352, 365, 362, 352, 366, 365, 352, 354, 367, 352, 367, 366, 352, 368, 369, 354, 369, 370, 354, 370, 371, 354, 371, 372, 354, 372, 373, 354, 106, 368, 354, 373, 367, 354, 374, 126, 125, 375, 374, 125, 138, 375, 125, 376, 147, 146, 377, 376, 146, 154, 377, 146, 378, 127, 126, 374, 378, 126, 379, 145, 147, 376, 379, 147, 380, 375, 138, 137, 380, 138, 381, 377, 154, 153, 381, 154, 382, 128, 127, 378, 382, 127, 383, 143, 145, 379, 383, 145, 384, 380, 137, 135, 384, 137, 385, 381, 153, 152, 385, 153, 386, 129, 128, 382, 386, 128, 387, 144, 143, 383, 387, 143, 388, 384, 135, 134, 388, 135, 389, 385, 152, 151, 389, 152, 390, 132, 129, 386, 390, 129, 391, 148, 144, 387, 391, 144, 392, 388, 134, 136, 392, 134, 393, 389, 151, 150, 393, 151, 394, 130, 132, 390, 394, 132, 395, 142, 148, 396, 395, 148, 391, 396, 148, 140, 392, 136, 149, 397, 150, 397, 393, 150, 162, 397, 149, 398, 131, 130, 399, 398, 130, 394, 399, 130, 400, 142, 395, 401, 400, 395, 396, 401, 395, 402, 403, 131, 403, 155, 131, 398, 404, 131, 404, 405, 131, 405, 406, 131, 406, 407, 131, 407, 408, 131, 408, 402, 131, 399, 409, 398, 409, 404, 398, 139, 410, 140, 411, 392, 140, 410, 411, 140, 412, 413, 139, 413, 414, 139, 414, 415, 139, 415, 416, 139, 416, 417, 139, 417, 418, 139, 418, 410, 139, 419, 420, 139, 421, 419, 139, 420, 422, 139, 422, 423, 139, 423, 424, 139, 424, 425, 139, 425, 426, 139, 426, 427, 139, 427, 428, 139, 428, 429, 139, 429, 412, 139, 133, 421, 139, 430, 431, 133, 432, 430, 133, 433, 434, 133, 434, 435, 133, 435, 432, 133, 431, 436, 133, 436, 437, 133, 437, 438, 133, 439, 440, 133, 440, 441, 133, 441, 433, 133, 438, 421, 133, 442, 439, 133, 141, 442, 133, 443, 444, 141, 444, 445, 141, 445, 446, 141, 446, 447, 141, 447, 448, 141, 448, 449, 141, 449, 450, 141, 142, 451, 141, 451, 452, 141, 452, 443, 141, 450, 453, 141, 453, 454, 141, 454, 442, 141, 455, 456, 142, 457, 458, 142, 458, 459, 142, 459, 460, 142, 460, 461, 142, 461, 455, 142, 400, 457, 142, 462, 463, 142, 463, 464, 142, 464, 465, 142, 465, 466, 142, 466, 467, 142, 467, 468, 142, 468, 469, 142, 469, 451, 142, 456, 470, 142, 470, 471, 142, 471, 462, 142, 401, 472, 400, 472, 457, 400, 162, 473, 397, 474, 393, 397, 473, 474, 397, 160, 475, 162, 475, 476, 162, 476, 477, 162, 477, 478, 162, 478, 479, 162, 479, 480, 162, 480, 473, 162, 481, 411, 410, 418, 481, 410, 482, 474, 473, 480, 482, 473, 50, 378, 51, 378, 374, 51, 374, 52, 51, 69, 379, 70, 379, 376, 70, 376, 79, 70, 375, 52, 374, 377, 79, 376, 483, 330, 335, 334, 484, 335, 484, 483, 335, 331, 484, 334, 485, 332, 337, 336, 486, 337, 486, 485, 337, 333, 486, 336, 7, 382, 50, 382, 378, 50, 65, 383, 69, 383, 379, 69, 375, 53, 52, 377, 75, 79, 380, 53, 375, 381, 75, 377, 6, 386, 7, 386, 382, 7, 64, 387, 65, 387, 383, 65, 380, 47, 53, 381, 76, 75, 384, 47, 380, 385, 76, 381, 1, 390, 6, 390, 386, 6, 68, 391, 64, 391, 387, 64, 409, 405, 404, 472, 458, 457, 384, 48, 47, 385, 77, 76, 388, 48, 384, 389, 77, 385, 0, 394, 1, 394, 390, 1, 67, 396, 68, 396, 391, 68, 487, 330, 483, 484, 488, 483, 488, 487, 483, 331, 488, 484, 489, 332, 485, 486, 490, 485, 490, 489, 485, 333, 490, 486, 388, 49, 48, 389, 78, 77, 392, 49, 388, 393, 78, 389, 491, 481, 418, 417, 491, 418, 492, 482, 480, 479, 492, 480, 5, 399, 0, 399, 394, 0, 66, 401, 67, 401, 396, 67, 493, 56, 49, 392, 493, 49, 494, 73, 78, 393, 494, 78, 411, 493, 392, 474, 494, 393, 495, 330, 487, 488, 496, 487, 496, 495, 487, 331, 496, 488, 497, 332, 489, 490, 498, 489, 498, 497, 489, 333, 498, 490, 4, 399, 5, 61, 499, 66, 499, 401, 66, 4, 409, 399, 499, 472, 401, 500, 406, 405, 409, 500, 405, 501, 459, 458, 472, 501, 458, 502, 503, 3, 503, 504, 3, 504, 505, 3, 506, 507, 3, 507, 508, 3, 508, 502, 3, 505, 509, 3, 509, 4, 3, 510, 511, 3, 512, 513, 3, 511, 506, 3, 513, 514, 3, 514, 515, 3, 515, 516, 3, 516, 517, 3, 517, 518, 3, 518, 519, 3, 519, 520, 3, 520, 521, 3, 521, 510, 3, 44, 522, 3, 522, 512, 3, 509, 409, 4, 523, 56, 493, 411, 523, 493, 524, 525, 56, 523, 526, 56, 526, 527, 56, 527, 528, 56, 528, 529, 56, 529, 530, 56, 530, 524, 56, 531, 532, 56, 533, 534, 56, 535, 533, 56, 532, 536, 56, 536, 537, 56, 537, 535, 56, 534, 538, 56, 538, 539, 56, 539, 54, 56, 525, 540, 56, 540, 541, 56, 541, 531, 56, 542, 543, 54, 543, 544, 54, 544, 545, 54, 545, 546, 54, 546, 547, 54, 547, 548, 54, 548, 549, 54, 549, 550, 54, 550, 551, 54, 551, 552, 54, 539, 553, 54, 553, 542, 54, 552, 554, 54, 554, 58, 54, 555, 556, 58, 557, 555, 58, 556, 558, 58, 558, 559, 58, 559, 560, 58, 560, 561, 58, 561, 562, 58, 562, 563, 58, 563, 564, 58, 564, 565, 58, 565, 61, 58, 554, 566, 58, 566, 567, 58, 567, 557, 58, 568, 569, 61, 569, 570, 61, 570, 571, 61, 572, 573, 61, 573, 574, 61, 574, 568, 61, 571, 575, 61, 575, 499, 61, 576, 577, 61, 578, 576, 61, 577, 579, 61, 579, 580, 61, 580, 581, 61, 565, 582, 61, 582, 578, 61, 581, 583, 61, 583, 584, 61, 584, 572, 61, 575, 472, 499, 585, 73, 494, 474, 585, 494, 585, 586, 73, 586, 587, 73, 587, 588, 73, 589, 84, 73, 590, 589, 73, 588, 591, 73, 591, 592, 73, 592, 590, 73, 593, 594, 84, 589, 593, 84, 595, 110, 84, 596, 597, 84, 597, 598, 84, 598, 599, 84, 599, 595, 84, 600, 601, 84, 601, 602, 84, 602, 596, 84, 594, 603, 84, 603, 604, 84, 604, 600, 84, 411, 526, 523, 474, 586, 585, 481, 526, 411, 482, 586, 474, 605, 330, 495, 496, 606, 495, 606, 605, 495, 331, 606, 496, 607, 332, 497, 498, 608, 497, 608, 607, 497, 333, 608, 498, 505, 500, 509, 500, 409, 509, 571, 501, 575, 501, 472, 575, 609, 491, 417, 416, 609, 417, 610, 492, 479, 478, 610, 479, 481, 527, 526, 482, 587, 586, 491, 527, 481, 492, 587, 482, 611, 330, 605, 606, 612, 605, 612, 611, 605, 331, 612, 606, 613, 332, 607, 608, 614, 607, 614, 613, 607, 333, 614, 608, 504, 615, 505, 615, 500, 505, 570, 616, 571, 616, 501, 571, 615, 406, 500, 616, 459, 501, 611, 617, 330, 617, 331, 330, 618, 612, 331, 617, 618, 331, 613, 619, 332, 619, 333, 332, 620, 614, 333, 619, 620, 333, 615, 407, 406, 616, 460, 459, 491, 528, 527, 492, 588, 587, 609, 528, 491, 610, 588, 492, 621, 617, 611, 612, 622, 611, 622, 621, 611, 618, 622, 612, 623, 619, 613, 614, 624, 613, 624, 623, 613, 620, 624, 614, 503, 625, 504, 625, 615, 504, 569, 626, 570, 626, 616, 570, 625, 407, 615, 626, 460, 616, 621, 627, 617, 627, 618, 617, 628, 622, 618, 627, 628, 618, 623, 629, 619, 629, 620, 619, 630, 624, 620, 629, 630, 620, 631, 627, 621, 622, 632, 621, 632, 631, 621, 628, 632, 622, 633, 629, 623, 624, 634, 623, 634, 633, 623, 630, 634, 624, 609, 529, 528, 421, 438, 539, 438, 553, 539, 419, 421, 539, 538, 419, 539, 438, 542, 553, 452, 451, 564, 451, 565, 564, 443, 452, 564, 563, 443, 564, 451, 582, 565, 610, 591, 588, 503, 635, 625, 635, 408, 625, 408, 407, 625, 636, 529, 609, 416, 636, 609, 569, 637, 626, 637, 461, 626, 461, 460, 626, 638, 591, 610, 478, 638, 610, 415, 636, 416, 437, 542, 438, 469, 582, 451, 477, 638, 478, 631, 639, 627, 639, 628, 627, 640, 632, 628, 639, 640, 628, 633, 641, 629, 641, 630, 629, 642, 634, 630, 641, 642, 630, 420, 419, 538, 534, 420, 538, 469, 578, 582, 468, 578, 469, 437, 543, 542, 444, 443, 563, 562, 444, 563, 436, 543, 437, 643, 639, 631, 632, 644, 631, 644, 643, 631, 640, 644, 632, 645, 641, 633, 634, 646, 633, 646, 645, 633, 642, 646, 634, 502, 647, 503, 647, 635, 503, 568, 648, 569, 648, 637, 569, 647, 402, 635, 402, 408, 635, 648, 455, 637, 455, 461, 637, 643, 649, 639, 649, 640, 639, 650, 644, 640, 649, 650, 640, 645, 651, 641, 651, 642, 641, 652, 646, 642, 651, 652, 642, 653, 649, 643, 644, 654, 643, 654, 653, 643, 650, 654, 644, 655, 651, 645, 646, 656, 645, 656, 655, 645, 652, 656, 646, 653, 650, 649, 653, 654, 650, 655, 652, 651, 655, 656, 652, 636, 530, 529, 638, 592, 591, 657, 530, 636, 415, 657, 636, 658, 592, 638, 477, 658, 638, 422, 420, 534, 533, 422, 534, 468, 576, 578, 467, 576, 468, 436, 544, 543, 445, 444, 562, 561, 445, 562, 431, 544, 436, 508, 659, 502, 659, 647, 502, 574, 660, 568, 660, 648, 568, 659, 403, 647, 403, 402, 647, 660, 661, 648, 661, 455, 648, 657, 524, 530, 658, 590, 592, 662, 524, 657, 415, 414, 657, 414, 662, 657, 663, 590, 658, 477, 476, 658, 476, 663, 658, 507, 664, 508, 664, 659, 508, 573, 665, 574, 665, 660, 574, 664, 666, 659, 666, 403, 659, 665, 667, 660, 667, 661, 660, 423, 422, 533, 535, 423, 533, 467, 577, 576, 466, 577, 467, 668, 525, 524, 662, 668, 524, 669, 589, 590, 663, 669, 590, 670, 668, 662, 414, 413, 662, 413, 670, 662, 671, 669, 663, 476, 475, 663, 475, 671, 663, 431, 545, 544, 446, 445, 561, 560, 446, 561, 430, 545, 431, 661, 456, 455, 506, 672, 507, 672, 673, 507, 673, 664, 507, 572, 674, 573, 674, 675, 573, 675, 665, 573, 673, 676, 664, 676, 666, 664, 675, 677, 665, 677, 667, 665, 678, 525, 668, 670, 678, 668, 679, 589, 669, 671, 679, 669, 680, 678, 670, 413, 681, 670, 681, 680, 670, 682, 679, 671, 475, 683, 671, 683, 682, 671, 506, 684, 672, 684, 685, 672, 685, 673, 672, 572, 686, 674, 686, 687, 674, 687, 675, 674, 685, 688, 673, 688, 676, 673, 687, 689, 675, 689, 677, 675, 690, 525, 678, 680, 690, 678, 691, 589, 679, 682, 691, 679, 692, 690, 680, 681, 693, 680, 693, 692, 680, 694, 691, 682, 683, 695, 682, 695, 694, 682, 506, 696, 684, 696, 697, 684, 697, 685, 684, 572, 698, 686, 698, 699, 686, 699, 687, 686, 697, 700, 685, 700, 688, 685, 699, 701, 687, 701, 689, 687, 702, 525, 690, 692, 702, 690, 703, 589, 691, 694, 703, 691, 704, 702, 692, 693, 705, 692, 705, 704, 692, 706, 703, 694, 695, 707, 694, 707, 706, 694, 424, 423, 535, 537, 424, 535, 466, 579, 577, 465, 579, 466, 430, 546, 545, 447, 446, 560, 559, 447, 560, 432, 546, 430, 666, 155, 403, 667, 456, 661, 506, 708, 696, 708, 709, 696, 709, 697, 696, 572, 710, 698, 710, 711, 698, 711, 699, 698, 709, 712, 697, 712, 700, 697, 711, 713, 699, 713, 701, 699, 714, 525, 702, 704, 714, 702, 715, 589, 703, 716, 715, 703, 706, 716, 703, 717, 714, 704, 705, 718, 704, 718, 717, 704, 719, 716, 706, 707, 720, 706, 720, 719, 706, 506, 721, 708, 721, 722, 708, 722, 709, 708, 572, 723, 710, 723, 724, 710, 724, 711, 710, 722, 725, 709, 725, 712, 709, 724, 726, 711, 726, 713, 711, 727, 525, 714, 717, 727, 714, 728, 572, 716, 572, 715, 716, 719, 728, 716, 729, 727, 717, 718, 730, 717, 730, 729, 717, 731, 728, 719, 720, 732, 719, 732, 731, 719, 506, 727, 721, 727, 729, 721, 729, 722, 721, 572, 728, 723, 728, 731, 723, 731, 724, 723, 729, 733, 722, 733, 725, 722, 731, 734, 724, 734, 726, 724, 506, 525, 727, 730, 733, 729, 732, 734, 731, 412, 681, 413, 160, 683, 475, 676, 155, 666, 677, 456, 667, 425, 424, 537, 536, 425, 537, 465, 580, 579, 464, 580, 465, 432, 547, 546, 448, 447, 559, 558, 448, 559, 435, 547, 432, 412, 693, 681, 160, 695, 683, 688, 155, 676, 689, 456, 677, 412, 705, 693, 160, 707, 695, 700, 155, 688, 701, 456, 689, 412, 718, 705, 160, 720, 707, 426, 425, 536, 532, 426, 536, 464, 581, 580, 463, 581, 464, 435, 548, 547, 449, 448, 558, 556, 449, 558, 434, 548, 435, 712, 155, 700, 713, 456, 701, 412, 730, 718, 160, 732, 720, 725, 155, 712, 726, 456, 713, 412, 733, 730, 160, 734, 732, 733, 155, 725, 160, 456, 726, 734, 160, 726, 412, 155, 733, 427, 426, 532, 531, 427, 532, 463, 583, 581, 462, 583, 463, 434, 549, 548, 450, 449, 556, 555, 450, 556, 433, 549, 434, 428, 427, 531, 541, 428, 531, 462, 584, 583, 471, 584, 462, 433, 550, 549, 453, 450, 555, 557, 453, 555, 441, 550, 433, 540, 428, 541, 735, 572, 584, 471, 470, 584, 470, 735, 584, 540, 429, 428, 441, 551, 550, 454, 453, 557, 567, 454, 557, 440, 551, 441, 736, 552, 551, 440, 736, 551, 566, 737, 567, 737, 454, 567, 439, 738, 440, 738, 736, 440, 737, 442, 454, 350, 189, 341, 189, 188, 341, 188, 342, 341, 350, 190, 189, 353, 368, 343, 368, 106, 343, 106, 344, 343, 353, 369, 368, 188, 203, 342, 203, 339, 342, 106, 105, 344, 105, 255, 344, 357, 190, 350, 357, 185, 190, 364, 369, 353, 364, 370, 369, 203, 202, 339, 202, 45, 339, 105, 104, 255, 104, 256, 255, 356, 185, 357, 356, 186, 185, 363, 370, 364, 363, 371, 370, 202, 201, 45, 201, 46, 45, 104, 103, 256, 103, 262, 256, 355, 186, 356, 355, 187, 186, 362, 371, 363, 362, 372, 371, 201, 208, 46, 208, 26, 46, 103, 117, 262, 117, 263, 262, 358, 187, 355, 358, 361, 187, 365, 372, 362, 365, 373, 372, 207, 27, 26, 208, 207, 26, 117, 116, 263, 116, 264, 263, 739, 740, 358, 741, 739, 358, 742, 743, 358, 743, 744, 358, 744, 741, 358, 359, 742, 358, 740, 361, 358, 745, 746, 361, 747, 745, 361, 746, 748, 361, 748, 749, 361, 749, 750, 361, 750, 751, 361, 751, 360, 361, 740, 747, 361, 752, 753, 365, 754, 752, 365, 755, 756, 365, 756, 757, 365, 757, 754, 365, 366, 755, 365, 753, 373, 365, 758, 759, 373, 760, 758, 373, 759, 761, 373, 761, 762, 373, 762, 763, 373, 763, 764, 373, 764, 367, 373, 753, 760, 373, 207, 205, 27, 205, 28, 27, 116, 112, 264, 112, 265, 264, 205, 204, 28, 204, 29, 28, 112, 111, 265, 111, 266, 265, 204, 206, 29, 206, 30, 29, 111, 122, 266, 122, 267, 266, 206, 211, 30, 211, 37, 30, 122, 121, 267, 121, 268, 267, 211, 210, 37, 210, 38, 37, 121, 120, 268, 120, 269, 268, 210, 209, 38, 209, 39, 38, 120, 124, 269, 124, 270, 269, 209, 765, 39, 765, 43, 39, 766, 765, 209, 212, 766, 209, 767, 768, 270, 768, 271, 270, 124, 123, 270, 123, 767, 270, 769, 770, 43, 770, 771, 43, 771, 44, 43, 765, 772, 43, 772, 769, 43, 766, 772, 765, 773, 774, 767, 774, 775, 767, 775, 768, 767, 123, 776, 767, 776, 773, 767, 99, 776, 123, 360, 751, 359, 751, 742, 359, 367, 764, 366, 764, 755, 366, 751, 750, 742, 750, 743, 742, 764, 763, 755, 763, 756, 755, 777, 770, 769, 772, 778, 769, 778, 777, 769, 766, 778, 772, 779, 774, 773, 776, 780, 773, 780, 779, 773, 99, 780, 776, 750, 749, 743, 749, 744, 743, 763, 762, 756, 762, 757, 756, 781, 782, 777, 782, 770, 777, 778, 783, 777, 783, 781, 777, 766, 783, 778, 784, 785, 779, 785, 774, 779, 780, 786, 779, 786, 784, 779, 99, 786, 780, 787, 788, 781, 788, 789, 781, 789, 782, 781, 790, 787, 781, 791, 790, 781, 792, 791, 781, 783, 792, 781, 793, 794, 783, 794, 795, 783, 795, 796, 783, 797, 798, 783, 798, 799, 783, 799, 793, 783, 796, 792, 783, 766, 797, 783, 800, 801, 784, 801, 802, 784, 802, 785, 784, 803, 800, 784, 804, 803, 784, 786, 805, 784, 805, 804, 784, 806, 807, 786, 807, 808, 786, 808, 809, 786, 809, 810, 786, 810, 805, 786, 99, 811, 786, 811, 806, 786, 749, 748, 744, 748, 741, 744, 762, 761, 757, 761, 754, 757, 748, 746, 741, 746, 739, 741, 761, 759, 754, 759, 752, 754, 745, 812, 739, 746, 745, 739, 812, 740, 739, 758, 813, 752, 759, 758, 752, 813, 753, 752, 814, 740, 812, 745, 815, 812, 815, 814, 812, 747, 815, 745, 816, 753, 813, 758, 817, 813, 817, 816, 813, 760, 817, 758, 818, 740, 814, 815, 819, 814, 819, 818, 814, 747, 819, 815, 820, 753, 816, 817, 821, 816, 821, 820, 816, 760, 821, 817, 822, 740, 818, 819, 823, 818, 823, 822, 818, 747, 823, 819, 824, 753, 820, 821, 825, 820, 825, 824, 820, 760, 825, 821, 826, 740, 822, 823, 827, 822, 827, 826, 822, 747, 827, 823, 828, 753, 824, 825, 829, 824, 829, 828, 824, 760, 829, 825, 830, 740, 826, 827, 831, 826, 831, 830, 826, 747, 831, 827, 832, 753, 828, 829, 833, 828, 833, 832, 828, 760, 833, 829, 830, 834, 740, 834, 747, 740, 835, 831, 747, 834, 835, 747, 832, 836, 753, 836, 760, 753, 837, 833, 760, 836, 837, 760, 838, 834, 830, 831, 839, 830, 839, 838, 830, 835, 839, 831, 840, 836, 832, 833, 841, 832, 841, 840, 832, 837, 841, 833, 838, 842, 834, 842, 835, 834, 843, 839, 835, 842, 843, 835, 840, 844, 836, 844, 837, 836, 845, 841, 837, 844, 845, 837, 846, 842, 838, 839, 847, 838, 847, 846, 838, 843, 847, 839, 848, 844, 840, 841, 849, 840, 849, 848, 840, 845, 849, 841, 525, 850, 540, 851, 429, 540, 850, 851, 540, 852, 572, 735, 470, 852, 735, 851, 412, 429, 456, 853, 470, 853, 852, 470, 846, 854, 842, 854, 843, 842, 855, 847, 843, 854, 855, 843, 848, 856, 844, 856, 845, 844, 857, 849, 845, 856, 857, 845, 858, 854, 846, 847, 859, 846, 859, 858, 846, 855, 859, 847, 860, 856, 848, 849, 861, 848, 861, 860, 848, 857, 861, 849, 858, 862, 854, 862, 855, 854, 863, 859, 855, 862, 863, 855, 860, 864, 856, 864, 857, 856, 865, 861, 857, 864, 865, 857, 866, 862, 858, 859, 867, 858, 867, 866, 858, 863, 867, 859, 868, 864, 860, 861, 869, 860, 869, 868, 860, 865, 869, 861, 866, 863, 862, 866, 867, 863, 868, 865, 864, 868, 869, 865, 525, 870, 850, 871, 851, 850, 870, 871, 850, 872, 572, 852, 853, 872, 852, 871, 412, 851, 456, 873, 853, 873, 872, 853, 525, 874, 870, 875, 871, 870, 874, 875, 870, 876, 572, 872, 873, 876, 872, 875, 412, 871, 456, 877, 873, 877, 876, 873, 878, 593, 589, 879, 880, 589, 715, 879, 589, 881, 882, 589, 882, 883, 589, 883, 884, 589, 884, 878, 589, 885, 886, 589, 886, 887, 589, 887, 881, 589, 880, 888, 589, 888, 889, 589, 889, 885, 589, 525, 890, 874, 890, 891, 874, 891, 875, 874, 892, 572, 876, 877, 892, 876, 891, 412, 875, 456, 893, 877, 893, 892, 877, 894, 525, 506, 895, 896, 506, 511, 897, 506, 897, 898, 506, 898, 899, 506, 899, 900, 506, 900, 901, 506, 896, 902, 506, 902, 903, 506, 903, 904, 506, 904, 905, 506, 905, 906, 506, 906, 907, 506, 901, 908, 506, 908, 909, 506, 909, 910, 506, 910, 911, 506, 911, 912, 506, 912, 895, 506, 907, 913, 506, 913, 914, 506, 914, 915, 506, 915, 916, 506, 916, 917, 506, 917, 894, 506, 894, 918, 525, 918, 919, 525, 919, 890, 525, 919, 920, 890, 920, 891, 890, 921, 552, 736, 738, 921, 736, 921, 922, 552, 922, 923, 552, 923, 554, 552, 923, 924, 554, 924, 566, 554, 924, 925, 566, 925, 737, 566, 926, 572, 892, 927, 926, 892, 893, 927, 892, 926, 715, 572, 926, 928, 715, 929, 930, 715, 928, 929, 715, 931, 879, 715, 932, 933, 715, 933, 934, 715, 934, 935, 715, 935, 931, 715, 936, 937, 715, 937, 938, 715, 938, 932, 715, 930, 939, 715, 939, 940, 715, 940, 936, 715, 412, 156, 155, 891, 156, 412, 920, 156, 891, 439, 941, 738, 941, 921, 738, 942, 941, 439, 943, 942, 439, 442, 943, 439, 925, 943, 442, 737, 925, 442, 456, 944, 893, 944, 927, 893, 160, 159, 456, 159, 944, 456, 782, 798, 770, 798, 797, 770, 797, 771, 770, 782, 799, 798, 785, 811, 774, 811, 99, 774, 99, 775, 774, 785, 806, 811, 797, 766, 771, 766, 44, 771, 99, 98, 775, 98, 768, 775, 789, 799, 782, 789, 793, 799, 802, 806, 785, 802, 807, 806, 766, 212, 44, 212, 522, 44, 98, 110, 768, 110, 271, 768, 788, 793, 789, 788, 794, 793, 801, 807, 802, 801, 808, 807, 212, 213, 522, 213, 512, 522, 110, 595, 271, 595, 272, 271, 787, 794, 788, 787, 795, 794, 800, 808, 801, 800, 809, 808, 213, 225, 512, 225, 513, 512, 595, 599, 272, 599, 273, 272, 790, 795, 787, 790, 796, 795, 803, 809, 800, 803, 810, 809, 224, 514, 513, 225, 224, 513, 599, 598, 273, 598, 274, 273, 945, 946, 790, 947, 945, 790, 948, 949, 790, 949, 950, 790, 950, 947, 790, 791, 948, 790, 946, 796, 790, 951, 952, 796, 953, 951, 796, 952, 954, 796, 954, 955, 796, 955, 956, 796, 956, 957, 796, 957, 792, 796, 946, 953, 796, 958, 959, 803, 960, 958, 803, 961, 962, 803, 962, 963, 803, 963, 960, 803, 804, 961, 803, 959, 810, 803, 964, 965, 810, 966, 964, 810, 965, 967, 810, 967, 968, 810, 968, 969, 810, 969, 970, 810, 970, 805, 810, 959, 966, 810, 224, 223, 514, 223, 515, 514, 598, 597, 274, 597, 275, 274, 223, 236, 515, 236, 516, 515, 597, 596, 275, 596, 276, 275, 236, 235, 516, 235, 517, 516, 596, 602, 276, 602, 277, 276, 235, 234, 517, 234, 518, 517, 602, 601, 277, 601, 282, 277, 234, 245, 518, 245, 519, 518, 601, 600, 282, 600, 283, 282, 245, 971, 519, 971, 520, 519, 233, 971, 245, 972, 973, 283, 973, 280, 283, 600, 604, 283, 604, 972, 283, 971, 974, 520, 974, 521, 520, 975, 974, 971, 976, 977, 971, 977, 978, 971, 978, 975, 971, 233, 979, 971, 979, 976, 971, 980, 981, 972, 981, 982, 972, 982, 983, 972, 983, 984, 972, 984, 973, 972, 604, 603, 972, 603, 980, 972, 985, 986, 521, 987, 985, 521, 986, 510, 521, 974, 988, 521, 988, 987, 521, 975, 988, 974, 989, 990, 980, 990, 991, 980, 991, 981, 980, 603, 992, 980, 992, 989, 980, 594, 992, 603, 792, 957, 791, 957, 948, 791, 805, 970, 804, 970, 961, 804, 957, 956, 948, 956, 949, 948, 970, 969, 961, 969, 962, 961, 993, 985, 987, 988, 994, 987, 994, 993, 987, 975, 994, 988, 995, 990, 989, 992, 996, 989, 996, 995, 989, 594, 996, 992, 956, 955, 949, 955, 950, 949, 969, 968, 962, 968, 963, 962, 997, 998, 993, 998, 985, 993, 994, 999, 993, 999, 997, 993, 975, 999, 994, 1000, 1001, 995, 1001, 990, 995, 996, 1002, 995, 1002, 1000, 995, 594, 1002, 996, 1003, 1004, 997, 1004, 1005, 997, 1005, 998, 997, 1006, 1003, 997, 1007, 1006, 997, 1008, 1007, 997, 999, 1008, 997, 1009, 1010, 999, 1010, 1011, 999, 1011, 1012, 999, 1012, 1013, 999, 1013, 1014, 999, 1014, 1008, 999, 975, 1015, 999, 1015, 1009, 999, 1016, 1017, 1000, 1017, 1018, 1000, 1018, 1001, 1000, 1019, 1016, 1000, 1020, 1019, 1000, 1002, 1021, 1000, 1021, 1020, 1000, 1022, 1023, 1002, 1023, 1024, 1002, 1024, 1025, 1002, 1025, 1026, 1002, 1026, 1027, 1002, 1027, 1021, 1002, 594, 1028, 1002, 1028, 1022, 1002, 955, 954, 950, 954, 947, 950, 968, 967, 963, 967, 960, 963, 954, 952, 947, 952, 945, 947, 967, 965, 960, 965, 958, 960, 951, 1029, 945, 952, 951, 945, 1029, 946, 945, 964, 1030, 958, 965, 964, 958, 1030, 959, 958, 1031, 946, 1029, 951, 1032, 1029, 1032, 1031, 1029, 953, 1032, 951, 1033, 959, 1030, 964, 1034, 1030, 1034, 1033, 1030, 966, 1034, 964, 1035, 946, 1031, 1032, 1036, 1031, 1036, 1035, 1031, 953, 1036, 1032, 1037, 959, 1033, 1034, 1038, 1033, 1038, 1037, 1033, 966, 1038, 1034, 1039, 946, 1035, 1036, 1040, 1035, 1040, 1039, 1035, 953, 1040, 1036, 1041, 959, 1037, 1038, 1042, 1037, 1042, 1041, 1037, 966, 1042, 1038, 1043, 946, 1039, 1040, 1044, 1039, 1044, 1043, 1039, 953, 1044, 1040, 1045, 959, 1041, 1042, 1046, 1041, 1046, 1045, 1041, 966, 1046, 1042, 1047, 946, 1043, 1044, 1048, 1043, 1048, 1047, 1043, 953, 1048, 1044, 1049, 959, 1045, 1046, 1050, 1045, 1050, 1049, 1045, 966, 1050, 1046, 1047, 1051, 946, 1051, 953, 946, 1052, 1048, 953, 1051, 1052, 953, 1049, 1053, 959, 1053, 966, 959, 1054, 1050, 966, 1053, 1054, 966, 1055, 1051, 1047, 1048, 1056, 1047, 1056, 1055, 1047, 1052, 1056, 1048, 1057, 1053, 1049, 1050, 1058, 1049, 1058, 1057, 1049, 1054, 1058, 1050, 1055, 1059, 1051, 1059, 1052, 1051, 1060, 1056, 1052, 1059, 1060, 1052, 1057, 1061, 1053, 1061, 1054, 1053, 1062, 1058, 1054, 1061, 1062, 1054, 1063, 1059, 1055, 1056, 1064, 1055, 1064, 1063, 1055, 1060, 1064, 1056, 1065, 1061, 1057, 1058, 1066, 1057, 1066, 1065, 1057, 1062, 1066, 1058, 1063, 1067, 1059, 1067, 1060, 1059, 1068, 1064, 1060, 1067, 1068, 1060, 1065, 1069, 1061, 1069, 1062, 1061, 1070, 1066, 1062, 1069, 1070, 1062, 1071, 1067, 1063, 1064, 1072, 1063, 1072, 1071, 1063, 1068, 1072, 1064, 1073, 1069, 1065, 1066, 1074, 1065, 1074, 1073, 1065, 1070, 1074, 1066, 1071, 1075, 1067, 1075, 1068, 1067, 1076, 1072, 1068, 1075, 1076, 1068, 1073, 1077, 1069, 1077, 1070, 1069, 1078, 1074, 1070, 1077, 1078, 1070, 1079, 1075, 1071, 1072, 1080, 1071, 1080, 1079, 1071, 1076, 1080, 1072, 1081, 1077, 1073, 1074, 1082, 1073, 1082, 1081, 1073, 1078, 1082, 1074, 1079, 1076, 1075, 1079, 1080, 1076, 1081, 1078, 1077, 1081, 1082, 1078, 1083, 922, 921, 941, 1083, 921, 923, 1084, 924, 1085, 925, 924, 1084, 1085, 924, 942, 1086, 941, 1086, 1083, 941, 1085, 943, 925, 1087, 922, 1083, 1086, 1087, 1083, 923, 1088, 1084, 1089, 1085, 1084, 1088, 1089, 1084, 942, 1090, 1086, 1090, 1087, 1086, 1089, 943, 1085, 918, 1091, 919, 1092, 920, 919, 1091, 1092, 919, 1093, 926, 927, 944, 1093, 927, 1092, 156, 920, 159, 1094, 944, 1094, 1093, 944, 1095, 922, 1087, 1090, 1095, 1087, 923, 1096, 1088, 1097, 1089, 1088, 1096, 1097, 1088, 942, 1098, 1090, 1098, 1095, 1090, 1097, 943, 1089, 918, 1099, 1091, 1100, 1092, 1091, 1099, 1100, 1091, 1101, 926, 1093, 1094, 1101, 1093, 1100, 156, 1092, 159, 1102, 1094, 1102, 1101, 1094, 998, 1009, 985, 1009, 1015, 985, 1015, 986, 985, 998, 1010, 1009, 1001, 1022, 990, 1022, 1028, 990, 1028, 991, 990, 1001, 1023, 1022, 1015, 975, 986, 975, 510, 986, 1028, 594, 991, 594, 981, 991, 1005, 1010, 998, 1005, 1011, 1010, 1018, 1023, 1001, 1018, 1024, 1023, 975, 978, 510, 978, 511, 510, 594, 593, 981, 593, 982, 981, 1004, 1011, 1005, 1004, 1012, 1011, 1017, 1024, 1018, 1017, 1025, 1024, 1103, 922, 1095, 1098, 1103, 1095, 923, 1104, 1096, 1105, 1097, 1096, 1104, 1105, 1096, 942, 1106, 1098, 1106, 1103, 1098, 1105, 943, 1097, 978, 977, 511, 977, 897, 511, 593, 878, 982, 878, 983, 982, 1003, 1012, 1004, 1003, 1013, 1012, 1016, 1025, 1017, 1016, 1026, 1025, 977, 976, 897, 976, 898, 897, 878, 884, 983, 884, 984, 983, 1006, 1013, 1003, 1006, 1014, 1013, 1019, 1026, 1016, 1019, 1027, 1026, 979, 899, 898, 976, 979, 898, 884, 883, 984, 883, 973, 984, 1107, 1108, 1006, 1109, 1107, 1006, 1110, 1111, 1006, 1111, 1112, 1006, 1112, 1109, 1006, 1007, 1110, 1006, 1108, 1014, 1006, 1113, 1114, 1014, 1115, 1113, 1014, 1114, 1116, 1014, 1116, 1117, 1014, 1117, 1118, 1014, 1118, 1119, 1014, 1119, 1008, 1014, 1108, 1115, 1014, 1120, 1121, 1019, 1122, 1120, 1019, 1123, 1124, 1019, 1124, 1125, 1019, 1125, 1122, 1019, 1020, 1123, 1019, 1121, 1027, 1019, 1126, 1127, 1027, 1128, 1126, 1027, 1127, 1129, 1027, 1129, 1130, 1027, 1130, 1131, 1027, 1131, 1132, 1027, 1132, 1021, 1027, 1121, 1128, 1027, 918, 1133, 1099, 1134, 1100, 1099, 1133, 1134, 1099, 1135, 926, 1101, 1102, 1135, 1101, 1134, 156, 1100, 159, 1136, 1102, 1136, 1135, 1102, 1137, 922, 1103, 1106, 1137, 1103, 923, 1138, 1104, 1139, 1105, 1104, 1138, 1139, 1104, 942, 1140, 1106, 1140, 1137, 1106, 1139, 943, 1105, 918, 1141, 1133, 1142, 1134, 1133, 1141, 1142, 1133, 1143, 926, 1135, 1136, 1143, 1135, 1144, 156, 1134, 1142, 1144, 1134, 159, 1145, 1136, 1145, 1143, 1136, 1146, 922, 1137, 1140, 1146, 1137, 923, 1147, 1138, 1148, 1139, 1138, 1147, 1148, 1138, 942, 1149, 1140, 1149, 1146, 1140, 1148, 943, 1139, 918, 1150, 1141, 1151, 1142, 1141, 1150, 1151, 1141, 1152, 926, 1143, 1145, 1152, 1143, 1151, 1144, 1142, 161, 1153, 1145, 159, 161, 1145, 1153, 1152, 1145, 1154, 922, 1146, 1149, 1154, 1146, 923, 1155, 1147, 1156, 1148, 1147, 1155, 1156, 1147, 942, 1157, 1149, 1157, 1154, 1149, 1156, 943, 1148, 979, 233, 899, 233, 900, 899, 883, 882, 973, 882, 280, 973, 918, 1158, 1150, 1159, 1151, 1150, 1158, 1159, 1150, 1160, 926, 1152, 1153, 1160, 1152, 1159, 1144, 1151, 161, 1161, 1153, 1161, 1160, 1153, 233, 232, 900, 232, 901, 900, 882, 881, 280, 881, 281, 280, 1162, 922, 1154, 1157, 1162, 1154, 923, 1163, 1155, 1164, 1156, 1155, 1163, 1164, 1155, 942, 1165, 1157, 1165, 1162, 1157, 1164, 943, 1156, 232, 231, 901, 231, 908, 901, 881, 887, 281, 887, 284, 281, 918, 1166, 1158, 1167, 1159, 1158, 1166, 1167, 1158, 1168, 926, 1160, 1161, 1168, 1160, 1167, 1144, 1159, 161, 1169, 1161, 1169, 1168, 1161, 1170, 922, 1162, 1165, 1170, 1162, 923, 1171, 1163, 1172, 1164, 1163, 1171, 1172, 1163, 942, 1173, 1165, 1173, 1170, 1165, 1172, 943, 1164, 231, 230, 908, 230, 909, 908, 887, 886, 284, 886, 285, 284, 918, 1174, 1166, 1175, 1167, 1166, 1174, 1175, 1166, 1176, 926, 1168, 1169, 1176, 1168, 1175, 1144, 1167, 161, 1177, 1169, 1177, 1176, 1169, 1178, 922, 1170, 1173, 1178, 1170, 923, 1179, 1171, 1180, 1172, 1171, 1179, 1180, 1171, 942, 1181, 1173, 1181, 1178, 1173, 1180, 943, 1172, 230, 244, 909, 244, 910, 909, 886, 885, 285, 885, 286, 285, 918, 1178, 1174, 1178, 1175, 1174, 918, 922, 1178, 1181, 1175, 1178, 923, 1176, 1179, 1176, 1180, 1179, 923, 926, 1176, 1177, 1180, 1176, 942, 1144, 1175, 1181, 942, 1175, 161, 943, 1180, 1177, 161, 1180, 244, 1182, 910, 1182, 911, 910, 221, 1182, 244, 1183, 1184, 286, 1184, 287, 286, 885, 889, 286, 889, 1183, 286, 1182, 1185, 911, 1185, 912, 911, 1186, 1185, 1182, 1187, 1188, 1182, 1188, 1189, 1182, 1189, 1186, 1182, 221, 1190, 1182, 1190, 1187, 1182, 1191, 1192, 1183, 1192, 1193, 1183, 1193, 1194, 1183, 1194, 1195, 1183, 1195, 1184, 1183, 889, 888, 1183, 888, 1191, 1183, 1196, 1197, 912, 1198, 1196, 912, 1197, 895, 912, 1185, 1199, 912, 1199, 1198, 912, 1186, 1199, 1185, 1200, 1201, 1191, 1201, 1202, 1191, 1202, 1192, 1191, 888, 1203, 1191, 1203, 1200, 1191, 880, 1203, 888, 1008, 1119, 1007, 1119, 1110, 1007, 1021, 1132, 1020, 1132, 1123, 1020, 1119, 1118, 1110, 1118, 1111, 1110, 1132, 1131, 1123, 1131, 1124, 1123, 1204, 1196, 1198, 1199, 1205, 1198, 1205, 1204, 1198, 1186, 1205, 1199, 1206, 1201, 1200, 1203, 1207, 1200, 1207, 1206, 1200, 880, 1207, 1203, 1118, 1117, 1111, 1117, 1112, 1111, 1131, 1130, 1124, 1130, 1125, 1124, 1208, 1209, 1204, 1209, 1196, 1204, 1205, 1210, 1204, 1210, 1208, 1204, 1186, 1210, 1205, 1211, 1212, 1206, 1212, 1201, 1206, 1207, 1213, 1206, 1213, 1211, 1206, 880, 1213, 1207, 1214, 1215, 1208, 1215, 1216, 1208, 1216, 1209, 1208, 1217, 1214, 1208, 1218, 1217, 1208, 1219, 1218, 1208, 1210, 1219, 1208, 1220, 1221, 1210, 1221, 1222, 1210, 1222, 1223, 1210, 1223, 1224, 1210, 1224, 1225, 1210, 1225, 1219, 1210, 1186, 1226, 1210, 1226, 1220, 1210, 1227, 1228, 1211, 1228, 1229, 1211, 1229, 1212, 1211, 1230, 1227, 1211, 1231, 1230, 1211, 1213, 1232, 1211, 1232, 1231, 1211, 1233, 1234, 1213, 1234, 1235, 1213, 1235, 1236, 1213, 1236, 1237, 1213, 1237, 1238, 1213, 1238, 1232, 1213, 880, 1239, 1213, 1239, 1233, 1213, 1117, 1116, 1112, 1116, 1109, 1112, 1130, 1129, 1125, 1129, 1122, 1125, 1116, 1114, 1109, 1114, 1107, 1109, 1129, 1127, 1122, 1127, 1120, 1122, 1113, 1240, 1107, 1114, 1113, 1107, 1240, 1108, 1107, 1126, 1241, 1120, 1127, 1126, 1120, 1241, 1121, 1120, 1144, 157, 156, 1242, 1108, 1240, 1113, 1243, 1240, 1243, 1242, 1240, 1115, 1243, 1113, 1244, 1121, 1241, 1126, 1245, 1241, 1245, 1244, 1241, 1128, 1245, 1126, 1246, 1108, 1242, 1243, 1247, 1242, 1247, 1246, 1242, 1115, 1247, 1243, 1248, 1121, 1244, 1245, 1249, 1244, 1249, 1248, 1244, 1128, 1249, 1245, 1250, 1108, 1246, 1247, 1251, 1246, 1251, 1250, 1246, 1115, 1251, 1247, 1252, 1121, 1248, 1249, 1253, 1248, 1253, 1252, 1248, 1128, 1253, 1249, 1254, 1108, 1250, 1251, 1255, 1250, 1255, 1254, 1250, 1115, 1255, 1251, 1256, 1121, 1252, 1253, 1257, 1252, 1257, 1256, 1252, 1128, 1257, 1253, 1258, 918, 894, 1259, 1260, 894, 1260, 1261, 894, 1262, 1258, 894, 1263, 1264, 894, 1264, 1265, 894, 1265, 1266, 894, 1261, 1267, 894, 1267, 1268, 894, 1268, 1269, 894, 1269, 1270, 894, 1270, 1271, 894, 1271, 1272, 894, 917, 1273, 894, 1273, 1263, 894, 1266, 1274, 894, 1274, 1275, 894, 1275, 1276, 894, 1276, 1277, 894, 1277, 1278, 894, 1278, 1259, 894, 1272, 1279, 894, 1279, 1280, 894, 1280, 1262, 894, 1281, 1282, 918, 1282, 1283, 918, 1283, 1284, 918, 1284, 1285, 918, 1285, 1286, 918, 1286, 1287, 918, 1287, 1288, 918, 1288, 1289, 918, 1289, 1290, 918, 1290, 922, 918, 1258, 1281, 918, 1290, 1291, 922, 1291, 1292, 922, 1292, 1293, 922, 1293, 923, 922, 1294, 926, 923, 1293, 1294, 923, 1295, 928, 926, 1296, 1297, 926, 1297, 1298, 926, 1298, 1299, 926, 1294, 1296, 926, 1299, 1300, 926, 1300, 1301, 926, 1301, 1302, 926, 1302, 1303, 926, 1303, 1304, 926, 1304, 1295, 926, 1305, 1306, 928, 1307, 1305, 928, 1308, 1309, 928, 1295, 1308, 928, 1310, 929, 928, 1311, 1312, 928, 1313, 1314, 928, 1312, 1315, 928, 1315, 1316, 928, 1316, 1310, 928, 1314, 1317, 928, 1317, 1318, 928, 1318, 1307, 928, 1319, 1320, 928, 1320, 1321, 928, 1321, 1313, 928, 1322, 1323, 928, 1323, 1324, 928, 1324, 1311, 928, 1309, 1325, 928, 1325, 1326, 928, 1326, 1319, 928, 1306, 1327, 928, 1327, 1328, 928, 1328, 1322, 928, 1329, 1330, 1144, 1330, 1331, 1144, 1331, 1332, 1144, 1332, 1333, 1144, 1334, 1335, 1144, 1335, 1336, 1144, 1336, 1329, 1144, 1333, 1337, 1144, 1337, 1338, 1144, 1338, 1339, 1144, 942, 1340, 1144, 1340, 1341, 1144, 1341, 1334, 1144, 1339, 157, 1144, 1342, 1343, 942, 1343, 1340, 942, 943, 1342, 942, 161, 1344, 943, 1344, 1345, 943, 1345, 1342, 943, 1346, 1347, 161, 1348, 1349, 161, 1349, 1350, 161, 1350, 1351, 161, 1351, 1352, 161, 1352, 1353, 161, 1353, 1346, 161, 1354, 1355, 161, 1355, 1356, 161, 1356, 1348, 161, 1347, 1357, 161, 1357, 1344, 161, 163, 1354, 161, 1358, 1108, 1254, 1255, 1359, 1254, 1359, 1358, 1254, 1115, 1359, 1255, 1360, 1121, 1256, 1257, 1361, 1256, 1361, 1360, 1256, 1128, 1361, 1257, 1358, 1362, 1108, 1362, 1115, 1108, 1363, 1359, 1115, 1362, 1363, 1115, 1360, 1364, 1121, 1364, 1128, 1121, 1365, 1361, 1128, 1364, 1365, 1128, 1366, 1362, 1358, 1359, 1367, 1358, 1367, 1366, 1358, 1363, 1367, 1359, 1368, 1364, 1360, 1361, 1369, 1360, 1369, 1368, 1360, 1365, 1369, 1361, 1366, 1370, 1362, 1370, 1363, 1362, 1371, 1367, 1363, 1370, 1371, 1363, 1368, 1372, 1364, 1372, 1365, 1364, 1373, 1369, 1365, 1372, 1373, 1365, 1374, 1370, 1366, 1367, 1375, 1366, 1375, 1374, 1366, 1371, 1375, 1367, 1376, 1372, 1368, 1369, 1377, 1368, 1377, 1376, 1368, 1373, 1377, 1369, 1374, 1378, 1370, 1378, 1371, 1370, 1379, 1375, 1371, 1378, 1379, 1371, 1376, 1380, 1372, 1380, 1373, 1372, 1381, 1377, 1373, 1380, 1381, 1373, 1382, 1378, 1374, 1375, 1383, 1374, 1383, 1382, 1374, 1379, 1383, 1375, 1384, 1380, 1376, 1377, 1385, 1376, 1385, 1384, 1376, 1381, 1385, 1377, 1382, 1386, 1378, 1386, 1379, 1378, 1387, 1383, 1379, 1386, 1387, 1379, 1384, 1388, 1380, 1388, 1381, 1380, 1389, 1385, 1381, 1388, 1389, 1381, 1390, 1386, 1382, 1383, 1391, 1382, 1391, 1390, 1382, 1387, 1391, 1383, 1392, 1388, 1384, 1385, 1393, 1384, 1393, 1392, 1384, 1389, 1393, 1385, 1390, 1387, 1386, 1390, 1391, 1387, 1392, 1389, 1388, 1392, 1393, 1389, 1209, 1220, 1196, 1220, 1226, 1196, 1226, 1197, 1196, 1209, 1221, 1220, 1212, 1233, 1201, 1233, 1239, 1201, 1239, 1202, 1201, 1212, 1234, 1233, 1226, 1186, 1197, 1186, 895, 1197, 1239, 880, 1202, 880, 1192, 1202, 1216, 1221, 1209, 1216, 1222, 1221, 1229, 1234, 1212, 1229, 1235, 1234, 1186, 1189, 895, 1189, 896, 895, 880, 879, 1192, 879, 1193, 1192, 1215, 1222, 1216, 1215, 1223, 1222, 1228, 1235, 1229, 1228, 1236, 1235, 1189, 1188, 896, 1188, 902, 896, 879, 931, 1193, 931, 1194, 1193, 1214, 1223, 1215, 1214, 1224, 1223, 1227, 1236, 1228, 1227, 1237, 1236, 1188, 1187, 902, 1187, 903, 902, 931, 935, 1194, 935, 1195, 1194, 1217, 1224, 1214, 1217, 1225, 1224, 1230, 1237, 1227, 1230, 1238, 1237, 1190, 904, 903, 1187, 1190, 903, 935, 934, 1195, 934, 1184, 1195, 1394, 1395, 1217, 1396, 1394, 1217, 1397, 1398, 1217, 1398, 1399, 1217, 1399, 1396, 1217, 1218, 1397, 1217, 1395, 1225, 1217, 1400, 1401, 1225, 1402, 1400, 1225, 1401, 1403, 1225, 1403, 1404, 1225, 1404, 1405, 1225, 1405, 1406, 1225, 1406, 1219, 1225, 1395, 1402, 1225, 1407, 1408, 1230, 1409, 1407, 1230, 1410, 1411, 1230, 1411, 1412, 1230, 1412, 1409, 1230, 1231, 1410, 1230, 1408, 1238, 1230, 1413, 1414, 1238, 1415, 1413, 1238, 1414, 1416, 1238, 1416, 1417, 1238, 1417, 1418, 1238, 1418, 1419, 1238, 1419, 1232, 1238, 1408, 1415, 1238, 1340, 1292, 1291, 1343, 1292, 1340, 1341, 1340, 1291, 1290, 1341, 1291, 1293, 1292, 1343, 1342, 1293, 1343, 1342, 1294, 1293, 1345, 1294, 1342, 1345, 1296, 1294, 1344, 1296, 1345, 1334, 1341, 1290, 1289, 1334, 1290, 1344, 1297, 1296, 1357, 1297, 1344, 1335, 1334, 1289, 1288, 1335, 1289, 1357, 1298, 1297, 1347, 1298, 1357, 1336, 1335, 1288, 1287, 1336, 1288, 1347, 1299, 1298, 1346, 1299, 1347, 1329, 1336, 1287, 1286, 1329, 1287, 1346, 1300, 1299, 1353, 1300, 1346, 1190, 221, 904, 221, 905, 904, 934, 933, 1184, 933, 287, 1184, 1330, 1329, 1286, 1285, 1330, 1286, 1353, 1301, 1300, 1352, 1301, 1353, 221, 220, 905, 220, 906, 905, 933, 932, 287, 932, 288, 287, 220, 219, 906, 219, 907, 906, 932, 938, 288, 938, 289, 288, 219, 218, 907, 218, 913, 907, 938, 937, 289, 937, 296, 289, 1331, 1330, 1285, 1284, 1331, 1285, 1352, 1302, 1301, 1351, 1302, 1352, 218, 238, 913, 238, 914, 913, 937, 936, 296, 936, 297, 296, 238, 1420, 914, 1420, 915, 914, 229, 1420, 238, 1421, 1422, 297, 1422, 278, 297, 936, 940, 297, 940, 1421, 297, 1420, 1423, 915, 1423, 916, 915, 1424, 1423, 1420, 1425, 1426, 1420, 1426, 1427, 1420, 1427, 1424, 1420, 229, 1428, 1420, 1428, 1425, 1420, 1429, 1430, 1421, 1430, 1431, 1421, 1431, 1432, 1421, 1432, 1433, 1421, 1433, 1422, 1421, 940, 939, 1421, 939, 1429, 1421, 1434, 1435, 916, 1435, 1436, 916, 1436, 917, 916, 1423, 1437, 916, 1437, 1434, 916, 1424, 1437, 1423, 1438, 1439, 1429, 1439, 1440, 1429, 1440, 1430, 1429, 939, 1441, 1429, 1441, 1438, 1429, 930, 1441, 939, 1219, 1406, 1218, 1406, 1397, 1218, 1232, 1419, 1231, 1419, 1410, 1231, 1332, 1331, 1284, 1283, 1332, 1284, 1351, 1303, 1302, 1350, 1303, 1351, 1406, 1405, 1397, 1405, 1398, 1397, 1419, 1418, 1410, 1418, 1411, 1410, 1442, 1435, 1434, 1437, 1443, 1434, 1443, 1442, 1434, 1424, 1443, 1437, 1444, 1439, 1438, 1441, 1445, 1438, 1445, 1444, 1438, 930, 1445, 1441, 1405, 1404, 1398, 1404, 1399, 1398, 1418, 1417, 1411, 1417, 1412, 1411, 1446, 1447, 1442, 1447, 1435, 1442, 1443, 1448, 1442, 1448, 1446, 1442, 1424, 1448, 1443, 1449, 1450, 1444, 1450, 1439, 1444, 1445, 1451, 1444, 1451, 1449, 1444, 930, 1451, 1445, 1452, 1453, 1446, 1453, 1454, 1446, 1454, 1447, 1446, 1455, 1452, 1446, 1456, 1455, 1446, 1457, 1456, 1446, 1448, 1457, 1446, 1458, 1459, 1448, 1459, 1460, 1448, 1460, 1461, 1448, 1461, 1462, 1448, 1462, 1463, 1448, 1463, 1457, 1448, 1424, 1464, 1448, 1464, 1458, 1448, 1465, 1466, 1449, 1466, 1467, 1449, 1467, 1450, 1449, 1468, 1465, 1449, 1469, 1468, 1449, 1451, 1470, 1449, 1470, 1469, 1449, 1471, 1472, 1451, 1472, 1473, 1451, 1473, 1474, 1451, 1474, 1475, 1451, 1475, 1476, 1451, 1476, 1470, 1451, 930, 1477, 1451, 1477, 1471, 1451, 1404, 1403, 1399, 1403, 1396, 1399, 1417, 1416, 1412, 1416, 1409, 1412, 1403, 1401, 1396, 1401, 1394, 1396, 1416, 1414, 1409, 1414, 1407, 1409, 1333, 1332, 1283, 1282, 1333, 1283, 1350, 1304, 1303, 1349, 1304, 1350, 1400, 1478, 1394, 1401, 1400, 1394, 1478, 1395, 1394, 1413, 1479, 1407, 1414, 1413, 1407, 1479, 1408, 1407, 1337, 1333, 1282, 1281, 1337, 1282, 1480, 1295, 1304, 1349, 1480, 1304, 1348, 1480, 1349, 1258, 1481, 1281, 1338, 1337, 1281, 1481, 1338, 1281, 1482, 1295, 1480, 1348, 1482, 1480, 1356, 1482, 1348, 1258, 1483, 1481, 1483, 1338, 1481, 1484, 1295, 1482, 1485, 1484, 1482, 1356, 1355, 1482, 1355, 1485, 1482, 1486, 1339, 1338, 1483, 1486, 1338, 1487, 1395, 1478, 1400, 1488, 1478, 1488, 1487, 1478, 1402, 1488, 1400, 1489, 1408, 1479, 1413, 1490, 1479, 1490, 1489, 1479, 1415, 1490, 1413, 1491, 1395, 1487, 1488, 1492, 1487, 1492, 1491, 1487, 1402, 1492, 1488, 1493, 1408, 1489, 1490, 1494, 1489, 1494, 1493, 1489, 1415, 1494, 1490, 1495, 1395, 1491, 1492, 1496, 1491, 1496, 1495, 1491, 1402, 1496, 1492, 1497, 1408, 1493, 1494, 1498, 1493, 1498, 1497, 1493, 1415, 1498, 1494, 1499, 1395, 1495, 1496, 1500, 1495, 1500, 1499, 1495, 1402, 1500, 1496, 1501, 1408, 1497, 1498, 1502, 1497, 1502, 1501, 1497, 1415, 1502, 1498, 1503, 1395, 1499, 1500, 1504, 1499, 1504, 1503, 1499, 1402, 1504, 1500, 1505, 1408, 1501, 1502, 1506, 1501, 1506, 1505, 1501, 1415, 1506, 1502, 1503, 1507, 1395, 1507, 1402, 1395, 1508, 1504, 1402, 1507, 1508, 1402, 1505, 1509, 1408, 1509, 1415, 1408, 1510, 1506, 1415, 1509, 1510, 1415, 1511, 1507, 1503, 1504, 1512, 1503, 1512, 1511, 1503, 1508, 1512, 1504, 1513, 1509, 1505, 1506, 1514, 1505, 1514, 1513, 1505, 1510, 1514, 1506, 1511, 1515, 1507, 1515, 1508, 1507, 1516, 1512, 1508, 1515, 1516, 1508, 1513, 1517, 1509, 1517, 1510, 1509, 1518, 1514, 1510, 1517, 1518, 1510, 1519, 1515, 1511, 1512, 1520, 1511, 1520, 1519, 1511, 1516, 1520, 1512, 1521, 1517, 1513, 1514, 1522, 1513, 1522, 1521, 1513, 1518, 1522, 1514, 1519, 1523, 1515, 1523, 1516, 1515, 1524, 1520, 1516, 1523, 1524, 1516, 1521, 1525, 1517, 1525, 1518, 1517, 1526, 1522, 1518, 1525, 1526, 1518, 1527, 1523, 1519, 1520, 1528, 1519, 1528, 1527, 1519, 1524, 1528, 1520, 1529, 1525, 1521, 1522, 1530, 1521, 1530, 1529, 1521, 1526, 1530, 1522, 1527, 1531, 1523, 1531, 1524, 1523, 1532, 1528, 1524, 1531, 1532, 1524, 1529, 1533, 1525, 1533, 1526, 1525, 1534, 1530, 1526, 1533, 1534, 1526, 1535, 1531, 1527, 1528, 1536, 1527, 1536, 1535, 1527, 1532, 1536, 1528, 1537, 1533, 1529, 1530, 1538, 1529, 1538, 1537, 1529, 1534, 1538, 1530, 1535, 1532, 1531, 1535, 1536, 1532, 1537, 1534, 1533, 1537, 1538, 1534, 1447, 1458, 1435, 1458, 1464, 1435, 1464, 1436, 1435, 1447, 1459, 1458, 1450, 1471, 1439, 1471, 1477, 1439, 1477, 1440, 1439, 1450, 1472, 1471, 1464, 1424, 1436, 1424, 917, 1436, 1477, 930, 1440, 930, 1430, 1440, 1454, 1459, 1447, 1454, 1460, 1459, 1467, 1472, 1450, 1467, 1473, 1472, 1424, 1427, 917, 1427, 1273, 917, 930, 929, 1430, 929, 1431, 1430, 1453, 1460, 1454, 1453, 1461, 1460, 1466, 1473, 1467, 1466, 1474, 1473, 1427, 1426, 1273, 1426, 1263, 1273, 929, 1310, 1431, 1310, 1432, 1431, 1452, 1461, 1453, 1452, 1462, 1461, 1465, 1474, 1466, 1465, 1475, 1474, 1426, 1425, 1263, 1425, 1264, 1263, 1310, 1316, 1432, 1316, 1433, 1432, 1455, 1462, 1452, 1455, 1463, 1462, 1468, 1475, 1465, 1468, 1476, 1475, 1428, 1265, 1264, 1425, 1428, 1264, 1316, 1315, 1433, 1315, 1422, 1433, 1539, 1540, 1455, 1541, 1539, 1455, 1542, 1543, 1455, 1543, 1544, 1455, 1544, 1541, 1455, 1456, 1542, 1455, 1540, 1463, 1455, 1545, 1546, 1463, 1547, 1545, 1463, 1546, 1548, 1463, 1548, 1549, 1463, 1549, 1550, 1463, 1550, 1551, 1463, 1551, 1457, 1463, 1540, 1547, 1463, 1552, 1553, 1468, 1554, 1552, 1468, 1555, 1556, 1468, 1556, 1557, 1468, 1557, 1554, 1468, 1469, 1555, 1468, 1553, 1476, 1468, 1558, 1559, 1476, 1560, 1558, 1476, 1559, 1561, 1476, 1561, 1562, 1476, 1562, 1563, 1476, 1563, 1564, 1476, 1564, 1470, 1476, 1553, 1560, 1476, 1428, 229, 1265, 229, 1266, 1265, 1315, 1312, 1422, 1312, 278, 1422, 229, 228, 1266, 228, 1274, 1266, 1312, 1311, 278, 1311, 279, 278, 228, 227, 1274, 227, 1275, 1274, 1311, 1324, 279, 1324, 290, 279, 227, 226, 1275, 226, 1276, 1275, 1324, 1323, 290, 1323, 291, 290, 226, 243, 1276, 243, 1277, 1276, 1323, 1322, 291, 1322, 292, 291, 243, 1565, 1277, 1565, 1278, 1277, 217, 1565, 243, 1566, 1567, 292, 1567, 293, 292, 1322, 1328, 292, 1328, 1566, 292, 1568, 1259, 1278, 1565, 1569, 1278, 1569, 1568, 1278, 1570, 1569, 1565, 1571, 1572, 1565, 1572, 1573, 1565, 1573, 1570, 1565, 217, 1574, 1565, 1574, 1571, 1565, 1575, 1576, 1566, 1576, 1577, 1566, 1577, 1578, 1566, 1578, 1579, 1566, 1579, 1567, 1566, 1328, 1327, 1566, 1327, 1575, 1566, 1580, 1581, 1568, 1582, 1259, 1568, 1581, 1582, 1568, 1569, 1583, 1568, 1583, 1580, 1568, 1570, 1583, 1569, 1584, 1585, 1575, 1585, 1586, 1575, 1586, 1576, 1575, 1327, 1587, 1575, 1587, 1584, 1575, 1306, 1587, 1327, 1457, 1551, 1456, 1551, 1542, 1456, 1470, 1564, 1469, 1564, 1555, 1469, 1551, 1550, 1542, 1550, 1543, 1542, 1564, 1563, 1555, 1563, 1556, 1555, 1588, 1483, 1258, 1262, 1589, 1258, 1589, 1590, 1258, 1591, 1588, 1258, 1592, 1591, 1258, 1590, 1592, 1258, 1593, 1308, 1295, 1594, 1593, 1295, 1484, 1595, 1295, 1595, 1596, 1295, 1596, 1594, 1295, 1597, 1581, 1580, 1583, 1598, 1580, 1598, 1597, 1580, 1570, 1598, 1583, 1599, 1585, 1584, 1587, 1600, 1584, 1600, 1599, 1584, 1306, 1600, 1587, 1550, 1549, 1543, 1549, 1544, 1543, 1563, 1562, 1556, 1562, 1557, 1556, 1601, 1602, 1597, 1602, 1581, 1597, 1598, 1603, 1597, 1603, 1601, 1597, 1570, 1603, 1598, 1604, 1605, 1599, 1605, 1585, 1599, 1600, 1606, 1599, 1606, 1604, 1599, 1306, 1606, 1600, 1607, 1608, 1601, 1608, 1609, 1601, 1609, 1602, 1601, 1610, 1607, 1601, 1611, 1610, 1601, 1612, 1611, 1601, 1603, 1612, 1601, 1613, 1614, 1603, 1614, 1615, 1603, 1615, 1616, 1603, 1616, 1617, 1603, 1617, 1618, 1603, 1618, 1612, 1603, 1570, 1619, 1603, 1619, 1613, 1603, 1620, 1621, 1604, 1621, 1622, 1604, 1622, 1605, 1604, 1623, 1620, 1604, 1624, 1623, 1604, 1606, 1625, 1604, 1625, 1624, 1604, 1626, 1627, 1606, 1627, 1628, 1606, 1628, 1629, 1606, 1629, 1630, 1606, 1630, 1631, 1606, 1631, 1625, 1606, 1306, 1632, 1606, 1632, 1626, 1606, 1549, 1548, 1544, 1548, 1541, 1544, 1562, 1561, 1557, 1561, 1554, 1557, 1548, 1546, 1541, 1546, 1539, 1541, 1561, 1559, 1554, 1559, 1552, 1554, 1545, 1633, 1539, 1546, 1545, 1539, 1633, 1540, 1539, 1558, 1634, 1552, 1559, 1558, 1552, 1634, 1553, 1552, 1635, 1540, 1633, 1545, 1636, 1633, 1636, 1635, 1633, 1547, 1636, 1545, 1637, 1553, 1634, 1558, 1638, 1634, 1638, 1637, 1634, 1560, 1638, 1558, 1639, 1540, 1635, 1636, 1640, 1635, 1640, 1639, 1635, 1547, 1640, 1636, 1641, 1553, 1637, 1638, 1642, 1637, 1642, 1641, 1637, 1560, 1642, 1638, 1643, 1540, 1639, 1640, 1644, 1639, 1644, 1643, 1639, 1547, 1644, 1640, 1645, 1553, 1641, 1642, 1646, 1641, 1646, 1645, 1641, 1560, 1646, 1642, 1647, 1540, 1643, 1644, 1648, 1643, 1648, 1647, 1643, 1547, 1648, 1644, 1649, 1553, 1645, 1646, 1650, 1645, 1650, 1649, 1645, 1560, 1650, 1646, 1651, 1540, 1647, 1648, 1652, 1647, 1652, 1651, 1647, 1547, 1652, 1648, 1653, 1553, 1649, 1650, 1654, 1649, 1654, 1653, 1649, 1560, 1654, 1650, 1651, 1655, 1540, 1655, 1547, 1540, 1656, 1652, 1547, 1655, 1656, 1547, 1653, 1657, 1553, 1657, 1560, 1553, 1658, 1654, 1560, 1657, 1658, 1560, 1659, 1655, 1651, 1652, 1660, 1651, 1660, 1659, 1651, 1656, 1660, 1652, 1661, 1657, 1653, 1654, 1662, 1653, 1662, 1661, 1653, 1658, 1662, 1654, 1659, 1663, 1655, 1663, 1656, 1655, 1664, 1660, 1656, 1663, 1664, 1656, 1661, 1665, 1657, 1665, 1658, 1657, 1666, 1662, 1658, 1665, 1666, 1658, 1667, 1663, 1659, 1660, 1668, 1659, 1668, 1667, 1659, 1664, 1668, 1660, 1669, 1665, 1661, 1662, 1670, 1661, 1670, 1669, 1661, 1666, 1670, 1662, 1667, 1671, 1663, 1671, 1664, 1663, 1672, 1668, 1664, 1671, 1672, 1664, 1669, 1673, 1665, 1673, 1666, 1665, 1674, 1670, 1666, 1673, 1674, 1666, 1675, 1671, 1667, 1668, 1676, 1667, 1676, 1675, 1667, 1672, 1676, 1668, 1677, 1673, 1669, 1670, 1678, 1669, 1678, 1677, 1669, 1674, 1678, 1670, 1675, 1679, 1671, 1679, 1672, 1671, 1680, 1676, 1672, 1679, 1680, 1672, 1677, 1681, 1673, 1681, 1674, 1673, 1682, 1678, 1674, 1681, 1682, 1674, 1683, 1679, 1675, 1676, 1684, 1675, 1684, 1683, 1675, 1680, 1684, 1676, 1685, 1681, 1677, 1678, 1686, 1677, 1686, 1685, 1677, 1682, 1686, 1678, 1683, 1680, 1679, 1683, 1684, 1680, 1685, 1682, 1681, 1685, 1686, 1682, 1602, 1613, 1581, 1613, 1619, 1581, 1619, 1582, 1581, 1602, 1614, 1613, 1605, 1626, 1585, 1626, 1632, 1585, 1632, 1586, 1585, 1605, 1627, 1626, 1619, 1570, 1582, 1570, 1259, 1582, 1632, 1306, 1586, 1306, 1576, 1586, 1609, 1614, 1602, 1609, 1615, 1614, 1622, 1627, 1605, 1622, 1628, 1627, 1570, 1573, 1259, 1573, 1260, 1259, 1306, 1305, 1576, 1305, 1577, 1576, 1608, 1615, 1609, 1608, 1616, 1615, 1621, 1628, 1622, 1621, 1629, 1628, 1573, 1572, 1260, 1572, 1261, 1260, 1305, 1307, 1577, 1307, 1578, 1577, 1607, 1616, 1608, 1607, 1617, 1616, 1620, 1629, 1621, 1620, 1630, 1629, 1572, 1571, 1261, 1571, 1267, 1261, 1307, 1318, 1578, 1318, 1579, 1578, 1610, 1617, 1607, 1610, 1618, 1617, 1623, 1630, 1620, 1623, 1631, 1630, 1574, 1268, 1267, 1571, 1574, 1267, 1318, 1317, 1579, 1317, 1567, 1579, 1687, 1688, 1610, 1689, 1687, 1610, 1690, 1691, 1610, 1691, 1692, 1610, 1692, 1689, 1610, 1611, 1690, 1610, 1688, 1618, 1610, 1693, 1694, 1618, 1695, 1693, 1618, 1694, 1696, 1618, 1696, 1697, 1618, 1697, 1698, 1618, 1698, 1699, 1618, 1699, 1612, 1618, 1688, 1695, 1618, 1700, 1701, 1623, 1702, 1700, 1623, 1703, 1704, 1623, 1704, 1705, 1623, 1705, 1702, 1623, 1624, 1703, 1623, 1701, 1631, 1623, 1706, 1707, 1631, 1708, 1706, 1631, 1707, 1709, 1631, 1709, 1710, 1631, 1710, 1711, 1631, 1711, 1712, 1631, 1712, 1625, 1631, 1701, 1708, 1631, 1574, 217, 1268, 217, 1269, 1268, 1317, 1314, 1567, 1314, 293, 1567, 217, 216, 1269, 216, 1270, 1269, 1314, 1313, 293, 1313, 294, 293, 216, 237, 1270, 237, 1271, 1270, 1313, 1321, 294, 1321, 295, 294, 237, 240, 1271, 240, 1272, 1271, 1321, 1320, 295, 1320, 298, 295, 240, 239, 1272, 239, 1279, 1272, 1320, 1319, 298, 1319, 299, 298, 239, 1713, 1279, 1713, 1280, 1279, 215, 1713, 239, 1714, 1715, 299, 1715, 300, 299, 1319, 1326, 299, 1326, 1714, 299, 1716, 1262, 1280, 1713, 1717, 1280, 1717, 1716, 1280, 1718, 1717, 1713, 1719, 1718, 1713, 1720, 1721, 1713, 1721, 1722, 1713, 1722, 1719, 1713, 215, 1720, 1713, 1723, 1724, 1714, 1724, 1725, 1714, 1725, 1726, 1714, 1726, 1727, 1714, 1727, 1715, 1714, 1326, 1325, 1714, 1325, 1723, 1714, 1728, 1729, 1716, 1730, 1262, 1716, 1729, 1730, 1716, 1717, 1731, 1716, 1731, 1728, 1716, 1718, 1731, 1717, 1732, 1733, 1723, 1733, 1734, 1723, 1734, 1724, 1723, 1325, 1735, 1723, 1735, 1732, 1723, 1309, 1735, 1325, 1612, 1699, 1611, 1699, 1690, 1611, 1625, 1712, 1624, 1712, 1703, 1624, 1699, 1698, 1690, 1698, 1691, 1690, 1712, 1711, 1703, 1711, 1704, 1703, 1736, 1729, 1728, 1731, 1737, 1728, 1737, 1736, 1728, 1718, 1737, 1731, 1738, 1733, 1732, 1735, 1739, 1732, 1739, 1738, 1732, 1309, 1739, 1735, 1698, 1697, 1691, 1697, 1692, 1691, 1711, 1710, 1704, 1710, 1705, 1704, 1740, 1741, 1736, 1741, 1729, 1736, 1737, 1742, 1736, 1742, 1740, 1736, 1718, 1742, 1737, 1743, 1744, 1738, 1744, 1733, 1738, 1739, 1745, 1738, 1745, 1743, 1738, 1309, 1745, 1739, 1746, 1747, 1740, 1747, 1748, 1740, 1748, 1741, 1740, 1749, 1746, 1740, 1750, 1749, 1740, 1751, 1750, 1740, 1742, 1751, 1740, 1752, 1753, 1742, 1753, 1754, 1742, 1754, 1755, 1742, 1755, 1756, 1742, 1756, 1757, 1742, 1757, 1758, 1742, 1758, 1751, 1742, 1718, 1752, 1742, 1759, 1760, 1743, 1760, 1761, 1743, 1761, 1744, 1743, 1762, 1759, 1743, 1763, 1762, 1743, 1745, 1764, 1743, 1764, 1763, 1743, 1765, 1766, 1745, 1766, 1767, 1745, 1767, 1768, 1745, 1768, 1769, 1745, 1769, 1770, 1745, 1770, 1764, 1745, 1309, 1771, 1745, 1771, 1765, 1745, 1697, 1696, 1692, 1696, 1689, 1692, 1710, 1709, 1705, 1709, 1702, 1705, 1696, 1694, 1689, 1694, 1687, 1689, 1709, 1707, 1702, 1707, 1700, 1702, 1693, 1772, 1687, 1694, 1693, 1687, 1772, 1688, 1687, 1706, 1773, 1700, 1707, 1706, 1700, 1773, 1701, 1700, 1588, 1774, 1483, 1775, 1486, 1483, 1774, 1775, 1483, 1776, 1484, 1485, 1355, 1776, 1485, 1775, 1339, 1486, 1354, 1777, 1355, 1777, 1776, 1355, 1588, 1778, 1774, 1779, 1775, 1774, 1778, 1779, 1774, 1780, 1484, 1776, 1777, 1780, 1776, 1779, 1339, 1775, 1354, 1781, 1777, 1781, 1780, 1777, 1588, 1782, 1778, 1783, 1779, 1778, 1782, 1783, 1778, 1784, 1484, 1780, 1781, 1784, 1780, 1783, 1339, 1779, 1354, 1785, 1781, 1785, 1784, 1781, 1588, 1786, 1782, 1787, 1783, 1782, 1786, 1787, 1782, 1788, 1484, 1784, 1785, 1788, 1784, 1787, 1339, 1783, 1354, 1789, 1785, 1789, 1788, 1785, 1588, 1790, 1786, 1791, 1787, 1786, 1790, 1791, 1786, 1792, 1484, 1788, 1789, 1792, 1788, 1791, 1339, 1787, 1354, 1793, 1789, 1793, 1792, 1789, 1588, 1794, 1790, 1795, 1791, 1790, 1794, 1795, 1790, 1796, 1484, 1792, 1793, 1796, 1792, 1795, 1339, 1791, 1354, 1797, 1793, 1797, 1796, 1793, 1798, 1688, 1772, 1693, 1799, 1772, 1799, 1798, 1772, 1695, 1799, 1693, 1800, 1701, 1773, 1706, 1801, 1773, 1801, 1800, 1773, 1708, 1801, 1706, 1588, 1802, 1794, 1803, 1795, 1794, 1802, 1803, 1794, 1804, 1805, 1796, 1805, 1484, 1796, 1797, 1804, 1796, 1803, 1806, 1795, 1806, 1339, 1795, 1354, 1807, 1797, 1807, 1804, 1797, 1808, 1688, 1798, 1799, 1809, 1798, 1809, 1808, 1798, 1695, 1809, 1799, 1810, 1701, 1800, 1801, 1811, 1800, 1811, 1810, 1800, 1708, 1811, 1801, 1588, 1812, 1802, 1812, 1813, 1802, 1814, 1803, 1802, 1813, 1814, 1802, 1815, 1805, 1804, 1807, 1815, 1804, 1814, 1806, 1803, 1816, 1817, 1807, 1354, 1816, 1807, 1817, 1815, 1807, 1812, 1818, 1813, 1818, 1819, 1813, 1819, 1814, 1813, 1805, 1820, 1818, 1812, 1805, 1818, 1820, 1821, 1818, 1821, 1819, 1818, 1805, 1815, 1820, 1815, 1817, 1820, 1817, 1821, 1820, 1819, 1806, 1814, 1816, 1806, 1819, 1821, 1816, 1819, 1817, 1816, 1821, 1822, 1688, 1808, 1809, 1823, 1808, 1823, 1822, 1808, 1695, 1823, 1809, 1824, 1701, 1810, 1811, 1825, 1810, 1825, 1824, 1810, 1708, 1825, 1811, 1826, 1688, 1822, 1823, 1827, 1822, 1827, 1826, 1822, 1695, 1827, 1823, 1828, 1701, 1824, 1825, 1829, 1824, 1829, 1828, 1824, 1708, 1829, 1825, 1830, 1688, 1826, 1827, 1831, 1826, 1831, 1830, 1826, 1695, 1831, 1827, 1832, 1701, 1828, 1829, 1833, 1828, 1833, 1832, 1828, 1708, 1833, 1829, 1830, 1834, 1688, 1834, 1695, 1688, 1835, 1831, 1695, 1834, 1835, 1695, 1832, 1836, 1701, 1836, 1708, 1701, 1837, 1833, 1708, 1836, 1837, 1708, 1838, 1834, 1830, 1831, 1839, 1830, 1839, 1838, 1830, 1835, 1839, 1831, 1840, 1836, 1832, 1833, 1841, 1832, 1841, 1840, 1832, 1837, 1841, 1833, 1838, 1842, 1834, 1842, 1835, 1834, 1843, 1839, 1835, 1842, 1843, 1835, 1840, 1844, 1836, 1844, 1837, 1836, 1845, 1841, 1837, 1844, 1845, 1837, 1846, 1842, 1838, 1839, 1847, 1838, 1847, 1846, 1838, 1843, 1847, 1839, 1848, 1844, 1840, 1841, 1849, 1840, 1849, 1848, 1840, 1845, 1849, 1841, 1846, 1850, 1842, 1850, 1843, 1842, 1851, 1847, 1843, 1850, 1851, 1843, 1848, 1852, 1844, 1852, 1845, 1844, 1853, 1849, 1845, 1852, 1853, 1845, 1854, 1850, 1846, 1847, 1855, 1846, 1855, 1854, 1846, 1851, 1855, 1847, 1856, 1852, 1848, 1849, 1857, 1848, 1857, 1856, 1848, 1853, 1857, 1849, 1854, 1858, 1850, 1858, 1851, 1850, 1859, 1855, 1851, 1858, 1859, 1851, 1856, 1860, 1852, 1860, 1853, 1852, 1861, 1857, 1853, 1860, 1861, 1853, 1862, 1858, 1854, 1855, 1863, 1854, 1863, 1862, 1854, 1859, 1863, 1855, 1864, 1860, 1856, 1857, 1865, 1856, 1865, 1864, 1856, 1861, 1865, 1857, 1862, 1859, 1858, 1862, 1863, 1859, 1864, 1861, 1860, 1864, 1865, 1861, 1806, 1866, 1339, 1866, 1867, 1339, 1867, 157, 1339, 1868, 1869, 1806, 1816, 1870, 1806, 1870, 1871, 1806, 1871, 1868, 1806, 1869, 1872, 1806, 1872, 1873, 1806, 1873, 1874, 1806, 1874, 1875, 1806, 1875, 1876, 1806, 1876, 1877, 1806, 1877, 1878, 1806, 1878, 1879, 1806, 1879, 1866, 1806, 1880, 1881, 1816, 1354, 1880, 1816, 1882, 1883, 1816, 1883, 1884, 1816, 1884, 1885, 1816, 1885, 1870, 1816, 1886, 1887, 1816, 1887, 1888, 1816, 1888, 1882, 1816, 1881, 1889, 1816, 1889, 1890, 1816, 1890, 1886, 1816, 163, 1880, 1354, 1891, 1812, 1588, 1591, 1892, 1588, 1893, 1891, 1588, 1892, 1894, 1588, 1894, 1895, 1588, 1895, 1896, 1588, 1896, 1897, 1588, 1897, 1898, 1588, 1898, 1893, 1588, 1891, 1899, 1812, 1900, 1901, 1812, 1902, 1900, 1812, 1899, 1903, 1812, 1903, 1904, 1812, 1904, 1905, 1812, 1905, 1906, 1812, 1906, 1907, 1812, 1907, 1902, 1812, 1901, 1908, 1812, 1908, 1909, 1812, 1909, 1805, 1812, 1910, 1484, 1805, 1909, 1911, 1805, 1911, 1912, 1805, 1912, 1913, 1805, 1913, 1914, 1805, 1914, 1915, 1805, 1915, 1916, 1805, 1916, 1917, 1805, 1917, 1918, 1805, 1918, 1919, 1805, 1919, 1920, 1805, 1920, 1910, 1805, 1910, 1921, 1484, 1922, 1923, 1484, 1923, 1595, 1484, 1921, 1924, 1484, 1924, 1925, 1484, 1925, 1926, 1484, 1926, 1927, 1484, 1927, 1928, 1484, 1928, 1922, 1484, 1741, 1753, 1729, 1753, 1752, 1729, 1752, 1730, 1729, 1741, 1754, 1753, 1744, 1765, 1733, 1765, 1771, 1733, 1771, 1734, 1733, 1744, 1766, 1765, 1752, 1718, 1730, 1718, 1262, 1730, 1771, 1309, 1734, 1309, 1724, 1734, 1748, 1754, 1741, 1748, 1755, 1754, 1761, 1766, 1744, 1761, 1767, 1766, 1718, 1719, 1262, 1719, 1589, 1262, 1309, 1308, 1724, 1308, 1725, 1724, 1747, 1755, 1748, 1747, 1756, 1755, 1760, 1767, 1761, 1760, 1768, 1767, 1719, 1722, 1589, 1722, 1590, 1589, 1308, 1593, 1725, 1593, 1726, 1725, 1746, 1756, 1747, 1746, 1757, 1756, 1759, 1768, 1760, 1759, 1769, 1768, 1722, 1721, 1590, 1721, 1592, 1590, 1593, 1594, 1726, 1594, 1727, 1726, 1749, 1757, 1746, 1749, 1758, 1757, 1762, 1769, 1759, 1762, 1770, 1769, 1720, 1591, 1592, 1721, 1720, 1592, 1594, 1596, 1727, 1596, 1715, 1727, 1929, 1930, 1749, 1931, 1929, 1749, 1932, 1933, 1749, 1933, 1934, 1749, 1934, 1931, 1749, 1750, 1932, 1749, 1930, 1758, 1749, 1935, 1936, 1758, 1937, 1935, 1758, 1936, 1938, 1758, 1938, 1939, 1758, 1939, 1940, 1758, 1940, 1941, 1758, 1941, 1751, 1758, 1930, 1937, 1758, 1942, 1943, 1762, 1944, 1942, 1762, 1945, 1946, 1762, 1946, 1947, 1762, 1947, 1944, 1762, 1763, 1945, 1762, 1943, 1770, 1762, 1948, 1949, 1770, 1950, 1948, 1770, 1949, 1951, 1770, 1951, 1952, 1770, 1952, 1953, 1770, 1953, 1954, 1770, 1954, 1764, 1770, 1943, 1950, 1770, 1720, 215, 1591, 215, 1892, 1591, 1596, 1595, 1715, 1595, 300, 1715, 215, 214, 1892, 214, 1894, 1892, 1595, 1923, 300, 1923, 301, 300, 214, 222, 1894, 222, 1895, 1894, 1923, 1922, 301, 1922, 302, 301, 222, 242, 1895, 242, 1896, 1895, 1955, 303, 302, 1922, 1928, 302, 1928, 1955, 302, 242, 241, 1896, 241, 1897, 1896, 1956, 303, 1955, 1928, 1927, 1955, 1927, 1956, 1955, 241, 1957, 1897, 1957, 1898, 1897, 178, 1957, 241, 1958, 303, 1956, 1927, 1926, 1956, 1926, 1958, 1956, 1957, 1959, 1898, 1959, 1893, 1898, 178, 1959, 1957, 1960, 303, 1958, 1926, 1925, 1958, 1925, 1960, 1958, 1961, 1891, 1893, 1959, 1962, 1893, 1962, 1961, 1893, 178, 1962, 1959, 1963, 303, 1960, 1925, 1924, 1960, 1924, 1963, 1960, 1751, 1941, 1750, 1941, 1932, 1750, 1764, 1954, 1763, 1954, 1945, 1763, 1941, 1940, 1932, 1940, 1933, 1932, 1954, 1953, 1945, 1953, 1946, 1945, 1964, 1891, 1961, 1962, 1965, 1961, 1965, 1964, 1961, 178, 1965, 1962, 1966, 303, 1963, 1924, 1967, 1963, 1967, 1966, 1963, 1921, 1967, 1924, 1940, 1939, 1933, 1939, 1934, 1933, 1953, 1952, 1946, 1952, 1947, 1946, 1968, 1891, 1964, 1965, 1969, 1964, 1969, 1968, 1964, 178, 1969, 1965, 1970, 303, 1966, 1967, 1971, 1966, 1971, 1970, 1966, 1921, 1971, 1967, 1972, 1973, 1968, 1973, 1974, 1968, 1974, 1891, 1968, 1975, 1972, 1968, 1976, 1975, 1968, 1977, 1976, 1968, 1969, 1977, 1968, 178, 1978, 1969, 1978, 1979, 1969, 1979, 1980, 1969, 1980, 1981, 1969, 1981, 1977, 1969, 1982, 1983, 1970, 1983, 1984, 1970, 1984, 303, 1970, 1985, 1982, 1970, 1986, 1985, 1970, 1987, 1986, 1970, 1971, 1987, 1970, 1921, 1988, 1971, 1988, 1989, 1971, 1989, 1990, 1971, 1990, 1991, 1971, 1991, 1987, 1971, 1939, 1938, 1934, 1938, 1931, 1934, 1952, 1951, 1947, 1951, 1944, 1947, 1938, 1936, 1931, 1936, 1929, 1931, 1951, 1949, 1944, 1949, 1942, 1944, 1992, 1871, 1870, 1993, 1992, 1870, 1885, 1993, 1870, 1994, 1868, 1871, 1992, 1994, 1871, 1995, 1993, 1885, 1884, 1995, 1885, 1996, 1869, 1868, 1994, 1996, 1868, 1935, 1997, 1929, 1936, 1935, 1929, 1997, 1930, 1929, 1948, 1998, 1942, 1949, 1948, 1942, 1998, 1943, 1942, 1999, 1995, 1884, 1883, 1999, 1884, 2000, 1872, 1869, 1996, 2000, 1869, 2001, 1999, 1883, 1882, 2001, 1883, 2002, 1873, 1872, 2000, 2002, 1872, 2003, 2001, 1882, 1888, 2003, 1882, 2004, 1874, 1873, 2002, 2004, 1873, 2005, 2003, 1888, 1887, 2005, 1888, 2006, 1875, 1874, 2004, 2006, 1874, 2007, 2005, 1887, 1886, 2007, 1887, 1909, 1994, 1911, 1994, 1992, 1911, 1992, 1912, 1911, 1993, 1912, 1992, 1908, 1996, 1909, 1996, 1994, 1909, 1993, 1913, 1912, 1995, 1913, 1993, 1901, 2000, 1908, 2000, 1996, 1908, 1995, 1914, 1913, 1999, 1914, 1995, 1900, 2002, 1901, 2002, 2000, 1901, 2008, 1876, 1875, 2006, 2008, 1875, 1999, 1915, 1914, 2001, 1915, 1999, 1902, 2004, 1900, 2004, 2002, 1900, 2001, 1916, 1915, 2003, 1916, 2001, 2009, 2007, 1886, 1890, 2009, 1886, 1907, 2006, 1902, 2006, 2004, 1902, 2003, 1917, 1916, 2005, 1917, 2003, 1906, 2008, 1907, 2008, 2006, 1907, 2010, 1877, 1876, 2008, 2010, 1876, 2005, 1918, 1917, 2007, 1918, 2005, 1905, 2010, 1906, 2010, 2008, 1906, 2011, 2009, 1890, 1889, 2011, 1890, 2007, 1919, 1918, 2009, 1919, 2007, 1904, 2012, 1905, 2012, 2010, 1905, 2012, 1877, 2010, 2012, 1878, 1877, 2009, 1920, 1919, 2011, 1920, 2009, 1903, 2013, 1904, 2013, 2012, 1904, 2013, 1878, 2012, 2014, 1910, 1920, 2011, 2014, 1920, 1903, 2015, 2013, 2015, 1879, 2013, 1879, 1878, 2013, 2016, 2014, 2011, 1889, 2016, 2011, 1881, 2017, 1889, 2017, 2016, 1889, 1899, 2018, 1903, 2019, 2015, 1903, 2018, 2019, 1903, 2019, 2020, 2015, 2020, 1879, 2015, 2021, 1910, 2014, 2016, 2021, 2014, 2022, 2021, 2016, 2017, 2022, 2016, 2020, 1866, 1879, 1899, 2023, 2018, 2023, 2024, 2018, 2024, 2019, 2018, 2024, 2025, 2019, 2025, 2020, 2019, 2026, 1910, 2021, 2022, 2026, 2021, 2027, 2026, 2022, 2017, 2028, 2022, 2028, 2027, 2022, 1881, 2028, 2017, 1899, 2029, 2023, 2029, 2030, 2023, 2030, 2024, 2023, 2030, 2031, 2024, 2031, 2025, 2024, 2032, 1910, 2026, 2027, 2032, 2026, 2033, 2032, 2027, 2028, 2034, 2027, 2034, 2033, 2027, 2025, 1866, 2020, 1899, 2035, 2029, 2035, 2036, 2029, 2036, 2030, 2029, 2036, 2037, 2030, 2037, 2031, 2030, 2038, 1910, 2032, 2033, 2038, 2032, 2039, 2038, 2033, 2034, 2040, 2033, 2040, 2039, 2033, 1899, 2041, 2035, 2041, 2042, 2035, 2042, 2036, 2035, 2042, 2043, 2036, 2043, 2037, 2036, 1881, 2034, 2028, 2044, 1910, 2038, 2039, 2044, 2038, 2045, 2044, 2039, 2040, 2046, 2039, 2046, 2045, 2039, 1899, 2047, 2041, 2047, 2048, 2041, 2048, 2042, 2041, 2048, 2049, 2042, 2049, 2043, 2042, 2050, 1910, 2044, 2045, 2050, 2044, 2051, 2050, 2045, 2046, 2052, 2045, 2052, 2051, 2045, 2031, 1866, 2025, 1899, 2053, 2047, 2053, 2054, 2047, 2054, 2048, 2047, 2054, 2055, 2048, 2055, 2049, 2048, 2056, 1910, 2050, 2051, 2056, 2050, 2057, 2056, 2051, 2052, 2058, 2051, 2058, 2057, 2051, 1899, 2059, 2053, 2059, 2060, 2053, 2060, 2054, 2053, 2060, 2061, 2054, 2061, 2055, 2054, 2062, 1910, 2056, 2057, 2062, 2056, 2063, 2062, 2057, 2058, 2064, 2057, 2064, 2063, 2057, 1899, 2062, 2059, 2062, 2063, 2059, 2063, 2060, 2059, 2063, 2065, 2060, 2065, 2061, 2060, 1899, 1910, 2062, 2064, 2065, 2063, 1881, 2040, 2034, 2037, 1866, 2031, 1881, 2046, 2040, 2043, 1866, 2037, 1881, 2052, 2046, 2066, 1930, 1997, 1935, 2067, 1997, 2067, 2066, 1997, 1937, 2067, 1935, 2068, 1943, 1998, 1948, 2069, 1998, 2069, 2068, 1998, 1950, 2069, 1948, 2049, 1866, 2043, 1881, 2058, 2052, 2070, 1930, 2066, 2067, 2071, 2066, 2071, 2070, 2066, 1937, 2071, 2067, 2072, 1943, 2068, 2069, 2073, 2068, 2073, 2072, 2068, 1950, 2073, 2069, 2055, 1866, 2049, 1881, 2064, 2058, 2061, 1866, 2055, 2074, 1930, 2070, 2071, 2075, 2070, 2075, 2074, 2070, 1937, 2075, 2071, 2076, 1943, 2072, 2073, 2077, 2072, 2077, 2076, 2072, 1950, 2077, 2073, 1881, 2065, 2064, 1881, 1866, 2061, 2065, 1881, 2061, 2078, 1930, 2074, 2075, 2079, 2074, 2079, 2078, 2074, 1937, 2079, 2075, 2080, 1943, 2076, 2077, 2081, 2076, 2081, 2080, 2076, 1950, 2081, 2077, 2082, 1930, 2078, 2079, 2083, 2078, 2083, 2082, 2078, 1937, 2083, 2079, 2084, 1943, 2080, 2081, 2085, 2080, 2085, 2084, 2080, 1950, 2085, 2081, 2082, 2086, 1930, 2086, 1937, 1930, 2087, 2083, 1937, 2086, 2087, 1937, 2084, 2088, 1943, 2088, 1950, 1943, 2089, 2085, 1950, 2088, 2089, 1950, 2090, 2086, 2082, 2083, 2091, 2082, 2091, 2090, 2082, 2087, 2091, 2083, 2092, 2088, 2084, 2085, 2093, 2084, 2093, 2092, 2084, 2089, 2093, 2085, 2090, 2094, 2086, 2094, 2087, 2086, 2095, 2091, 2087, 2094, 2095, 2087, 2092, 2096, 2088, 2096, 2089, 2088, 2097, 2093, 2089, 2096, 2097, 2089, 2098, 2094, 2090, 2091, 2099, 2090, 2099, 2098, 2090, 2095, 2099, 2091, 2100, 2096, 2092, 2093, 2101, 2092, 2101, 2100, 2092, 2097, 2101, 2093, 2098, 2102, 2094, 2102, 2095, 2094, 2103, 2099, 2095, 2102, 2103, 2095, 2100, 2104, 2096, 2104, 2097, 2096, 2105, 2101, 2097, 2104, 2105, 2097, 2106, 2102, 2098, 2099, 2107, 2098, 2107, 2106, 2098, 2103, 2107, 2099, 2108, 2104, 2100, 2101, 2109, 2100, 2109, 2108, 2100, 2105, 2109, 2101, 2106, 2110, 2102, 2110, 2103, 2102, 2111, 2107, 2103, 2110, 2111, 2103, 2108, 2112, 2104, 2112, 2105, 2104, 2113, 2109, 2105, 2112, 2113, 2105, 2114, 2110, 2106, 2107, 2115, 2106, 2115, 2114, 2106, 2111, 2115, 2107, 2116, 2112, 2108, 2109, 2117, 2108, 2117, 2116, 2108, 2113, 2117, 2109, 2114, 2111, 2110, 2114, 2115, 2111, 2116, 2113, 2112, 2116, 2117, 2113, 2118, 1975, 1976, 2119, 2118, 1976, 1977, 2120, 1976, 2120, 2119, 1976, 1981, 2121, 1977, 2121, 2120, 1977, 2122, 1985, 1986, 2123, 2122, 1986, 1987, 2124, 1986, 2124, 2123, 1986, 1991, 2125, 1987, 2125, 2124, 1987, 2126, 2118, 2119, 2120, 2127, 2119, 2127, 2126, 2119, 2121, 2127, 2120, 2128, 2122, 2123, 2124, 2129, 2123, 2129, 2128, 2123, 2125, 2129, 2124, 2130, 2118, 2126, 2127, 2131, 2126, 2131, 2130, 2126, 2121, 2131, 2127, 2132, 2122, 2128, 2129, 2133, 2128, 2133, 2132, 2128, 2125, 2133, 2129, 2134, 2118, 2130, 2131, 2135, 2130, 2135, 2134, 2130, 2121, 2135, 2131, 2136, 2122, 2132, 2133, 2137, 2132, 2137, 2136, 2132, 2125, 2137, 2133, 2138, 2118, 2134, 2135, 2139, 2134, 2139, 2138, 2134, 2121, 2139, 2135, 2140, 2122, 2136, 2137, 2141, 2136, 2141, 2140, 2136, 2125, 2141, 2137, 2142, 2118, 2138, 2139, 2143, 2138, 2143, 2142, 2138, 2121, 2143, 2139, 2144, 2122, 2140, 2141, 2145, 2140, 2145, 2144, 2140, 2125, 2145, 2141, 2146, 2118, 2142, 2143, 2147, 2142, 2147, 2146, 2142, 2121, 2147, 2143, 2148, 2122, 2144, 2145, 2149, 2144, 2149, 2148, 2144, 2125, 2149, 2145, 2150, 2118, 2146, 2147, 2151, 2146, 2151, 2150, 2146, 2121, 2151, 2147, 2152, 2122, 2148, 2149, 2153, 2148, 2153, 2152, 2148, 2125, 2153, 2149, 2154, 2118, 2150, 2151, 2155, 2150, 2155, 2154, 2150, 2121, 2155, 2151, 2156, 2122, 2152, 2153, 2157, 2152, 2157, 2156, 2152, 2125, 2157, 2153, 2158, 2118, 2154, 2155, 2159, 2154, 2159, 2158, 2154, 2121, 2159, 2155, 2160, 2122, 2156, 2157, 2161, 2156, 2161, 2160, 2156, 2125, 2161, 2157, 2162, 2118, 2158, 2159, 2163, 2158, 2163, 2162, 2158, 2121, 2163, 2159, 2164, 2122, 2160, 2161, 2165, 2160, 2165, 2164, 2160, 2125, 2165, 2161, 2163, 2121, 2162, 2121, 2118, 2162, 2165, 2125, 2164, 2125, 2122, 2164, 1981, 1975, 2118, 2121, 1981, 2118, 1991, 1985, 2122, 2125, 1991, 2122, 1980, 1972, 1975, 1981, 1980, 1975, 1990, 1982, 1985, 1991, 1990, 1985, 1979, 1973, 1972, 1980, 1979, 1972, 1989, 1983, 1982, 1990, 1989, 1982, 1978, 1974, 1973, 1979, 1978, 1973, 1988, 1984, 1983, 1989, 1988, 1983, 1974, 1978, 1891, 1978, 178, 1891, 178, 176, 1891, 176, 174, 1891, 174, 172, 1891, 172, 170, 1891, 170, 168, 1891, 168, 166, 1891, 166, 164, 1891, 164, 158, 1891, 158, 157, 1891, 157, 1867, 1891, 1867, 1899, 1891, 1867, 1866, 1899, 1866, 1910, 1899, 1866, 1881, 1910, 1881, 1921, 1910, 175, 177, 1921, 303, 1988, 1921, 179, 303, 1921, 177, 179, 1921, 169, 171, 1921, 171, 173, 1921, 173, 175, 1921, 163, 165, 1921, 165, 167, 1921, 167, 169, 1921, 1881, 1880, 1921, 1880, 163, 1921, 1984, 1988, 303]
            point3f[] points = [(0.0873452, -0.0616716, 5.24e-05), (0.0875805, -0.0614043, 5.24e-05), (0.1098921, -0.0841555, 5.24e-05), (0.0869421, -0.0795655, 5.24e-05), (0.0869421, -0.0619658, 5.24e-05), (0.0870681, -0.0618954, 5.24e-05), (0.0877673, -0.061101, 5.24e-05), (0.0879001, -0.0607705, 5.24e-05), (0.1098921, -0.053384, 5.24e-05), (0.1098921, -0.0775032, 0.0086732), (0.1098921, -0.0777971, 0.0093691), (0.1098921, -0.0780367, 0.0108524), (0.1098921, -0.0841555, 0.0384524), (0.1098921, -0.0779764, 0.0101015), (0.1098921, -0.0760189, 0.0069691), (0.1098921, -0.076603, 0.0074583), (0.1098921, -0.0771018, 0.008031), (0.1098921, -0.0739074, 0.0061115), (0.1098921, -0.0746543, 0.0062873), (0.1098921, -0.075364, 0.0065756), (0.1098921, -0.052184, 0.0060524), (0.1098921, -0.0731416, 0.0060524), (0.104098, -0.0829967, 0.0251421), (0.1040684, -0.0829908, 0.0247667), (0.1039805, -0.0829732, 0.0244005), (0.1038364, -0.0829444, 0.0240526), (0.0751543, -0.077208, 0.0234451), (0.0717602, -0.0765292, 0.020051), (0.0714739, -0.0764719, 0.0198064), (0.0711527, -0.0764077, 0.0196096), (0.0708048, -0.0763381, 0.0194655), (0.1036396, -0.082905, 0.0237314), (0.1033951, -0.0828561, 0.0234451), (0.1000009, -0.0821773, 0.020051), (0.0997146, -0.08212, 0.0198064), (0.0993935, -0.0820558, 0.0196096), (0.0990455, -0.0819862, 0.0194655), (0.0704386, -0.0762648, 0.0193776), (0.0700632, -0.0761897, 0.019348), (0.0696877, -0.0761147, 0.0193776), (0.0986793, -0.081913, 0.0193776), (0.0983039, -0.0818379, 0.019348), (0.0979284, -0.0817628, 0.0193776), (0.0693215, -0.0760414, 0.0194655), (0.0474991, -0.0716769, 0.0244005), (0.0755957, -0.0772963, 0.0240526), (0.0753989, -0.0772569, 0.0237314), (0.0876803, -0.0590545, 5.24e-05), (0.0874685, -0.0587681, 5.24e-05), (0.0872114, -0.0585217, 5.24e-05), (0.0879751, -0.0604223, 5.24e-05), (0.0879902, -0.0600664, 5.24e-05), (0.087945, -0.0597131, 5.24e-05), (0.0878407, -0.0593725, 5.24e-05), (0.0869421, -0.0072055, 5.24e-05), (0.1098921, -0.0072055, 5.24e-05), (0.0869421, -0.053384, 5.24e-05), (0.1098921, -0.0084055, 0.0060524), (0.0869421, 0.0068945, 5.24e-05), (0.1098921, 0.0068945, 5.24e-05), (0.1098921, 0.0080945, 0.0060524), (0.0869421, 0.0530729, 5.24e-05), (0.1098921, 0.0530729, 5.24e-05), (0.1098921, 0.0518729, 0.0060524), (0.0877673, 0.058899, 5.24e-05), (0.0879001, 0.0592295, 5.24e-05), (0.0870681, 0.0581046, 5.24e-05), (0.0873452, 0.0583284, 5.24e-05), (0.0875805, 0.0585957, 5.24e-05), (0.0879751, 0.0595777, 5.24e-05), (0.0879902, 0.0599336, 5.24e-05), (0.1098921, 0.0728945, 5.24e-05), (0.1098921, 0.0685875, 0.0060524), (0.0869421, 0.0728945, 5.24e-05), (0.1098921, 0.0838445, 5.24e-05), (0.0878407, 0.0606275, 5.24e-05), (0.0876803, 0.0609455, 5.24e-05), (0.0874685, 0.0612319, 5.24e-05), (0.0872114, 0.0614783, 5.24e-05), (0.087945, 0.0602869, 5.24e-05), (0.1098921, 0.0750529, 0.0065756), (0.1098921, 0.0743432, 0.0062873), (0.1098921, 0.0735964, 0.0061115), (0.1098921, 0.0728306, 0.0060524), (0.0869421, 0.0792545, 5.24e-05), (0.1098921, 0.0838445, 0.0384524), (0.1098921, 0.0777257, 0.0384524), (0.1098921, 0.0777257, 0.0108524), (0.1098921, 0.0776654, 0.0101015), (0.1098921, 0.0774861, 0.0093691), (0.1098921, 0.0771921, 0.0086732), (0.1098921, 0.0767908, 0.008031), (0.1098921, 0.0762919, 0.0074583), (0.1098921, 0.0757078, 0.0069691), (0.1040684, 0.0826797, 0.0247667), (0.1036396, 0.082594, 0.0237314), (0.1038364, 0.0826333, 0.0240526), (0.1039805, 0.0826622, 0.0244005), (0.0474991, 0.0713659, 0.0244005), (0.047587, 0.0713834, 0.0247667), (0.0993935, 0.0817447, 0.0196096), (0.0997146, 0.081809, 0.0198064), (0.0990455, 0.0816751, 0.0194655), (0.0753989, 0.0769458, 0.0237314), (0.0755957, 0.0769852, 0.0240526), (0.0757398, 0.077014, 0.0244005), (0.0758277, 0.0770316, 0.0247667), (0.0968932, 0.0812447, 0.0198064), (0.1000009, 0.0818662, 0.020051), (0.1033951, 0.0825451, 0.0234451), (0.047355, 0.071337, 0.0240526), (0.0711527, 0.0760966, 0.0196096), (0.0714739, 0.0761608, 0.0198064), (0.0972143, 0.0813089, 0.0196096), (0.0975623, 0.0813785, 0.0194655), (0.0979284, 0.0814517, 0.0193776), (0.0717602, 0.0762181, 0.020051), (0.0751543, 0.0768969, 0.0234451), (0.0983039, 0.0815268, 0.019348), (0.0986793, 0.0816019, 0.0193776), (0.0700632, 0.0758787, 0.019348), (0.0704386, 0.0759538, 0.0193776), (0.0708048, 0.076027, 0.0194655), (0.0693215, 0.0757303, 0.0194655), (0.0696877, 0.0758036, 0.0193776), (0.0903881, -0.0599645, 0.0060524), (0.0903557, -0.0607271, 0.0060524), (0.0901949, -0.0614732, 0.0060524), (0.0899103, -0.0621815, 0.0060524), (0.0895101, -0.0628314, 0.0060524), (0.088412, -0.0638838, 0.0060524), (0.0881421, -0.0687917, 0.0060524), (0.0890058, -0.0634043, 0.0060524), (0.0881421, -0.0084055, 0.0060524), (0.0892701, -0.0571825, 0.0060524), (0.089724, -0.0577962, 0.0060524), (0.0887191, -0.0566544, 0.0060524), (0.0900676, -0.0584777, 0.0060524), (0.0902911, -0.0592075, 0.0060524), (0.0881421, -0.052184, 0.0060524), (0.0881421, -0.0562644, 0.0060524), (0.0881421, 0.0080945, 0.0060524), (0.0881421, 0.0518729, 0.0060524), (0.0899103, 0.0578186, 0.0060524), (0.0895101, 0.0571686, 0.0060524), (0.0901949, 0.0585268, 0.0060524), (0.0903881, 0.0600355, 0.0060524), (0.0903557, 0.0592729, 0.0060524), (0.0890058, 0.0565957, 0.0060524), (0.0886768, 0.0685875, 0.0060524), (0.0887191, 0.0633456, 0.0060524), (0.0892701, 0.0628175, 0.0060524), (0.089724, 0.0622039, 0.0060524), (0.0900676, 0.0615223, 0.0060524), (0.0902911, 0.0607925, 0.0060524), (0.0476421, -0.0606917, 0.0060524), (0.0051038, -0.052184, 0.0060524), (-0.1301079, -0.0259074, 0.0061115), (-0.1301079, -0.0266543, 0.0062873), (0.0051038, 0.0518729, 0.0060524), (0.0476421, 0.0603806, 0.0060524), (0.0018921, 0.0512306, 0.0060524), (0.0881421, 0.0684806, 0.0060524), (-0.1301079, 0.0255963, 0.0061115), (-0.1301079, -0.027364, 0.0065756), (-0.1301079, 0.0263432, 0.0062873), (-0.1301079, -0.0280189, 0.0069691), (-0.1301079, 0.0270529, 0.0065756), (-0.1301079, -0.028603, 0.0074583), (-0.1301079, 0.0277078, 0.0069691), (-0.1301079, -0.0291018, 0.008031), (-0.1301079, 0.0282919, 0.0074583), (-0.1301079, -0.0295032, 0.0086732), (-0.1301079, 0.0287908, 0.008031), (-0.1301079, -0.0297971, 0.0093691), (-0.1301079, 0.0291921, 0.0086732), (-0.1301079, -0.0299765, 0.0101015), (-0.1301079, 0.0294861, 0.0093691), (-0.1301079, -0.0300367, 0.0108524), (-0.1301079, 0.0296654, 0.0101015), (0.1098921, -0.0780367, 0.0384524), (0.1040684, -0.076872, 0.0247667), (0.1036396, -0.0767862, 0.0237314), (0.1038364, -0.0768256, 0.0240526), (0.1039805, -0.0768544, 0.0244005), (0.0757398, -0.0712063, 0.0258838), (0.0755957, -0.0711774, 0.0262317), (0.0753989, -0.0711381, 0.0265528), (0.0758277, -0.0712238, 0.0247667), (0.0758573, -0.0712297, 0.0251421), (0.0758277, -0.0712238, 0.0255176), (0.0993935, -0.075937, 0.0196096), (0.0997146, -0.0760012, 0.0198064), (0.0990455, -0.0758674, 0.0194655), (0.1000009, -0.0760585, 0.020051), (0.1033951, -0.0767373, 0.0234451), (0.0972143, -0.0755012, 0.0196096), (0.0975623, -0.0755707, 0.0194655), (0.0979284, -0.075644, 0.0193776), (0.0983039, -0.0757191, 0.019348), (0.0986793, -0.0757942, 0.0193776), (0.0753989, -0.0711381, 0.0237314), (0.0755957, -0.0711774, 0.0240526), (0.0757398, -0.0712063, 0.0244005), (0.0711527, -0.0702888, 0.0196096), (0.0714739, -0.0703531, 0.0198064), (0.0708048, -0.0702193, 0.0194655), (0.0717602, -0.0704103, 0.020051), (0.0751543, -0.0710892, 0.0234451), (0.0696877, -0.0699958, 0.0193776), (0.0700632, -0.0700709, 0.019348), (0.0704386, -0.070146, 0.0193776), (0.047355, -0.0655293, 0.0240526), (0.0471582, -0.0654899, 0.0237314), (-0.0982916, -0.0364, 0.0196096), (-0.0979705, -0.0364642, 0.0198064), (-0.0700509, -0.0420481, 0.0196096), (-0.0697298, -0.0421123, 0.0198064), (-0.0142836, -0.0532016, 0.0193776), (-0.0139174, -0.0532748, 0.0194655), (-0.0135694, -0.0533444, 0.0196096), (-0.0132483, -0.0534086, 0.0198064), (-0.0986395, -0.0363304, 0.0194655), (0.0432331, -0.0647049, 0.0198064), (0.0435195, -0.0647622, 0.020051), (0.0469136, -0.065441, 0.0234451), (-0.0425243, -0.0475534, 0.0193776), (-0.0421581, -0.0476267, 0.0194655), (-0.0418102, -0.0476963, 0.0196096), (-0.041489, -0.0477605, 0.0198064), (0.0139572, -0.0588497, 0.0193776), (0.0143234, -0.058923, 0.0194655), (0.0146713, -0.0589926, 0.0196096), (0.0149924, -0.0590568, 0.0198064), (0.0421979, -0.0644979, 0.0193776), (0.0425641, -0.0645711, 0.0194655), (0.042912, -0.0646407, 0.0196096), (-0.0703988, -0.0419785, 0.0194655), (-0.014659, -0.0531265, 0.019348), (-0.0711405, -0.0418302, 0.019348), (-0.070765, -0.0419053, 0.0193776), (-0.0993812, -0.0361821, 0.019348), (-0.0990057, -0.0362572, 0.0193776), (-0.0428997, -0.0474784, 0.019348), (0.0135817, -0.0587746, 0.019348), (0.0418224, -0.0644228, 0.019348), (0.104098, 0.0765668, 0.0251421), (0.1040684, 0.0765609, 0.0247667), (0.1039805, 0.0765433, 0.0244005), (0.1038364, 0.0765145, 0.0240526), (0.1036396, 0.0764752, 0.0237314), (0.1033951, 0.0764262, 0.0234451), (0.1000009, 0.0757474, 0.020051), (0.0997146, 0.0756901, 0.0198064), (0.0993935, 0.0756259, 0.0196096), (0.0757398, 0.0708952, 0.0244005), (0.0755957, 0.0708664, 0.0240526), (0.0990455, 0.0755563, 0.0194655), (0.0986793, 0.0754831, 0.0193776), (0.0983039, 0.075408, 0.019348), (0.0975623, 0.0752597, 0.0194655), (0.0979284, 0.0753329, 0.0193776), (0.0753989, 0.070827, 0.0237314), (0.0751543, 0.0707781, 0.0234451), (0.0717602, 0.0700993, 0.020051), (0.0714739, 0.070042, 0.0198064), (0.0711527, 0.0699778, 0.0196096), (0.0708048, 0.0699082, 0.0194655), (0.0704386, 0.0698349, 0.0193776), (0.0700632, 0.0697598, 0.019348), (0.0696877, 0.0696848, 0.0193776), (0.047355, 0.0652182, 0.0240526), (0.0471582, 0.0651789, 0.0237314), (0.0469136, 0.0651299, 0.0234451), (0.0435195, 0.0644511, 0.020051), (0.0432331, 0.0643938, 0.0198064), (0.042912, 0.0643296, 0.0196096), (0.0425641, 0.06426, 0.0194655), (-0.041489, 0.0474494, 0.0198064), (-0.0418102, 0.0473852, 0.0196096), (0.0149924, 0.0587457, 0.0198064), (0.0146713, 0.0586815, 0.0196096), (0.0421979, 0.0641868, 0.0193776), (0.0418224, 0.0641117, 0.019348), (0.0143234, 0.0586119, 0.0194655), (0.0139572, 0.0585386, 0.0193776), (0.0135817, 0.0584636, 0.019348), (-0.0132483, 0.0530976, 0.0198064), (-0.0135694, 0.0530333, 0.0196096), (-0.0139174, 0.0529637, 0.0194655), (-0.0421581, 0.0473156, 0.0194655), (-0.0425243, 0.0472424, 0.0193776), (-0.0428997, 0.0471673, 0.019348), (-0.0697298, 0.0418013, 0.0198064), (-0.0700509, 0.041737, 0.0196096), (-0.0703988, 0.0416675, 0.0194655), (-0.0142836, 0.0528905, 0.0193776), (-0.014659, 0.0528154, 0.019348), (-0.070765, 0.0415942, 0.0193776), (-0.0711405, 0.0415191, 0.019348), (-0.0979705, 0.0361531, 0.0198064), (-0.0982916, 0.0360889, 0.0196096), (-0.0986395, 0.0360193, 0.0194655), (-0.1301079, 0.0297256, 0.0108524), (0.1038364, -0.0829444, 0.0262317), (0.1039805, -0.0829732, 0.0258838), (0.1040684, -0.0829908, 0.0255176), (0.1002921, -0.0822355, 0.0480524), (0.1033951, -0.0828561, 0.0268392), (0.1036396, -0.082905, 0.0265528), (0.1002921, -0.0761167, 0.0480524), (0.1040684, -0.076872, 0.0255176), (0.1039805, -0.0768544, 0.0258838), (0.1038364, -0.0768256, 0.0262317), (0.104098, -0.0768779, 0.0251421), (0.1036396, -0.0767862, 0.0265528), (0.1033951, -0.0767373, 0.0268392), (0.1038364, 0.0765145, 0.0262317), (0.1039805, 0.0765433, 0.0258838), (0.1002921, 0.0758056, 0.0480524), (0.1033951, 0.0764262, 0.0268392), (0.1036396, 0.0764752, 0.0265528), (0.1040684, 0.0765609, 0.0255176), (0.1002921, 0.0819245, 0.0480524), (0.104098, 0.0826856, 0.0251421), (0.1040684, 0.0826797, 0.0255176), (0.1039805, 0.0826622, 0.0258838), (0.1038364, 0.0826333, 0.0262317), (0.1036396, 0.082594, 0.0265528), (0.1033951, 0.0825451, 0.0268392), (0.0862789, -0.0794329, 0.0439553), (0.0862789, -0.0733141, 0.0439553), (0.0862789, 0.073003, 0.0439553), (0.0862789, 0.0791218, 0.0439553), (0.087976, -0.0736535, 0.0480524), (0.087976, -0.0797723, 0.0480524), (0.087976, 0.0794612, 0.0480524), (0.087976, 0.0733424, 0.0480524), (0.0975623, -0.0816896, 0.0194655), (0.0757398, -0.0773251, 0.0244005), (0.0972143, -0.08162, 0.0196096), (0.0758573, -0.0773486, 0.0251421), (0.0758277, -0.0773427, 0.0247667), (0.0758573, 0.0709187, 0.0251421), (0.0758277, 0.0709128, 0.0247667), (0.0972143, 0.0751901, 0.0196096), (0.0968932, -0.0815557, 0.0198064), (0.0968932, -0.0754369, 0.0198064), (0.0968932, 0.0751259, 0.0198064), (0.0966068, -0.0814985, 0.020051), (0.0758277, -0.0773427, 0.0255176), (0.0966068, -0.0753797, 0.020051), (0.0966068, 0.0750686, 0.020051), (0.0758277, 0.0709128, 0.0255176), (0.0966068, 0.0811874, 0.020051), (0.0753989, -0.0772569, 0.0265528), (0.0755957, -0.0772963, 0.0262317), (0.0757398, -0.0773251, 0.0258838), (0.0751543, -0.077208, 0.0268392), (0.0693083, -0.0760388, 0.0473494), (0.0693083, -0.06992, 0.0473494), (0.0751543, -0.0710892, 0.0268392), (0.0753989, 0.070827, 0.0265528), (0.0755957, 0.0708664, 0.0262317), (0.0757398, 0.0708952, 0.0258838), (0.0751543, 0.0707781, 0.0268392), (0.0693083, 0.0696089, 0.0473494), (0.0693083, 0.0757277, 0.0473494), (0.0758573, 0.0770375, 0.0251421), (0.0758277, 0.0770316, 0.0255176), (0.0757398, 0.077014, 0.0258838), (0.0755957, 0.0769852, 0.0262317), (0.0753989, 0.0769458, 0.0265528), (0.0751543, 0.0768969, 0.0268392), (0.0879902, -0.0600664, 0.0036524), (0.087945, -0.0597131, 0.0036524), (0.0879902, 0.0599336, 0.0036524), (0.087945, 0.0602869, 0.0036524), (0.0879751, -0.0604223, 0.0036524), (0.0879751, 0.0595777, 0.0036524), (0.0878407, -0.0593725, 0.0036524), (0.0878407, 0.0606275, 0.0036524), (0.0879001, -0.0607705, 0.0036524), (0.0879001, 0.0592295, 0.0036524), (0.0876803, -0.0590545, 0.0036524), (0.0876803, 0.0609455, 0.0036524), (0.0877673, -0.061101, 0.0036524), (0.0877673, 0.058899, 0.0036524), (0.0874685, -0.0587681, 0.0036524), (0.0874685, 0.0612319, 0.0036524), (0.0875805, -0.0614043, 0.0036524), (0.0875805, 0.0585957, 0.0036524), (0.0872114, -0.0585217, 0.0036524), (0.0872114, 0.0614783, 0.0036524), (0.0873452, -0.0616716, 0.0036524), (0.088412, 0.0561162, 0.0060524), (0.0873452, 0.0583284, 0.0036524), (0.0881421, 0.0637356, 0.0060524), (0.0881421, -0.0640346, 0.0060524), (0.0870681, -0.0618954, 0.0036524), (0.0881421, 0.0559654, 0.0060524), (0.0870681, 0.0581046, 0.0036524), (0.0847582, -0.0645103, 0.0060524), (0.0840386, -0.0642561, 0.0060524), (0.0877457, -0.0642561, 0.0060524), (0.087026, -0.0645103, 0.0060524), (0.0862737, -0.0646393, 0.0060524), (0.0858921, -0.0646555, 0.0060524), (0.0855105, -0.0646393, 0.0060524), (0.0867571, -0.0620691, 0.0036524), (0.0880867, -0.056227, 0.0060524), (0.0869163, -0.0583222, 0.0036524), (0.0476421, -0.052184, 0.0060524), (0.0836975, -0.056227, 0.0060524), (0.084393, -0.0559126, 0.0060524), (0.0851316, -0.0557203, 0.0060524), (0.0858921, -0.0556555, 0.0060524), (0.0866526, -0.0557203, 0.0060524), (0.0873912, -0.0559126, 0.0060524), (0.0857768, -0.0370185, 0.0060524), (0.0854337, -0.0384662, 0.0060524), (0.0858921, -0.0355351, 0.0060524), (0.084871, -0.0398435, 0.0060524), (0.0841022, -0.0411174, 0.0060524), (0.0831458, -0.0422572, 0.0060524), (0.0820248, -0.0432355, 0.0060524), (0.0807661, -0.0440288, 0.0060524), (0.0794, -0.0446181, 0.0060524), (0.0779591, -0.0449892, 0.0060524), (0.0576708, -0.0485666, 0.0060524), (0.0840587, -0.0161128, 0.0060524), (0.0848458, -0.0173972, 0.0060524), (0.0830803, -0.0149673, 0.0060524), (0.0792587, -0.0126254, 0.0060524), (0.0806504, -0.0132019, 0.0060524), (0.0819348, -0.013989, 0.0060524), (0.0854223, -0.018789, 0.0060524), (0.0857739, -0.0202538, 0.0060524), (0.0858921, -0.0217555, 0.0060524), (0.0476421, -0.0084055, 0.0060524), (0.0762921, -0.0121555, 0.0060524), (0.0777939, -0.0122737, 0.0060524), (0.0476421, 0.0080945, 0.0060524), (0.0857739, 0.0199427, 0.0060524), (0.0854223, 0.0184779, 0.0060524), (0.0848458, 0.0170862, 0.0060524), (0.0840587, 0.0158017, 0.0060524), (0.0830803, 0.0146562, 0.0060524), (0.0819348, 0.0136779, 0.0060524), (0.0806504, 0.0128908, 0.0060524), (0.0792587, 0.0123143, 0.0060524), (0.0858921, 0.035224, 0.0060524), (0.0858921, 0.0214445, 0.0060524), (0.0777939, 0.0119627, 0.0060524), (0.0762921, 0.0118445, 0.0060524), (0.0847582, 0.0554897, 0.0060524), (0.0476421, 0.0518729, 0.0060524), (0.0877457, 0.0557439, 0.0060524), (0.087026, 0.0554897, 0.0060524), (0.0862737, 0.0553607, 0.0060524), (0.0858921, 0.0553445, 0.0060524), (0.0855105, 0.0553607, 0.0060524), (0.0794, 0.044307, 0.0060524), (0.0807661, 0.0437177, 0.0060524), (0.0820248, 0.0429244, 0.0060524), (0.0831458, 0.0419461, 0.0060524), (0.0841022, 0.0408063, 0.0060524), (0.084871, 0.0395325, 0.0060524), (0.0854337, 0.0381551, 0.0060524), (0.0857768, 0.0367074, 0.0060524), (0.0576708, 0.0482555, 0.0060524), (0.0779591, 0.0446782, 0.0060524), (0.0867571, 0.0579309, 0.0036524), (0.0880867, 0.063773, 0.0060524), (0.0869163, 0.0616778, 0.0036524), (0.0836975, 0.063773, 0.0060524), (0.084393, 0.0640874, 0.0060524), (0.0851316, 0.0642797, 0.0060524), (0.0858921, 0.0643445, 0.0060524), (0.0866526, 0.0642797, 0.0060524), (0.0873912, 0.0640874, 0.0060524), (0.0865917, -0.0581755, 0.0036524), (0.0865917, 0.0618245, 0.0036524), (0.087574, -0.0796919, 0.0480185), (0.087574, -0.0735731, 0.0480185), (0.087574, 0.073262, 0.0480185), (0.087574, 0.0793808, 0.0480185), (0.0871833, -0.0796138, 0.0479177), (0.0871833, -0.0734949, 0.0479177), (0.0871833, 0.0731839, 0.0479177), (0.0871833, 0.0793027, 0.0479177), (0.086247, -0.0580857, 0.0036524), (0.086247, 0.0619143, 0.0036524), (0.0869421, -0.0583397, 5.24e-05), (0.0869421, 0.0616603, 5.24e-05), (0.086815, -0.0795401, 0.0477529), (0.086815, -0.0734213, 0.0477529), (0.086815, 0.0731102, 0.0477529), (0.086815, 0.0792291, 0.0477529), (0.0869421, 0.0580342, 5.24e-05), (0.0864213, -0.0621878, 0.0036524), (0.0864213, 0.0578122, 0.0036524), (0.085363, -0.0621878, 5.24e-05), (0.085714, -0.062248, 5.24e-05), (0.0860702, -0.062248, 5.24e-05), (0.0864213, -0.0621878, 5.24e-05), (0.0488421, -0.0719455, 5.24e-05), (0.0847162, -0.0618954, 5.24e-05), (0.0850271, -0.0620691, 5.24e-05), (0.0867571, -0.0620691, 5.24e-05), (0.0192584, -0.0660288, 0.0244005), (0.0191142, -0.066, 0.0240526), (0.0471582, -0.0716088, 0.0237314), (0.0469136, -0.0715598, 0.0234451), (0.0435195, -0.070881, 0.020051), (0.0432331, -0.0708237, 0.0198064), (0.042912, -0.0707595, 0.0196096), (0.0425641, -0.0706899, 0.0194655), (0.0421979, -0.0706167, 0.0193776), (0.0418224, -0.0705416, 0.019348), (0.041447, -0.0704665, 0.0193776), (0.0410808, -0.0703933, 0.0194655), (0.047355, -0.0716481, 0.0240526), (0.0869163, -0.0583222, 5.24e-05), (0.084868, -0.0583222, 5.24e-05), (0.0488421, -0.053384, 5.24e-05), (0.0865917, -0.0581755, 5.24e-05), (0.086247, -0.0580857, 5.24e-05), (0.0858921, -0.0580555, 5.24e-05), (0.0855372, -0.0580857, 5.24e-05), (0.0851925, -0.0581755, 5.24e-05), (0.0794, -0.0446181, 5.24e-05), (0.0807661, -0.0440288, 5.24e-05), (0.084871, -0.0398435, 5.24e-05), (0.0854337, -0.0384662, 5.24e-05), (0.0841022, -0.0411174, 5.24e-05), (0.0820248, -0.0432355, 5.24e-05), (0.0831458, -0.0422572, 5.24e-05), (0.0857768, -0.0370185, 5.24e-05), (0.0858921, -0.0355351, 5.24e-05), (0.0576708, -0.0485666, 5.24e-05), (0.0779591, -0.0449892, 5.24e-05), (0.0857739, -0.0202538, 5.24e-05), (0.0854223, -0.018789, 5.24e-05), (0.0848458, -0.0173972, 5.24e-05), (0.0840587, -0.0161128, 5.24e-05), (0.0830803, -0.0149673, 5.24e-05), (0.0819348, -0.013989, 5.24e-05), (0.0806504, -0.0132019, 5.24e-05), (0.0792587, -0.0126254, 5.24e-05), (0.0777939, -0.0122737, 5.24e-05), (0.0762921, -0.0121555, 5.24e-05), (0.0488421, -0.0072055, 5.24e-05), (0.0858921, -0.0217555, 5.24e-05), (0.0488421, 0.0068945, 5.24e-05), (0.0792587, 0.0123143, 5.24e-05), (0.0806504, 0.0128908, 5.24e-05), (0.0777939, 0.0119627, 5.24e-05), (0.0819348, 0.0136779, 5.24e-05), (0.0830803, 0.0146562, 5.24e-05), (0.0840587, 0.0158017, 5.24e-05), (0.0848458, 0.0170862, 5.24e-05), (0.0854223, 0.0184779, 5.24e-05), (0.0857739, 0.0199427, 5.24e-05), (0.0858921, 0.0214445, 5.24e-05), (0.0858921, 0.035224, 5.24e-05), (0.0488421, 0.0118445, 5.24e-05), (0.0762921, 0.0118445, 5.24e-05), (0.085363, 0.0578122, 5.24e-05), (0.085714, 0.057752, 5.24e-05), (0.0860702, 0.057752, 5.24e-05), (0.0864213, 0.0578122, 5.24e-05), (0.0488421, 0.0530729, 5.24e-05), (0.0847162, 0.0581046, 5.24e-05), (0.0850271, 0.0579309, 5.24e-05), (0.0867571, 0.0579309, 5.24e-05), (0.084871, 0.0395325, 5.24e-05), (0.0841022, 0.0408063, 5.24e-05), (0.0854337, 0.0381551, 5.24e-05), (0.0831458, 0.0419461, 5.24e-05), (0.0820248, 0.0429244, 5.24e-05), (0.0807661, 0.0437177, 5.24e-05), (0.0857768, 0.0367074, 5.24e-05), (0.0794, 0.044307, 5.24e-05), (0.0779591, 0.0446782, 5.24e-05), (0.0869163, 0.0616778, 5.24e-05), (0.0865917, 0.0618245, 5.24e-05), (0.086247, 0.0619143, 5.24e-05), (0.0858921, 0.0619445, 5.24e-05), (0.0551421, 0.0728945, 5.24e-05), (0.084868, 0.0616778, 5.24e-05), (0.0855372, 0.0619143, 5.24e-05), (0.0851925, 0.0618245, 5.24e-05), (0.0191142, 0.0656889, 0.0240526), (0.0192584, 0.0657177, 0.0244005), (0.0471582, 0.0712977, 0.0237314), (0.042912, 0.0704485, 0.0196096), (0.0432331, 0.0705127, 0.0198064), (0.0435195, 0.0705699, 0.020051), (0.0469136, 0.0712488, 0.0234451), (0.0418224, 0.0702305, 0.019348), (0.0421979, 0.0703056, 0.0193776), (0.0425641, 0.0703789, 0.0194655), (0.0410808, 0.0700822, 0.0194655), (0.041447, 0.0701554, 0.0193776), (0.0864796, -0.079473, 0.0475288), (0.0864796, -0.0733542, 0.0475288), (0.0864796, 0.0730432, 0.0475288), (0.0864796, 0.079162, 0.0475288), (0.0858921, -0.0580555, 0.0036524), (0.0858921, 0.0619445, 0.0036524), (0.0861864, -0.0794144, 0.0472516), (0.0861864, -0.0732956, 0.0472516), (0.0861864, 0.0729845, 0.0472516), (0.0861864, 0.0791033, 0.0472516), (0.0860702, -0.062248, 0.0036524), (0.0860702, 0.057752, 0.0036524), (0.0860186, -0.0793808, 0.0442636), (0.0860186, -0.073262, 0.0442636), (0.0860186, 0.0729509, 0.0442636), (0.0860186, 0.0790698, 0.0442636), (0.0859438, -0.0793659, 0.0469293), (0.0859438, -0.0732471, 0.0469293), (0.0859438, 0.072936, 0.0469293), (0.0859438, 0.0790548, 0.0469293), (0.0858921, -0.0622555, 0.0036524), (0.0858921, 0.0577445, 0.0036524), (0.0858136, -0.0793398, 0.0446111), (0.0858136, -0.073221, 0.0446111), (0.0858136, 0.07291, 0.0446111), (0.0858136, 0.0790288, 0.0446111), (0.0857587, -0.0793288, 0.0465708), (0.0857587, -0.07321, 0.0465708), (0.0857587, 0.072899, 0.0465708), (0.0857587, 0.0790178, 0.0465708), (0.085714, -0.062248, 0.0036524), (0.0855372, -0.0580857, 0.0036524), (0.085714, 0.057752, 0.0036524), (0.0855372, 0.0619143, 0.0036524), (0.0856698, -0.0793111, 0.044988), (0.0856698, -0.0731922, 0.044988), (0.0856698, 0.0728812, 0.044988), (0.0856698, 0.079, 0.044988), (0.0856361, -0.0793043, 0.0461864), (0.0856361, -0.0731855, 0.0461864), (0.0856361, 0.0728745, 0.0461864), (0.0856361, 0.0789933, 0.0461864), (0.085363, -0.0621878, 0.0036524), (0.085363, 0.0578122, 0.0036524), (0.0855911, -0.0792953, 0.0453837), (0.0855911, -0.0731765, 0.0453837), (0.0855911, 0.0728654, 0.0453837), (0.0855911, 0.0789843, 0.0453837), (0.0855797, -0.0792931, 0.045787), (0.0855797, -0.0731742, 0.045787), (0.0855797, 0.0728632, 0.045787), (0.0855797, 0.078982, 0.045787), (0.0851925, -0.0581755, 0.0036524), (0.0851925, 0.0618245, 0.0036524), (0.0850271, -0.0620691, 0.0036524), (0.0850271, 0.0579309, 0.0036524), (0.0840386, 0.0557439, 0.0060524), (0.084868, -0.0583222, 0.0036524), (0.084868, 0.0616778, 0.0036524), (0.0847162, -0.0618954, 0.0036524), (0.0847162, 0.0581046, 0.0036524), (0.0833722, -0.0638838, 0.0060524), (0.0833722, 0.0561162, 0.0060524), (0.0845729, -0.0585217, 5.24e-05), (0.0845729, 0.0614783, 5.24e-05), (0.0845729, -0.0585217, 0.0036524), (0.0845729, 0.0614783, 0.0036524), (0.084439, -0.0616716, 5.24e-05), (0.084439, -0.0616716, 0.0036524), (0.084439, 0.0583284, 5.24e-05), (0.084439, 0.0583284, 0.0036524), (0.0827784, -0.0634043, 0.0060524), (0.0827784, 0.0565957, 0.0060524), (0.0843157, -0.0587681, 5.24e-05), (0.0843157, 0.0612319, 5.24e-05), (0.0843157, -0.0587681, 0.0036524), (0.0830651, -0.0566544, 0.0060524), (0.0843157, 0.0612319, 0.0036524), (0.0830651, 0.0633456, 0.0060524), (0.0842037, -0.0614043, 5.24e-05), (0.0842037, -0.0614043, 0.0036524), (0.0842037, 0.0585957, 5.24e-05), (0.0842037, 0.0585957, 0.0036524), (0.0822741, -0.0628314, 0.0060524), (0.0822741, 0.0571686, 0.0060524), (0.0841039, -0.0590545, 5.24e-05), (0.0841039, 0.0609455, 5.24e-05), (0.0841039, -0.0590545, 0.0036524), (0.0825141, -0.0571825, 0.0060524), (0.0841039, 0.0609455, 0.0036524), (0.0825141, 0.0628175, 0.0060524), (0.084017, -0.061101, 5.24e-05), (0.084017, -0.061101, 0.0036524), (0.084017, 0.058899, 5.24e-05), (0.084017, 0.058899, 0.0036524), (0.0818739, -0.0621815, 0.0060524), (0.0818739, 0.0578186, 0.0060524), (0.0839436, -0.0593725, 5.24e-05), (0.0839436, 0.0606275, 5.24e-05), (0.0839436, -0.0593725, 0.0036524), (0.0820602, -0.0577962, 0.0060524), (0.0839436, 0.0606275, 0.0036524), (0.0820602, 0.0622039, 0.0060524), (0.0838842, -0.0607705, 5.24e-05), (0.0838842, -0.0607705, 0.0036524), (0.0838842, 0.0592295, 5.24e-05), (0.0838842, 0.0592295, 0.0036524), (0.0815894, -0.0614732, 0.0060524), (0.0815894, 0.0585268, 0.0060524), (0.0838392, -0.0597131, 5.24e-05), (0.0488421, 0.0716345, 5.24e-05), (0.0838392, 0.0602869, 5.24e-05), (0.0838392, -0.0597131, 0.0036524), (0.0817166, -0.0584777, 0.0060524), (0.0838392, 0.0602869, 0.0036524), (0.0817166, 0.0615223, 0.0060524), (0.0838091, -0.0604223, 5.24e-05), (0.0838091, -0.0604223, 0.0036524), (0.0838091, 0.0595777, 5.24e-05), (0.0838091, 0.0595777, 0.0036524), (0.0814286, -0.0607271, 0.0060524), (0.0814286, 0.0592729, 0.0060524), (0.083794, -0.0600664, 5.24e-05), (0.083794, 0.0599336, 5.24e-05), (0.083794, -0.0600664, 0.0036524), (0.0814931, -0.0592075, 0.0060524), (0.083794, 0.0599336, 0.0036524), (0.0814931, 0.0607925, 0.0060524), (0.0813962, -0.0599645, 0.0060524), (0.0813962, 0.0600355, 0.0060524), (0.0576708, 0.0482555, 5.24e-05), (0.0488421, -0.0121555, 5.24e-05), (0.0476421, 0.0118445, 0.0060524), (0.0476421, -0.0121555, 0.0060524), (0.0676113, -0.0756994, 0.0480524), (0.0580382, -0.0737848, 0.0439553), (0.0679867, -0.0757745, 0.0480228), (0.069022, -0.0759815, 0.047594), (0.0687009, -0.0759173, 0.0477908), (0.0683529, -0.0758477, 0.0479349), (0.0597352, -0.0680053, 0.0480524), (0.0676113, -0.0695806, 0.0480524), (0.0580382, -0.0676659, 0.0439553), (0.0679867, -0.0696556, 0.0480228), (0.0683529, -0.0697289, 0.0479349), (0.0687009, -0.0697985, 0.0477908), (0.069022, -0.0698627, 0.047594), (0.0676113, 0.0692695, 0.0480524), (0.0580382, 0.0673549, 0.0439553), (0.0679867, 0.0693446, 0.0480228), (0.069022, 0.0695516, 0.047594), (0.0687009, 0.0694874, 0.0477908), (0.0683529, 0.0694178, 0.0479349), (0.0597352, 0.0738131, 0.0480524), (0.0676113, 0.0753883, 0.0480524), (0.0580382, 0.0734737, 0.0439553), (0.0679867, 0.0754634, 0.0480228), (0.0683529, 0.0755366, 0.0479349), (0.0687009, 0.0756062, 0.0477908), (0.069022, 0.0756704, 0.047594), (0.0693215, -0.0699226, 0.0194655), (0.0474991, -0.0655581, 0.0244005), (0.0693215, 0.0696115, 0.0194655), (0.0474991, 0.065247, 0.0244005), (0.0689736, -0.0759718, 0.0196096), (0.0476166, -0.0717004, 0.0251421), (0.047587, -0.0716945, 0.0247667), (0.0689736, -0.069853, 0.0196096), (0.0689736, 0.0695419, 0.0196096), (0.0476165, 0.0652705, 0.0251421), (0.047587, 0.0652646, 0.0247667), (0.0689736, 0.0756608, 0.0196096), (0.0686525, -0.0759076, 0.0198064), (0.0686525, -0.0697888, 0.0198064), (0.0686525, 0.0694777, 0.0198064), (0.0686525, 0.0755965, 0.0198064), (0.0683661, -0.0758503, 0.020051), (0.047587, -0.0716945, 0.0255176), (0.0683661, -0.0697315, 0.020051), (0.0683661, 0.0694204, 0.020051), (0.047587, 0.0652646, 0.0255176), (0.0683661, 0.0755393, 0.020051), (0.0471582, -0.0716088, 0.0265528), (0.047355, -0.0716481, 0.0262317), (0.0474991, -0.0716769, 0.0258838), (0.0469136, -0.0715598, 0.0268392), (0.0410676, -0.0703906, 0.0473494), (0.0410676, -0.0642718, 0.0473494), (0.0474991, -0.0655581, 0.0258838), (0.047355, -0.0655293, 0.0262317), (0.0471582, -0.0654899, 0.0265528), (0.0469136, -0.065441, 0.0268392), (0.047587, -0.0655757, 0.0247667), (0.0476166, -0.0655816, 0.0251421), (0.047587, -0.0655757, 0.0255176), (0.0471582, 0.0651789, 0.0265528), (0.047355, 0.0652182, 0.0262317), (0.0474991, 0.065247, 0.0258838), (0.0469136, 0.0651299, 0.0268392), (0.0410676, 0.0639607, 0.0473494), (0.0410676, 0.0700796, 0.0473494), (0.047587, 0.0713834, 0.0255176), (0.0474991, 0.0713659, 0.0258838), (0.047355, 0.071337, 0.0262317), (0.0471582, 0.0712977, 0.0265528), (0.0469136, 0.0712488, 0.0268392), (0.0476165, 0.0713894, 0.0251421), (0.0597352, -0.0741242, 0.0480524), (0.0597352, 0.0676943, 0.0480524), (0.0593332, -0.0740438, 0.0480185), (0.0593332, -0.0679249, 0.0480185), (0.0593332, 0.0676139, 0.0480185), (0.0593332, 0.0737327, 0.0480185), (0.0589426, -0.0739656, 0.0479177), (0.0589426, -0.0678468, 0.0479177), (0.0589426, 0.0675357, 0.0479177), (0.0589426, 0.0736546, 0.0479177), (0.0585743, -0.073892, 0.0477529), (0.0585743, -0.0677732, 0.0477529), (0.0585743, 0.0674621, 0.0477529), (0.0585743, 0.0735809, 0.0477529), (0.0582389, -0.0738249, 0.0475288), (0.0582389, -0.0677061, 0.0475288), (0.0582389, 0.067395, 0.0475288), (0.0582389, 0.0735138, 0.0475288), (0.0579457, -0.0737663, 0.0472516), (0.0579457, -0.0676474, 0.0472516), (0.0579457, 0.0673364, 0.0472516), (0.0579457, 0.0734552, 0.0472516), (0.0577779, -0.0737327, 0.0442636), (0.0577779, -0.0676139, 0.0442636), (0.0577779, 0.0673028, 0.0442636), (0.0577779, 0.0734216, 0.0442636), (0.0577031, -0.0737177, 0.0469293), (0.0577031, -0.0675989, 0.0469293), (0.0577031, 0.0672878, 0.0469293), (0.0577031, 0.0734067, 0.0469293), (0.0575729, -0.0736917, 0.0446111), (0.0575729, -0.0675729, 0.0446111), (0.0575729, 0.0672618, 0.0446111), (0.0575729, 0.0733806, 0.0446111), (0.0575179, -0.0736807, 0.0465708), (0.0575179, -0.0675619, 0.0465708), (0.0575179, 0.0672508, 0.0465708), (0.0575179, 0.0733696, 0.0465708), (0.0564889, -0.0487002, 5.24e-05), (0.0564889, -0.0487002, 0.0060524), (0.0564889, 0.0483891, 5.24e-05), (0.0564889, 0.0483891, 0.0060524), (0.057429, -0.0736629, 0.044988), (0.057429, -0.0675441, 0.044988), (0.057429, 0.067233, 0.044988), (0.057429, 0.0733518, 0.044988), (0.0573954, -0.0736562, 0.0461864), (0.0573954, -0.0675374, 0.0461864), (0.0573954, 0.0672263, 0.0461864), (0.0573954, 0.0733451, 0.0461864), (0.0573503, -0.0736472, 0.0453837), (0.0573503, -0.0675284, 0.0453837), (0.0573503, 0.0672173, 0.0453837), (0.0573503, 0.0733361, 0.0453837), (0.057339, -0.0736449, 0.045787), (0.057339, -0.0675261, 0.045787), (0.057339, 0.067215, 0.045787), (0.057339, 0.0733338, 0.045787), (0.0552996, -0.0486866, 5.24e-05), (0.0552996, -0.0486866, 0.0060524), (0.0552996, 0.0483755, 5.24e-05), (0.0552996, 0.0483755, 0.0060524), (0.0541211, -0.048526, 5.24e-05), (0.0541211, -0.048526, 0.0060524), (0.0541211, 0.048215, 5.24e-05), (0.0541211, 0.048215, 0.0060524), (0.0189175, 0.0656495, 0.0237314), (-0.0091265, 0.0600407, 0.0240526), (-0.0089824, 0.0600696, 0.0244005), (0.0146713, 0.0648003, 0.0196096), (0.0149924, 0.0648645, 0.0198064), (0.0152788, 0.0649218, 0.020051), (0.0186729, 0.0656006, 0.0234451), (0.0135817, 0.0645824, 0.019348), (0.0139572, 0.0646575, 0.0193776), (0.0143234, 0.0647307, 0.0194655), (0.0128401, 0.0644341, 0.0194655), (0.0132063, 0.0645073, 0.0193776), (0.0488421, -0.0474702, 5.24e-05), (0.0476421, -0.0472302, 0.0060524), (0.0488421, 0.0471592, 5.24e-05), (0.0476421, 0.0469192, 0.0060524), (0.0018921, -0.0625555, 5.24e-05), (-0.0089824, -0.0603806, 0.0244005), (-0.0091265, -0.0603518, 0.0240526), (0.0189175, -0.0659606, 0.0237314), (0.0186729, -0.0659117, 0.0234451), (0.0152788, -0.0652329, 0.020051), (0.0149924, -0.0651756, 0.0198064), (0.0146713, -0.0651114, 0.0196096), (-0.0093233, -0.0603125, 0.0237314), (-0.0095678, -0.0602636, 0.0234451), (-0.012962, -0.0595847, 0.020051), (-0.0132483, -0.0595275, 0.0198064), (-0.0135694, -0.0594632, 0.0196096), (-0.0139174, -0.0593936, 0.0194655), (0.0143234, -0.0650418, 0.0194655), (0.0139572, -0.0649685, 0.0193776), (0.0135817, -0.0648935, 0.019348), (0.0132063, -0.0648184, 0.0193776), (0.0128401, -0.0647451, 0.0194655), (-0.0142836, -0.0593204, 0.0193776), (-0.014659, -0.0592453, 0.019348), (-0.0150344, -0.0591702, 0.0193776), (-0.0154007, -0.059097, 0.0194655), (-0.0372231, -0.0547325, 0.0244005), (0.0018921, -0.053384, 5.24e-05), (0.0216094, -0.0420237, 5.24e-05), (0.0216094, -0.0420237, 0.0060524), (0.0234921, -0.0121555, 5.24e-05), (0.0018921, -0.0072055, 5.24e-05), (0.0018921, 0.0068945, 5.24e-05), (0.0234921, 0.0118445, 5.24e-05), (0.0234921, 0.0118445, 0.0060524), (0.0018921, 0.0530729, 5.24e-05), (0.0216094, 0.0417126, 5.24e-05), (0.0018921, 0.0622445, 5.24e-05), (-0.0373672, 0.0543926, 0.0240526), (-0.0372231, 0.0544214, 0.0244005), (-0.0093233, 0.0600014, 0.0237314), (-0.0135694, 0.0591522, 0.0196096), (-0.0132483, 0.0592164, 0.0198064), (-0.012962, 0.0592737, 0.020051), (-0.0095678, 0.0599525, 0.0234451), (-0.014659, 0.0589342, 0.019348), (-0.0142836, 0.0590093, 0.0193776), (-0.0139174, 0.0590826, 0.0194655), (-0.0154007, 0.0587859, 0.0194655), (-0.0150345, 0.0588592, 0.0193776), (0.0234921, -0.0121555, 0.0060524), (0.0018921, -0.0084055, 0.0060524), (0.0018921, 0.0080945, 0.0060524), (0.0216094, 0.0417126, 0.0060524), (0.0393706, -0.0700512, 0.0480524), (0.0297975, -0.0681366, 0.0439553), (0.039746, -0.0701263, 0.0480228), (0.0407813, -0.0703334, 0.047594), (0.0404601, -0.0702691, 0.0477908), (0.0401122, -0.0701996, 0.0479349), (0.0314945, -0.0623572, 0.0480524), (0.0393706, -0.0639324, 0.0480524), (0.0297975, -0.0620178, 0.0439553), (0.039746, -0.0640075, 0.0480228), (0.0401122, -0.0640807, 0.0479349), (0.0404601, -0.0641503, 0.0477908), (0.0407813, -0.0642145, 0.047594), (0.0393706, 0.0636213, 0.0480524), (0.0297975, 0.0617067, 0.0439553), (0.039746, 0.0636964, 0.0480228), (0.0407812, 0.0639035, 0.047594), (0.0404601, 0.0638392, 0.0477908), (0.0401122, 0.0637697, 0.0479349), (0.0314945, 0.0681649, 0.0480524), (0.0393706, 0.0697402, 0.0480524), (0.0297975, 0.0678255, 0.0439553), (0.039746, 0.0698152, 0.0480228), (0.0401122, 0.0698885, 0.0479349), (0.0404601, 0.0699581, 0.0477908), (0.0407812, 0.0700223, 0.047594), (0.041447, -0.0643477, 0.0193776), (0.041447, 0.0640366, 0.0193776), (0.0152788, 0.058803, 0.020051), (0.0410808, -0.0642745, 0.0194655), (0.0192584, -0.05991, 0.0244005), (0.0186729, -0.0597929, 0.0234451), (0.0189175, -0.0598418, 0.0237314), (0.0191142, -0.0598811, 0.0240526), (0.0152788, -0.059114, 0.020051), (0.0410808, 0.0639634, 0.0194655), (0.0192584, 0.0595989, 0.0244005), (0.0191142, 0.0595701, 0.0240526), (0.0189175, 0.0595307, 0.0237314), (0.0186729, 0.0594818, 0.0234451), (0.0193758, -0.0660523, 0.0251421), (0.0193463, -0.0660464, 0.0247667), (0.0407329, -0.0703237, 0.0196096), (0.0407329, -0.0642049, 0.0196096), (0.0407329, 0.0638938, 0.0196096), (0.0193758, 0.0596224, 0.0251421), (0.0193463, 0.0596165, 0.0247667), (0.0407329, 0.0700126, 0.0196096), (0.0404118, -0.0702595, 0.0198064), (0.0404118, -0.0641406, 0.0198064), (0.0404118, 0.0638296, 0.0198064), (0.0404118, 0.0699484, 0.0198064), (0.0401254, -0.0702022, 0.020051), (0.0193463, -0.0660464, 0.0255176), (0.0401254, -0.0640834, 0.020051), (0.0401254, 0.0637723, 0.020051), (0.0193463, 0.0596165, 0.0255176), (0.0401254, 0.0698911, 0.020051), (0.0189175, -0.0659606, 0.0265528), (0.0191142, -0.066, 0.0262317), (0.0192584, -0.0660288, 0.0258838), (0.0186729, -0.0659117, 0.0268392), (0.0128269, -0.0647425, 0.0473494), (0.0128269, -0.0586237, 0.0473494), (0.0193758, -0.0599335, 0.0251421), (0.0193463, -0.0599275, 0.0255176), (0.0192584, -0.05991, 0.0258838), (0.0191142, -0.0598811, 0.0262317), (0.0189175, -0.0598418, 0.0265528), (0.0186729, -0.0597929, 0.0268392), (0.0193463, -0.0599275, 0.0247667), (0.0189175, 0.0595307, 0.0265528), (0.0191142, 0.0595701, 0.0262317), (0.0192584, 0.0595989, 0.0258838), (0.0186729, 0.0594818, 0.0268392), (0.0128269, 0.0583126, 0.0473494), (0.0128269, 0.0644314, 0.0473494), (0.0193758, 0.0657412, 0.0251421), (0.0193463, 0.0657353, 0.0255176), (0.0192584, 0.0657177, 0.0258838), (0.0191142, 0.0656889, 0.0262317), (0.0189175, 0.0656495, 0.0265528), (0.0186729, 0.0656006, 0.0268392), (0.0193463, 0.0657353, 0.0247667), (0.0314945, -0.068476, 0.0480524), (0.0314945, 0.0620461, 0.0480524), (0.0310925, -0.0683956, 0.0480185), (0.0310925, -0.0622768, 0.0480185), (0.0310925, 0.0619657, 0.0480185), (0.0310925, 0.0680845, 0.0480185), (0.0307018, -0.0683175, 0.0479177), (0.0307018, -0.0621987, 0.0479177), (0.0307018, 0.0618876, 0.0479177), (0.0307018, 0.0680064, 0.0479177), (0.0303336, -0.0682438, 0.0477529), (0.0303336, -0.062125, 0.0477529), (0.0303336, 0.0618139, 0.0477529), (0.0303336, 0.0679328, 0.0477529), (0.0299981, -0.0681767, 0.0475288), (0.0299981, -0.0620579, 0.0475288), (0.0299981, 0.0617468, 0.0475288), (0.0299981, 0.0678657, 0.0475288), (0.029705, -0.0681181, 0.0472516), (0.029705, -0.0619993, 0.0472516), (0.029705, 0.0616882, 0.0472516), (0.029705, 0.067807, 0.0472516), (0.0295372, -0.0680846, 0.0442636), (0.0295372, -0.0619657, 0.0442636), (0.0295372, 0.0616547, 0.0442636), (0.0295372, 0.0677735, 0.0442636), (0.0294624, -0.0680696, 0.0469293), (0.0294624, -0.0619508, 0.0469293), (0.0294624, 0.0616397, 0.0469293), (0.0294624, 0.0677585, 0.0469293), (0.0293322, -0.0680436, 0.0446111), (0.0293322, -0.0619247, 0.0446111), (0.0293322, 0.0616137, 0.0446111), (0.0293322, 0.0677325, 0.0446111), (0.0292772, -0.0680326, 0.0465708), (0.0292772, -0.0619137, 0.0465708), (0.0292772, 0.0616027, 0.0465708), (0.0292772, 0.0677215, 0.0465708), (0.0291883, -0.0680148, 0.044988), (0.0291883, -0.061896, 0.044988), (0.0291883, 0.0615849, 0.044988), (0.0291883, 0.0677037, 0.044988), (0.0291547, -0.0680081, 0.0461864), (0.0291547, -0.0618892, 0.0461864), (0.0291547, 0.0615782, 0.0461864), (0.0291547, 0.067697, 0.0461864), (0.0291096, -0.067999, 0.0453837), (0.0291096, -0.0618802, 0.0453837), (0.0291096, 0.0615691, 0.0453837), (0.0291096, 0.067688, 0.0453837), (0.0290983, -0.0679968, 0.045787), (0.0290983, -0.061878, 0.045787), (0.0290983, 0.0615669, 0.045787), (0.0290983, 0.0676857, 0.045787), (0.0219903, -0.0122737, 5.24e-05), (0.0219903, 0.0119627, 5.24e-05), (0.0219903, 0.0119627, 0.0060524), (0.0219903, -0.0122737, 0.0060524), (0.0205255, -0.0126254, 5.24e-05), (0.0205255, 0.0123143, 5.24e-05), (0.0205255, 0.0123143, 0.0060524), (0.0205255, -0.0126254, 0.0060524), (0.0200289, -0.0415637, 5.24e-05), (0.0200289, -0.0415637, 0.0060524), (0.0200289, 0.0412526, 5.24e-05), (0.0200289, 0.0412526, 0.0060524), (0.0191338, -0.0132019, 5.24e-05), (0.0191338, 0.0128908, 5.24e-05), (0.0191338, 0.0128908, 0.0060524), (0.0191338, -0.0132019, 0.0060524), (0.0185503, -0.0408405, 5.24e-05), (0.0185503, -0.0408405, 0.0060524), (0.0185503, 0.0405294, 5.24e-05), (0.0185503, 0.0405294, 0.0060524), (0.0178494, -0.013989, 5.24e-05), (0.0178494, 0.0136779, 5.24e-05), (0.0178494, 0.0136779, 0.0060524), (0.0178494, -0.013989, 0.0060524), (0.0111298, -0.0644031, 0.0480524), (0.0015567, -0.0624885, 0.0439553), (0.0115053, -0.0644782, 0.0480228), (0.0125405, -0.0646852, 0.047594), (0.0122194, -0.064621, 0.0477908), (0.0118715, -0.0645514, 0.0479349), (0.0032538, -0.0567091, 0.0480524), (0.0111298, -0.0582843, 0.0480524), (0.0015567, -0.0563696, 0.0439553), (0.0115053, -0.0583594, 0.0480228), (0.0118715, -0.0584326, 0.0479349), (0.0122194, -0.0585022, 0.0477908), (0.0125405, -0.0585664, 0.047594), (0.0111298, 0.0579732, 0.0480524), (0.0015567, 0.0560586, 0.0439553), (0.0115053, 0.0580483, 0.0480228), (0.0125405, 0.0582553, 0.047594), (0.0122194, 0.0581911, 0.0477908), (0.0118715, 0.0581215, 0.0479349), (0.0032538, 0.0625168, 0.0480524), (0.0111298, 0.064092, 0.0480524), (0.0015567, 0.0621774, 0.0439553), (0.0115053, 0.0641671, 0.0480228), (0.0118715, 0.0642403, 0.0479349), (0.0122194, 0.0643099, 0.0477908), (0.0125405, 0.0643741, 0.047594), (0.0172169, -0.0398752, 5.24e-05), (0.0172169, -0.0398752, 0.0060524), (0.0172169, 0.0395642, 5.24e-05), (0.0172169, 0.0395642, 0.0060524), (0.0167039, -0.0149673, 5.24e-05), (0.0167039, 0.0146562, 5.24e-05), (0.0167039, 0.0146562, 0.0060524), (0.0167039, -0.0149673, 0.0060524), (0.016068, -0.0386964, 5.24e-05), (0.016068, -0.0386964, 0.0060524), (0.016068, 0.0383853, 5.24e-05), (0.0018921, -0.0515417, 0.0060524), (0.016068, 0.0383853, 0.0060524), (0.0157255, -0.0161128, 5.24e-05), (0.0157255, 0.0158017, 5.24e-05), (0.0157255, 0.0158017, 0.0060524), (0.0157255, -0.0161128, 0.0060524), (0.0151374, -0.0373387, 5.24e-05), (0.0151374, -0.0373387, 0.0060524), (0.0151374, 0.0370276, 5.24e-05), (0.0151374, 0.0370276, 0.0060524), (0.0149385, -0.0173972, 5.24e-05), (0.0149384, 0.0170861, 5.24e-05), (0.0149384, 0.0170861, 0.0060524), (0.0149385, -0.0173972, 0.0060524), (0.0144524, -0.0358419, 5.24e-05), (0.0144524, -0.0358419, 0.0060524), (0.0144524, 0.0355308, 5.24e-05), (0.0144524, 0.0355308, 0.0060524), (0.014362, -0.018789, 5.24e-05), (0.014362, 0.0184779, 5.24e-05), (0.014362, 0.0184779, 0.0060524), (0.014362, -0.018789, 0.0060524), (0.0140332, -0.0342501, 5.24e-05), (0.0140332, -0.0342501, 0.0060524), (0.0140332, 0.033939, 5.24e-05), (0.0140332, 0.033939, 0.0060524), (0.0140103, -0.0202538, 5.24e-05), (0.0140103, 0.0199427, 5.24e-05), (0.0140103, 0.0199427, 0.0060524), (0.0140103, -0.0202538, 0.0060524), (0.0138921, -0.0326101, 5.24e-05), (0.0138921, -0.0326101, 0.0060524), (0.0138921, 0.0322991, 5.24e-05), (0.0138921, 0.0322991, 0.0060524), (0.0138921, -0.0217555, 5.24e-05), (0.0138921, 0.0214445, 5.24e-05), (0.0138921, 0.0214445, 0.0060524), (0.0138921, -0.0217555, 0.0060524), (0.0132063, -0.0586996, 0.0193776), (0.0132063, 0.0583885, 0.0193776), (-0.012962, 0.0531548, 0.020051), (0.0128401, -0.0586263, 0.0194655), (-0.0089824, -0.0542618, 0.0244005), (-0.0095678, -0.0541447, 0.0234451), (-0.0093233, -0.0541936, 0.0237314), (-0.0091265, -0.054233, 0.0240526), (-0.012962, -0.0534659, 0.020051), (0.0128401, 0.0583152, 0.0194655), (-0.0089824, 0.0539507, 0.0244005), (-0.0091265, 0.0539219, 0.0240526), (-0.0093233, 0.0538826, 0.0237314), (-0.0095678, 0.0538337, 0.0234451), (-0.0088649, -0.0604041, 0.0251421), (-0.0088944, -0.0603982, 0.0247667), (0.0124921, -0.0646755, 0.0196096), (0.0124921, -0.0585567, 0.0196096), (0.0124921, 0.0582456, 0.0196096), (-0.0088649, 0.0539742, 0.0251421), (-0.0088945, 0.0539683, 0.0247667), (0.0124921, 0.0643645, 0.0196096), (0.012171, -0.0646113, 0.0198064), (0.012171, -0.0584925, 0.0198064), (0.012171, 0.0581814, 0.0198064), (0.012171, 0.0643003, 0.0198064), (0.0118847, -0.0645541, 0.020051), (-0.0088944, -0.0603982, 0.0255176), (0.0118847, -0.0584352, 0.020051), (0.0118847, 0.0581242, 0.020051), (-0.0088945, 0.0539683, 0.0255176), (0.0118847, 0.064243, 0.020051), (-0.0093233, -0.0603125, 0.0265528), (-0.0091265, -0.0603518, 0.0262317), (-0.0089824, -0.0603806, 0.0258838), (-0.0095678, -0.0602636, 0.0268392), (-0.0154138, -0.0590944, 0.0473494), (-0.0154138, -0.0529755, 0.0473494), (-0.0088649, -0.0542853, 0.0251421), (-0.0088944, -0.0542794, 0.0255176), (-0.0089824, -0.0542618, 0.0258838), (-0.0091265, -0.054233, 0.0262317), (-0.0093233, -0.0541936, 0.0265528), (-0.0095678, -0.0541447, 0.0268392), (-0.0088944, -0.0542794, 0.0247667), (-0.0093233, 0.0538826, 0.0265528), (-0.0091265, 0.0539219, 0.0262317), (-0.0089824, 0.0539507, 0.0258838), (-0.0095678, 0.0538337, 0.0268392), (-0.0154138, 0.0526645, 0.0473494), (-0.0154138, 0.0587833, 0.0473494), (-0.0088649, 0.0600931, 0.0251421), (-0.0088945, 0.0600872, 0.0255176), (-0.0089824, 0.0600696, 0.0258838), (-0.0091265, 0.0600407, 0.0262317), (-0.0093233, 0.0600014, 0.0265528), (-0.0095678, 0.0599525, 0.0268392), (-0.0088945, 0.0600872, 0.0247667), (0.0032538, -0.0628279, 0.0480524), (0.0032538, 0.056398, 0.0480524), (0.0028518, -0.0627475, 0.0480185), (0.0028518, -0.0566287, 0.0480185), (0.0028518, 0.0563176, 0.0480185), (0.0028518, 0.0624364, 0.0480185), (0.0024611, -0.0626693, 0.0479177), (0.0024611, -0.0565505, 0.0479177), (0.0024611, 0.0562394, 0.0479177), (0.0024611, 0.0623583, 0.0479177), (0.0020929, -0.0625957, 0.0477529), (0.0020929, -0.0564769, 0.0477529), (0.0020929, 0.0561658, 0.0477529), (0.0020929, 0.0622846, 0.0477529), (0.0017574, -0.0625286, 0.0475288), (0.0017574, -0.0564098, 0.0475288), (0.0017574, 0.0560987, 0.0475288), (0.0017574, 0.0622175, 0.0475288), (-0.0439656, -0.053384, 5.24e-05), (-0.0654638, -0.0490844, 0.0244005), (-0.0656079, -0.0490555, 0.0240526), (-0.0658047, -0.0490162, 0.0237314), (-0.0937045, -0.0434362, 0.0244005), (-0.037564, -0.0546643, 0.0237314), (-0.0378086, -0.0546154, 0.0234451), (-0.0412027, -0.0539366, 0.020051), (-0.041489, -0.0538793, 0.0198064), (-0.0660493, -0.0489673, 0.0234451), (-0.0694434, -0.0482884, 0.020051), (-0.0697298, -0.0482312, 0.0198064), (-0.0700509, -0.0481669, 0.0196096), (-0.0703988, -0.0480974, 0.0194655), (-0.070765, -0.0480241, 0.0193776), (-0.0373672, -0.0547037, 0.0240526), (-0.0418102, -0.0538151, 0.0196096), (-0.0421581, -0.0537455, 0.0194655), (-0.0425243, -0.0536723, 0.0193776), (-0.0428997, -0.0535972, 0.019348), (-0.0432752, -0.0535221, 0.0193776), (-0.0711405, -0.047949, 0.019348), (-0.0715159, -0.0478739, 0.0193776), (-0.0200597, -0.0335637, 5.24e-05), (-0.0185196, -0.0334963, 5.24e-05), (-0.0170103, -0.0331833, 5.24e-05), (-0.0155704, -0.0326328, 5.24e-05), (-0.0142373, -0.0318589, 5.24e-05), (-0.0130452, -0.0308816, 5.24e-05), (-0.0120249, -0.0297261, 5.24e-05), (-0.0112027, -0.0284222, 5.24e-05), (-0.0105997, -0.0270035, 5.24e-05), (-0.0102316, -0.0255066, 5.24e-05), (-0.0101079, -0.0239701, 5.24e-05), (-0.0101079, -0.0072055, 5.24e-05), (-0.0101079, 0.0068945, 5.24e-05), (-0.0101079, 0.0236591, 5.24e-05), (-0.0439656, 0.0530729, 5.24e-05), (-0.0102317, 0.0251956, 5.24e-05), (-0.0105997, 0.0266925, 5.24e-05), (-0.0112027, 0.0281111, 5.24e-05), (-0.0120249, 0.029415, 5.24e-05), (-0.0130452, 0.0305705, 5.24e-05), (-0.0142373, 0.0315478, 5.24e-05), (-0.0155704, 0.0323217, 5.24e-05), (-0.0170103, 0.0328722, 5.24e-05), (-0.0185196, 0.0331852, 5.24e-05), (-0.0656079, 0.0487445, 0.0240526), (-0.0654638, 0.0487733, 0.0244005), (-0.0658047, 0.0487051, 0.0237314), (-0.0938487, 0.0430963, 0.0240526), (-0.0937045, 0.0431251, 0.0244005), (-0.037564, 0.0543532, 0.0237314), (-0.0418102, 0.053504, 0.0196096), (-0.041489, 0.0535682, 0.0198064), (-0.0700509, 0.0478559, 0.0196096), (-0.0697298, 0.0479201, 0.0198064), (-0.0412027, 0.0536255, 0.020051), (-0.0378086, 0.0543043, 0.0234451), (-0.0694434, 0.0479774, 0.020051), (-0.0660493, 0.0486562, 0.0234451), (-0.0711405, 0.0476379, 0.019348), (-0.070765, 0.047713, 0.0193776), (-0.0703988, 0.0477863, 0.0194655), (-0.0428997, 0.0532861, 0.019348), (-0.0425243, 0.0533612, 0.0193776), (-0.0421581, 0.0534344, 0.0194655), (-0.0718821, 0.0474896, 0.0194655), (-0.0715159, 0.0475629, 0.0193776), (-0.0436414, 0.0531378, 0.0194655), (-0.0432752, 0.053211, 0.0193776), (-0.0130452, -0.0308816, 0.0060524), (-0.0142373, -0.0318589, 0.0060524), (-0.0155704, -0.0326328, 0.0060524), (-0.0170103, -0.0331833, 0.0060524), (-0.0185196, -0.0334963, 0.0060524), (-0.0105997, -0.0270035, 0.0060524), (-0.0112027, -0.0284222, 0.0060524), (-0.0120249, -0.0297261, 0.0060524), (-0.0200597, -0.0335637, 0.0060524), (-0.0215906, -0.0333837, 0.0060524), (-0.0918579, -0.0327917, 0.0060524), (-0.0101079, -0.0239701, 0.0060524), (-0.0102316, -0.0255066, 0.0060524), (-0.0101079, 0.0080945, 0.0060524), (-0.0101079, -0.0084055, 0.0060524), (-0.0102317, 0.0251956, 0.0060524), (-0.0101079, 0.0236591, 0.0060524), (-0.0120249, 0.029415, 0.0060524), (-0.0112027, 0.0281111, 0.0060524), (-0.0200597, 0.0332526, 0.0060524), (-0.0185196, 0.0331852, 0.0060524), (-0.0170103, 0.0328722, 0.0060524), (-0.0155704, 0.0323217, 0.0060524), (-0.0142373, 0.0315478, 0.0060524), (-0.0130452, 0.0305705, 0.0060524), (-0.0918579, 0.0324806, 0.0060524), (-0.0743906, 0.0225126, 0.0060524), (-0.0215906, 0.0330726, 0.0060524), (-0.0105997, 0.0266925, 0.0060524), (0.0014643, -0.06247, 0.0472516), (0.0014643, -0.0563511, 0.0472516), (0.0014642, 0.0560401, 0.0472516), (0.0014642, 0.0621589, 0.0472516), (0.0012964, -0.0624364, 0.0442636), (0.0012964, -0.0563176, 0.0442636), (0.0012964, 0.0560065, 0.0442636), (0.0012964, 0.0621253, 0.0442636), (0.0012217, -0.0624214, 0.0469293), (0.0012217, -0.0563026, 0.0469293), (0.0012216, 0.0559915, 0.0469293), (0.0012216, 0.0621104, 0.0469293), (0.0010915, -0.0623954, 0.0446111), (0.0010915, -0.0562766, 0.0446111), (0.0010915, 0.0559655, 0.0446111), (0.0010915, 0.0620843, 0.0446111), (0.0010365, -0.0623844, 0.0465708), (0.0010365, -0.0562656, 0.0465708), (0.0010365, 0.0559545, 0.0465708), (0.0010365, 0.0620733, 0.0465708), (0.0009476, -0.0623666, 0.044988), (0.0009476, -0.0562478, 0.044988), (0.0009476, 0.0559367, 0.044988), (0.0009476, 0.0620556, 0.044988), (0.000914, -0.0623599, 0.0461864), (0.000914, -0.0562411, 0.0461864), (0.000914, 0.05593, 0.0461864), (0.000914, 0.0620488, 0.0461864), (0.0008689, -0.0623509, 0.0453837), (0.0008689, -0.0562321, 0.0453837), (0.0008689, 0.055921, 0.0453837), (0.0008689, 0.0620398, 0.0453837), (0.0008576, -0.0623486, 0.045787), (0.0008576, -0.0562298, 0.045787), (0.0008576, 0.0559187, 0.045787), (0.0008576, 0.0620376, 0.045787), (-0.0171109, -0.0587549, 0.0480524), (-0.026684, -0.0568403, 0.0439553), (-0.0167354, -0.05883, 0.0480228), (-0.0157002, -0.0590371, 0.047594), (-0.0160213, -0.0589729, 0.0477908), (-0.0163692, -0.0589033, 0.0479349), (-0.0249869, -0.0510609, 0.0480524), (-0.0171109, -0.0526361, 0.0480524), (-0.026684, -0.0507215, 0.0439553), (-0.0167354, -0.0527112, 0.0480228), (-0.0163692, -0.0527844, 0.0479349), (-0.0160213, -0.052854, 0.0477908), (-0.0157002, -0.0529183, 0.047594), (-0.0171109, 0.052325, 0.0480524), (-0.026684, 0.0504104, 0.0439553), (-0.0167354, 0.0524001, 0.0480228), (-0.0157002, 0.0526072, 0.047594), (-0.0160213, 0.052543, 0.0477908), (-0.0163692, 0.0524734, 0.0479349), (-0.0249869, 0.0568687, 0.0480524), (-0.0171109, 0.0584439, 0.0480524), (-0.026684, 0.0565292, 0.0439553), (-0.0167354, 0.058519, 0.0480228), (-0.0163692, 0.0585922, 0.0479349), (-0.0160213, 0.0586618, 0.0477908), (-0.0157002, 0.058726, 0.047594), (-0.0150345, -0.0530514, 0.0193776), (-0.0150345, 0.0527403, 0.0193776), (-0.0412027, 0.0475067, 0.020051), (-0.0154007, -0.0529782, 0.0194655), (-0.0372231, -0.0486137, 0.0244005), (-0.0378086, -0.0484966, 0.0234451), (-0.037564, -0.0485455, 0.0237314), (-0.0373672, -0.0485849, 0.0240526), (-0.0412027, -0.0478178, 0.020051), (-0.0154007, 0.0526671, 0.0194655), (-0.0372231, 0.0483026, 0.0244005), (-0.0373672, 0.0482738, 0.0240526), (-0.037564, 0.0482344, 0.0237314), (-0.0378086, 0.0481855, 0.0234451), (-0.0157486, -0.0590274, 0.0196096), (-0.0371056, -0.054756, 0.0251421), (-0.0371352, -0.0547501, 0.0247667), (-0.0157486, -0.0529086, 0.0196096), (-0.0157486, 0.0525975, 0.0196096), (-0.0371056, 0.0483261, 0.0251421), (-0.0371352, 0.0483202, 0.0247667), (-0.0157486, 0.0587163, 0.0196096), (-0.0160697, -0.0589632, 0.0198064), (-0.0160697, -0.0528444, 0.0198064), (-0.0160697, 0.0525333, 0.0198064), (-0.0160697, 0.0586521, 0.0198064), (-0.0163561, -0.0589059, 0.020051), (-0.0371352, -0.0547501, 0.0255176), (-0.0163561, -0.0527871, 0.020051), (-0.0163561, 0.052476, 0.020051), (-0.0371352, 0.0483202, 0.0255176), (-0.0163561, 0.0585948, 0.020051), (-0.037564, -0.0546643, 0.0265528), (-0.0373672, -0.0547037, 0.0262317), (-0.0372231, -0.0547325, 0.0258838), (-0.0378086, -0.0546154, 0.0268392), (-0.0436545, -0.0534462, 0.0473494), (-0.0436545, -0.0473274, 0.0473494), (-0.0371056, -0.0486372, 0.0251421), (-0.0371352, -0.0486313, 0.0255176), (-0.0372231, -0.0486137, 0.0258838), (-0.0373672, -0.0485849, 0.0262317), (-0.037564, -0.0485455, 0.0265528), (-0.0378086, -0.0484966, 0.0268392), (-0.0371352, -0.0486313, 0.0247667), (-0.037564, 0.0482344, 0.0265528), (-0.0373672, 0.0482738, 0.0262317), (-0.0372231, 0.0483026, 0.0258838), (-0.0378086, 0.0481855, 0.0268392), (-0.0436546, 0.0470163, 0.0473494), (-0.0436546, 0.0531351, 0.0473494), (-0.0371056, 0.0544449, 0.0251421), (-0.0371352, 0.054439, 0.0255176), (-0.0372231, 0.0544214, 0.0258838), (-0.0373672, 0.0543926, 0.0262317), (-0.037564, 0.0543532, 0.0265528), (-0.0378086, 0.0543043, 0.0268392), (-0.0371352, 0.054439, 0.0247667), (-0.0249869, -0.0571797, 0.0480524), (-0.0249869, 0.0507498, 0.0480524), (-0.0200597, 0.0332526, 5.24e-05), (-0.0215906, -0.0333837, 5.24e-05), (-0.0215906, 0.0330726, 5.24e-05), (-0.0743906, -0.0228237, 5.24e-05), (-0.0930579, 0.0432545, 5.24e-05), (-0.0743906, 0.0225126, 5.24e-05), (-0.0743906, -0.0228237, 0.0060524), (-0.0253889, -0.0570993, 0.0480185), (-0.0253889, -0.0509805, 0.0480185), (-0.025389, 0.0506694, 0.0480185), (-0.025389, 0.0567883, 0.0480185), (-0.0257796, -0.0570212, 0.0479177), (-0.0257796, -0.0509024, 0.0479177), (-0.0257796, 0.0505913, 0.0479177), (-0.0257796, 0.0567101, 0.0479177), (-0.0261479, -0.0569475, 0.0477529), (-0.0261479, -0.0508287, 0.0477529), (-0.0261479, 0.0505176, 0.0477529), (-0.0261479, 0.0566365, 0.0477529), (-0.0264833, -0.0568805, 0.0475288), (-0.0264833, -0.0507616, 0.0475288), (-0.0264833, 0.0504506, 0.0475288), (-0.0264833, 0.0565694, 0.0475288), (-0.0267765, -0.0568218, 0.0472516), (-0.0267765, -0.050703, 0.0472516), (-0.0267765, 0.0503919, 0.0472516), (-0.0267765, 0.0565107, 0.0472516), (-0.0269443, -0.0567883, 0.0442636), (-0.0269443, -0.0506694, 0.0442636), (-0.0269443, 0.0503584, 0.0442636), (-0.0269443, 0.0564772, 0.0442636), (-0.0270191, -0.0567733, 0.0469293), (-0.0270191, -0.0506545, 0.0469293), (-0.0270191, 0.0503434, 0.0469293), (-0.0270191, 0.0564622, 0.0469293), (-0.0271493, -0.0567473, 0.0446111), (-0.0271493, -0.0506284, 0.0446111), (-0.0271493, 0.0503174, 0.0446111), (-0.0271493, 0.0564362, 0.0446111), (-0.0272042, -0.0567363, 0.0465708), (-0.0272042, -0.0506174, 0.0465708), (-0.0272042, 0.0503064, 0.0465708), (-0.0272042, 0.0564252, 0.0465708), (-0.0272931, -0.0567185, 0.044988), (-0.0272931, -0.0505997, 0.044988), (-0.0272931, 0.0502886, 0.044988), (-0.0272931, 0.0564074, 0.044988), (-0.0273268, -0.0567118, 0.0461864), (-0.0273268, -0.0505929, 0.0461864), (-0.0273268, 0.0502819, 0.0461864), (-0.0273268, 0.0564007, 0.0461864), (-0.0273718, -0.0567027, 0.0453837), (-0.0273718, -0.0505839, 0.0453837), (-0.0273718, 0.0502729, 0.0453837), (-0.0273718, 0.0563917, 0.0453837), (-0.0273832, -0.0567005, 0.045787), (-0.0273832, -0.0505817, 0.045787), (-0.0273832, 0.0502706, 0.045787), (-0.0273832, 0.0563894, 0.045787), (-0.0453516, -0.0531068, 0.0480524), (-0.0549247, -0.0511922, 0.0439553), (-0.0449762, -0.0531819, 0.0480228), (-0.0439409, -0.0533889, 0.047594), (-0.044262, -0.0533247, 0.0477908), (-0.04461, -0.0532551, 0.0479349), (-0.0532277, -0.0454128, 0.0480524), (-0.0453516, -0.046988, 0.0480524), (-0.0549247, -0.0450734, 0.0439553), (-0.0449762, -0.0470631, 0.0480228), (-0.04461, -0.0471363, 0.0479349), (-0.044262, -0.0472059, 0.0477908), (-0.0439409, -0.0472701, 0.047594), (-0.0453516, 0.0466769, 0.0480524), (-0.0549247, 0.0447623, 0.0439553), (-0.0449762, 0.046752, 0.0480228), (-0.0439409, 0.046959, 0.047594), (-0.044262, 0.0468948, 0.0477908), (-0.04461, 0.0468252, 0.0479349), (-0.0532277, 0.0512205, 0.0480524), (-0.0453516, 0.0527957, 0.0480524), (-0.0549247, 0.0508811, 0.0439553), (-0.0449762, 0.0528708, 0.0480228), (-0.04461, 0.052944, 0.0479349), (-0.044262, 0.0530136, 0.0477908), (-0.0439409, 0.0530779, 0.047594), (-0.0432752, -0.0474033, 0.0193776), (-0.0432752, 0.0470922, 0.0193776), (-0.0694434, 0.0418585, 0.020051), (-0.0436414, -0.0534488, 0.0194655), (-0.0436414, -0.04733, 0.0194655), (-0.0654638, -0.0429655, 0.0244005), (-0.0660493, -0.0428484, 0.0234451), (-0.0658047, -0.0428974, 0.0237314), (-0.0656079, -0.0429367, 0.0240526), (-0.0694434, -0.0421696, 0.020051), (-0.0436414, 0.0470189, 0.0194655), (-0.0654638, 0.0426545, 0.0244005), (-0.0656079, 0.0426256, 0.0240526), (-0.0658047, 0.0425863, 0.0237314), (-0.0660493, 0.0425374, 0.0234451), (-0.0439893, -0.0533793, 0.0196096), (-0.0653463, -0.0491079, 0.0251421), (-0.0653759, -0.0491019, 0.0247667), (-0.0439893, -0.0472604, 0.0196096), (-0.0439893, 0.0469493, 0.0196096), (-0.0653463, 0.0426779, 0.0251421), (-0.0653759, 0.042672, 0.0247667), (-0.0439893, 0.0530682, 0.0196096), (-0.0930579, -0.0435655, 5.24e-05), (-0.0938487, -0.0434074, 0.0240526), (-0.0940454, -0.043368, 0.0237314), (-0.0976841, -0.0426403, 0.020051), (-0.09429, -0.0433191, 0.0234451), (-0.0940454, 0.043057, 0.0237314), (-0.09429, 0.043008, 0.0234451), (-0.0979705, 0.0422719, 0.0198064), (-0.0976841, 0.0423292, 0.020051), (-0.0443104, -0.053315, 0.0198064), (-0.0443104, -0.0471962, 0.0198064), (-0.0443104, 0.0468851, 0.0198064), (-0.0443104, 0.053004, 0.0198064), (-0.0445968, -0.0532578, 0.020051), (-0.0653759, -0.0491019, 0.0255176), (-0.0445968, -0.0471389, 0.020051), (-0.0445968, 0.0468279, 0.020051), (-0.0653759, 0.042672, 0.0255176), (-0.0445968, 0.0529467, 0.020051), (-0.0658047, -0.0490162, 0.0265528), (-0.0656079, -0.0490555, 0.0262317), (-0.0654638, -0.0490844, 0.0258838), (-0.0660493, -0.0489673, 0.0268392), (-0.0718953, -0.0477981, 0.0473494), (-0.0718953, -0.0416792, 0.0473494), (-0.0653463, -0.042989, 0.0251421), (-0.0653759, -0.0429831, 0.0255176), (-0.0654638, -0.0429655, 0.0258838), (-0.0656079, -0.0429367, 0.0262317), (-0.0658047, -0.0428974, 0.0265528), (-0.0660493, -0.0428484, 0.0268392), (-0.0653759, -0.0429831, 0.0247667), (-0.0658047, 0.0425863, 0.0265528), (-0.0656079, 0.0426256, 0.0262317), (-0.0654638, 0.0426545, 0.0258838), (-0.0660493, 0.0425374, 0.0268392), (-0.0718953, 0.0413682, 0.0473494), (-0.0718953, 0.047487, 0.0473494), (-0.0653463, 0.0487968, 0.0251421), (-0.0653759, 0.0487909, 0.0255176), (-0.0654638, 0.0487733, 0.0258838), (-0.0656079, 0.0487445, 0.0262317), (-0.0658047, 0.0487051, 0.0265528), (-0.0660493, 0.0486562, 0.0268392), (-0.0653759, 0.0487909, 0.0247667), (-0.0532277, -0.0515316, 0.0480524), (-0.0532277, 0.0451017, 0.0480524), (-0.0536297, -0.0514512, 0.0480185), (-0.0536297, -0.0453324, 0.0480185), (-0.0536297, 0.0450213, 0.0480185), (-0.0536297, 0.0511401, 0.0480185), (-0.0540203, -0.0513731, 0.0479177), (-0.0540203, -0.0452542, 0.0479177), (-0.0540203, 0.0449432, 0.0479177), (-0.0540203, 0.051062, 0.0479177), (-0.0543886, -0.0512994, 0.0477529), (-0.0543886, -0.0451806, 0.0477529), (-0.0543886, 0.0448695, 0.0477529), (-0.0543886, 0.0509883, 0.0477529), (-0.054724, -0.0512323, 0.0475288), (-0.054724, -0.0451135, 0.0475288), (-0.054724, 0.0448024, 0.0475288), (-0.054724, 0.0509212, 0.0475288), (-0.0550172, -0.0511737, 0.0472516), (-0.0550172, -0.0450549, 0.0472516), (-0.0550172, 0.0447438, 0.0472516), (-0.0550172, 0.0508626, 0.0472516), (-0.055185, -0.0511401, 0.0442636), (-0.055185, -0.0450213, 0.0442636), (-0.055185, 0.0447102, 0.0442636), (-0.055185, 0.050829, 0.0442636), (-0.0552598, -0.0511252, 0.0469293), (-0.0552598, -0.0450063, 0.0469293), (-0.0552598, 0.0446953, 0.0469293), (-0.0552598, 0.0508141, 0.0469293), (-0.05539, -0.0510991, 0.0446111), (-0.05539, -0.0449803, 0.0446111), (-0.05539, 0.0446692, 0.0446111), (-0.05539, 0.050788, 0.0446111), (-0.055445, -0.0510881, 0.0465708), (-0.055445, -0.0449693, 0.0465708), (-0.055445, 0.0446582, 0.0465708), (-0.055445, 0.050777, 0.0465708), (-0.0555339, -0.0510703, 0.044988), (-0.0555339, -0.0449515, 0.044988), (-0.0555339, 0.0446404, 0.044988), (-0.0555339, 0.0507593, 0.044988), (-0.0555675, -0.0510636, 0.0461864), (-0.0555675, -0.0449448, 0.0461864), (-0.0555675, 0.0446337, 0.0461864), (-0.0555675, 0.0507525, 0.0461864), (-0.0556126, -0.0510546, 0.0453837), (-0.0556126, -0.0449358, 0.0453837), (-0.0556126, 0.0446247, 0.0453837), (-0.0556126, 0.0507435, 0.0453837), (-0.0556239, -0.0510523, 0.045787), (-0.0556239, -0.0449335, 0.045787), (-0.0556239, 0.0446224, 0.045787), (-0.0556239, 0.0507413, 0.045787), (-0.0735923, -0.0474587, 0.0480524), (-0.0831654, -0.045544, 0.0439553), (-0.0732169, -0.0475337, 0.0480228), (-0.0721816, -0.0477408, 0.047594), (-0.0725027, -0.0476766, 0.0477908), (-0.0728507, -0.047607, 0.0479349), (-0.0814684, -0.0397646, 0.0480524), (-0.0735923, -0.0413398, 0.0480524), (-0.0831654, -0.0394252, 0.0439553), (-0.0732169, -0.0414149, 0.0480228), (-0.0728507, -0.0414882, 0.0479349), (-0.0725027, -0.0415577, 0.0477908), (-0.0721816, -0.041622, 0.047594), (-0.0735923, 0.0410287, 0.0480524), (-0.0831654, 0.0391141, 0.0439553), (-0.0732169, 0.0411038, 0.0480228), (-0.0721816, 0.0413109, 0.047594), (-0.0725027, 0.0412467, 0.0477908), (-0.0728507, 0.0411771, 0.0479349), (-0.0814684, 0.0455724, 0.0480524), (-0.0735923, 0.0471476, 0.0480524), (-0.0831654, 0.045233, 0.0439553), (-0.0732169, 0.0472227, 0.0480228), (-0.0728507, 0.0472959, 0.0479349), (-0.0725027, 0.0473655, 0.0477908), (-0.0721816, 0.0474297, 0.047594), (-0.0715159, -0.0417551, 0.0193776), (-0.0715159, 0.041444, 0.0193776), (-0.0976841, 0.0362104, 0.020051), (-0.0718821, -0.0478007, 0.0194655), (-0.0718821, -0.0416819, 0.0194655), (-0.0937045, -0.0373174, 0.0244005), (-0.0938487, -0.0372886, 0.0240526), (-0.0976841, -0.0365215, 0.020051), (-0.09429, -0.0372003, 0.0234451), (-0.0940454, -0.0372492, 0.0237314), (-0.0718821, 0.0413708, 0.0194655), (-0.0937045, 0.0370063, 0.0244005), (-0.0938487, 0.0369775, 0.0240526), (-0.0940454, 0.0369381, 0.0237314), (-0.09429, 0.0368892, 0.0234451), (-0.07223, -0.0477311, 0.0196096), (-0.0935871, -0.0434597, 0.0251421), (-0.0936166, -0.0434538, 0.0247667), (-0.07223, -0.0416123, 0.0196096), (-0.07223, 0.0413012, 0.0196096), (-0.0935871, 0.0370298, 0.0251421), (-0.0936166, 0.0370239, 0.0247667), (-0.07223, 0.04742, 0.0196096), (-0.0725511, -0.0476669, 0.0198064), (-0.0725511, -0.0415481, 0.0198064), (-0.0725511, 0.041237, 0.0198064), (-0.0725511, 0.0473558, 0.0198064), (-0.0728375, -0.0476096, 0.020051), (-0.0936166, -0.0434538, 0.0255176), (-0.0728375, -0.0414908, 0.020051), (-0.0728375, 0.0411797, 0.020051), (-0.0936166, 0.0370239, 0.0255176), (-0.0728375, 0.0472985, 0.020051), (-0.0940454, -0.043368, 0.0265528), (-0.0938487, -0.0434074, 0.0262317), (-0.0937045, -0.0434362, 0.0258838), (-0.09429, -0.0433191, 0.0268392), (-0.100136, -0.0421499, 0.0473494), (-0.100136, -0.0360311, 0.0473494), (-0.0936166, -0.037335, 0.0247667), (-0.0935871, -0.0373409, 0.0251421), (-0.0936166, -0.037335, 0.0255176), (-0.0937045, -0.0373174, 0.0258838), (-0.0938487, -0.0372886, 0.0262317), (-0.0940454, -0.0372492, 0.0265528), (-0.09429, -0.0372003, 0.0268392), (-0.0940454, 0.0369381, 0.0265528), (-0.0938487, 0.0369775, 0.0262317), (-0.0937045, 0.0370063, 0.0258838), (-0.09429, 0.0368892, 0.0268392), (-0.100136, 0.03572, 0.0473494), (-0.100136, 0.0418388, 0.0473494), (-0.0935871, 0.0431486, 0.0251421), (-0.0936166, 0.0431427, 0.0255176), (-0.0937045, 0.0431251, 0.0258838), (-0.0938487, 0.0430963, 0.0262317), (-0.0940454, 0.043057, 0.0265528), (-0.09429, 0.043008, 0.0268392), (-0.0936166, 0.0431427, 0.0247667), (-0.0814684, -0.0458834, 0.0480524), (-0.0814684, 0.0394535, 0.0480524), (-0.0759711, -0.0223637, 5.24e-05), (-0.0759711, -0.0223637, 0.0060524), (-0.0759711, 0.0220526, 5.24e-05), (-0.0759711, 0.0220526, 0.0060524), (-0.0774497, -0.0216405, 5.24e-05), (-0.0774497, -0.0216405, 0.0060524), (-0.0774497, 0.0213294, 5.24e-05), (-0.0774497, 0.0213294, 0.0060524), (-0.0787831, -0.0206752, 5.24e-05), (-0.0787831, -0.0206752, 0.0060524), (-0.0787831, 0.0203642, 5.24e-05), (-0.0787831, 0.0203642, 0.0060524), (-0.079932, -0.0194964, 5.24e-05), (-0.079932, -0.0194964, 0.0060524), (-0.079932, 0.0191853, 5.24e-05), (-0.079932, 0.0191853, 0.0060524), (-0.0808626, -0.0181387, 5.24e-05), (-0.0808626, -0.0181387, 0.0060524), (-0.0808626, 0.0178276, 5.24e-05), (-0.0808626, 0.0178276, 0.0060524), (-0.0815476, -0.0166419, 5.24e-05), (-0.0815476, -0.0166419, 0.0060524), (-0.0815476, 0.0163308, 5.24e-05), (-0.0815476, 0.0163308, 0.0060524), (-0.0818704, -0.045803, 0.0480185), (-0.0818704, -0.0396842, 0.0480185), (-0.0818704, 0.0393731, 0.0480185), (-0.0818704, 0.045492, 0.0480185), (-0.0819668, -0.0150501, 5.24e-05), (-0.0819668, -0.0150501, 0.0060524), (-0.0819668, 0.014739, 5.24e-05), (-0.0930579, 0.0068945, 5.24e-05), (-0.0918579, -0.0084055, 0.0060524), (-0.0819668, 0.014739, 0.0060524), (-0.0822611, -0.0457249, 0.0479177), (-0.0822611, -0.0396061, 0.0479177), (-0.0822611, 0.039295, 0.0479177), (-0.0822611, 0.0454138, 0.0479177), (-0.0930579, -0.0072055, 5.24e-05), (-0.0821079, -0.0134101, 5.24e-05), (-0.0821079, -0.0134101, 0.0060524), (-0.0821079, 0.0130991, 5.24e-05), (-0.0918579, 0.0080945, 0.0060524), (-0.0821079, 0.0130991, 0.0060524), (-0.0821079, -0.0072055, 5.24e-05), (-0.0821079, -0.0084055, 0.0060524), (-0.0821079, 0.0068945, 5.24e-05), (-0.0821079, 0.0080945, 0.0060524), (-0.0826293, -0.0456513, 0.0477529), (-0.0826293, -0.0395324, 0.0477529), (-0.0826293, 0.0392214, 0.0477529), (-0.0826293, 0.0453402, 0.0477529), (-0.0829648, -0.0455842, 0.0475288), (-0.0829648, -0.0394653, 0.0475288), (-0.0829648, 0.0391543, 0.0475288), (-0.0829648, 0.0452731, 0.0475288), (-0.0832579, -0.0455255, 0.0472516), (-0.0832579, -0.0394067, 0.0472516), (-0.0832579, 0.0390956, 0.0472516), (-0.0832579, 0.0452145, 0.0472516), (-0.0834257, -0.045492, 0.0442636), (-0.0834257, -0.0393732, 0.0442636), (-0.0834257, 0.0390621, 0.0442636), (-0.0834257, 0.0451809, 0.0442636), (-0.0835005, -0.045477, 0.0469293), (-0.0835005, -0.0393582, 0.0469293), (-0.0835005, 0.0390471, 0.0469293), (-0.0835005, 0.0451659, 0.0469293), (-0.0836307, -0.045451, 0.0446111), (-0.0836307, -0.0393322, 0.0446111), (-0.0836307, 0.0390211, 0.0446111), (-0.0836307, 0.0451399, 0.0446111), (-0.0836857, -0.04544, 0.0465708), (-0.0836857, -0.0393212, 0.0465708), (-0.0836857, 0.0390101, 0.0465708), (-0.0836857, 0.0451289, 0.0465708), (-0.0837746, -0.0454222, 0.044988), (-0.0837746, -0.0393034, 0.044988), (-0.0837746, 0.0389923, 0.044988), (-0.0837746, 0.0451111, 0.044988), (-0.0838082, -0.0454155, 0.0461864), (-0.0838082, -0.0392967, 0.0461864), (-0.0838082, 0.0389856, 0.0461864), (-0.0838082, 0.0451044, 0.0461864), (-0.0838533, -0.0454065, 0.0453837), (-0.0838533, -0.0392876, 0.0453837), (-0.0838533, 0.0389766, 0.0453837), (-0.0838533, 0.0450954, 0.0453837), (-0.0838646, -0.0454042, 0.045787), (-0.0838646, -0.0392854, 0.045787), (-0.0838646, 0.0389743, 0.045787), (-0.0838646, 0.0450931, 0.045787), (-0.1301079, -0.0084055, 0.0060524), (-0.1301079, -0.0251417, 0.0060524), (-0.1018052, -0.0014732, 0.0060524), (-0.1020897, -0.0021815, 0.0060524), (-0.1016119, 3.54e-05, 0.0060524), (-0.1016443, -0.0007271, 0.0060524), (-0.1024899, -0.0028314, 0.0060524), (-0.1029942, -0.0034043, 0.0060524), (-0.103588, -0.0038838, 0.0060524), (-0.1042543, -0.0042561, 0.0060524), (-0.104974, -0.0045103, 0.0060524), (-0.1057263, -0.0046393, 0.0060524), (-0.1061079, -0.0046555, 0.0060524), (-0.1064895, -0.0046393, 0.0060524), (-0.1301079, 0.0248306, 0.0060524), (-0.1301079, 0.0080945, 0.0060524), (-0.1027299, 0.0028175, 0.0060524), (-0.102276, 0.0022038, 0.0060524), (-0.1019324, 0.0015223, 0.0060524), (-0.1017089, 0.0007925, 0.0060524), (-0.1046088, 0.0040874, 0.0060524), (-0.1039133, 0.003773, 0.0060524), (-0.1032809, 0.0033456, 0.0060524), (-0.1061079, 0.0043445, 0.0060524), (-0.1053474, 0.0042797, 0.0060524), (-0.1301079, -0.0361555, 5.24e-05), (-0.0979705, -0.042583, 0.0198064), (-0.1001228, -0.0421526, 0.0194655), (-0.0982916, -0.0425188, 0.0196096), (-0.0986395, -0.0424492, 0.0194655), (-0.0990057, -0.042376, 0.0193776), (-0.0993812, -0.0423009, 0.019348), (-0.0997566, -0.0422258, 0.0193776), (-0.1301079, -0.0072055, 5.24e-05), (-0.1044195, -0.0014043, 5.24e-05), (-0.1042328, -0.001101, 5.24e-05), (-0.1046548, -0.0016716, 5.24e-05), (-0.106286, -0.002248, 5.24e-05), (-0.1059298, -0.002248, 5.24e-05), (-0.1055787, -0.0021878, 5.24e-05), (-0.1052429, -0.0020691, 5.24e-05), (-0.104932, -0.0018954, 5.24e-05), (-0.1040999, -0.0007705, 5.24e-05), (-0.1040249, -0.0004223, 5.24e-05), (-0.1301079, 0.0068945, 5.24e-05), (-0.1040098, -6.64e-05, 5.24e-05), (-0.104055, 0.0002869, 5.24e-05), (-0.1041593, 0.0006275, 5.24e-05), (-0.1043197, 0.0009455, 5.24e-05), (-0.1045315, 0.0012319, 5.24e-05), (-0.1047886, 0.0014783, 5.24e-05), (-0.1050837, 0.0016778, 5.24e-05), (-0.1054083, 0.0018245, 5.24e-05), (-0.105753, 0.0019143, 5.24e-05), (-0.1061079, 0.0019445, 5.24e-05), (-0.1301079, 0.0358445, 5.24e-05), (-0.0986395, 0.0421381, 0.0194655), (-0.0982916, 0.0422077, 0.0196096), (-0.1004708, 0.0417719, 0.0196096), (-0.1001228, 0.0418415, 0.0194655), (-0.0997566, 0.0419147, 0.0193776), (-0.0993812, 0.0419898, 0.019348), (-0.0990057, 0.0420649, 0.0193776), (-0.1018331, -0.0418105, 0.0480524), (-0.1114062, -0.0398959, 0.0439553), (-0.1014576, -0.0418856, 0.0480228), (-0.1004224, -0.0420926, 0.047594), (-0.1007435, -0.0420284, 0.0477908), (-0.1010914, -0.0419588, 0.0479349), (-0.1097091, -0.0341165, 0.0480524), (-0.1018331, -0.0356917, 0.0480524), (-0.1114062, -0.0337771, 0.0439553), (-0.1014576, -0.0357668, 0.0480228), (-0.1010914, -0.03584, 0.0479349), (-0.1007435, -0.0359096, 0.0477908), (-0.1004224, -0.0359738, 0.047594), (-0.1018331, 0.0353806, 0.0480524), (-0.1114062, 0.033466, 0.0439553), (-0.1014576, 0.0354557, 0.0480228), (-0.1004224, 0.0356627, 0.047594), (-0.1007435, 0.0355985, 0.0477908), (-0.1010914, 0.0355289, 0.0479349), (-0.1097091, 0.0399242, 0.0480524), (-0.1018331, 0.0414994, 0.0480524), (-0.1114062, 0.0395848, 0.0439553), (-0.1014576, 0.0415745, 0.0480228), (-0.1010914, 0.0416478, 0.0479349), (-0.1007435, 0.0417173, 0.0477908), (-0.1004224, 0.0417816, 0.047594), (-0.0990057, 0.0359461, 0.0193776), (-0.0993812, 0.035871, 0.019348), (-0.0997566, -0.036107, 0.0193776), (-0.0997566, 0.0357959, 0.0193776), (-0.1001228, -0.0360337, 0.0194655), (-0.1001228, 0.0357226, 0.0194655), (-0.1004708, -0.042083, 0.0196096), (-0.1004708, -0.0359641, 0.0196096), (-0.1004708, 0.0356531, 0.0196096), (-0.1007919, -0.0420187, 0.0198064), (-0.1007919, -0.0358999, 0.0198064), (-0.1007919, 0.0355888, 0.0198064), (-0.1007919, 0.0417077, 0.0198064), (-0.1010782, -0.0419615, 0.020051), (-0.1010782, -0.0358427, 0.020051), (-0.1010782, 0.0355316, 0.020051), (-0.1010782, 0.0416504, 0.020051), (-0.1300084, -0.0361754, 0.0358649), (-0.1300829, -0.0361606, 0.0355265), (-0.1301079, -0.0361555, 0.035181), (-0.129886, -0.0361999, 0.0361889), (-0.1234466, -0.0374878, 0.0424193), (-0.1234466, -0.031369, 0.0424193), (-0.1301079, -0.0300367, 0.035181), (-0.1300829, -0.0300417, 0.0355265), (-0.1300084, -0.0300566, 0.0358649), (-0.129886, -0.0300811, 0.0361889), (-0.1300084, 0.0297455, 0.0358649), (-0.1300829, 0.0297306, 0.0355265), (-0.1301079, 0.0297256, 0.035181), (-0.129886, 0.02977, 0.0361889), (-0.1234466, 0.0310579, 0.0424193), (-0.1234466, 0.0371767, 0.0424193), (-0.1301079, 0.0358445, 0.035181), (-0.1300829, 0.0358495, 0.0355265), (-0.1300084, 0.0358644, 0.0358649), (-0.129886, 0.0358888, 0.0361889), (-0.1040098, -6.64e-05, 0.0036524), (-0.104055, 0.0002869, 0.0036524), (-0.1040249, -0.0004223, 0.0036524), (-0.1041593, 0.0006275, 0.0036524), (-0.1040999, -0.0007705, 0.0036524), (-0.1097091, -0.0402353, 0.0480524), (-0.1097091, 0.0338054, 0.0480524), (-0.1043197, 0.0009455, 0.0036524), (-0.1042328, -0.001101, 0.0036524), (-0.1045315, 0.0012319, 0.0036524), (-0.1044195, -0.0014043, 0.0036524), (-0.1047886, 0.0014783, 0.0036524), (-0.1046548, -0.0016716, 0.0036524), (-0.1050837, 0.0016778, 0.0036524), (-0.104932, -0.0018954, 0.0036524), (-0.1054083, 0.0018245, 0.0036524), (-0.1052429, -0.0020691, 0.0036524), (-0.105753, 0.0019143, 0.0036524), (-0.1055787, -0.0021878, 0.0036524), (-0.1061079, 0.0019445, 0.0036524), (-0.1059298, -0.002248, 0.0036524), (-0.1061079, -0.0022555, 0.0036524), (-0.1064628, 0.0019143, 5.24e-05), (-0.106286, -0.002248, 0.0036524), (-0.1064628, 0.0019143, 0.0036524), (-0.1068684, 0.0042797, 0.0060524), (-0.1066371, -0.0021878, 5.24e-05), (-0.1066371, -0.0021878, 0.0036524), (-0.1072418, -0.0045103, 0.0060524), (-0.1068075, 0.0018245, 5.24e-05), (-0.1068075, 0.0018245, 0.0036524), (-0.1069729, -0.0020691, 5.24e-05), (-0.1069729, -0.0020691, 0.0036524), (-0.1079615, -0.0042561, 0.0060524), (-0.1071321, 0.0016778, 5.24e-05), (-0.1071321, 0.0016778, 0.0036524), (-0.107607, 0.0040874, 0.0060524), (-0.1072839, -0.0018954, 5.24e-05), (-0.1072839, -0.0018954, 0.0036524), (-0.1086278, -0.0038838, 0.0060524), (-0.1074272, 0.0014783, 5.24e-05), (-0.1074272, 0.0014783, 0.0036524), (-0.1083025, 0.003773, 0.0060524), (-0.107561, -0.0016716, 5.24e-05), (-0.107561, -0.0016716, 0.0036524), (-0.1092216, -0.0034043, 0.0060524), (-0.1076843, 0.0012319, 5.24e-05), (-0.1076843, 0.0012319, 0.0036524), (-0.1089349, 0.0033456, 0.0060524), (-0.1077963, -0.0014043, 5.24e-05), (-0.1077963, -0.0014043, 0.0036524), (-0.1097259, -0.0028314, 0.0060524), (-0.1078961, 0.0009455, 5.24e-05), (-0.1078961, 0.0009455, 0.0036524), (-0.1094859, 0.0028175, 0.0060524), (-0.107983, -0.001101, 5.24e-05), (-0.107983, -0.001101, 0.0036524), (-0.1101261, -0.0021815, 0.0060524), (-0.1080565, 0.0006275, 5.24e-05), (-0.1080565, 0.0006275, 0.0036524), (-0.1099398, 0.0022038, 0.0060524), (-0.1081158, -0.0007705, 5.24e-05), (-0.1081158, -0.0007705, 0.0036524), (-0.1104107, -0.0014732, 0.0060524), (-0.1081608, 0.0002869, 5.24e-05), (-0.1081608, 0.0002869, 0.0036524), (-0.1102834, 0.0015223, 0.0060524), (-0.1081909, -0.0004223, 5.24e-05), (-0.1081909, -0.0004223, 0.0036524), (-0.1105715, -0.0007271, 0.0060524), (-0.108206, -6.64e-05, 5.24e-05), (-0.108206, -6.64e-05, 0.0036524), (-0.1105069, 0.0007925, 0.0060524), (-0.1106038, 3.54e-05, 0.0060524), (-0.1101111, -0.0401549, 0.0480185), (-0.1101111, -0.0340361, 0.0480185), (-0.1101111, 0.033725, 0.0480185), (-0.1101111, 0.0398438, 0.0480185), (-0.1105018, -0.0400768, 0.0479177), (-0.1105018, -0.0339579, 0.0479177), (-0.1105018, 0.0336469, 0.0479177), (-0.1105018, 0.0397657, 0.0479177), (-0.11087, -0.0400031, 0.0477529), (-0.11087, -0.0338843, 0.0477529), (-0.11087, 0.0335732, 0.0477529), (-0.11087, 0.039692, 0.0477529), (-0.1112055, -0.039936, 0.0475288), (-0.1112055, -0.0338172, 0.0475288), (-0.1112055, 0.0335061, 0.0475288), (-0.1112055, 0.0396249, 0.0475288), (-0.1114986, -0.0398774, 0.0472516), (-0.1114986, -0.0337586, 0.0472516), (-0.1114986, 0.0334475, 0.0472516), (-0.1114986, 0.0395663, 0.0472516), (-0.1116664, -0.0398438, 0.0442636), (-0.1116664, -0.033725, 0.0442636), (-0.1116664, 0.0334139, 0.0442636), (-0.1116664, 0.0395328, 0.0442636), (-0.1117412, -0.0398289, 0.0469293), (-0.1117412, -0.0337101, 0.0469293), (-0.1117412, 0.033399, 0.0469293), (-0.1117412, 0.0395178, 0.0469293), (-0.1118714, -0.0398028, 0.0446111), (-0.1118714, -0.033684, 0.0446111), (-0.1118714, 0.0333729, 0.0446111), (-0.1118714, 0.0394918, 0.0446111), (-0.1119264, -0.0397918, 0.0465708), (-0.1119264, -0.033673, 0.0465708), (-0.1119264, 0.0333619, 0.0465708), (-0.1119264, 0.0394807, 0.0465708), (-0.1120153, -0.0397741, 0.044988), (-0.1120153, -0.0336552, 0.044988), (-0.1120153, 0.0333442, 0.044988), (-0.1120153, 0.039463, 0.044988), (-0.1120489, -0.0397673, 0.0461864), (-0.1120489, -0.0336485, 0.0461864), (-0.1120489, 0.0333374, 0.0461864), (-0.1120489, 0.0394563, 0.0461864), (-0.112094, -0.0397583, 0.0453837), (-0.112094, -0.0336395, 0.0453837), (-0.112094, 0.0333284, 0.0453837), (-0.112094, 0.0394472, 0.0453837), (-0.1121053, -0.0397561, 0.045787), (-0.1121053, -0.0336372, 0.045787), (-0.1121053, 0.0333261, 0.045787), (-0.1121053, 0.039445, 0.045787), (-0.1273217, -0.0367128, 0.0417302), (-0.1237391, -0.0374293, 0.0426683), (-0.1237391, -0.0313105, 0.0426683), (-0.1273217, -0.030594, 0.0417302), (-0.1273217, 0.0302829, 0.0417302), (-0.1237391, 0.0309994, 0.0426683), (-0.1237391, 0.0371182, 0.0426683), (-0.1273217, 0.0364017, 0.0417302), (-0.1240676, -0.0373636, 0.0428675), (-0.1240676, -0.0312448, 0.0428675), (-0.1240676, 0.0309337, 0.0428675), (-0.1240676, 0.0370525, 0.0428675), (-0.1244236, -0.0372924, 0.0430117), (-0.1244236, -0.0311736, 0.0430117), (-0.1244236, 0.0308625, 0.0430117), (-0.1244236, 0.0369813, 0.0430117), (-0.1247981, -0.0372175, 0.0430972), (-0.1247981, -0.0310987, 0.0430972), (-0.1247981, 0.0307876, 0.0430972), (-0.1247981, 0.0369064, 0.0430972), (-0.1251815, -0.0371408, 0.043122), (-0.1251815, -0.031022, 0.043122), (-0.1251815, 0.0307109, 0.043122), (-0.1251815, 0.0368298, 0.043122), (-0.1255638, -0.0370644, 0.0430852), (-0.1255638, -0.0309455, 0.0430852), (-0.1255638, 0.0306344, 0.0430852), (-0.1255638, 0.0367533, 0.0430852), (-0.1259355, -0.03699, 0.0429879), (-0.1259355, -0.0308712, 0.0429879), (-0.1259355, 0.0305601, 0.0429879), (-0.1259355, 0.0366789, 0.0429879), (-0.1262868, -0.0369198, 0.0428325), (-0.1262868, -0.0308009, 0.0428325), (-0.1262868, 0.0304899, 0.0428325), (-0.1262868, 0.0366087, 0.0428325), (-0.1266088, -0.0368554, 0.0426231), (-0.1266088, -0.0307365, 0.0426231), (-0.1266088, 0.0304254, 0.0426231), (-0.1266088, 0.0365443, 0.0426231), (-0.1268933, -0.0367985, 0.042365), (-0.1268933, -0.0306796, 0.042365), (-0.1268933, 0.0303685, 0.042365), (-0.1268933, 0.0364874, 0.042365), (-0.127133, -0.0367505, 0.0420648), (-0.127133, -0.0306317, 0.0420648), (-0.127133, 0.0303206, 0.0420648), (-0.127133, 0.0364394, 0.0420648)]
            uniform token subdivisionScheme = "none"
        }
    }
}
